policy_id,bel_opening,ra_opening,csm_opening,is_onerous,onerous_loss,pv_premiums,finance_cost,csm_release,unlock_gain_loss,csm_closing_raw,csm_closing,loss_component
1,303.8477937721277,5.837607,0.0,True,309.6854006790186,2706.2365112304688,0.0,0.0,0.0,0.0,0.0,309.6854
2,130.33857692163525,6.905375,0.0,True,137.24395192544995,4544.070404052734,0.0,0.0,0.0,0.0,0.0,137.24396
3,159.09059430771111,6.98153,0.0,True,166.07212449722527,4221.996780395508,0.0,0.0,0.0,0.0,0.0,166.07213
4,12.583814960234008,7.9826937,0.0,True,20.566508632414184,5784.084442138672,0.0,0.0,0.0,0.0,0.0,20.56651
5,191.27583133730957,6.502511,0.0,True,197.77834236178467,3890.1150665283203,0.0,0.0,0.0,0.0,0.0,197.77834
6,236.45658585205754,6.2031465,0.0,True,242.65973230972966,3429.3853759765625,0.0,0.0,0.0,0.0,0.0,242.65973
7,176.22334141493116,6.7164063,0.0,True,182.9397477602986,4049.128189086914,0.0,0.0,0.0,0.0,0.0,182.93974
8,152.511355892454,6.4806724,0.0,True,158.99202825192054,4313.2083740234375,0.0,0.0,0.0,0.0,0.0,158.99203
9,154.93652665490526,6.5443115,0.0,True,161.48083817834276,4249.338394165039,0.0,0.0,0.0,0.0,0.0,161.48083
10,-30.33607253450998,8.794032,21.542040437647188,False,0.0,6228.963439941406,1.0771021,2.9675636,0.0,19.651578873583162,19.651578873583162,0.0
11,-369.21494732130645,12.474217,356.7407299064505,False,0.0,9809.758850097656,17.837036,47.50361,0.0,327.0741573356497,327.0741573356497,0.0
12,4.460577824597124,8.851325,0.0,True,13.311902859692339,5870.615997314453,0.0,0.0,0.0,0.0,0.0,13.311903
13,323.277413516412,5.7949767,0.0,True,329.0723902276852,2519.6172485351562,0.0,0.0,0.0,0.0,0.0,329.0724
14,307.5722724235261,5.8156433,0.0,True,313.387915734073,2686.222915649414,0.0,0.0,0.0,0.0,0.0,313.3879
15,219.7199838968581,6.6204696,0.0,True,226.34045346701802,3588.672134399414,0.0,0.0,0.0,0.0,0.0,226.34045
16,345.2890257725273,5.429834,0.0,True,350.71885966153485,2299.3585357666016,0.0,0.0,0.0,0.0,0.0,350.71887
17,254.96606557625773,6.235678,0.0,True,261.2017437722111,3238.6044311523438,0.0,0.0,0.0,0.0,0.0,261.20175
18,124.69683483121736,6.968854,0.0,True,131.66568878171785,4584.0848388671875,0.0,0.0,0.0,0.0,0.0,131.6657
19,317.60873825375575,5.6190615,0.0,True,323.2277997237875,2580.7824096679688,0.0,0.0,0.0,0.0,0.0,323.2278
20,360.59523533322795,5.4061737,0.0,True,366.00140903928263,2148.135299682617,0.0,0.0,0.0,0.0,0.0,366.0014
21,-241.70810207652073,10.478914,231.22918781565647,False,0.0,8493.366333007812,11.56146,31.72677,0.0,211.0638769559763,211.0638769559763,0.0
22,49.35173818972896,7.7411766,0.0,True,57.09291479495357,5380.469665527344,0.0,0.0,0.0,0.0,0.0,57.092915
23,235.09653544565117,6.669638,0.0,True,241.76617360254204,3448.231185913086,0.0,0.0,0.0,0.0,0.0,241.76617
24,217.00413563024182,6.446467,0.0,True,223.45060255300183,3634.0928344726562,0.0,0.0,0.0,0.0,0.0,223.4506
25,71.8660398151161,7.8325624,0.0,True,79.69860226171033,5162.622039794922,0.0,0.0,0.0,0.0,0.0,79.6986
26,188.65616074660937,6.3298945,0.0,True,194.98605528930347,3935.5213165283203,0.0,0.0,0.0,0.0,0.0,194.98605
27,196.06946489928748,6.1171837,0.0,True,202.18664858459022,3818.5184783935547,0.0,0.0,0.0,0.0,0.0,202.18665
28,-1980.536293856574,39.19061,1941.3456848783026,False,0.0,27224.542236328125,97.06728,268.59595,0.0,1769.8170212430487,1769.8170212430487,0.0
29,354.10780554147095,5.8982196,0.0,True,360.00602512688965,2210.8826904296875,0.0,0.0,0.0,0.0,0.0,360.006
30,226.32831405211243,6.251603,0.0,True,232.5799171786383,3521.4462127685547,0.0,0.0,0.0,0.0,0.0,232.57991
31,-79.65295884995851,9.896516,69.75644300370607,False,0.0,6754.774139404297,3.487822,9.236782,0.0,64.00748298554811,64.00748298554811,0.0
32,227.51263027521307,5.918621,0.0,True,233.4312513384455,3510.664840698242,0.0,0.0,0.0,0.0,0.0,233.43124
33,174.16332273927105,6.893126,0.0,True,181.05644875016583,4086.237014770508,0.0,0.0,0.0,0.0,0.0,181.05644
34,276.0815540696904,5.7050323,0.0,True,281.7865864183232,3002.5391845703125,0.0,0.0,0.0,0.0,0.0,281.7866
35,-65.10437921374847,8.936136,56.168242968020934,False,0.0,6617.889709472656,2.808412,7.8928747,0.0,51.083780325351256,51.083780325351256,0.0
36,208.35186665494052,6.1621814,0.0,True,214.5140480323514,3723.3797454833984,0.0,0.0,0.0,0.0,0.0,214.51405
37,351.34950909823647,5.3623095,0.0,True,356.71181855410805,2238.0616912841797,0.0,0.0,0.0,0.0,0.0,356.71182
38,319.41392371145906,6.242238,0.0,True,325.65616175619783,2562.1570434570312,0.0,0.0,0.0,0.0,0.0,325.65616
39,80.28076008390724,7.4814224,0.0,True,87.76218250822365,5070.455322265625,0.0,0.0,0.0,0.0,0.0,87.762184
40,251.02267547365665,6.3884583,0.0,True,257.4111337256098,3227.8363037109375,0.0,0.0,0.0,0.0,0.0,257.41113
41,-376.5180310823306,12.649762,363.8682689287051,False,0.0,9890.957275390625,18.193413,49.16304,0.0,332.898641548334,332.898641548334,0.0
42,256.3123229782466,5.7425637,0.0,True,262.0548867027644,3177.6480102539062,0.0,0.0,0.0,0.0,0.0,262.0549
43,306.0489584888444,5.9023514,0.0,True,311.9513098682389,2684.615737915039,0.0,0.0,0.0,0.0,0.0,311.95132
44,138.83857934795833,7.5635705,0.0,True,146.4021498473785,4453.162994384766,0.0,0.0,0.0,0.0,0.0,146.40215
45,169.05329546560193,6.9017563,0.0,True,175.95505175222303,4121.542984008789,0.0,0.0,0.0,0.0,0.0,175.95505
46,256.3843866844592,6.1153474,0.0,True,262.49973406986567,3224.274871826172,0.0,0.0,0.0,0.0,0.0,262.49973
47,-31.116657248598074,9.478297,21.63836001501653,False,0.0,6235.5433349609375,1.081918,2.9937873,0.0,19.726490727525686,19.726490727525686,0.0
48,146.45584642491576,6.8161354,0.0,True,153.2719818314099,4378.540588378906,0.0,0.0,0.0,0.0,0.0,153.27199
49,241.4957795884292,6.196605,0.0,True,247.6923847939651,3366.1155700683594,0.0,0.0,0.0,0.0,0.0,247.69238
50,226.91663646469488,6.3166094,0.0,True,233.23324584732427,3535.0514221191406,0.0,0.0,0.0,0.0,0.0,233.23325
51,139.4222168809152,6.608814,0.0,True,146.03103064357998,4450.903717041016,0.0,0.0,0.0,0.0,0.0,146.03104
52,273.9344678566148,5.955078,0.0,True,279.8895459816148,3032.6719360351562,0.0,0.0,0.0,0.0,0.0,279.88956
53,194.5179992080033,6.625792,0.0,True,201.14379123452306,3852.960708618164,0.0,0.0,0.0,0.0,0.0,201.1438
54,20.31715277529969,8.204404,0.0,True,28.52155665255799,5687.7041015625,0.0,0.0,0.0,0.0,0.0,28.521557
55,157.02809966149852,6.78265,0.0,True,163.810749655395,4245.474517822266,0.0,0.0,0.0,0.0,0.0,163.81075
56,-482.0979979248666,13.8115635,468.2864344330453,False,0.0,11011.733581542969,23.414322,63.27121,0.0,428.4295466156625,428.4295466156625,0.0
57,215.91237775856305,6.3233714,0.0,True,222.23574916893293,3648.7005462646484,0.0,0.0,0.0,0.0,0.0,222.23575
58,246.21009714786572,6.3004045,0.0,True,252.51050169651074,3323.1781158447266,0.0,0.0,0.0,0.0,0.0,252.5105
59,205.75581724392424,6.2735,0.0,True,212.02931720959197,3733.7120361328125,0.0,0.0,0.0,0.0,0.0,212.02931
60,96.81566990686815,6.603987,0.0,True,103.41965712381761,4879.534729003906,0.0,0.0,0.0,0.0,0.0,103.419655
61,353.9448579622932,5.8052673,0.0,True,359.7501252962776,2211.5868072509766,0.0,0.0,0.0,0.0,0.0,359.75012
62,224.86100307537723,6.3252068,0.0,True,231.18620983196902,3536.8986206054688,0.0,0.0,0.0,0.0,0.0,231.1862
63,298.5715868122977,5.7433486,0.0,True,304.31493541077793,2756.691940307617,0.0,0.0,0.0,0.0,0.0,304.31494
64,144.08218052402094,6.532146,0.0,True,150.6143265010412,4400.980133056641,0.0,0.0,0.0,0.0,0.0,150.61433
65,225.68862821898267,5.9260874,0.0,True,231.61471559843824,3518.0824432373047,0.0,0.0,0.0,0.0,0.0,231.61472
66,257.4304523738641,5.6972857,0.0,True,263.12773802602476,3212.1001739501953,0.0,0.0,0.0,0.0,0.0,263.12775
67,143.71323447514487,6.971762,0.0,True,150.68499665547324,4404.145324707031,0.0,0.0,0.0,0.0,0.0,150.685
68,220.95774890393835,6.438581,0.0,True,227.396329893776,3597.6410522460938,0.0,0.0,0.0,0.0,0.0,227.39633
69,297.04741991683414,5.8386703,0.0,True,302.8860901705878,2798.4090728759766,0.0,0.0,0.0,0.0,0.0,302.88608
70,259.5385466361799,6.052808,0.0,True,265.59135444410225,3190.2811737060547,0.0,0.0,0.0,0.0,0.0,265.59137
71,305.0179384564666,5.936476,0.0,True,310.95441468708793,2706.8072204589844,0.0,0.0,0.0,0.0,0.0,310.9544
72,-368.2517082378888,13.325899,354.9258091137433,False,0.0,9803.208679199219,17.74629,47.954807,0.0,324.71729203915834,324.71729203915834,0.0
73,279.58816588662904,5.3837647,0.0,True,284.971930630434,2968.9774017333984,0.0,0.0,0.0,0.0,0.0,284.97192
74,268.16041434238576,5.4314547,0.0,True,273.59186900089406,3096.590072631836,0.0,0.0,0.0,0.0,0.0,273.59186
75,-166.48543591432963,10.726663,155.7587732785264,False,0.0,7684.436309814453,7.7879386,21.293537,0.0,142.25317473345194,142.25317473345194,0.0
76,78.06081086646753,7.3255916,0.0,True,85.386402430646,5086.1195068359375,0.0,0.0,0.0,0.0,0.0,85.386406
77,233.33399779368924,6.466111,0.0,True,239.80010897685574,3465.8885955810547,0.0,0.0,0.0,0.0,0.0,239.80011
78,351.4621892444284,5.4114275,0.0,True,356.87361674229214,2237.5863189697266,0.0,0.0,0.0,0.0,0.0,356.87363
79,301.31324123075126,5.8257766,0.0,True,307.1390178077471,2751.978302001953,0.0,0.0,0.0,0.0,0.0,307.139
80,-73.46568361681028,9.0554495,64.41023413103147,False,0.0,6689.560821533203,3.2205117,8.535536,0.0,59.095209993534525,59.095209993534525,0.0
81,352.225014086893,5.3981996,0.0,True,357.62321364515105,2228.970413208008,0.0,0.0,0.0,0.0,0.0,357.6232
82,-511.962463923491,15.364829,496.59763486007546,False,0.0,11387.138366699219,24.829882,68.137764,0.0,453.2897525511155,453.2897525511155,0.0
83,-147.90247006381162,10.364125,137.5383448120416,False,0.0,7494.180084228516,6.8769174,19.11948,0.0,125.2957820411981,125.2957820411981,0.0
84,277.38275036209774,5.815764,0.0,True,283.19851431244564,3004.469284057617,0.0,0.0,0.0,0.0,0.0,283.19852
85,119.17872989463507,6.970357,0.0,True,126.14908683585821,4619.712738037109,0.0,0.0,0.0,0.0,0.0,126.149086
86,141.4583093189031,6.9132104,0.0,True,148.3715197109014,4431.5614013671875,0.0,0.0,0.0,0.0,0.0,148.37152
87,328.073404155866,6.068935,0.0,True,334.14233907331595,2472.3729400634766,0.0,0.0,0.0,0.0,0.0,334.14233
88,-44.87412514310097,9.447309,35.42681660275673,False,0.0,6389.1383056640625,1.7713408,4.6955276,0.0,32.50262989621376,32.50262989621376,0.0
89,227.76001409489203,6.4736757,0.0,True,234.23368982273627,3506.5113372802734,0.0,0.0,0.0,0.0,0.0,234.23369
90,-104.9665691558298,9.305547,95.66102239527072,False,0.0,7016.512939453125,4.783051,12.821706,0.0,87.62236759104098,87.62236759104098,0.0
91,224.04142412250775,5.9689393,0.0,True,230.01036342685956,3560.7171783447266,0.0,0.0,0.0,0.0,0.0,230.01036
92,222.83271192602592,6.320746,0.0,True,229.15345787100273,3567.7391052246094,0.0,0.0,0.0,0.0,0.0,229.15346
93,275.43423316669566,5.5362153,0.0,True,280.97044847202403,3021.426956176758,0.0,0.0,0.0,0.0,0.0,280.97046
94,318.37354388187543,5.6853957,0.0,True,324.0589395994963,2572.747848510742,0.0,0.0,0.0,0.0,0.0,324.05893
95,321.22784765433033,5.797325,0.0,True,327.0251727886077,2541.8063354492188,0.0,0.0,0.0,0.0,0.0,327.02518
96,168.5215414061238,6.9169855,0.0,True,175.43852691790357,4125.2198486328125,0.0,0.0,0.0,0.0,0.0,175.43852
97,123.15763680871021,7.19296,0.0,True,130.35059659417163,4586.527526855469,0.0,0.0,0.0,0.0,0.0,130.3506
98,-1708.156106324599,30.42372,1677.732386918471,False,0.0,24342.008911132812,83.88662,233.22493,0.0,1528.3940766767719,1528.3940766767719,0.0
99,174.99391623436736,6.5661783,0.0,True,181.56009455620574,4075.555633544922,0.0,0.0,0.0,0.0,0.0,181.56009
100,205.24618374376468,6.297561,0.0,True,211.54374491243533,3748.6258087158203,0.0,0.0,0.0,0.0,0.0,211.54375
101,141.4123871807986,6.7870746,0.0,True,148.19946174668604,4429.575134277344,0.0,0.0,0.0,0.0,0.0,148.19946
102,161.8602050989566,6.5615463,0.0,True,168.4217514246402,4195.263412475586,0.0,0.0,0.0,0.0,0.0,168.42175
103,365.0359018591307,5.220987,0.0,True,370.25688870223985,2109.389488220215,0.0,0.0,0.0,0.0,0.0,370.2569
104,-114.07571886630944,9.966572,104.10914705844812,False,0.0,7112.868957519531,5.205457,13.954031,0.0,95.3605732783883,95.3605732783883,0.0
105,36.7691806038423,7.785459,0.0,True,44.55463964543776,5513.118347167969,0.0,0.0,0.0,0.0,0.0,44.554638
106,264.6709009268941,5.931006,0.0,True,270.6019068816365,3126.6983032226562,0.0,0.0,0.0,0.0,0.0,270.6019
107,315.74598898390474,5.7138963,0.0,True,321.4598852584714,2601.062774658203,0.0,0.0,0.0,0.0,0.0,321.4599
108,263.499626878709,5.83277,0.0,True,269.3323967494671,3136.7007904052734,0.0,0.0,0.0,0.0,0.0,269.3324
109,356.2910419613431,5.493158,0.0,True,361.78419982496007,2189.2401428222656,0.0,0.0,0.0,0.0,0.0,361.7842
110,120.31355964721928,7.0946183,0.0,True,127.40817796768437,4652.692779541016,0.0,0.0,0.0,0.0,0.0,127.40818
111,359.587893583637,5.8038683,0.0,True,365.39176187739923,2161.4700469970703,0.0,0.0,0.0,0.0,0.0,365.39175
112,198.16692951383112,6.430641,0.0,True,204.59757068814753,3833.8533477783203,0.0,0.0,0.0,0.0,0.0,204.59756
113,327.6886772831352,6.028095,0.0,True,333.71677205165935,2476.0562744140625,0.0,0.0,0.0,0.0,0.0,333.71677
114,327.27408129572154,5.7581606,0.0,True,333.03224188684703,2480.394729614258,0.0,0.0,0.0,0.0,0.0,333.03226
115,203.485228756149,6.139178,0.0,True,209.62440655537387,3736.1080017089844,0.0,0.0,0.0,0.0,0.0,209.6244
116,315.63582758033283,6.098343,0.0,True,321.73417047584064,2599.923294067383,0.0,0.0,0.0,0.0,0.0,321.73416
117,274.83254147001094,6.012079,0.0,True,280.8446202320654,3028.7955169677734,0.0,0.0,0.0,0.0,0.0,280.84464
118,253.71542944048159,5.941307,0.0,True,259.65673650835265,3252.0269622802734,0.0,0.0,0.0,0.0,0.0,259.65674
119,170.06420958736186,6.6862526,0.0,True,176.750462181356,4119.870346069336,0.0,0.0,0.0,0.0,0.0,176.75046
120,-5113.039033453761,82.94789,5030.091142218409,False,0.0,60800.38671875,251.50456,692.9295,0.0,4588.666200201807,4588.666200201807,0.0
121,177.22264067461805,6.2473006,0.0,True,183.46994129946546,4044.335952758789,0.0,0.0,0.0,0.0,0.0,183.46994
122,313.9854792569172,5.4455614,0.0,True,319.43104066591377,2619.994888305664,0.0,0.0,0.0,0.0,0.0,319.43103
123,176.57469089391702,6.686381,0.0,True,183.26107175710672,4021.093734741211,0.0,0.0,0.0,0.0,0.0,183.26108
124,138.76535464664664,6.707982,0.0,True,145.4733367099401,4458.4288330078125,0.0,0.0,0.0,0.0,0.0,145.47334
125,229.22182175547857,6.107026,0.0,True,235.32884785563726,3506.802505493164,0.0,0.0,0.0,0.0,0.0,235.32884
126,-290.06452080957285,11.86324,278.20128056756846,False,0.0,9023.581176757812,13.910064,38.490692,0.0,253.6206521724879,253.6206521724879,0.0
127,-332.8834123065925,12.805094,320.0783185413337,False,0.0,9491.548828125,16.003916,44.494724,0.0,291.58751005439524,291.58751005439524,0.0
128,314.78458793579057,5.898334,0.0,True,320.68292196212724,2608.872085571289,0.0,0.0,0.0,0.0,0.0,320.68292
129,200.68786468402607,6.546431,0.0,True,207.23429574863178,3796.7264251708984,0.0,0.0,0.0,0.0,0.0,207.2343
130,-1612.1947709925314,34.903263,1577.2915079004904,False,0.0,23405.935791015625,78.86458,221.64418,0.0,1434.5119058497091,1434.5119058497091,0.0
131,-2306.0523121666265,41.901894,2264.150418550904,False,0.0,30597.532348632812,113.20752,310.66226,0.0,2066.695676119263,2066.695676119263,0.0
132,33.89733042567133,8.069766,0.0,True,41.96709647028803,5543.393402099609,0.0,0.0,0.0,0.0,0.0,41.9671
133,-65.86448396045216,8.670366,57.19411767322072,False,0.0,6608.098724365234,2.859706,7.632793,0.0,52.421030648531996,52.421030648531996,0.0
134,291.6558044074425,6.011388,0.0,True,297.6671922324547,2821.5691833496094,0.0,0.0,0.0,0.0,0.0,297.6672
135,271.2612196564172,6.0676455,0.0,True,277.3288652061914,3044.9432220458984,0.0,0.0,0.0,0.0,0.0,277.32886
136,310.3514943478742,5.9582305,0.0,True,316.3097248433271,2652.867446899414,0.0,0.0,0.0,0.0,0.0,316.30972
137,199.56490880684635,6.6724772,0.0,True,206.23738605217716,3816.8875579833984,0.0,0.0,0.0,0.0,0.0,206.23738
138,316.1592703713902,5.4372497,0.0,True,321.59652003188216,2594.4215087890625,0.0,0.0,0.0,0.0,0.0,321.59653
139,313.1691856602001,5.8638597,0.0,True,319.03304531367303,2628.1297302246094,0.0,0.0,0.0,0.0,0.0,319.03305
140,72.33572606092571,7.503074,0.0,True,79.83880023008464,5157.056854248047,0.0,0.0,0.0,0.0,0.0,79.8388
141,-1331.179229152791,27.72116,1303.4580682641192,False,0.0,20233.04833984375,65.172905,180.34067,0.0,1188.2903055077716,1188.2903055077716,0.0
142,-1425.0062053656222,27.669214,1397.336991116965,False,0.0,21124.497802734375,69.86685,191.02774,0.0,1276.17610244509,1276.17610244509,0.0
143,181.5700616042858,6.4007697,0.0,True,187.97083131482657,3998.4612731933594,0.0,0.0,0.0,0.0,0.0,187.97083
144,312.4349407575226,5.4350114,0.0,True,317.86995214439395,2631.3903198242188,0.0,0.0,0.0,0.0,0.0,317.86996
145,-2164.953240526829,44.620327,2120.3329135309796,False,0.0,29341.691528320312,106.01665,296.2779,0.0,1930.0716678034405,1930.0716678034405,0.0
146,320.37804917157075,5.6694903,0.0,True,326.0475395089426,2551.689697265625,0.0,0.0,0.0,0.0,0.0,326.04755
147,-31.798265291750283,9.059833,22.73843271881327,False,0.0,6242.436767578125,1.1369216,3.0800605,0.0,20.79529388099894,20.79529388099894,0.0
148,219.08282047163567,5.9698615,0.0,True,225.05268197905144,3612.218307495117,0.0,0.0,0.0,0.0,0.0,225.05269
149,162.95802984310075,6.6178217,0.0,True,169.57585153652116,4205.998306274414,0.0,0.0,0.0,0.0,0.0,169.57585
150,370.0449496726022,5.7730165,0.0,True,375.8179661253915,2066.681510925293,0.0,0.0,0.0,0.0,0.0,375.81796
151,275.8419624789194,6.3799043,0.0,True,282.22186674909153,3000.1310424804688,0.0,0.0,0.0,0.0,0.0,282.22186
152,109.68993061652168,7.1764617,0.0,True,116.86639231314643,4744.370574951172,0.0,0.0,0.0,0.0,0.0,116.866394
153,-575.0917654050263,17.816135,557.2756299985322,False,0.0,11986.047058105469,27.863781,74.46789,0.0,510.671523095456,510.671523095456,0.0
154,274.75664728545365,6.081212,0.0,True,280.83785932921586,3020.3793182373047,0.0,0.0,0.0,0.0,0.0,280.83786
155,-103.68680496673755,9.453513,94.23329182129078,False,0.0,7007.420745849609,4.7116647,12.575825,0.0,86.36913176040821,86.36913176040821,0.0
156,-13.266270190738112,8.969828,4.296442538760573,False,0.0,6041.278106689453,0.21482213,0.5779549,0.0,3.9333097788318696,3.9333097788318696,0.0
157,131.887302940118,6.813352,0.0,True,138.7006550481197,4509.527130126953,0.0,0.0,0.0,0.0,0.0,138.70065
158,303.9469028229696,5.9031205,0.0,True,309.8500233407003,2719.4583892822266,0.0,0.0,0.0,0.0,0.0,309.85004
159,-40.68861980541669,8.597119,32.09150047405683,False,0.0,6345.29345703125,1.604575,4.255309,0.0,29.440766407093633,29.440766407093633,0.0
160,140.31271342950924,6.7078347,0.0,True,147.02054815012082,4437.626190185547,0.0,0.0,0.0,0.0,0.0,147.02055
161,-403.7277030927838,13.2431,390.484602926463,False,0.0,10247.368530273438,19.524231,54.025715,0.0,355.9831190092267,355.9831190092267,0.0
162,270.52708282287153,6.084842,0.0,True,276.61192502791914,3044.736038208008,0.0,0.0,0.0,0.0,0.0,276.61194
163,311.5823401753016,5.5641174,0.0,True,317.14645760694225,2644.0931701660156,0.0,0.0,0.0,0.0,0.0,317.14645
164,-28.6892200044785,8.452243,20.236977153221176,False,0.0,6207.2850341796875,1.0118488,2.7171028,0.0,18.53172319451909,18.53172319451909,0.0
165,311.24774920387927,5.9098144,0.0,True,317.15756356163683,2644.866973876953,0.0,0.0,0.0,0.0,0.0,317.15756
166,-171.27837099379576,10.684494,160.59387697524107,False,0.0,7721.768981933594,8.029694,21.406755,0.0,147.216815131369,147.216815131369,0.0
167,-243.59362260439104,11.914146,231.6794761810512,False,0.0,8527.381927490234,11.583974,32.206226,0.0,211.05722371675677,211.05722371675677,0.0
168,295.5853693587387,5.5171356,0.0,True,301.1025049788559,2805.4012756347656,0.0,0.0,0.0,0.0,0.0,301.1025
169,17.470996744388287,8.712248,0.0,True,26.18324459289903,5726.193328857422,0.0,0.0,0.0,0.0,0.0,26.183245
170,337.31883581685656,5.5631776,0.0,True,342.88201340245837,2379.584976196289,0.0,0.0,0.0,0.0,0.0,342.88202
171,185.66158448071081,6.422558,0.0,True,192.08414231152136,3946.0108947753906,0.0,0.0,0.0,0.0,0.0,192.08414
172,-327.31393956411887,12.8606205,314.45331906546164,False,0.0,9431.408325195312,15.722666,43.712784,0.0,286.46320103872824,286.46320103872824,0.0
173,126.86601005469151,7.08425,0.0,True,133.95026002798863,4562.412780761719,0.0,0.0,0.0,0.0,0.0,133.95026
174,-23.839773631098808,8.92137,14.918404078486503,False,0.0,6168.043548583984,0.7459202,1.9847627,0.0,13.679561591151298,13.679561591151298,0.0
175,-241.38950901312887,11.3832245,230.00628452582419,False,0.0,8478.108703613281,11.500314,31.338697,0.0,210.1679008512026,210.1679008512026,0.0
176,287.2460651023313,5.831015,0.0,True,293.07708021234714,2899.1343536376953,0.0,0.0,0.0,0.0,0.0,293.0771
177,306.8965439861955,6.0912538,0.0,True,312.98779774367233,2687.3827514648438,0.0,0.0,0.0,0.0,0.0,312.9878
178,325.8569663561518,5.89512,0.0,True,331.7520865000422,2495.805191040039,0.0,0.0,0.0,0.0,0.0,331.75208
179,71.43946330753892,7.563634,0.0,True,79.00309722630112,5148.444366455078,0.0,0.0,0.0,0.0,0.0,79.0031
180,255.62072358335513,6.1685424,0.0,True,261.78926596845645,3233.0572357177734,0.0,0.0,0.0,0.0,0.0,261.78928
181,90.89705558968512,7.9935937,0.0,True,98.89064928246466,4942.776031494141,0.0,0.0,0.0,0.0,0.0,98.89065
182,-53.431230641252284,8.972053,44.45917806709457,False,0.0,6486.3602294921875,2.2229588,6.21236,0.0,40.46977696502853,40.46977696502853,0.0
183,138.78443013948157,6.9399934,0.0,True,145.72442352098182,4457.925445556641,0.0,0.0,0.0,0.0,0.0,145.72443
184,149.53459974195903,6.7733254,0.0,True,156.30792518522685,4345.767761230469,0.0,0.0,0.0,0.0,0.0,156.30792
185,282.33511902122183,6.0345016,0.0,True,288.3696205738036,2951.0487060546875,0.0,0.0,0.0,0.0,0.0,288.36963
186,-335.44421804582305,13.231458,322.21276033555694,False,0.0,9549.174865722656,16.110638,45.27799,0.0,293.04540956651397,293.04540956651397,0.0
187,-616.3803070973711,15.995116,600.3851908635454,False,0.0,12437.194152832031,30.01926,81.11936,0.0,549.2850893925981,549.2850893925981,0.0
188,-283.4435327736587,12.308126,271.13540632407376,False,0.0,8917.928771972656,13.55677,36.82965,0.0,247.86252576987454,247.86252576987454,0.0
189,290.33797389986967,5.938173,0.0,True,296.2761467170999,2855.9342193603516,0.0,0.0,0.0,0.0,0.0,296.27615
190,333.74455772376933,5.803992,0.0,True,339.5485495183555,2415.7388610839844,0.0,0.0,0.0,0.0,0.0,339.54855
191,313.4348085314918,5.877437,0.0,True,319.3122456462074,2610.7076873779297,0.0,0.0,0.0,0.0,0.0,319.31226
192,195.75404369283046,6.3993716,0.0,True,202.15341531682338,3859.224380493164,0.0,0.0,0.0,0.0,0.0,202.15341
193,311.38122506580714,5.8359284,0.0,True,317.21715350590114,2642.5975799560547,0.0,0.0,0.0,0.0,0.0,317.21716
194,242.06009115093408,6.527214,0.0,True,248.58730520122705,3375.9866333007812,0.0,0.0,0.0,0.0,0.0,248.58731
195,-491.0024063201648,15.270291,475.73211499173465,False,0.0,11108.543151855469,23.786606,64.44084,0.0,435.0778791518909,435.0778791518909,0.0
196,242.3668945105663,5.7076755,0.0,True,248.07456996756704,3369.1126861572266,0.0,0.0,0.0,0.0,0.0,248.07457
197,18.131250985778365,8.220361,0.0,True,26.351611741698775,5726.3511962890625,0.0,0.0,0.0,0.0,0.0,26.351612
198,156.43458380364956,6.790007,0.0,True,163.22459091805996,4273.846740722656,0.0,0.0,0.0,0.0,0.0,163.2246
199,32.894262429297896,8.06257,0.0,True,40.956832047522994,5571.558166503906,0.0,0.0,0.0,0.0,0.0,40.956833
200,142.40003295144334,6.682251,0.0,True,149.08228392800584,4399.846252441406,0.0,0.0,0.0,0.0,0.0,149.08229
201,320.34802514836883,5.9183974,0.0,True,326.26642257497406,2551.3795776367188,0.0,0.0,0.0,0.0,0.0,326.26642
202,-828.0338329093734,19.268965,808.7648681419173,False,0.0,14628.470458984375,40.438244,107.30406,0.0,741.8990501182357,741.8990501182357,0.0
203,324.28056770858416,5.7708726,0.0,True,330.0514403015102,2511.854705810547,0.0,0.0,0.0,0.0,0.0,330.05145
204,353.7926915199505,5.7674365,0.0,True,359.5601280243145,2214.3081817626953,0.0,0.0,0.0,0.0,0.0,359.56012
205,-559.2083159424604,15.377551,543.8307648636641,False,0.0,11921.394165039062,27.191538,75.242004,0.0,495.7802983261885,495.7802983261885,0.0
206,223.52383643638214,6.3480415,0.0,True,229.87187797080597,3555.7586212158203,0.0,0.0,0.0,0.0,0.0,229.87187
207,340.6398594291469,5.358336,0.0,True,345.99819540097917,2346.2833251953125,0.0,0.0,0.0,0.0,0.0,345.9982
208,236.62413241048299,6.557711,0.0,True,243.18184353490315,3429.4950561523438,0.0,0.0,0.0,0.0,0.0,243.18184
209,-396.1772642340667,13.301117,382.8761472907073,False,0.0,10166.06982421875,19.143806,52.97304,0.0,349.046912213803,349.046912213803,0.0
210,165.48523778777854,6.863569,0.0,True,172.34880657058494,4151.858779907227,0.0,0.0,0.0,0.0,0.0,172.3488
211,191.37286553989617,6.987594,0.0,True,198.3604596675512,3886.278305053711,0.0,0.0,0.0,0.0,0.0,198.36046
212,206.26935239425518,6.5351596,0.0,True,212.8045119821153,3742.340606689453,0.0,0.0,0.0,0.0,0.0,212.8045
213,337.96099898614773,5.5025454,0.0,True,343.4635443428982,2373.1897735595703,0.0,0.0,0.0,0.0,0.0,343.46353
214,160.40501028535425,6.8877807,0.0,True,167.29279095170557,4216.236221313477,0.0,0.0,0.0,0.0,0.0,167.29279
215,264.95196766760034,5.6426787,0.0,True,270.5946464052407,3134.2732696533203,0.0,0.0,0.0,0.0,0.0,270.59464
216,-23.994522093979583,8.54389,15.450632094589935,False,0.0,6157.136199951172,0.7725316,2.0875688,0.0,14.135594963280425,14.135594963280425,0.0
217,-1761.774840487893,32.731777,1729.043063296731,False,0.0,24818.898071289062,86.452156,238.18753,0.0,1577.3076888460473,1577.3076888460473,0.0
218,34.682394709411255,8.310676,0.0,True,42.99307033044397,5553.043884277344,0.0,0.0,0.0,0.0,0.0,42.99307
219,203.108969322485,6.4146676,0.0,True,209.52363692883876,3726.0638732910156,0.0,0.0,0.0,0.0,0.0,209.52364
220,-578.1411318986519,15.317347,562.8237853257759,False,0.0,12065.002990722656,28.14119,76.68557,0.0,514.2794051377876,514.2794051377876,0.0
221,77.32618848038874,7.3006606,0.0,True,84.62684909058771,5103.748077392578,0.0,0.0,0.0,0.0,0.0,84.62685
222,204.247234784049,6.5940347,0.0,True,210.84126945583245,3724.668487548828,0.0,0.0,0.0,0.0,0.0,210.84126
223,316.6966337325164,5.8927827,0.0,True,322.58941642065724,2591.0753631591797,0.0,0.0,0.0,0.0,0.0,322.58942
224,48.747140918815205,8.454116,0.0,True,57.20125678642995,5400.026458740234,0.0,0.0,0.0,0.0,0.0,57.201256
225,144.79805363327534,6.666591,0.0,True,151.4646448007253,4386.484405517578,0.0,0.0,0.0,0.0,0.0,151.46465
226,262.8111840174288,6.158487,0.0,True,268.9696708605379,3142.955764770508,0.0,0.0,0.0,0.0,0.0,268.96967
227,330.2510724789019,5.6712203,0.0,True,335.9222927814837,2447.727279663086,0.0,0.0,0.0,0.0,0.0,335.9223
228,-53.654875246545885,9.016027,44.63884779598436,False,0.0,6479.766418457031,2.2319424,6.1248603,0.0,40.74592992450914,40.74592992450914,0.0
229,210.40030495752694,6.3439,0.0,True,216.74420516123178,3687.2797241210938,0.0,0.0,0.0,0.0,0.0,216.7442
230,156.15002578554953,6.3882556,0.0,True,162.53828138171042,4236.512878417969,0.0,0.0,0.0,0.0,0.0,162.53828
231,-115.70306222135832,9.995186,105.70787636930754,False,0.0,7139.358337402344,5.2853937,14.402855,0.0,96.59041516477873,96.59041516477873,0.0
232,108.95581648473524,6.876064,0.0,True,115.83188030843519,4770.206237792969,0.0,0.0,0.0,0.0,0.0,115.83188
233,220.78954002552877,6.472207,0.0,True,227.26174709492574,3592.3868103027344,0.0,0.0,0.0,0.0,0.0,227.26175
234,69.66835799067377,7.697516,0.0,True,77.36587395518183,5157.406951904297,0.0,0.0,0.0,0.0,0.0,77.365875
235,-53.33764986104791,9.236737,44.10091260976617,False,0.0,6476.368408203125,2.2050457,6.0510507,0.0,40.25490764684503,40.25490764684503,0.0
236,186.22491282163776,6.9219003,0.0,True,193.14681309400714,3957.9945678710938,0.0,0.0,0.0,0.0,0.0,193.14682
237,293.405917801534,5.781639,0.0,True,299.18755690065507,2815.9432830810547,0.0,0.0,0.0,0.0,0.0,299.18756
238,124.05918246183279,6.734909,0.0,True,130.79409151944998,4611.138702392578,0.0,0.0,0.0,0.0,0.0,130.7941
239,108.40556543643788,7.17585,0.0,True,115.58141535098866,4757.906890869141,0.0,0.0,0.0,0.0,0.0,115.58141
240,110.00964459580558,7.3020525,0.0,True,117.31169709366935,4753.576080322266,0.0,0.0,0.0,0.0,0.0,117.3117
241,-334.630300296099,12.616618,322.0136821396659,False,0.0,9445.914245605469,16.100683,43.160366,0.0,294.95399929359655,294.95399929359655,0.0
242,309.44500388753227,5.7290587,0.0,True,315.17406263005546,2663.0995330810547,0.0,0.0,0.0,0.0,0.0,315.17407
243,116.5321471481231,7.0693507,0.0,True,123.601497867575,4692.4427490234375,0.0,0.0,0.0,0.0,0.0,123.6015
244,267.6690965102618,5.692595,0.0,True,273.3616915152972,3104.5023498535156,0.0,0.0,0.0,0.0,0.0,273.3617
245,238.4789733806206,6.4012847,0.0,True,244.88025807529223,3410.8975982666016,0.0,0.0,0.0,0.0,0.0,244.88026
246,332.9710136132086,5.7040987,0.0,True,338.67511231468563,2423.4933319091797,0.0,0.0,0.0,0.0,0.0,338.6751
247,201.2713966397459,6.3081255,0.0,True,207.57952213565653,3800.2552795410156,0.0,0.0,0.0,0.0,0.0,207.57953
248,182.69071643180695,6.688779,0.0,True,189.37949530906525,3950.198745727539,0.0,0.0,0.0,0.0,0.0,189.3795
249,139.218871858032,7.082933,0.0,True,146.30180480709816,4453.043640136719,0.0,0.0,0.0,0.0,0.0,146.3018
250,150.57682933000643,7.2745156,0.0,True,157.85134495882113,4306.878219604492,0.0,0.0,0.0,0.0,0.0,157.85135
251,316.1872112289934,5.5853744,0.0,True,321.7725855843096,2596.8678588867188,0.0,0.0,0.0,0.0,0.0,321.77258
252,222.6600016400135,6.550841,0.0,True,229.21084249465827,3561.8992919921875,0.0,0.0,0.0,0.0,0.0,229.21085
253,295.5499208297705,5.7530184,0.0,True,301.3029392089819,2811.042022705078,0.0,0.0,0.0,0.0,0.0,301.30295
254,-108.91710914288319,9.341609,99.57550014172352,False,0.0,7054.733612060547,4.978775,13.453864,0.0,91.10041106854237,91.10041106854237,0.0
255,346.9684557755376,5.619783,0.0,True,352.5882387001897,2279.6582794189453,0.0,0.0,0.0,0.0,0.0,352.58823
256,-507.2988328405014,14.743655,492.55517763572846,False,0.0,11268.701599121094,24.627758,65.733536,0.0,451.44939989524994,451.44939989524994,0.0
257,308.0905093477171,5.7958026,0.0,True,313.8863119409483,2676.8939514160156,0.0,0.0,0.0,0.0,0.0,313.88632
258,257.33300635101773,5.919885,0.0,True,263.25289150955655,3213.4567108154297,0.0,0.0,0.0,0.0,0.0,263.2529
259,188.7695577976769,6.537033,0.0,True,195.30659087873158,3926.8162841796875,0.0,0.0,0.0,0.0,0.0,195.3066
260,45.775529191266514,7.693114,0.0,True,53.46864299513004,5420.3985595703125,0.0,0.0,0.0,0.0,0.0,53.468643
261,78.86308714714806,7.2905245,0.0,True,86.15361162987512,5066.939788818359,0.0,0.0,0.0,0.0,0.0,86.15361
262,51.74004536447387,7.553842,0.0,True,59.29388743219238,5371.315185546875,0.0,0.0,0.0,0.0,0.0,59.293888
263,-175.78050215012922,10.095905,165.68459684617414,False,0.0,7761.677581787109,8.28423,22.334435,0.0,151.63439256913557,151.63439256913557,0.0
264,248.65193404369495,6.385335,0.0,True,255.03726901226185,3301.816909790039,0.0,0.0,0.0,0.0,0.0,255.03726
265,313.5683748934882,5.4776154,0.0,True,319.04599024993354,2623.936538696289,0.0,0.0,0.0,0.0,0.0,319.046
266,352.1618328034177,5.685759,0.0,True,357.8475918709531,2229.28076171875,0.0,0.0,0.0,0.0,0.0,357.8476
267,-185.0775207200611,11.474155,173.6033652940357,False,0.0,7872.8848876953125,8.680168,23.581396,0.0,158.7021373429859,158.7021373429859,0.0
268,143.59697738390616,6.7571273,0.0,True,150.35410466890983,4393.7947998046875,0.0,0.0,0.0,0.0,0.0,150.35411
269,101.00685109175174,7.2953296,0.0,True,108.302180662522,4823.710235595703,0.0,0.0,0.0,0.0,0.0,108.30218
270,16.42780894760898,8.534808,0.0,True,24.962617106483492,5729.3487548828125,0.0,0.0,0.0,0.0,0.0,24.962618
271,-142.73109843840382,10.247146,132.48395278563282,False,0.0,7427.244354248047,6.6241975,18.051134,0.0,121.0570161591985,121.0570161591985,0.0
272,300.04712585390473,5.757953,0.0,True,305.8050790208664,2763.773223876953,0.0,0.0,0.0,0.0,0.0,305.80508
273,219.05957697731174,6.2428675,0.0,True,225.30244444709933,3607.5130310058594,0.0,0.0,0.0,0.0,0.0,225.30244
274,-10.898086856997907,8.4281645,2.4699223748812074,False,0.0,6023.027893066406,0.123496115,0.33653057,0.0,2.2568879238733643,2.2568879238733643,0.0
275,155.79264755308037,6.9873276,0.0,True,162.77997512876397,4256.855880737305,0.0,0.0,0.0,0.0,0.0,162.77997
276,215.8049589215614,6.3023257,0.0,True,222.1072846471168,3650.8761444091797,0.0,0.0,0.0,0.0,0.0,222.10728
277,-62.88269698486624,8.283336,54.59936129913626,False,0.0,6574.680419921875,2.729968,7.416499,0.0,49.91283023224173,49.91283023224173,0.0
278,-148.79994250805487,10.440984,138.35895873577704,False,0.0,7485.106506347656,6.917948,18.423885,0.0,126.85302115948309,126.85302115948309,0.0
279,-404.79964115680264,14.386393,390.41324856341885,False,0.0,10301.195983886719,19.520662,54.861656,0.0,355.07225468219326,355.07225468219326,0.0
280,193.01341293242945,6.3157945,0.0,True,199.32920740035547,3890.6844024658203,0.0,0.0,0.0,0.0,0.0,199.32921
281,-128.77320681079766,10.277216,118.49599085315606,False,0.0,7278.571716308594,5.9247994,16.145254,0.0,108.27553616031548,108.27553616031548,0.0
282,285.93018521854356,6.0910172,0.0,True,292.0212024647899,2904.6206665039062,0.0,0.0,0.0,0.0,0.0,292.0212
283,327.8891646387425,5.3739305,0.0,True,333.26309509299665,2474.0394287109375,0.0,0.0,0.0,0.0,0.0,333.2631
284,-212.53037771002892,10.682245,201.8481324555123,False,0.0,8170.708557128906,10.092406,27.502106,0.0,184.43843301550987,184.43843301550987,0.0
285,342.2257252358203,5.7885942,0.0,True,348.0143194817309,2330.6099853515625,0.0,0.0,0.0,0.0,0.0,348.0143
286,-120.73566271019865,9.547761,111.18790174675871,False,0.0,7186.713104248047,5.5593953,14.739976,0.0,102.0073211307614,102.0073211307614,0.0
287,-1709.0228891364009,32.161396,1676.8614931097895,False,0.0,24036.014770507812,83.84307,226.56444,0.0,1534.1401262274653,1534.1401262274653,0.0
288,70.12628315430231,7.8614197,0.0,True,77.98770283203669,5161.457214355469,0.0,0.0,0.0,0.0,0.0,77.9877
289,258.29409734178455,6.2627306,0.0,True,264.55682794023426,3191.6017150878906,0.0,0.0,0.0,0.0,0.0,264.55682
290,90.1988286741472,7.60437,0.0,True,97.8031987913347,4962.622100830078,0.0,0.0,0.0,0.0,0.0,97.8032
291,179.55468622185793,6.236146,0.0,True,185.7908321950635,3987.0703125,0.0,0.0,0.0,0.0,0.0,185.79083
292,228.0972326812993,6.197872,0.0,True,234.29510484316452,3498.7994384765625,0.0,0.0,0.0,0.0,0.0,234.2951
293,245.37868297489564,6.7493052,0.0,True,252.12798822315614,3302.7066040039062,0.0,0.0,0.0,0.0,0.0,252.12799
294,221.64098664306215,6.250432,0.0,True,227.89141865752748,3588.9901580810547,0.0,0.0,0.0,0.0,0.0,227.89142
295,-700.2477341562637,17.637196,682.6105385691055,False,0.0,13365.612060546875,34.130527,93.0067,0.0,623.734367457045,623.734367457045,0.0
296,-394.1794793741808,13.682414,380.4970653193102,False,0.0,10153.431762695312,19.024853,52.893654,0.0,346.62826420236684,346.62826420236684,0.0
297,154.01495698396195,6.839255,0.0,True,160.85421184007157,4300.796173095703,0.0,0.0,0.0,0.0,0.0,160.85422
298,230.03106153084542,6.4134,0.0,True,236.44446170403268,3484.074249267578,0.0,0.0,0.0,0.0,0.0,236.44446
299,-102.37964299883708,9.781226,92.598416840695,False,0.0,6985.6326904296875,4.629921,12.511175,0.0,84.717162644528,84.717162644528,0.0
300,274.6593860403509,6.2101912,0.0,True,280.8695772901983,3031.9959564208984,0.0,0.0,0.0,0.0,0.0,280.86957
301,329.32051993874086,5.681958,0.0,True,335.0024781372882,2459.959182739258,0.0,0.0,0.0,0.0,0.0,335.00247
302,366.6185119433415,5.545598,0.0,True,372.16410997343183,2095.8044662475586,0.0,0.0,0.0,0.0,0.0,372.16412
303,132.39418735065607,7.1332507,0.0,True,139.52743806400446,4517.369232177734,0.0,0.0,0.0,0.0,0.0,139.52744
304,129.33093563529616,7.3532305,0.0,True,136.68416611167555,4510.295211791992,0.0,0.0,0.0,0.0,0.0,136.68417
305,316.5893367069706,5.5653687,0.0,True,322.15470535931433,2592.644012451172,0.0,0.0,0.0,0.0,0.0,322.1547
306,357.1529329720345,5.5239654,0.0,True,362.6768983307686,2180.4344177246094,0.0,0.0,0.0,0.0,0.0,362.6769
307,213.17590963296362,6.163589,0.0,True,219.33949863366553,3673.594680786133,0.0,0.0,0.0,0.0,0.0,219.3395
308,339.14576106286427,6.0289354,0.0,True,345.17469649529835,2360.7103424072266,0.0,0.0,0.0,0.0,0.0,345.17468
309,-197.4369905050653,11.711488,185.72550273498473,False,0.0,7996.486633300781,9.286275,24.818214,0.0,170.19356322845397,170.19356322845397,0.0
310,167.4801162022314,6.4008136,0.0,True,173.8809297817907,4136.500442504883,0.0,0.0,0.0,0.0,0.0,173.88094
311,200.05449810884568,6.3697267,0.0,True,206.4242247667131,3812.4588623046875,0.0,0.0,0.0,0.0,0.0,206.42422
312,186.41064742019842,6.6291766,0.0,True,193.03982403686712,3937.1195068359375,0.0,0.0,0.0,0.0,0.0,193.03983
313,-200.5762282744539,10.594803,189.9814254180086,False,0.0,8052.940399169922,9.499071,26.067198,0.0,173.4132987395418,173.4132987395418,0.0
314,331.53594759448436,6.3048553,0.0,True,337.84080294116404,2437.7938537597656,0.0,0.0,0.0,0.0,0.0,337.8408
315,127.85723250269757,7.3178086,0.0,True,135.17504113077985,4535.8804931640625,0.0,0.0,0.0,0.0,0.0,135.17503
316,254.92929636913263,6.0376787,0.0,True,260.96697508769955,3235.7813415527344,0.0,0.0,0.0,0.0,0.0,260.96698
317,324.24700462887336,5.5475054,0.0,True,329.7945100075965,2512.7086791992188,0.0,0.0,0.0,0.0,0.0,329.79453
318,291.8010161895531,5.8665056,0.0,True,297.66752181241685,2851.9102935791016,0.0,0.0,0.0,0.0,0.0,297.6675
319,148.20618356251663,6.297012,0.0,True,154.50319541478103,4359.96435546875,0.0,0.0,0.0,0.0,0.0,154.50319
320,133.15878804967002,6.80256,0.0,True,139.96134790227012,4476.977966308594,0.0,0.0,0.0,0.0,0.0,139.96135
321,275.57799284941825,6.187622,0.0,True,281.76561491973075,3023.4271392822266,0.0,0.0,0.0,0.0,0.0,281.76562
322,313.93353395781367,6.0910296,0.0,True,320.0245636018261,2593.458755493164,0.0,0.0,0.0,0.0,0.0,320.02457
323,29.635546428852706,8.468184,0.0,True,38.10373089998308,5605.1378173828125,0.0,0.0,0.0,0.0,0.0,38.10373
324,25.616520974827097,8.1781645,0.0,True,33.794685456943796,5648.3656005859375,0.0,0.0,0.0,0.0,0.0,33.794685
325,288.2556373318996,5.7731795,0.0,True,294.028816862997,2890.7559661865234,0.0,0.0,0.0,0.0,0.0,294.0288
326,316.2115760830675,5.788582,0.0,True,322.000157931212,2594.118682861328,0.0,0.0,0.0,0.0,0.0,322.00015
327,318.0637473309181,5.959865,0.0,True,324.0236124241493,2576.716537475586,0.0,0.0,0.0,0.0,0.0,324.02362
328,247.76580319482662,6.102218,0.0,True,253.86802134591915,3262.2071685791016,0.0,0.0,0.0,0.0,0.0,253.86803
329,269.122044519793,5.6811843,0.0,True,274.8032288116326,3090.815658569336,0.0,0.0,0.0,0.0,0.0,274.80322
330,-522.7953342994825,15.370995,507.42433973161144,False,0.0,11580.622802734375,25.371218,71.30429,0.0,461.4912666877882,461.4912666877882,0.0
331,189.64726465306086,6.6174684,0.0,True,196.26473301014704,3895.8165283203125,0.0,0.0,0.0,0.0,0.0,196.26474
332,-28.078407578878625,8.743291,19.335116677694543,False,0.0,6205.904449462891,0.9667558,2.6529558,0.0,17.64891671460174,17.64891671460174,0.0
333,330.75730554938957,5.553319,0.0,True,336.3106245267455,2445.4434967041016,0.0,0.0,0.0,0.0,0.0,336.31064
334,-903.3643726302362,22.007826,881.3565467787957,False,0.0,15651.70166015625,44.06783,122.519135,0.0,802.9052413893914,802.9052413893914,0.0
335,199.45129576499926,6.4038453,0.0,True,205.85514107521044,3820.3494567871094,0.0,0.0,0.0,0.0,0.0,205.85515
336,85.12694894432246,7.317025,0.0,True,92.44397412895381,4990.5322265625,0.0,0.0,0.0,0.0,0.0,92.44398
337,309.99305587564515,5.5990815,0.0,True,315.592137391911,2660.455352783203,0.0,0.0,0.0,0.0,0.0,315.59213
338,-357.7747945906025,11.548568,346.22622681869086,False,0.0,9680.207885742188,17.311312,45.921757,0.0,317.61578179610785,317.61578179610785,0.0
339,247.2479163529437,6.1321197,0.0,True,253.38003600855282,3317.7926330566406,0.0,0.0,0.0,0.0,0.0,253.38004
340,254.47134488564936,6.0186844,0.0,True,260.4900292728564,3237.655517578125,0.0,0.0,0.0,0.0,0.0,260.49002
341,165.15149375780965,6.9116135,0.0,True,172.06310722216512,4183.822479248047,0.0,0.0,0.0,0.0,0.0,172.06311
342,169.806169411614,6.462172,0.0,True,176.2683414430166,4111.713455200195,0.0,0.0,0.0,0.0,0.0,176.26834
343,-358.7511599052657,13.115433,345.6357271660079,False,0.0,9755.056945800781,17.281786,47.61369,0.0,315.3038237083663,315.3038237083663,0.0
344,125.88645797491222,7.2298737,0.0,True,133.11633163213878,4574.530212402344,0.0,0.0,0.0,0.0,0.0,133.11633
345,259.5270644868531,6.221608,0.0,True,265.74867264877935,3140.2084197998047,0.0,0.0,0.0,0.0,0.0,265.7487
346,325.1146724900676,5.655693,0.0,True,330.77036554426684,2492.7261657714844,0.0,0.0,0.0,0.0,0.0,330.77036
347,342.6390952301264,5.8597274,0.0,True,348.4988226127863,2326.477767944336,0.0,0.0,0.0,0.0,0.0,348.4988
348,197.128163594299,6.4031954,0.0,True,203.53135897546355,3812.3133392333984,0.0,0.0,0.0,0.0,0.0,203.53136
349,297.7735143502672,6.3536377,0.0,True,304.1271520455797,2789.4881286621094,0.0,0.0,0.0,0.0,0.0,304.12717
350,283.0742511380879,6.1532288,0.0,True,289.2274798978535,2940.4405517578125,0.0,0.0,0.0,0.0,0.0,289.22748
351,315.1973535845493,5.6154647,0.0,True,320.81281827189673,2605.0167541503906,0.0,0.0,0.0,0.0,0.0,320.8128
352,71.86443303502296,7.562955,0.0,True,79.42738793767188,5142.805908203125,0.0,0.0,0.0,0.0,0.0,79.42739
353,256.4691728207905,5.9236116,0.0,True,262.3927844617207,3216.614456176758,0.0,0.0,0.0,0.0,0.0,262.3928
354,292.0866567081347,6.2129703,0.0,True,298.2996269649401,2842.8682708740234,0.0,0.0,0.0,0.0,0.0,298.29962
355,29.63931568531143,7.411467,0.0,True,37.05078276065933,5599.783630371094,0.0,0.0,0.0,0.0,0.0,37.05078
356,216.39336694571386,6.5935135,0.0,True,222.9868804344834,3645.5848236083984,0.0,0.0,0.0,0.0,0.0,222.98688
357,307.8964726926822,6.080997,0.0,True,313.97746968288607,2678.8700408935547,0.0,0.0,0.0,0.0,0.0,313.97748
358,168.46723363789613,7.422384,0.0,True,175.88961742314393,4148.52197265625,0.0,0.0,0.0,0.0,0.0,175.88962
359,301.53100149319187,5.760881,0.0,True,307.2918824403049,2745.533432006836,0.0,0.0,0.0,0.0,0.0,307.29187
360,267.69781982066695,6.4142885,0.0,True,274.11210834147994,3103.3204040527344,0.0,0.0,0.0,0.0,0.0,274.11212
361,155.42045326643546,6.403383,0.0,True,161.82383604460318,4268.893051147461,0.0,0.0,0.0,0.0,0.0,161.82384
362,321.00424595554136,5.8161592,0.0,True,326.8204052038934,2545.1809997558594,0.0,0.0,0.0,0.0,0.0,326.8204
363,274.84322403801394,5.9973435,0.0,True,280.8405675782056,3030.3684997558594,0.0,0.0,0.0,0.0,0.0,280.84058
364,-65.6691834052977,9.505614,56.16356912459702,False,0.0,6606.4197998046875,2.8081784,7.6523695,0.0,51.31937805022568,51.31937805022568,0.0
365,185.56325791553377,6.137192,0.0,True,191.7004496879947,3964.9588470458984,0.0,0.0,0.0,0.0,0.0,191.70045
366,-229.97083299737346,11.280039,218.6907941637553,False,0.0,8342.435760498047,10.93454,29.623013,0.0,200.00232141595257,200.00232141595257,0.0
367,122.96638112123856,7.359943,0.0,True,130.32632403429398,4597.172180175781,0.0,0.0,0.0,0.0,0.0,130.32632
368,343.0727212124681,5.4974413,0.0,True,348.57016250427716,2321.843765258789,0.0,0.0,0.0,0.0,0.0,348.57016
369,360.1964825921814,5.7147384,0.0,True,365.9112209611694,2154.3450622558594,0.0,0.0,0.0,0.0,0.0,365.91122
370,-356.1548100478092,12.682505,343.4723053938785,False,0.0,9674.502136230469,17.173615,46.30038,0.0,314.34553918904453,314.34553918904453,0.0
371,-1037.8352469882188,22.357939,1015.4773082217393,False,0.0,17103.740844726562,50.773865,141.16353,0.0,925.0876445254503,925.0876445254503,0.0
372,272.85435270832085,6.4042907,0.0,True,279.2586433844378,3046.3588256835938,0.0,0.0,0.0,0.0,0.0,279.25864
373,261.4753288499263,5.878586,0.0,True,267.353914665356,3154.8770141601562,0.0,0.0,0.0,0.0,0.0,267.3539
374,-318.2385074975449,12.142554,306.0959532144028,False,0.0,9268.033935546875,15.304798,40.644596,0.0,280.75615524077,280.75615524077,0.0
375,-439.7400446603392,13.784494,425.9555502603148,False,0.0,10624.607177734375,21.297777,58.678295,0.0,388.57503230072007,388.57503230072007,0.0
376,152.14892211906852,7.0861635,0.0,True,159.2350856398815,4303.45085144043,0.0,0.0,0.0,0.0,0.0,159.23509
377,-570.8461884260075,16.484167,554.3620213270085,False,0.0,12075.67431640625,27.718102,77.46199,0.0,504.61813247202804,504.61813247202804,0.0
378,17.504023294551814,8.029325,0.0,True,25.53334782610699,5716.214935302734,0.0,0.0,0.0,0.0,0.0,25.533348
379,-27.385377091225678,8.786422,18.598955315407807,False,0.0,6195.854156494141,0.9299478,2.4928684,0.0,17.036034685429627,17.036034685429627,0.0
380,347.839465643243,5.6611314,0.0,True,353.5005970252315,2272.3146209716797,0.0,0.0,0.0,0.0,0.0,353.5006
381,-1761.518541303065,33.17462,1728.3439197210337,False,0.0,24669.72119140625,86.4172,235.48941,0.0,1579.2717075017954,1579.2717075017954,0.0
382,132.06723992851306,7.290883,0.0,True,139.35812299278308,4507.868896484375,0.0,0.0,0.0,0.0,0.0,139.35812
383,277.3349392403967,6.103372,0.0,True,283.4383113374121,3004.192611694336,0.0,0.0,0.0,0.0,0.0,283.43832
384,160.9185883364254,6.383159,0.0,True,167.3017474970394,4204.300857543945,0.0,0.0,0.0,0.0,0.0,167.30174
385,365.6083487841221,5.6317735,0.0,True,371.24012225595436,2104.813621520996,0.0,0.0,0.0,0.0,0.0,371.2401
386,-596.9825248068485,16.816288,580.1662368124637,False,0.0,12265.694458007812,29.008312,79.04851,0.0,530.1260413473758,530.1260413473758,0.0
387,-55.489080656147166,9.521924,45.9671566372873,False,0.0,6497.989410400391,2.2983577,6.263093,0.0,42.002421367740794,42.002421367740794,0.0
388,77.33201651011063,7.3512955,0.0,True,84.68331198130204,5105.200439453125,0.0,0.0,0.0,0.0,0.0,84.68331
389,-35.995260586683685,8.899556,27.09570442671054,False,0.0,6286.925689697266,1.3547852,3.6317108,0.0,24.818778862898284,24.818778862898284,0.0
390,266.1485387951264,5.8382525,0.0,True,271.9867913395295,3118.445770263672,0.0,0.0,0.0,0.0,0.0,271.9868
391,-623.9599223540798,16.532558,607.4273639129177,False,0.0,12535.59375,30.371368,82.509834,0.0,555.28889803157,555.28889803157,0.0
392,230.51938445399574,6.072011,0.0,True,236.59139544795326,3491.8667755126953,0.0,0.0,0.0,0.0,0.0,236.5914
393,353.7884292377803,6.0859957,0.0,True,359.8744249119136,2216.293197631836,0.0,0.0,0.0,0.0,0.0,359.87442
394,-289.88268282757554,11.698945,278.18373778210434,False,0.0,9027.221252441406,13.909187,38.670876,0.0,253.42204954968247,253.42204954968247,0.0
395,272.1082596619256,6.1908007,0.0,True,278.2990603287347,3046.5455627441406,0.0,0.0,0.0,0.0,0.0,278.29907
396,258.0726994164388,6.11461,0.0,True,264.1873096115987,3206.8819274902344,0.0,0.0,0.0,0.0,0.0,264.18732
397,273.49834723996014,6.3682847,0.0,True,279.86663194226117,3045.271942138672,0.0,0.0,0.0,0.0,0.0,279.86664
398,49.211869743630984,8.154759,0.0,True,57.36662915067444,5388.352508544922,0.0,0.0,0.0,0.0,0.0,57.36663
399,-233.18042121344718,11.368419,221.8120025199047,False,0.0,8396.686279296875,11.0906,30.323568,0.0,202.5790341895214,202.5790341895214,0.0
400,76.13197769382492,7.634094,0.0,True,83.76607193210617,5117.806823730469,0.0,0.0,0.0,0.0,0.0,83.766075
401,338.8229993977048,5.7051163,0.0,True,344.52811566967745,2364.5060119628906,0.0,0.0,0.0,0.0,0.0,344.5281
402,-95.46988144419004,9.921159,85.54872265360166,False,0.0,6910.000091552734,4.2774363,11.532045,0.0,78.29411354563047,78.29411354563047,0.0
403,340.4213663159549,5.722809,0.0,True,346.14417515384554,2347.3521270751953,0.0,0.0,0.0,0.0,0.0,346.14417
404,342.781469734011,5.638028,0.0,True,348.41949787884744,2324.7688903808594,0.0,0.0,0.0,0.0,0.0,348.4195
405,106.47559084180779,7.4616656,0.0,True,113.93725647214836,4796.32666015625,0.0,0.0,0.0,0.0,0.0,113.937256
406,-793.4951566022148,19.284883,774.2102731030693,False,0.0,14422.779174804688,38.710514,106.65277,0.0,706.2680161755791,706.2680161755791,0.0
407,348.73074149649767,6.0433764,0.0,True,354.77411794226794,2264.125732421875,0.0,0.0,0.0,0.0,0.0,354.7741
408,201.86058463184906,6.384079,0.0,True,208.24466361134125,3792.7193145751953,0.0,0.0,0.0,0.0,0.0,208.24466
409,303.8919762828608,5.912027,0.0,True,309.80400316503244,2719.7368927001953,0.0,0.0,0.0,0.0,0.0,309.80402
410,-873.2859388783916,20.015318,853.2706209615214,False,0.0,15184.452819824219,42.663532,115.90393,0.0,780.030222554539,780.030222554539,0.0
411,-207.09940547895826,11.823003,195.27640266371168,False,0.0,8130.3101806640625,9.76382,27.017574,0.0,178.022648047928,178.022648047928,0.0
412,243.02811289459828,6.0157304,0.0,True,249.04384327561024,3356.7059783935547,0.0,0.0,0.0,0.0,0.0,249.04384
413,231.41333187829576,6.5758452,0.0,True,237.9891771198424,3486.327438354492,0.0,0.0,0.0,0.0,0.0,237.98918
414,310.5712246836477,5.9279313,0.0,True,316.49915599239404,2655.8585205078125,0.0,0.0,0.0,0.0,0.0,316.49915
415,-31.689068461706142,8.7614565,22.927611972143154,False,0.0,6241.376770019531,1.1463805,3.07305,0.0,21.00094249372671,21.00094249372671,0.0
416,76.81622159747906,7.2973976,0.0,True,84.11361921100445,5099.269470214844,0.0,0.0,0.0,0.0,0.0,84.11362
417,267.0503396987764,6.099739,0.0,True,273.1500787734834,3069.751983642578,0.0,0.0,0.0,0.0,0.0,273.1501
418,324.157542769422,5.732933,0.0,True,329.8904758138556,2511.968521118164,0.0,0.0,0.0,0.0,0.0,329.89047
419,255.69727709356002,6.138635,0.0,True,261.83591225209886,3226.9102935791016,0.0,0.0,0.0,0.0,0.0,261.8359
420,9.363299209865318,8.121787,0.0,True,17.485086281093345,5804.455108642578,0.0,0.0,0.0,0.0,0.0,17.485086
421,-647.3314906372198,16.21409,631.1174002899297,False,0.0,12762.356384277344,31.55587,85.0752,0.0,577.5980674041875,577.5980674041875,0.0
422,322.5969151064992,5.7193637,0.0,True,328.3162787959218,2526.633285522461,0.0,0.0,0.0,0.0,0.0,328.31628
423,274.37107652450743,5.924802,0.0,True,280.2958783509845,3028.075241088867,0.0,0.0,0.0,0.0,0.0,280.29587
424,24.875920675509633,8.265225,0.0,True,33.14114608597106,5640.2362060546875,0.0,0.0,0.0,0.0,0.0,33.141148
425,232.7123743948613,6.052002,0.0,True,238.7643763479863,3458.7984466552734,0.0,0.0,0.0,0.0,0.0,238.76437
426,-31.739847854655636,9.265965,22.47388239292468,False,0.0,6244.036407470703,1.1236941,3.0959313,0.0,20.50164516357745,20.50164516357745,0.0
427,318.82592760009663,5.567183,0.0,True,324.39311061782735,2566.3953399658203,0.0,0.0,0.0,0.0,0.0,324.3931
428,242.24938147629155,5.9404807,0.0,True,248.18986218536747,3363.0570068359375,0.0,0.0,0.0,0.0,0.0,248.18987
429,-396.8621354345197,13.461003,383.40113213099187,False,0.0,10144.687805175781,19.170057,52.414165,0.0,350.1570239309186,350.1570239309186,0.0
430,333.73189156457863,5.685272,0.0,True,339.4171637813755,2415.654800415039,0.0,0.0,0.0,0.0,0.0,339.41718
431,278.34800885996367,6.118512,0.0,True,284.46652101358916,2959.9288024902344,0.0,0.0,0.0,0.0,0.0,284.46652
432,-1643.4757768091386,31.230505,1612.2452718195145,False,0.0,23643.561767578125,80.61227,224.12143,0.0,1468.7361089166825,1468.7361089166825,0.0
433,255.01146183959952,5.864177,0.0,True,260.8756390666198,3238.411407470703,0.0,0.0,0.0,0.0,0.0,260.87564
434,256.94043002367084,6.330276,0.0,True,263.2707060360915,3219.1962280273438,0.0,0.0,0.0,0.0,0.0,263.2707
435,170.53690933647954,6.536737,0.0,True,177.07364630165898,4126.778854370117,0.0,0.0,0.0,0.0,0.0,177.07364
436,-302.61106108708077,11.26502,291.3460407165974,False,0.0,9193.166534423828,14.567302,40.940533,0.0,264.9728097824543,264.9728097824543,0.0
437,312.34803695509413,5.8366427,0.0,True,318.1846796972511,2601.9315032958984,0.0,0.0,0.0,0.0,0.0,318.1847
438,47.95899924257117,8.050181,0.0,True,56.00918063142615,5401.596649169922,0.0,0.0,0.0,0.0,0.0,56.009182
439,267.70345319054206,5.7664676,0.0,True,273.4699207618006,3094.731719970703,0.0,0.0,0.0,0.0,0.0,273.4699
440,-275.61207718600497,12.231919,263.3801578973697,False,0.0,8883.431701660156,13.169008,36.802578,0.0,239.7465881799625,239.7465881799625,0.0
441,249.56122263072203,6.1102443,0.0,True,255.67146690486143,3296.707763671875,0.0,0.0,0.0,0.0,0.0,255.67146
442,-72.60887062932483,9.44413,63.16474068547717,False,0.0,6681.9024658203125,3.158237,8.635152,0.0,57.68782580281726,57.68782580281726,0.0
443,259.137317020439,6.0128174,0.0,True,265.1501344032515,3180.423797607422,0.0,0.0,0.0,0.0,0.0,265.15015
444,305.3128260139323,5.902841,0.0,True,311.2156671050883,2692.0252532958984,0.0,0.0,0.0,0.0,0.0,311.21567
445,39.053069906435724,8.198276,0.0,True,47.2513454725368,5495.73974609375,0.0,0.0,0.0,0.0,0.0,47.251347
446,-256.81836655731456,11.83662,244.98174622650401,False,0.0,8655.160247802734,12.249087,33.613747,0.0,223.6170869171168,223.6170869171168,0.0
447,17.998599286611352,8.645009,0.0,True,26.64360832744387,5718.29931640625,0.0,0.0,0.0,0.0,0.0,26.643608
448,-37.3530575407774,9.849525,27.503532089117243,False,0.0,6296.479034423828,1.3751765,3.6997585,0.0,25.178950108411982,25.178950108411982,0.0
449,254.04260961547317,6.381261,0.0,True,260.4238704873604,3248.8766479492188,0.0,0.0,0.0,0.0,0.0,260.42386
450,315.75492388479074,5.512384,0.0,True,321.26730782262644,2600.5951232910156,0.0,0.0,0.0,0.0,0.0,321.2673
451,256.8929444449612,5.85349,0.0,True,262.74643432075464,3213.3685913085938,0.0,0.0,0.0,0.0,0.0,262.74643
452,-37.04503201121503,8.548472,28.496559606735048,False,0.0,6299.372863769531,1.4248279,3.9426572,0.0,25.978730307761964,25.978730307761964,0.0
453,53.01031198022207,7.8727746,0.0,True,60.883086581204736,5343.428375244141,0.0,0.0,0.0,0.0,0.0,60.883087
454,117.28864406273237,7.869697,0.0,True,125.158341156696,4663.918670654297,0.0,0.0,0.0,0.0,0.0,125.15834
455,204.20594677570497,6.109146,0.0,True,210.31509289386904,3713.7359771728516,0.0,0.0,0.0,0.0,0.0,210.3151
456,45.70472106038574,7.59039,0.0,True,53.29511126576904,5437.246520996094,0.0,0.0,0.0,0.0,0.0,53.295113
457,305.29219818847093,5.718132,0.0,True,311.0103302075139,2691.596664428711,0.0,0.0,0.0,0.0,0.0,311.01035
458,358.3292188102581,5.605591,0.0,True,363.9348096305706,2169.3611907958984,0.0,0.0,0.0,0.0,0.0,363.9348
459,341.86074254213287,5.513826,0.0,True,347.37456843553497,2329.7855834960938,0.0,0.0,0.0,0.0,0.0,347.37457
460,349.34660644298816,5.207088,0.0,True,354.55369443661,2259.4188537597656,0.0,0.0,0.0,0.0,0.0,354.55368
461,-246.0516659100649,10.975545,235.07612098056052,False,0.0,8512.841552734375,11.753806,31.842505,0.0,214.98742259341452,214.98742259341452,0.0
462,-240.3064122781202,11.480039,228.8263736352369,False,0.0,8502.526153564453,11.4413185,31.974316,0.0,208.29337650388925,208.29337650388925,0.0
463,336.4739234686333,5.731398,0.0,True,342.20532157425464,2378.985565185547,0.0,0.0,0.0,0.0,0.0,342.20532
464,330.99157482963983,6.0300126,0.0,True,337.0215874372143,2442.9627075195312,0.0,0.0,0.0,0.0,0.0,337.02158
465,266.89614791421286,5.6740737,0.0,True,272.57022161034934,3081.0667572021484,0.0,0.0,0.0,0.0,0.0,272.57022
466,226.85609034231882,6.438956,0.0,True,233.29504612616282,3533.705520629883,0.0,0.0,0.0,0.0,0.0,233.29504
467,-200.5686373092036,10.437648,190.13098948968457,False,0.0,8037.464172363281,9.50655,25.826424,0.0,173.8111156798701,173.8111156798701,0.0
468,220.91976756764015,6.4511805,0.0,True,227.370948025709,3595.456985473633,0.0,0.0,0.0,0.0,0.0,227.37094
469,352.73418158533025,5.803502,0.0,True,358.53768366815495,2224.2799072265625,0.0,0.0,0.0,0.0,0.0,358.5377
470,304.02490080913435,6.218909,0.0,True,310.24380959590803,2718.336944580078,0.0,0.0,0.0,0.0,0.0,310.2438
471,119.74906133220975,7.6122575,0.0,True,127.36131881283109,4645.722808837891,0.0,0.0,0.0,0.0,0.0,127.36132
472,291.3120074185857,6.0786166,0.0,True,297.39062403769583,2857.725051879883,0.0,0.0,0.0,0.0,0.0,297.39062
473,244.22717917020353,5.9781604,0.0,True,250.20533955152067,3337.292984008789,0.0,0.0,0.0,0.0,0.0,250.20534
474,-421.31569147397875,14.758201,406.55749082853197,False,0.0,10456.091796875,20.327875,56.809002,0.0,370.07636404325365,370.07636404325365,0.0
475,319.5850635817129,6.21927,0.0,True,325.8043338110525,2558.5960388183594,0.0,0.0,0.0,0.0,0.0,325.80432
476,226.62303273654635,6.1808105,0.0,True,232.80384318805392,3520.057830810547,0.0,0.0,0.0,0.0,0.0,232.80385
477,278.7719344868199,6.0416613,0.0,True,284.8135957493321,2932.9095916748047,0.0,0.0,0.0,0.0,0.0,284.8136
478,277.23888665984464,5.8737154,0.0,True,283.11260206054044,3004.896728515625,0.0,0.0,0.0,0.0,0.0,283.1126
479,-163.57830572395392,10.303135,153.27517080574103,False,0.0,7659.542724609375,7.6637588,21.114706,0.0,139.82422352104254,139.82422352104254,0.0
480,72.83655444201662,7.666855,0.0,True,80.50340930041506,5132.884979248047,0.0,0.0,0.0,0.0,0.0,80.50341
481,295.53389953736223,5.691608,0.0,True,301.22550748948015,2813.3748168945312,0.0,0.0,0.0,0.0,0.0,301.2255
482,345.68953627451253,5.753757,0.0,True,351.443293274482,2295.743438720703,0.0,0.0,0.0,0.0,0.0,351.4433
483,-238.5795255586985,10.595105,227.98442038749488,False,0.0,8431.939453125,11.399221,30.389744,0.0,208.99389800285132,208.99389800285132,0.0
484,321.26162879705396,5.7999177,0.0,True,327.06154649496045,2544.066665649414,0.0,0.0,0.0,0.0,0.0,327.06155
485,288.3799610684854,5.5546174,0.0,True,293.93457847342313,2878.8338623046875,0.0,0.0,0.0,0.0,0.0,293.93457
486,314.62098150387425,5.6086717,0.0,True,320.2296531690659,2609.7322845458984,0.0,0.0,0.0,0.0,0.0,320.22964
487,-282.9658299439516,11.857646,271.1081839554872,False,0.0,8900.016540527344,13.555409,36.22777,0.0,248.43582162791154,248.43582162791154,0.0
488,112.28906746783889,7.0065827,0.0,True,119.29565020480788,4713.649475097656,0.0,0.0,0.0,0.0,0.0,119.29565
489,263.3927970436008,5.992087,0.0,True,269.3848839309604,3136.9239349365234,0.0,0.0,0.0,0.0,0.0,269.3849
490,313.9374298833773,5.3173265,0.0,True,319.25475642909265,2616.2837982177734,0.0,0.0,0.0,0.0,0.0,319.25476
491,336.19299556834926,5.7769227,0.0,True,341.96991827113857,2379.0768432617188,0.0,0.0,0.0,0.0,0.0,341.9699
492,292.40011493260846,6.070302,0.0,True,298.470416942191,2841.5909118652344,0.0,0.0,0.0,0.0,0.0,298.47043
493,385.8321446128166,5.3850403,0.0,True,391.2171848960197,1989.971580505371,0.0,0.0,0.0,0.0,0.0,391.2172
494,-331.4171337451912,13.123721,318.2934126224495,False,0.0,9399.544860839844,15.914671,42.16796,0.0,292.0401224460579,292.0401224460579,0.0
495,273.027011045152,6.0666046,0.0,True,279.0936156594098,3035.9688720703125,0.0,0.0,0.0,0.0,0.0,279.09363
496,-127.29066453588905,10.40413,116.88653455389442,False,0.0,7265.863098144531,5.8443265,15.979374,0.0,106.75148711813392,106.75148711813392,0.0
497,-1516.6912376617367,29.287348,1487.4038898681576,False,0.0,22145.37109375,74.37019,204.08548,0.0,1357.6886036132748,1357.6886036132748,0.0
498,118.90163301018873,7.136986,0.0,True,126.03861878899733,4645.9344482421875,0.0,0.0,0.0,0.0,0.0,126.03862
499,-1341.0395816729974,29.541548,1311.4980338977289,False,0.0,20339.21142578125,65.574905,181.45303,0.0,1195.619905845971,1195.619905845971,0.0
500,17.95391074834754,8.822555,0.0,True,26.77646533666541,5715.220672607422,0.0,0.0,0.0,0.0,0.0,26.776464
501,309.44621485251287,5.834316,0.0,True,315.2805306293378,2667.23779296875,0.0,0.0,0.0,0.0,0.0,315.28052
502,327.19187634430057,5.507416,0.0,True,332.69929211578494,2481.464874267578,0.0,0.0,0.0,0.0,0.0,332.69928
503,-210.3673364529086,11.225279,199.14205759853849,False,0.0,8133.082489013672,9.957103,26.61105,0.0,182.4881107220126,182.4881107220126,0.0
504,217.99096534795422,6.3139877,0.0,True,224.3049530798878,3590.6656341552734,0.0,0.0,0.0,0.0,0.0,224.30495
505,-612.3730361630205,17.637629,594.7354076077227,False,0.0,12446.180969238281,29.73677,81.30534,0.0,543.1668346096758,543.1668346096758,0.0
506,138.86976477440078,6.799198,0.0,True,145.66896292503554,4419.419662475586,0.0,0.0,0.0,0.0,0.0,145.66896
507,253.7505552718425,6.177906,0.0,True,259.9284613082194,3239.5216522216797,0.0,0.0,0.0,0.0,0.0,259.92847
508,337.93607093450424,5.7738876,0.0,True,343.7099585687816,2373.454086303711,0.0,0.0,0.0,0.0,0.0,343.70996
509,306.53410217090004,5.3719726,0.0,True,311.9060747317826,2677.423843383789,0.0,0.0,0.0,0.0,0.0,311.90607
510,298.496504065463,5.5842395,0.0,True,304.08074354834264,2778.2444610595703,0.0,0.0,0.0,0.0,0.0,304.08075
511,270.64644469334496,6.0273757,0.0,True,276.67382039143456,3065.703079223633,0.0,0.0,0.0,0.0,0.0,276.67383
512,332.10590760675944,6.0107837,0.0,True,338.1166912790922,2431.7826080322266,0.0,0.0,0.0,0.0,0.0,338.1167
513,-1628.3125926899331,29.915388,1598.3972045826333,False,0.0,23432.228515625,79.91986,221.14713,0.0,1457.1699401783364,1457.1699401783364,0.0
514,242.01290326877128,6.353573,0.0,True,248.36647611423027,3375.5767669677734,0.0,0.0,0.0,0.0,0.0,248.36647
515,355.94890807700784,5.5874667,0.0,True,361.5363747937742,2193.413543701172,0.0,0.0,0.0,0.0,0.0,361.53638
516,196.29068898469728,6.290967,0.0,True,202.58165597230715,3804.934356689453,0.0,0.0,0.0,0.0,0.0,202.58165
517,-27.112470527001335,8.608502,18.503968139000847,False,0.0,6192.9669189453125,0.92519844,2.480137,0.0,16.949029465027763,16.949029465027763,0.0
518,148.52906298081223,7.097671,0.0,True,155.62673401276413,4352.4061279296875,0.0,0.0,0.0,0.0,0.0,155.62674
519,292.63102934029075,5.9982867,0.0,True,298.6293160643813,2844.3023834228516,0.0,0.0,0.0,0.0,0.0,298.6293
520,204.28886894178112,6.2086115,0.0,True,210.4974804301234,3740.661880493164,0.0,0.0,0.0,0.0,0.0,210.49748
521,195.40905329941637,6.6534038,0.0,True,202.06245705841906,3834.7613830566406,0.0,0.0,0.0,0.0,0.0,202.06245
522,114.40528719246117,7.123952,0.0,True,121.52923910438744,4694.236846923828,0.0,0.0,0.0,0.0,0.0,121.529236
523,-1095.0432758029326,23.775263,1071.268012970291,False,0.0,17753.332641601562,53.5634,149.69019,0.0,975.1412276919707,975.1412276919707,0.0
524,-75.45743983005741,9.39741,66.06002943729618,False,0.0,6710.217010498047,3.3030014,8.750658,0.0,60.61237280582645,60.61237280582645,0.0
525,247.47114416669717,6.0322375,0.0,True,253.5033816964518,3308.0096282958984,0.0,0.0,0.0,0.0,0.0,253.50339
526,322.0586000780503,5.655582,0.0,True,327.71418202919165,2532.1834259033203,0.0,0.0,0.0,0.0,0.0,327.71417
527,-738.1005172585619,18.760405,719.3401126717699,False,0.0,13705.471313476562,35.967007,95.99893,0.0,659.3081874703539,659.3081874703539,0.0
528,309.89601893753195,5.9671097,0.0,True,315.86312861770773,2658.112075805664,0.0,0.0,0.0,0.0,0.0,315.86313
529,244.50708480957917,5.8743057,0.0,True,250.38139053467683,3348.2315521240234,0.0,0.0,0.0,0.0,0.0,250.3814
530,221.1938004776274,6.263808,0.0,True,227.4576082512175,3553.6700744628906,0.0,0.0,0.0,0.0,0.0,227.45761
531,272.00246634217865,6.0650835,0.0,True,278.0675498459018,3055.3235473632812,0.0,0.0,0.0,0.0,0.0,278.06754
532,-409.08087770952136,13.435199,395.64567892564685,False,0.0,10215.463256835938,19.782284,52.381233,0.0,363.0467294932738,363.0467294932738,0.0
533,315.21165937145634,5.668709,0.0,True,320.88036817272587,2603.8329315185547,0.0,0.0,0.0,0.0,0.0,320.88037
534,15.983783133469956,7.965862,0.0,True,23.94964493080272,5748.2425537109375,0.0,0.0,0.0,0.0,0.0,23.949644
535,118.87453352868295,6.884256,0.0,True,125.75878941476083,4648.7005615234375,0.0,0.0,0.0,0.0,0.0,125.75879
536,196.25034695474653,6.0330057,0.0,True,202.28335266916304,3834.7942810058594,0.0,0.0,0.0,0.0,0.0,202.28336
537,223.2319702946705,6.239994,0.0,True,229.47196434374277,3569.2352905273438,0.0,0.0,0.0,0.0,0.0,229.47197
538,328.6461022072347,5.58255,0.0,True,334.22865225606284,2459.6116485595703,0.0,0.0,0.0,0.0,0.0,334.22864
539,-2155.892343485121,39.28484,2116.607503854994,False,0.0,29313.77294921875,105.830376,297.42996,0.0,1925.0079173681775,1925.0079173681775,0.0
540,-10.529040178299397,8.605844,1.923196634293049,False,0.0,6019.8575439453125,0.09615983,0.25736472,0.0,1.7619917448763545,1.7619917448763545,0.0
541,47.22439633112538,8.039177,0.0,True,55.263573272043345,5402.894714355469,0.0,0.0,0.0,0.0,0.0,55.263573
542,246.87588995719568,6.1850657,0.0,True,253.06095570350305,3323.8815155029297,0.0,0.0,0.0,0.0,0.0,253.06096
543,-669.9723916669989,17.623844,652.3485475202704,False,0.0,13149.325317382812,32.617428,91.153824,0.0,593.812151493659,593.812151493659,0.0
544,-30.293372024325322,9.4557295,20.837642539767216,False,0.0,6226.675750732422,1.0418822,2.8830035,0.0,18.9965212238111,18.9965212238111,0.0
545,179.37974663869846,7.108799,0.0,True,186.48854561941135,4012.382797241211,0.0,0.0,0.0,0.0,0.0,186.48854
546,284.4335781224367,6.007222,0.0,True,290.44080029803484,2926.143997192383,0.0,0.0,0.0,0.0,0.0,290.4408
547,317.10248675376477,5.656368,0.0,True,322.75885453254284,2585.036865234375,0.0,0.0,0.0,0.0,0.0,322.75885
548,269.5017930500601,5.994423,0.0,True,275.49621596265774,3074.023483276367,0.0,0.0,0.0,0.0,0.0,275.49622
549,282.18339200964135,5.49926,0.0,True,287.6826519583718,2944.1427154541016,0.0,0.0,0.0,0.0,0.0,287.68265
550,173.2024592396305,6.7253633,0.0,True,179.92782249417763,4095.5411224365234,0.0,0.0,0.0,0.0,0.0,179.92783
551,118.97952545267975,6.981134,0.0,True,125.96065939051545,4621.874725341797,0.0,0.0,0.0,0.0,0.0,125.96066
552,141.12425817963305,6.7250314,0.0,True,147.84928955551806,4427.358306884766,0.0,0.0,0.0,0.0,0.0,147.84929
553,342.27975658876704,5.7092957,0.0,True,347.98905233843135,2329.8070678710938,0.0,0.0,0.0,0.0,0.0,347.98904
554,261.75730165531195,6.1886916,0.0,True,267.9459932713703,3166.966598510742,0.0,0.0,0.0,0.0,0.0,267.94598
555,206.91830168368557,6.893871,0.0,True,213.81217251422146,3741.8370361328125,0.0,0.0,0.0,0.0,0.0,213.81218
556,-218.73087102006195,11.44448,207.28639107774018,False,0.0,8217.153076171875,10.36432,27.942394,0.0,189.70831662247895,189.70831662247895,0.0
557,236.5321330012419,6.4137154,0.0,True,242.94584836379073,3407.163619995117,0.0,0.0,0.0,0.0,0.0,242.94585
558,305.2153948627182,5.873842,0.0,True,311.0892366252609,2706.419921875,0.0,0.0,0.0,0.0,0.0,311.08923
559,289.4135745481691,5.40316,0.0,True,294.81673464338394,2875.0338745117188,0.0,0.0,0.0,0.0,0.0,294.81674
560,-11.160560853807738,8.800329,2.360231645433714,False,0.0,6024.753631591797,0.11801158,0.32384548,0.0,2.1543977484391235,2.1543977484391235,0.0
561,299.00941388662795,5.8196063,0.0,True,304.82902019079665,2777.799530029297,0.0,0.0,0.0,0.0,0.0,304.829
562,322.8429869905957,5.9556518,0.0,True,328.798638750697,2524.095672607422,0.0,0.0,0.0,0.0,0.0,328.79865
563,148.66746492463164,6.9451776,0.0,True,155.61264247971587,4350.945281982422,0.0,0.0,0.0,0.0,0.0,155.61264
564,-588.0672564046172,16.436361,571.630895091751,False,0.0,12124.859375,28.581545,76.49641,0.0,523.7160334126738,523.7160334126738,0.0
565,311.6850286875304,5.6750093,0.0,True,317.3600379381713,2637.8719177246094,0.0,0.0,0.0,0.0,0.0,317.36005
566,-135.77869215997873,10.305823,125.47286883386789,False,0.0,7344.2950439453125,6.2736435,16.99607,0.0,114.75044146570383,114.75044146570383,0.0
567,259.5670810276288,5.320769,0.0,True,264.8878498607892,3156.810577392578,0.0,0.0,0.0,0.0,0.0,264.88785
568,119.6005330280592,6.969291,0.0,True,126.56982423823376,4638.6053466796875,0.0,0.0,0.0,0.0,0.0,126.569824
569,-238.50085895016832,11.721013,226.7798458810155,False,0.0,8468.403900146484,11.338992,31.376251,0.0,206.7425867791478,206.7425867791478,0.0
570,-1358.8672244702802,26.297565,1332.5696590100752,False,0.0,20492.997436523438,66.62849,183.5706,0.0,1215.6275432263838,1215.6275432263838,0.0
571,317.8766889020425,5.9041185,0.0,True,323.7808074399453,2571.924789428711,0.0,0.0,0.0,0.0,0.0,323.7808
572,232.72419758484185,6.7719765,0.0,True,239.4961740557891,3472.5540618896484,0.0,0.0,0.0,0.0,0.0,239.49617
573,130.93015051847397,7.279268,0.0,True,138.20941830640731,4527.608825683594,0.0,0.0,0.0,0.0,0.0,138.20941
574,183.11425070468914,6.461435,0.0,True,189.57568554584515,3993.3392944335938,0.0,0.0,0.0,0.0,0.0,189.57568
575,-3178.207949424687,55.16476,3123.043188835087,False,0.0,39665.149169921875,156.15216,423.0354,0.0,2856.1599490889935,2856.1599490889935,0.0
576,243.9493760704339,6.4564395,0.0,True,250.40581556552058,3334.584182739258,0.0,0.0,0.0,0.0,0.0,250.40582
577,-617.5669885078436,16.846498,600.7204900184637,False,0.0,12533.886291503906,30.036024,82.753365,0.0,548.0031495491033,548.0031495491033,0.0
578,81.21658778961859,7.714203,0.0,True,88.93079067047796,5044.540954589844,0.0,0.0,0.0,0.0,0.0,88.93079
579,267.42632778878874,5.870636,0.0,True,273.29696377511686,3092.8097381591797,0.0,0.0,0.0,0.0,0.0,273.29697
580,-110.40295562546044,9.463002,100.93995342056542,False,0.0,7080.142822265625,5.0469975,13.441168,0.0,92.54578313629418,92.54578313629418,0.0
581,281.00004385663374,5.7589126,0.0,True,286.7589564199577,2960.6356506347656,0.0,0.0,0.0,0.0,0.0,286.75894
582,-95.50762243870554,9.408533,86.09908934239206,False,0.0,6923.721435546875,4.3049545,11.445962,0.0,78.95808191899118,78.95808191899118,0.0
583,291.9417730334934,5.587485,0.0,True,297.5292578700718,2850.115280151367,0.0,0.0,0.0,0.0,0.0,297.52927
584,80.82918572066666,7.591274,0.0,True,88.42045950530411,5056.878479003906,0.0,0.0,0.0,0.0,0.0,88.420456
585,-60.95263681531844,9.232304,51.72033319593368,False,0.0,6557.908721923828,2.5860167,7.096505,0.0,47.20984468580184,47.20984468580184,0.0
586,166.23853693584044,7.170717,0.0,True,173.40925369838317,4125.927520751953,0.0,0.0,0.0,0.0,0.0,173.40926
587,339.295750191686,5.8606477,0.0,True,345.15639787006126,2359.770034790039,0.0,0.0,0.0,0.0,0.0,345.1564
588,-440.065818577399,14.584434,425.481385021796,False,0.0,10683.588317871094,21.274069,59.7895,0.0,386.9659526640079,386.9659526640079,0.0
589,339.8583020908816,6.000801,0.0,True,345.85910317730736,2354.030075073242,0.0,0.0,0.0,0.0,0.0,345.8591
590,93.97613596688495,7.7188525,0.0,True,101.69498848687397,4929.723663330078,0.0,0.0,0.0,0.0,0.0,101.69499
591,-208.32683215749807,11.301345,197.02548728597708,False,0.0,8106.822509765625,9.8512745,26.559216,0.0,180.31754623067923,180.31754623067923,0.0
592,254.12151605647836,6.179484,0.0,True,260.3009999470118,3244.934799194336,0.0,0.0,0.0,0.0,0.0,260.301
593,112.9793453065497,7.453289,0.0,True,120.43263433853213,4686.931823730469,0.0,0.0,0.0,0.0,0.0,120.43263
594,-211.03205185443323,11.319259,199.71279316455286,False,0.0,8137.596282958984,9.98564,26.814291,0.0,182.8841417363302,182.8841417363302,0.0
595,246.6955929441041,6.148884,0.0,True,252.84447676368418,3309.8177337646484,0.0,0.0,0.0,0.0,0.0,252.84448
596,112.73622039681618,7.5739427,0.0,True,120.31016305810158,4710.588775634766,0.0,0.0,0.0,0.0,0.0,120.310165
597,296.25247940189865,5.5387864,0.0,True,301.79126581318405,2786.0911712646484,0.0,0.0,0.0,0.0,0.0,301.79126
598,356.0299082599803,5.5167937,0.0,True,361.54670198785504,2194.488800048828,0.0,0.0,0.0,0.0,0.0,361.5467
599,271.71619143523446,5.9471865,0.0,True,277.6633779052662,3052.4305877685547,0.0,0.0,0.0,0.0,0.0,277.6634
600,92.33075452783066,7.049434,0.0,True,99.38018871285874,4910.823486328125,0.0,0.0,0.0,0.0,0.0,99.38019
601,370.65517916170404,5.4524493,0.0,True,376.10762848345087,2080.966018676758,0.0,0.0,0.0,0.0,0.0,376.10764
602,123.9479950092055,6.96219,0.0,True,130.9101851604201,4593.43896484375,0.0,0.0,0.0,0.0,0.0,130.91019
603,286.3733497582108,5.951619,0.0,True,292.3249689064652,2900.084182739258,0.0,0.0,0.0,0.0,0.0,292.32498
604,304.2837940050266,5.9882507,0.0,True,310.2720447374485,2714.395767211914,0.0,0.0,0.0,0.0,0.0,310.27203
605,-86.12969546047827,9.72278,76.40691523281714,False,0.0,6818.1715087890625,3.8203459,10.349786,0.0,69.87747530666968,69.87747530666968,0.0
606,272.11342750031844,5.855443,0.0,True,277.9688705011119,3060.3104248046875,0.0,0.0,0.0,0.0,0.0,277.96887
607,-1556.6614116668015,31.93632,1524.7250923156053,False,0.0,22418.648315429688,76.23625,206.00896,0.0,1394.9523872374803,1394.9523872374803,0.0
608,326.46890744376276,5.538727,0.0,True,332.0076342504034,2489.5352478027344,0.0,0.0,0.0,0.0,0.0,332.00763
609,237.48588877900377,6.0715904,0.0,True,243.55747920258776,3408.4283752441406,0.0,0.0,0.0,0.0,0.0,243.55748
610,322.3735740634575,5.56154,0.0,True,327.93511419025805,2508.7742614746094,0.0,0.0,0.0,0.0,0.0,327.93512
611,181.47426158456187,6.9042153,0.0,True,188.37847692040782,4010.343276977539,0.0,0.0,0.0,0.0,0.0,188.37848
612,284.97433313454553,5.9346633,0.0,True,290.9089964302914,2922.2000427246094,0.0,0.0,0.0,0.0,0.0,290.909
613,-192.2716663763979,10.608106,181.66356071691303,False,0.0,7937.586608886719,9.083178,24.067045,0.0,166.67969307164935,166.67969307164935,0.0
614,60.14082050047887,7.705486,0.0,True,67.84630632124913,5266.728576660156,0.0,0.0,0.0,0.0,0.0,67.846306
615,289.18774370964,6.155904,0.0,True,295.34364752586316,2879.049102783203,0.0,0.0,0.0,0.0,0.0,295.34366
616,-1070.7749334275227,23.930944,1046.8439889847737,False,0.0,17370.686157226562,52.3422,143.63661,0.0,955.5495782792073,955.5495782792073,0.0
617,325.3698687358806,5.8615785,0.0,True,331.23144720038863,2499.634796142578,0.0,0.0,0.0,0.0,0.0,331.23145
618,276.2893887977312,5.903943,0.0,True,282.1933318595598,3016.445816040039,0.0,0.0,0.0,0.0,0.0,282.19333
619,191.87209461768379,6.771146,0.0,True,198.64324043830146,3901.5150756835938,0.0,0.0,0.0,0.0,0.0,198.64323
620,166.2024909593273,6.5439568,0.0,True,172.7464477159191,4169.572845458984,0.0,0.0,0.0,0.0,0.0,172.74644
621,-262.7098355523723,11.7884655,250.92137005249435,False,0.0,8718.244140625,12.546068,34.42872,0.0,229.03871967712814,229.03871967712814,0.0
622,-10.263707040020847,8.153295,2.11041247672739,False,0.0,6026.352722167969,0.10552062,0.27940658,0.0,1.9365265203207969,1.9365265203207969,0.0
623,59.56878564076726,7.43028,0.0,True,66.9990658493549,5278.873321533203,0.0,0.0,0.0,0.0,0.0,66.99907
624,248.04863402590982,5.771425,0.0,True,253.82005879626504,3308.8016662597656,0.0,0.0,0.0,0.0,0.0,253.82005
625,99.89003968010621,7.804113,0.0,True,107.69415259133058,4846.858612060547,0.0,0.0,0.0,0.0,0.0,107.69415
626,58.74659309218117,7.9373,0.0,True,66.68389329741188,5274.9744873046875,0.0,0.0,0.0,0.0,0.0,66.68389
627,25.40892916682884,8.096147,0.0,True,33.50507575038597,5635.143341064453,0.0,0.0,0.0,0.0,0.0,33.505077
628,316.2359643004283,6.012732,0.0,True,322.2486963293895,2596.854782104492,0.0,0.0,0.0,0.0,0.0,322.2487
629,90.46350618121932,7.1609955,0.0,True,97.62450166461775,4936.604156494141,0.0,0.0,0.0,0.0,0.0,97.624504
630,-1350.3162002265747,27.29072,1323.0254802406128,False,0.0,20217.341430664062,66.151276,178.34505,0.0,1210.831708878308,1210.831708878308,0.0
631,-53.856748317251345,8.970964,44.88578388548865,False,0.0,6484.467254638672,2.2442892,5.971659,0.0,41.15841386176123,41.15841386176123,0.0
632,271.7711917977542,6.0560884,0.0,True,277.827280245325,3061.391647338867,0.0,0.0,0.0,0.0,0.0,277.82727
633,47.713017667319434,7.915072,0.0,True,55.62808963158335,5396.951110839844,0.0,0.0,0.0,0.0,0.0,55.62809
634,-231.8268994171026,11.328161,220.49873817747857,False,0.0,8360.7646484375,11.024937,29.36162,0.0,202.16205490416314,202.16205490416314,0.0
635,39.195430296597465,7.8266215,0.0,True,47.02205182903765,5505.356872558594,0.0,0.0,0.0,0.0,0.0,47.022053
636,130.9925492607773,6.7162166,0.0,True,137.70876582495578,4539.8736572265625,0.0,0.0,0.0,0.0,0.0,137.70877
637,255.01493789261852,5.9305687,0.0,True,260.94550658768685,3234.0907440185547,0.0,0.0,0.0,0.0,0.0,260.9455
638,17.798603333858125,8.4580145,0.0,True,26.25661782207834,5715.376647949219,0.0,0.0,0.0,0.0,0.0,26.256618
639,194.42862136139075,6.2616878,0.0,True,200.69030911697547,3874.653564453125,0.0,0.0,0.0,0.0,0.0,200.6903
640,156.87652862022986,6.3612056,0.0,True,163.2377341980802,4231.167449951172,0.0,0.0,0.0,0.0,0.0,163.23773
641,298.5451030942418,5.9773607,0.0,True,304.52246381964466,2782.6761322021484,0.0,0.0,0.0,0.0,0.0,304.52246
642,287.304738457402,5.5965486,0.0,True,292.9012870146835,2862.3601989746094,0.0,0.0,0.0,0.0,0.0,292.90128
643,307.2742017787564,5.440572,0.0,True,312.7147735637295,2685.115036010742,0.0,0.0,0.0,0.0,0.0,312.71478
644,250.38738923298985,6.2877665,0.0,True,256.67515568959385,3252.1661529541016,0.0,0.0,0.0,0.0,0.0,256.67517
645,180.299318889319,6.9230614,0.0,True,187.22238026016862,4022.408493041992,0.0,0.0,0.0,0.0,0.0,187.22238
646,-21.75699698226805,8.732348,13.024648540190412,False,0.0,6134.767425537109,0.6512324,1.8020325,0.0,11.87384849088545,11.87384849088545,0.0
647,352.7092475219722,5.388022,0.0,True,358.09726946792557,2224.5078735351562,0.0,0.0,0.0,0.0,0.0,358.09726
648,41.395746182402036,8.022559,0.0,True,49.418305348356625,5482.093597412109,0.0,0.0,0.0,0.0,0.0,49.418304
649,211.88295692615253,5.7672615,0.0,True,217.65021843127948,3667.0210876464844,0.0,0.0,0.0,0.0,0.0,217.65022
650,95.62866569567922,7.2691026,0.0,True,102.89776826907399,4878.177551269531,0.0,0.0,0.0,0.0,0.0,102.897766
651,348.41490928620135,5.504564,0.0,True,353.9194730946425,2265.876495361328,0.0,0.0,0.0,0.0,0.0,353.91946
652,253.29947786228018,6.1467524,0.0,True,259.4462302197631,3255.5137329101562,0.0,0.0,0.0,0.0,0.0,259.44623
653,194.41901782243298,6.783311,0.0,True,201.20232871263073,3856.9100189208984,0.0,0.0,0.0,0.0,0.0,201.20233
654,305.84691871369864,5.907019,0.0,True,311.7539378520348,2705.044631958008,0.0,0.0,0.0,0.0,0.0,311.75394
655,254.32358769238178,5.8038025,0.0,True,260.1273901826162,3244.3595275878906,0.0,0.0,0.0,0.0,0.0,260.12738
656,294.0079853173967,5.695694,0.0,True,299.70367928712324,2829.0442504882812,0.0,0.0,0.0,0.0,0.0,299.70367
657,15.30971469942898,8.156583,0.0,True,23.466297531765406,5738.020446777344,0.0,0.0,0.0,0.0,0.0,23.466297
658,316.1258905052524,5.199272,0.0,True,321.32516266101413,2597.0704345703125,0.0,0.0,0.0,0.0,0.0,321.32516
659,-1096.3015617106507,24.90894,1071.3926223490785,False,0.0,17614.177001953125,53.56963,146.4684,0.0,978.4938529704164,978.4938529704164,0.0
660,57.75547045746464,7.9300165,0.0,True,65.6854869751038,5289.705535888672,0.0,0.0,0.0,0.0,0.0,65.685486
661,337.51047904646146,5.328586,0.0,True,342.83906514799344,2377.7064666748047,0.0,0.0,0.0,0.0,0.0,342.83905
662,329.7313847982804,5.0256653,0.0,True,334.7570500814835,2455.8316040039062,0.0,0.0,0.0,0.0,0.0,334.75705
663,-1556.8045053325159,32.27151,1524.532994254635,False,0.0,22754.751098632812,76.22665,213.02571,0.0,1387.7339296184045,1387.7339296184045,0.0
664,206.98940560750304,6.86418,0.0,True,213.85358569554626,3742.197036743164,0.0,0.0,0.0,0.0,0.0,213.85359
665,202.6830330830348,6.670997,0.0,True,209.35403022582653,3787.453811645508,0.0,0.0,0.0,0.0,0.0,209.35403
666,102.69702428421544,7.65094,0.0,True,110.3479642256217,4804.623077392578,0.0,0.0,0.0,0.0,0.0,110.34796
667,54.76849222350165,7.884581,0.0,True,62.65307331252143,5336.488311767578,0.0,0.0,0.0,0.0,0.0,62.653072
668,95.63634628936455,7.0514245,0.0,True,102.68777079269097,4880.036285400391,0.0,0.0,0.0,0.0,0.0,102.68777
669,-3.5202154931775453,8.768558,0.0,True,5.248342055345404,5943.403167724609,0.0,0.0,0.0,0.0,0.0,5.248342
670,-27.862909748469406,8.465669,19.397241070185714,False,0.0,6202.4112548828125,0.96986204,2.672103,0.0,17.695000185881668,17.695000185881668,0.0
671,286.87301284187635,5.8294234,0.0,True,292.70243626945813,2903.369186401367,0.0,0.0,0.0,0.0,0.0,292.70242
672,238.82935023440018,6.139709,0.0,True,244.96905923021927,3379.1903686523438,0.0,0.0,0.0,0.0,0.0,244.96906
673,199.25601246153792,6.452784,0.0,True,205.7087965229698,3782.603744506836,0.0,0.0,0.0,0.0,0.0,205.7088
674,181.64898239745094,6.6310525,0.0,True,188.2800348915,3987.9752197265625,0.0,0.0,0.0,0.0,0.0,188.28003
675,179.012503946709,6.1507363,0.0,True,185.1632402786487,4016.2650756835938,0.0,0.0,0.0,0.0,0.0,185.16324
676,47.38175516704274,7.8759813,0.0,True,55.25773649791432,5404.957763671875,0.0,0.0,0.0,0.0,0.0,55.257736
677,309.13913972375155,5.5256915,0.0,True,314.6648312329984,2665.807662963867,0.0,0.0,0.0,0.0,0.0,314.66483
678,-535.4495885153776,15.318088,520.1315009375578,False,0.0,11717.835815429688,26.006575,73.08993,0.0,473.04814789495526,473.04814789495526,0.0
679,335.61598428166326,5.3443847,0.0,True,340.9603689519208,2390.5106811523438,0.0,0.0,0.0,0.0,0.0,340.96036
680,343.33673428373356,5.656555,0.0,True,348.9932894595148,2319.030242919922,0.0,0.0,0.0,0.0,0.0,348.9933
681,324.26890542624767,6.0026584,0.0,True,330.27156379340465,2495.6083221435547,0.0,0.0,0.0,0.0,0.0,330.27158
682,-493.15727167404566,14.326996,478.8302758244363,False,0.0,11102.767578125,23.941513,63.492535,0.0,439.27925424850855,439.27925424850855,0.0
683,210.5692913220475,6.651853,0.0,True,217.2211444066117,3664.7689819335938,0.0,0.0,0.0,0.0,0.0,217.22115
684,334.46432357507416,5.5858994,0.0,True,340.0502229281015,2408.3987579345703,0.0,0.0,0.0,0.0,0.0,340.05023
685,139.7473932300432,6.5714035,0.0,True,146.31879673346117,4443.583435058594,0.0,0.0,0.0,0.0,0.0,146.3188
686,-374.2206447601941,13.124885,361.0957601547864,False,0.0,9865.139953613281,18.054789,48.482254,0.0,330.6682947159436,330.6682947159436,0.0
687,124.74195762208376,7.4647036,0.0,True,132.20666118195925,4569.554595947266,0.0,0.0,0.0,0.0,0.0,132.20667
688,197.21550952658822,6.26813,0.0,True,203.48363935218026,3833.365997314453,0.0,0.0,0.0,0.0,0.0,203.48364
689,277.47253105183955,5.859958,0.0,True,283.33248922368404,2946.1031646728516,0.0,0.0,0.0,0.0,0.0,283.3325
690,90.78429615783045,7.851921,0.0,True,98.63621723937342,4939.9625244140625,0.0,0.0,0.0,0.0,0.0,98.636215
691,-2174.5341069185824,40.453682,2134.0804249727817,False,0.0,29313.281127929688,106.70402,295.26187,0.0,1945.5225712740512,1945.5225712740512,0.0
692,-230.90548685539898,11.614539,219.29094770897564,False,0.0,8348.639129638672,10.964547,29.118296,0.0,201.13719919670757,201.13719919670757,0.0
693,-1063.5012873669625,23.86293,1039.638357069111,False,0.0,17443.795166015625,51.98192,146.09209,0.0,945.5281886120797,945.5281886120797,0.0
694,296.2792150408142,5.8833847,0.0,True,302.16259974540407,2773.498794555664,0.0,0.0,0.0,0.0,0.0,302.1626
695,-174.9027544274095,10.25743,164.64532435081037,False,0.0,7774.325286865234,8.232266,22.508402,0.0,150.36918890616926,150.36918890616926,0.0
696,-2057.129958962266,40.33244,2016.7975195396584,False,0.0,28240.617065429688,100.839874,283.40445,0.0,1834.232944344346,1834.232944344346,0.0
697,-204.40587336379247,10.24998,194.1558933909531,False,0.0,8084.174072265625,9.707795,26.454027,0.0,177.40966135817723,177.40966135817723,0.0
698,320.4336930749184,5.615758,0.0,True,326.0494510171181,2548.933334350586,0.0,0.0,0.0,0.0,0.0,326.04944
699,236.62553153632106,6.132362,0.0,True,242.75789342520656,3429.4803924560547,0.0,0.0,0.0,0.0,0.0,242.75789
700,310.56394197847703,5.75995,0.0,True,316.32389213945726,2650.677490234375,0.0,0.0,0.0,0.0,0.0,316.32388
701,311.94659285745905,5.7480273,0.0,True,317.69462018213557,2633.4215240478516,0.0,0.0,0.0,0.0,0.0,317.6946
702,-740.4087863588387,16.871733,723.5370536470467,False,0.0,13697.60986328125,36.176853,95.86757,0.0,663.8463378572518,663.8463378572518,0.0
703,287.175601851445,6.0559497,0.0,True,293.23155153940274,2902.1002655029297,0.0,0.0,0.0,0.0,0.0,293.23154
704,43.372763218584,8.040148,0.0,True,51.41291099995607,5461.284759521484,0.0,0.0,0.0,0.0,0.0,51.41291
705,212.50100416825012,6.4796257,0.0,True,218.98062987015442,3669.155075073242,0.0,0.0,0.0,0.0,0.0,218.98064
706,216.24532196353704,6.2640114,0.0,True,222.50933334659368,3642.731201171875,0.0,0.0,0.0,0.0,0.0,222.50934
707,-2.4893336157854264,8.690818,0.0,True,6.201484217161351,5931.9041748046875,0.0,0.0,0.0,0.0,0.0,6.201484
708,76.03467782613023,8.02434,0.0,True,84.05901750203356,5089.574493408203,0.0,0.0,0.0,0.0,0.0,84.05902
709,288.95031274076723,5.947676,0.0,True,294.89798892256044,2882.173309326172,0.0,0.0,0.0,0.0,0.0,294.89798
710,-31.769526963932776,9.182085,22.58744192670133,False,0.0,6256.439239501953,1.1293721,3.174033,0.0,20.542781120045447,20.542781120045447,0.0
711,143.54312332000768,6.6378016,0.0,True,150.18092496719396,4408.196075439453,0.0,0.0,0.0,0.0,0.0,150.18092
712,299.3345731623896,5.9920397,0.0,True,305.32661284287053,2766.565719604492,0.0,0.0,0.0,0.0,0.0,305.3266
713,125.43845580578989,6.7909045,0.0,True,132.22936032773202,4577.3837890625,0.0,0.0,0.0,0.0,0.0,132.22935
714,-2.3598166238471094,8.671034,0.0,True,6.31121723540582,5925.623565673828,0.0,0.0,0.0,0.0,0.0,6.3112173
715,72.01247461352966,8.407207,0.0,True,80.41968114886902,5130.078033447266,0.0,0.0,0.0,0.0,0.0,80.41968
716,219.77336886084115,6.337522,0.0,True,226.11089089071785,3607.847930908203,0.0,0.0,0.0,0.0,0.0,226.11089
717,-620.60186300244,16.968462,603.6334010120836,False,0.0,12476.021850585938,30.18167,81.2004,0.0,552.6146689411607,552.6146689411607,0.0
718,51.89795161248412,8.056468,0.0,True,59.95441962243285,5354.981597900391,0.0,0.0,0.0,0.0,0.0,59.95442
719,69.50121110053465,7.5122666,0.0,True,77.01347773642942,5168.047821044922,0.0,0.0,0.0,0.0,0.0,77.01348
720,238.69401804154327,6.053988,0.0,True,244.7480060214322,3398.3170166015625,0.0,0.0,0.0,0.0,0.0,244.748
721,-142.62551794010233,10.391446,132.2340718265159,False,0.0,7413.433929443359,6.6117034,17.75431,0.0,121.09146461444925,121.09146461444925,0.0
722,-262.6991139489636,12.161559,250.53755484404417,False,0.0,8686.455749511719,12.526877,33.39602,0.0,229.66841326536985,229.66841326536985,0.0
723,-358.0576284170297,12.435895,345.62173345090423,False,0.0,9693.289733886719,17.281086,46.184906,0.0,316.71791341306243,316.71791341306243,0.0
724,208.74149125490618,6.284847,0.0,True,215.0263380375905,3724.508575439453,0.0,0.0,0.0,0.0,0.0,215.02634
725,-440.4426141776984,14.609665,425.8329492607062,False,0.0,10687.676147460938,21.291647,59.838905,0.0,387.285690883631,387.285690883631,0.0
726,210.06023302333062,6.7227373,0.0,True,216.78297033564752,3697.827163696289,0.0,0.0,0.0,0.0,0.0,216.78297
727,325.1502004499728,5.50538,0.0,True,330.6555806036288,2502.27734375,0.0,0.0,0.0,0.0,0.0,330.65558
728,-331.1664522552661,12.1416235,319.02482875825683,False,0.0,9408.929809570312,15.9512415,42.5252,0.0,292.4508703613452,292.4508703613452,0.0
729,98.47090322043766,7.57052,0.0,True,106.04142314460148,4861.995574951172,0.0,0.0,0.0,0.0,0.0,106.04142
730,242.6541647843473,6.539303,0.0,True,249.19346761027504,3368.2326049804688,0.0,0.0,0.0,0.0,0.0,249.19347
731,90.24629655771292,7.4839997,0.0,True,97.73029628686942,4949.6558837890625,0.0,0.0,0.0,0.0,0.0,97.73029
732,104.6867216814266,7.1312532,0.0,True,111.81797492391928,4817.448303222656,0.0,0.0,0.0,0.0,0.0,111.81798
733,192.536161963852,6.267465,0.0,True,198.80362707844552,3879.939743041992,0.0,0.0,0.0,0.0,0.0,198.80363
734,261.94008139300524,6.052945,0.0,True,267.99302653002917,3162.028121948242,0.0,0.0,0.0,0.0,0.0,267.993
735,320.5271699550565,5.791176,0.0,True,326.31834579734164,2550.123077392578,0.0,0.0,0.0,0.0,0.0,326.31836
736,56.321538645173746,8.161323,0.0,True,64.48286123886271,5325.5003662109375,0.0,0.0,0.0,0.0,0.0,64.482864
737,-371.6279198956945,14.309715,357.3182046246984,False,0.0,9919.329528808594,17.86591,49.928707,0.0,325.2554070783117,325.2554070783117,0.0
738,-172.43858082403403,10.400554,162.03802712072593,False,0.0,7727.711853027344,8.101901,21.797258,0.0,148.34266979803306,148.34266979803306,0.0
739,186.2492617902713,6.380211,0.0,True,192.62947266673615,3946.316925048828,0.0,0.0,0.0,0.0,0.0,192.62947
740,353.46324506118424,5.3045397,0.0,True,358.7677847416652,2217.735549926758,0.0,0.0,0.0,0.0,0.0,358.7678
741,247.73252301235527,6.15823,0.0,True,253.89075284023613,3300.3053283691406,0.0,0.0,0.0,0.0,0.0,253.89075
742,-257.48536983338465,11.656426,245.82894340363612,False,0.0,8672.806610107422,12.291448,34.0118,0.0,224.10859218445887,224.10859218445887,0.0
743,213.10570917294456,6.594236,0.0,True,219.69994507000877,3659.3509521484375,0.0,0.0,0.0,0.0,0.0,219.69995
744,-2117.300856686041,38.54328,2078.757575130865,False,0.0,28825.562744140625,103.93788,290.4685,0.0,1892.2269507412166,1892.2269507412166,0.0
745,-322.26631181807466,12.404452,309.8618594941611,False,0.0,9315.121643066406,15.493093,41.76966,0.0,283.5852910813803,283.5852910813803,0.0
746,-537.031263382849,15.70799,521.323273690161,False,0.0,11669.200378417969,26.066164,71.81586,0.0,475.5735807732909,475.5735807732909,0.0
747,295.38624176346934,6.1272173,0.0,True,301.513459056255,2814.565704345703,0.0,0.0,0.0,0.0,0.0,301.51346
748,107.23547345671324,7.1559052,0.0,True,114.39137870344786,4770.242126464844,0.0,0.0,0.0,0.0,0.0,114.39138
749,282.7752484831734,5.9216814,0.0,True,288.6969298872872,2945.7493743896484,0.0,0.0,0.0,0.0,0.0,288.69693
750,267.25625906238633,5.9589343,0.0,True,273.2151933694847,3110.839599609375,0.0,0.0,0.0,0.0,0.0,273.21518
751,343.8568466347359,5.457088,0.0,True,349.31393462835774,2310.6283264160156,0.0,0.0,0.0,0.0,0.0,349.31393
752,321.9774945719557,5.511804,0.0,True,327.489298675807,2535.604446411133,0.0,0.0,0.0,0.0,0.0,327.4893
753,71.01214483693337,7.5876846,0.0,True,78.59982946828103,5172.645324707031,0.0,0.0,0.0,0.0,0.0,78.59983
754,355.9673680729628,5.6893706,0.0,True,361.65673870513444,2194.4867553710938,0.0,0.0,0.0,0.0,0.0,361.65674
755,-39.74255201879646,8.760656,30.981895661984936,False,0.0,6330.7978515625,1.5490948,4.251001,0.0,28.279989576970593,28.279989576970593,0.0
756,36.799889859712835,8.1670885,0.0,True,44.96697836831879,5530.8056640625,0.0,0.0,0.0,0.0,0.0,44.96698
757,-249.29956276399935,10.995469,238.3040936706766,False,0.0,8541.33023071289,11.915205,32.123608,0.0,218.0956910370096,218.0956910370096,0.0
758,210.73410474420632,6.245117,0.0,True,216.97922193170632,3702.514892578125,0.0,0.0,0.0,0.0,0.0,216.97922
759,233.43372074949923,5.830311,0.0,True,239.26403157103243,3451.188034057617,0.0,0.0,0.0,0.0,0.0,239.26404
760,297.24874233301864,6.141736,0.0,True,303.39047836359725,2792.0591735839844,0.0,0.0,0.0,0.0,0.0,303.39047
761,11.674509205031825,8.785434,0.0,True,20.4599429742579,5785.378814697266,0.0,0.0,0.0,0.0,0.0,20.459944
762,301.6436664664217,5.4006395,0.0,True,307.04430600041826,2749.1980895996094,0.0,0.0,0.0,0.0,0.0,307.0443
763,286.22201451631275,5.6714664,0.0,True,291.8934808668682,2907.3360443115234,0.0,0.0,0.0,0.0,0.0,291.8935
764,259.02757322160244,6.0079436,0.0,True,265.03551685182094,3145.3560638427734,0.0,0.0,0.0,0.0,0.0,265.03552
765,157.1080977759105,6.362938,0.0,True,163.4710357031566,4256.585556030273,0.0,0.0,0.0,0.0,0.0,163.47104
766,247.02663052718847,5.944496,0.0,True,252.97112668197363,3323.8175354003906,0.0,0.0,0.0,0.0,0.0,252.97113
767,178.98810007878103,6.4948297,0.0,True,185.48292973347463,4036.470458984375,0.0,0.0,0.0,0.0,0.0,185.48293
768,149.75196785167435,7.110203,0.0,True,156.862170640981,4318.580215454102,0.0,0.0,0.0,0.0,0.0,156.86217
769,-916.3232731366866,20.301594,896.021679356169,False,0.0,15791.637451171875,44.801083,124.55776,0.0,816.2649998212569,816.2649998212569,0.0
770,36.05862604463425,8.0182295,0.0,True,44.07685552919236,5538.190124511719,0.0,0.0,0.0,0.0,0.0,44.076855
771,97.53774825160735,6.9179435,0.0,True,104.45569172923797,4864.861389160156,0.0,0.0,0.0,0.0,0.0,104.45569
772,321.1486240342115,6.1826997,0.0,True,327.33132371453985,2542.6546478271484,0.0,0.0,0.0,0.0,0.0,327.33133
773,244.71377558462504,6.147718,0.0,True,250.8614935373533,3342.493209838867,0.0,0.0,0.0,0.0,0.0,250.8615
774,168.93694487746677,6.449033,0.0,True,175.38597766097507,4126.102844238281,0.0,0.0,0.0,0.0,0.0,175.38597
775,56.757019425821284,7.970596,0.0,True,64.72761526246069,5305.786041259766,0.0,0.0,0.0,0.0,0.0,64.727615
776,283.3661827841234,5.8097854,0.0,True,289.17596815018175,2928.440444946289,0.0,0.0,0.0,0.0,0.0,289.17596
777,-490.478838124228,15.338918,475.1399203919892,False,0.0,11193.294189453125,23.756996,66.05015,0.0,432.84676853652047,432.84676853652047,0.0
778,339.6700139639652,6.1840224,0.0,True,345.8540363905704,2356.1607055664062,0.0,0.0,0.0,0.0,0.0,345.85403
779,13.935889211538779,8.421985,0.0,True,22.357873884085166,5771.0643310546875,0.0,0.0,0.0,0.0,0.0,22.357874
780,264.3153814497838,6.14838,0.0,True,270.46376125248764,3079.679458618164,0.0,0.0,0.0,0.0,0.0,270.46378
781,263.0206215560139,6.077057,0.0,True,269.09767844077953,3147.6143798828125,0.0,0.0,0.0,0.0,0.0,269.0977
782,-170.47845913770516,10.642206,159.83625294568856,False,0.0,7737.868743896484,7.9918127,22.219156,0.0,145.60890938642342,145.60890938642342,0.0
783,283.90312068832156,5.8255525,0.0,True,289.72867315185306,2929.0189056396484,0.0,0.0,0.0,0.0,0.0,289.72867
784,308.7114664541556,5.6490145,0.0,True,314.360480927117,2670.8125762939453,0.0,0.0,0.0,0.0,0.0,314.36047
785,260.74018009640326,6.214151,0.0,True,266.9543310020124,3164.613540649414,0.0,0.0,0.0,0.0,0.0,266.95435
786,307.2713544361074,5.59142,0.0,True,312.8627746097524,2688.7113494873047,0.0,0.0,0.0,0.0,0.0,312.86276
787,272.21152999777127,6.042316,0.0,True,278.2538459577017,3040.831588745117,0.0,0.0,0.0,0.0,0.0,278.25385
788,277.48229814219695,6.3503237,0.0,True,283.83262181925994,2998.523971557617,0.0,0.0,0.0,0.0,0.0,283.8326
789,242.25859330579163,6.4240947,0.0,True,248.68268798276307,3320.730743408203,0.0,0.0,0.0,0.0,0.0,248.6827
790,-795.6623895191672,20.202713,775.4596765064719,False,0.0,14539.308410644531,38.772984,108.96916,0.0,705.2634980701926,705.2634980701926,0.0
791,-1796.1019129838394,35.39087,1760.7110438432144,False,0.0,25346.610229492188,88.03555,246.02728,0.0,1602.7193141068863,1602.7193141068863,0.0
792,199.46027273084087,6.165892,0.0,True,205.6261648550169,3787.5364990234375,0.0,0.0,0.0,0.0,0.0,205.62616
793,-123.44805536026968,10.081363,113.36669263596548,False,0.0,7218.130645751953,5.6683345,15.399154,0.0,103.6358734106542,103.6358734106542,0.0
794,-242.9571022426212,11.37528,231.58182186237218,False,0.0,8506.739288330078,11.579091,31.775154,0.0,211.38575882068517,211.38575882068517,0.0
795,105.60278058695741,7.3923354,0.0,True,112.99511600184388,4772.792694091797,0.0,0.0,0.0,0.0,0.0,112.99512
796,320.443888042722,5.5235596,0.0,True,325.9674476130345,2550.9972381591797,0.0,0.0,0.0,0.0,0.0,325.96744
797,-888.7914866214858,19.988544,868.8029421573744,False,0.0,15322.985656738281,43.440147,117.115425,0.0,795.1276644474135,795.1276644474135,0.0
798,351.6283051272128,5.2678986,0.0,True,356.8962036867831,2235.333221435547,0.0,0.0,0.0,0.0,0.0,356.8962
799,263.13349935479306,6.3734727,0.0,True,269.50697204537533,3103.0498962402344,0.0,0.0,0.0,0.0,0.0,269.50696
800,-123.9941396088227,10.565261,113.42887872167671,False,0.0,7220.399444580078,5.671444,15.029155,0.0,104.07116788335884,104.07116788335884,0.0
801,-487.0924736219707,15.837946,471.2545276838604,False,0.0,11168.525573730469,23.562727,65.849236,0.0,428.9680191236797,428.9680191236797,0.0
802,124.71673876043565,7.0328774,0.0,True,131.7496162056566,4605.273254394531,0.0,0.0,0.0,0.0,0.0,131.74962
803,332.3047167073695,5.651201,0.0,True,337.9559174787013,2429.9171752929688,0.0,0.0,0.0,0.0,0.0,337.95593
804,-39.7930492338412,9.152254,30.640795129226944,False,0.0,6320.259948730469,1.5320398,4.1304073,0.0,28.042427557396195,28.042427557396195,0.0
805,176.5783298567879,6.6317277,0.0,True,183.21005755225298,4006.190460205078,0.0,0.0,0.0,0.0,0.0,183.21005
806,265.8775505687771,6.024045,0.0,True,271.90159555931666,3122.4544219970703,0.0,0.0,0.0,0.0,0.0,271.90158
807,43.17020633290048,7.7756486,0.0,True,50.945854926803065,5454.708526611328,0.0,0.0,0.0,0.0,0.0,50.945854
808,147.1585000550515,6.818519,0.0,True,153.9770191704995,4369.857482910156,0.0,0.0,0.0,0.0,0.0,153.97702
809,146.62359887938345,7.004884,0.0,True,153.62848264555777,4376.779449462891,0.0,0.0,0.0,0.0,0.0,153.62848
810,244.61642626287409,6.6053514,0.0,True,251.22177771093317,3344.8978271484375,0.0,0.0,0.0,0.0,0.0,251.22177
811,187.8097187424973,6.8726096,0.0,True,194.68232835782322,3895.5213470458984,0.0,0.0,0.0,0.0,0.0,194.68233
812,141.57440464734987,6.513776,0.0,True,148.08818047285035,4422.612335205078,0.0,0.0,0.0,0.0,0.0,148.08818
813,46.05062218138511,7.812843,0.0,True,53.86346502730186,5416.441497802734,0.0,0.0,0.0,0.0,0.0,53.863464
814,-203.84163519193464,10.835181,193.00645395566755,False,0.0,8087.906433105469,9.650323,26.48226,0.0,176.17451711942488,176.17451711942488,0.0
815,53.512076519155016,7.5095506,0.0,True,61.02162709059667,5337.08837890625,0.0,0.0,0.0,0.0,0.0,61.021626
816,237.8387093771353,6.3633227,0.0,True,244.20203211196807,3416.181854248047,0.0,0.0,0.0,0.0,0.0,244.20203
817,239.13012868973902,6.337974,0.0,True,245.4681027612417,3404.0516052246094,0.0,0.0,0.0,0.0,0.0,245.46811
818,176.32145776317964,6.6824265,0.0,True,183.00388421581636,4039.875518798828,0.0,0.0,0.0,0.0,0.0,183.00389
819,122.77465125097223,7.0393023,0.0,True,129.8139536000628,4627.650329589844,0.0,0.0,0.0,0.0,0.0,129.81395
820,276.51091665865897,5.4196014,0.0,True,281.93051809908866,3014.120132446289,0.0,0.0,0.0,0.0,0.0,281.9305
821,256.46812716189413,6.0802827,0.0,True,262.548409850035,3220.256088256836,0.0,0.0,0.0,0.0,0.0,262.5484
822,327.1875926615801,5.6821914,0.0,True,332.8697840334978,2474.204391479492,0.0,0.0,0.0,0.0,0.0,332.86978
823,137.34224242230738,6.357094,0.0,True,143.69933623334254,4459.86865234375,0.0,0.0,0.0,0.0,0.0,143.69934
824,335.4686574522441,5.7241225,0.0,True,341.19277997650556,2398.119613647461,0.0,0.0,0.0,0.0,0.0,341.19278
825,178.45625187027036,6.429077,0.0,True,184.88532901870786,4028.5949096679688,0.0,0.0,0.0,0.0,0.0,184.88533
826,127.93932654229468,7.186414,0.0,True,135.1257403072483,4551.976318359375,0.0,0.0,0.0,0.0,0.0,135.12575
827,-544.6148226339897,16.67284,527.9419825155815,False,0.0,11764.269592285156,26.397099,73.04371,0.0,481.2953722555717,481.2953722555717,0.0
828,209.19618665232088,6.643186,0.0,True,215.83937274469758,3717.410858154297,0.0,0.0,0.0,0.0,0.0,215.83937
829,318.46714002811194,5.896512,0.0,True,324.3636520596671,2546.030471801758,0.0,0.0,0.0,0.0,0.0,324.36365
830,226.53802545478953,6.239692,0.0,True,232.77771766594066,3518.505126953125,0.0,0.0,0.0,0.0,0.0,232.77773
831,320.7801341112879,5.4368196,0.0,True,326.21695366466315,2547.4723358154297,0.0,0.0,0.0,0.0,0.0,326.21695
832,-487.75072059578713,14.9848585,472.7658620829087,False,0.0,11152.024719238281,23.638292,65.40978,0.0,430.9943719858628,430.9943719858628,0.0
833,-7.204724102379487,8.945933,0.0,True,1.7412092396004937,5979.845642089844,0.0,0.0,0.0,0.0,0.0,1.7412093
834,324.45342708040124,5.7722335,0.0,True,330.2256605665768,2509.1472778320312,0.0,0.0,0.0,0.0,0.0,330.22565
835,341.65407551343645,5.7046037,0.0,True,347.35867918546404,2333.204635620117,0.0,0.0,0.0,0.0,0.0,347.35867
836,108.09660971571248,6.980995,0.0,True,115.07760489393513,4760.985382080078,0.0,0.0,0.0,0.0,0.0,115.07761
837,130.2971495343536,7.0667586,0.0,True,137.3639081670135,4531.222503662109,0.0,0.0,0.0,0.0,0.0,137.3639
838,283.8159738854419,6.1112595,0.0,True,289.9272333458911,2935.800323486328,0.0,0.0,0.0,0.0,0.0,289.92725
839,160.48149171562602,6.660377,0.0,True,167.14186874123027,4220.989440917969,0.0,0.0,0.0,0.0,0.0,167.14188
840,311.53115963800906,5.8225617,0.0,True,317.3537213788843,2645.774917602539,0.0,0.0,0.0,0.0,0.0,317.35373
841,302.62998586524844,6.022449,0.0,True,308.6524348818195,2732.963592529297,0.0,0.0,0.0,0.0,0.0,308.65244
842,185.5450491137488,6.308679,0.0,True,191.85372821760012,3944.683074951172,0.0,0.0,0.0,0.0,0.0,191.85373
843,256.05257127525533,6.318203,0.0,True,262.37077424766744,3226.5824584960938,0.0,0.0,0.0,0.0,0.0,262.3708
844,188.58167190202494,6.354412,0.0,True,194.93608398088236,3926.837417602539,0.0,0.0,0.0,0.0,0.0,194.93608
845,328.9488294711284,5.570354,0.0,True,334.5191834559612,2464.376724243164,0.0,0.0,0.0,0.0,0.0,334.5192
846,305.8549327905903,5.9051833,0.0,True,311.7601161058674,2701.5699615478516,0.0,0.0,0.0,0.0,0.0,311.7601
847,-330.2311283407247,12.462714,317.76841414547323,False,0.0,9399.603149414062,15.888421,42.934387,0.0,290.72244799709676,290.72244799709676,0.0
848,-216.48878478094912,11.118873,205.36991213843203,False,0.0,8231.403228759766,10.268496,28.414068,0.0,187.2243394760785,187.2243394760785,0.0
849,188.64716766352643,6.5819926,0.0,True,195.22916028971662,3934.6670837402344,0.0,0.0,0.0,0.0,0.0,195.22916
850,311.62955372105705,5.7045975,0.0,True,317.3341511942016,2642.031967163086,0.0,0.0,0.0,0.0,0.0,317.33414
851,243.8326676446299,6.1123834,0.0,True,249.945051010261,3349.699508666992,0.0,0.0,0.0,0.0,0.0,249.94505
852,-108.41430057052241,9.860877,98.55342353347407,False,0.0,7070.278350830078,4.927671,13.700108,0.0,89.78098691466914,89.78098691466914,0.0
853,-122.90862835795826,10.181546,112.72708214671559,False,0.0,7222.8897705078125,5.636354,15.528928,0.0,102.83450831325001,102.83450831325001,0.0
854,211.59527582337392,6.2649536,0.0,True,217.86022943665517,3646.5831909179688,0.0,0.0,0.0,0.0,0.0,217.86023
855,256.4559002328924,6.223143,0.0,True,262.67904333363094,3208.3103790283203,0.0,0.0,0.0,0.0,0.0,262.67905
856,287.013376452865,5.7295656,0.0,True,292.74294207328734,2865.4078979492188,0.0,0.0,0.0,0.0,0.0,292.74295
857,126.61144466501088,6.9862123,0.0,True,133.59765691858144,4566.86279296875,0.0,0.0,0.0,0.0,0.0,133.59766
858,299.33227280193734,5.751906,0.0,True,305.0841787200587,2765.5943298339844,0.0,0.0,0.0,0.0,0.0,305.08417
859,25.930287202059333,8.33554,0.0,True,34.26582701986939,5644.832855224609,0.0,0.0,0.0,0.0,0.0,34.265827
860,100.85836800348517,7.2004967,0.0,True,108.05886467706915,4823.359832763672,0.0,0.0,0.0,0.0,0.0,108.05887
861,332.5981988376109,6.055866,0.0,True,338.6540646022288,2427.352813720703,0.0,0.0,0.0,0.0,0.0,338.65405
862,243.86849790425555,6.136406,0.0,True,250.00490384907977,3351.387496948242,0.0,0.0,0.0,0.0,0.0,250.0049
863,144.86686736555419,7.8084655,0.0,True,152.67533284635863,4394.828094482422,0.0,0.0,0.0,0.0,0.0,152.67534
864,254.85306972773833,6.079473,0.0,True,260.93254274638457,3236.5818939208984,0.0,0.0,0.0,0.0,0.0,260.93256
865,294.2835616548599,6.2151995,0.0,True,300.49876112537993,2819.7396240234375,0.0,0.0,0.0,0.0,0.0,300.49875
866,62.75713789262579,7.600239,0.0,True,70.35737669267462,5252.192810058594,0.0,0.0,0.0,0.0,0.0,70.357376
867,315.70843729522096,5.804027,0.0,True,321.51246437575685,2601.4566650390625,0.0,0.0,0.0,0.0,0.0,321.51245
868,121.56065011433981,7.5969315,0.0,True,129.15758157185934,4639.58154296875,0.0,0.0,0.0,0.0,0.0,129.15758
869,162.20268261515315,7.3112273,0.0,True,169.5139099367779,4213.933364868164,0.0,0.0,0.0,0.0,0.0,169.51392
870,-2776.4514762429953,48.293476,2728.158000138259,False,0.0,35395.658447265625,136.4079,369.54578,0.0,2495.0201217202903,2495.0201217202903,0.0
871,324.9155687401287,5.610605,0.0,True,330.5261735031597,2504.9664611816406,0.0,0.0,0.0,0.0,0.0,330.52618
872,271.894804589588,6.2584763,0.0,True,278.1532808469122,3056.456008911133,0.0,0.0,0.0,0.0,0.0,278.1533
873,28.83667102226184,8.402636,0.0,True,37.23930659660266,5596.880584716797,0.0,0.0,0.0,0.0,0.0,37.239307
874,334.64794829967946,5.5001664,0.0,True,340.14811471584767,2406.509811401367,0.0,0.0,0.0,0.0,0.0,340.1481
875,172.0802059096148,6.6081176,0.0,True,178.6883234900286,4068.8023834228516,0.0,0.0,0.0,0.0,0.0,178.68832
876,175.78874677771648,6.9645715,0.0,True,182.75331825369915,4069.8167877197266,0.0,0.0,0.0,0.0,0.0,182.75331
877,-77.47256834885798,9.620125,67.85244353196344,False,0.0,6732.836975097656,3.3926222,9.035234,0.0,62.20983131310663,62.20983131310663,0.0
878,344.3476859443866,5.263332,0.0,True,349.6110178344928,2306.145492553711,0.0,0.0,0.0,0.0,0.0,349.61102
879,271.3091947441974,6.0897355,0.0,True,277.3989302521625,3055.337448120117,0.0,0.0,0.0,0.0,0.0,277.39893
880,135.1314368129544,6.8444643,0.0,True,141.9759011150174,4497.366729736328,0.0,0.0,0.0,0.0,0.0,141.9759
881,318.58131622608266,5.554494,0.0,True,324.13581013019643,2569.8030548095703,0.0,0.0,0.0,0.0,0.0,324.1358
882,267.268600254297,5.9506316,0.0,True,273.21923187279674,3107.284652709961,0.0,0.0,0.0,0.0,0.0,273.21924
883,354.0897504282079,5.8661256,0.0,True,359.95587601185656,2211.603759765625,0.0,0.0,0.0,0.0,0.0,359.95587
884,276.4418611081236,6.0230803,0.0,True,282.4649414570921,3012.966522216797,0.0,0.0,0.0,0.0,0.0,282.46494
885,355.2430847169718,5.361038,0.0,True,360.6041229249796,2202.583709716797,0.0,0.0,0.0,0.0,0.0,360.60413
886,-238.59198166658007,11.40093,227.19105126191698,False,0.0,8427.776153564453,11.359552,30.62556,0.0,207.9250428848418,207.9250428848418,0.0
887,306.5651276029474,6.226303,0.0,True,312.79143070353336,2694.1026611328125,0.0,0.0,0.0,0.0,0.0,312.79144
888,-1419.232497468178,28.307539,1390.924958481972,False,0.0,21101.812377929688,69.54625,190.84769,0.0,1269.6235211040423,1269.6235211040423,0.0
889,176.05263763553984,6.615257,0.0,True,182.66789442188627,4067.5426635742188,0.0,0.0,0.0,0.0,0.0,182.6679
890,-349.0085220285812,12.882868,336.12565421547083,False,0.0,9675.293884277344,16.806282,46.967438,0.0,305.96449851478724,305.96449851478724,0.0
891,-161.3199144491906,10.140506,151.17940865848016,False,0.0,7632.600769042969,7.5589705,20.743204,0.0,137.99517499301385,137.99517499301385,0.0
892,99.86188728629088,7.566234,0.0,True,107.42812139807677,4848.022369384766,0.0,0.0,0.0,0.0,0.0,107.42812
893,302.35887514287,5.6275573,0.0,True,307.9864324205494,2742.6170959472656,0.0,0.0,0.0,0.0,0.0,307.98642
894,213.5883999423085,6.2725024,0.0,True,219.86090236464128,3674.5645294189453,0.0,0.0,0.0,0.0,0.0,219.8609
895,-279.4194793529912,11.535995,267.88348482326705,False,0.0,8861.182861328125,13.394175,36.035526,0.0,245.24213312343795,245.24213312343795,0.0
896,-18.20577455866777,8.379389,9.826385749463668,False,0.0,6096.304656982422,0.4913193,1.3193324,0.0,8.998372686986556,8.998372686986556,0.0
897,321.368494462773,5.9311557,0.0,True,327.2996501443831,2541.04638671875,0.0,0.0,0.0,0.0,0.0,327.29965
898,346.67771237735894,5.5525165,0.0,True,352.23022883777764,2282.802993774414,0.0,0.0,0.0,0.0,0.0,352.23022
899,325.60890825071186,5.5467696,0.0,True,331.1556778696999,2497.8116912841797,0.0,0.0,0.0,0.0,0.0,331.15567
900,-2363.500798264448,45.236633,2318.2641649636666,False,0.0,31569.659423828125,115.91321,325.76715,0.0,2108.410222092573,2108.410222092573,0.0
901,-157.99060046710986,9.98468,148.0059202913286,False,0.0,7589.781005859375,7.400296,20.166025,0.0,135.24019134082812,135.24019134082812,0.0
902,157.23584428922732,7.0494447,0.0,True,164.28528896467287,4264.219787597656,0.0,0.0,0.0,0.0,0.0,164.2853
903,168.29923390246114,6.6939898,0.0,True,174.99322365618428,4145.20866394043,0.0,0.0,0.0,0.0,0.0,174.99323
904,90.37289482362218,7.198169,0.0,True,97.57106405503697,4946.485870361328,0.0,0.0,0.0,0.0,0.0,97.57107
905,-726.8742268550668,17.858541,709.0156853664193,False,0.0,13649.225830078125,35.450783,96.60444,0.0,647.86202936056,647.86202936056,0.0
906,122.94998166104119,7.3943887,0.0,True,130.3443703367309,4622.821807861328,0.0,0.0,0.0,0.0,0.0,130.34438
907,198.10281751299885,6.572061,0.0,True,204.67487857485798,3785.5814361572266,0.0,0.0,0.0,0.0,0.0,204.67488
908,198.38232268140473,7.048085,0.0,True,205.43040789411225,3828.3770599365234,0.0,0.0,0.0,0.0,0.0,205.4304
909,369.80684135816773,5.6155977,0.0,True,375.4224390830823,2070.4908599853516,0.0,0.0,0.0,0.0,0.0,375.42242
910,176.54607141371798,6.8097835,0.0,True,183.3558548724277,4059.849395751953,0.0,0.0,0.0,0.0,0.0,183.35585
911,-72.0664361796812,9.98704,62.079396613641165,False,0.0,6674.745635986328,3.1039698,8.225426,0.0,56.95794070581951,56.95794070581951,0.0
912,147.2093772620036,6.767532,0.0,True,153.97690913379927,4370.440734863281,0.0,0.0,0.0,0.0,0.0,153.97691
913,343.19250609080825,5.7886443,0.0,True,348.9811504046205,2320.091079711914,0.0,0.0,0.0,0.0,0.0,348.98114
914,164.15519299478103,6.715801,0.0,True,170.87099375695755,4148.180557250977,0.0,0.0,0.0,0.0,0.0,170.87099
915,-84.08042768293183,9.422379,74.65804914289276,False,0.0,6804.410919189453,3.7329025,10.206385,0.0,68.18456701093476,68.18456701093476,0.0
916,241.5693594427863,5.835293,0.0,True,247.4046522589484,3357.1439208984375,0.0,0.0,0.0,0.0,0.0,247.40465
917,-461.107164114551,14.850696,446.2564685045046,False,0.0,10830.772399902344,22.312824,61.00702,0.0,407.5622737108034,407.5622737108034,0.0
918,-759.834928965201,18.309504,741.5254254099032,False,0.0,14150.832946777344,37.07627,104.200645,0.0,674.4010510202547,674.4010510202547,0.0
919,11.341970234053633,8.761076,0.0,True,20.103046207564375,5783.642913818359,0.0,0.0,0.0,0.0,0.0,20.103046
920,338.6786275326773,5.617746,0.0,True,344.29637340898955,2365.9737243652344,0.0,0.0,0.0,0.0,0.0,344.2964
921,73.2025458023042,7.935849,0.0,True,81.1383949920625,5141.9705810546875,0.0,0.0,0.0,0.0,0.0,81.1384
922,-40.664603362326545,8.742002,31.922601828818244,False,0.0,6343.513946533203,1.5961301,4.255202,0.0,29.263530144934577,29.263530144934577,0.0
923,223.811143386638,6.2722306,0.0,True,230.0833740117906,3565.9400939941406,0.0,0.0,0.0,0.0,0.0,230.08337
924,328.0618675664721,5.5852065,0.0,True,333.64707407510855,2472.4894409179688,0.0,0.0,0.0,0.0,0.0,333.64706
925,249.84667577059457,6.153404,0.0,True,256.0000800064344,3277.9960327148438,0.0,0.0,0.0,0.0,0.0,256.0001
926,265.07824798239915,6.318274,0.0,True,271.39652200354783,3122.4039001464844,0.0,0.0,0.0,0.0,0.0,271.3965
927,-68.39073360666407,8.912894,59.47783935770167,False,0.0,6636.7738037109375,2.973892,7.88885,0.0,54.562881119099984,54.562881119099984,0.0
928,-185.24137544632845,10.488466,174.75290918351106,False,0.0,7874.626800537109,8.737645,23.737545,0.0,159.7530093193143,159.7530093193143,0.0
929,335.8833642294454,5.5647583,0.0,True,341.44812253022667,2393.966079711914,0.0,0.0,0.0,0.0,0.0,341.44812
930,27.27950005517181,8.289164,0.0,True,35.56866364464935,5610.362396240234,0.0,0.0,0.0,0.0,0.0,35.568665
931,316.3745969229917,5.638814,0.0,True,322.01341089546486,2592.455291748047,0.0,0.0,0.0,0.0,0.0,322.0134
932,256.9485293422964,6.012662,0.0,True,262.96119127619534,3198.2643127441406,0.0,0.0,0.0,0.0,0.0,262.96118
933,296.6973633285114,5.6427765,0.0,True,302.3401398177692,2793.5933380126953,0.0,0.0,0.0,0.0,0.0,302.34015
934,200.29264809459795,6.187284,0.0,True,206.47993208736528,3798.04833984375,0.0,0.0,0.0,0.0,0.0,206.47993
935,-508.86650055673965,15.654571,493.21192997721084,False,0.0,11429.591491699219,24.660597,69.30714,0.0,448.5653902891005,448.5653902891005,0.0
936,131.95651551285425,6.6497345,0.0,True,138.60625000992457,4529.442687988281,0.0,0.0,0.0,0.0,0.0,138.60625
937,-248.46839286736122,11.70774,236.76065303734413,False,0.0,8533.903259277344,11.838033,31.788494,0.0,216.81019164970985,216.81019164970985,0.0
938,-23.917312590902213,8.378519,15.538793532674674,False,0.0,6168.813415527344,0.7769397,2.0581083,0.0,14.257624893014793,14.257624893014793,0.0
939,78.20278135673783,7.3361316,0.0,True,85.53891292946122,5093.405670166016,0.0,0.0,0.0,0.0,0.0,85.53891
940,157.40172341573356,6.662941,0.0,True,164.06466439473746,4259.979736328125,0.0,0.0,0.0,0.0,0.0,164.06467
941,343.97086755871373,5.790395,0.0,True,349.76126234173375,2311.650146484375,0.0,0.0,0.0,0.0,0.0,349.76126
942,193.01253526643842,6.7096186,0.0,True,199.72215383485883,3882.0889434814453,0.0,0.0,0.0,0.0,0.0,199.72215
943,331.50056912016043,6.030112,0.0,True,337.5306809098638,2438.467010498047,0.0,0.0,0.0,0.0,0.0,337.53067
944,293.8376758041079,5.914636,0.0,True,299.7523119392092,2830.514694213867,0.0,0.0,0.0,0.0,0.0,299.75232
945,308.1767253701036,5.6908417,0.0,True,313.8675670449083,2680.2028045654297,0.0,0.0,0.0,0.0,0.0,313.86755
946,74.52516984480496,7.9674964,0.0,True,82.49266623991605,5107.2659912109375,0.0,0.0,0.0,0.0,0.0,82.49267
947,248.02353130944968,6.0344095,0.0,True,254.05794083245993,3291.857437133789,0.0,0.0,0.0,0.0,0.0,254.05794
948,314.2106405111107,5.6158953,0.0,True,319.82653578241195,2614.6111450195312,0.0,0.0,0.0,0.0,0.0,319.82654
949,287.6676220919619,5.859691,0.0,True,293.5273132349978,2891.375961303711,0.0,0.0,0.0,0.0,0.0,293.5273
950,334.0381429892234,5.7864547,0.0,True,339.8245976668052,2412.446823120117,0.0,0.0,0.0,0.0,0.0,339.8246
951,245.75496414321256,6.182617,0.0,True,251.93758133071256,3333.9925842285156,0.0,0.0,0.0,0.0,0.0,251.93758
952,129.90066802654655,7.094227,0.0,True,136.99489486370476,4508.42463684082,0.0,0.0,0.0,0.0,0.0,136.99489
953,131.82248713723152,7.7945976,0.0,True,139.61708476296394,4511.099914550781,0.0,0.0,0.0,0.0,0.0,139.61708
954,-2.512548553038812,8.34296,0.0,True,5.830411804627204,5943.941162109375,0.0,0.0,0.0,0.0,0.0,5.830412
955,-109.98780269223153,10.047708,99.9400951345533,False,0.0,7104.556823730469,4.997005,14.043784,0.0,90.8933159788221,90.8933159788221,0.0
956,122.03141694668818,6.952007,0.0,True,128.9834237635522,4603.28564453125,0.0,0.0,0.0,0.0,0.0,128.98343
957,324.7128994482006,5.83051,0.0,True,330.5434095876659,2507.187744140625,0.0,0.0,0.0,0.0,0.0,330.5434
958,171.26779387299274,6.640087,0.0,True,177.9078810006783,4098.132568359375,0.0,0.0,0.0,0.0,0.0,177.90788
959,352.13379074708115,5.7145677,0.0,True,357.84835840836655,2229.564926147461,0.0,0.0,0.0,0.0,0.0,357.84836
960,256.1985265013153,6.0426383,0.0,True,262.2411648031647,3216.0114135742188,0.0,0.0,0.0,0.0,0.0,262.24115
961,222.51526644398749,6.311709,0.0,True,228.82697537114203,3579.805191040039,0.0,0.0,0.0,0.0,0.0,228.82698
962,151.73845554787528,7.2363396,0.0,True,158.97479511696707,4294.537185668945,0.0,0.0,0.0,0.0,0.0,158.9748
963,51.93948419581238,7.7546782,0.0,True,59.694162445171514,5371.005126953125,0.0,0.0,0.0,0.0,0.0,59.694164
964,-878.4364004646472,19.682114,858.7542868171863,False,0.0,15436.829467773438,42.937714,120.67389,0.0,781.0181112800769,781.0181112800769,0.0
965,41.05808645071437,7.7837267,0.0,True,48.84181314291408,5471.852294921875,0.0,0.0,0.0,0.0,0.0,48.841812
966,253.61918756431794,6.226677,0.0,True,259.8458645052359,3237.8133697509766,0.0,0.0,0.0,0.0,0.0,259.84586
967,174.54576686584966,6.706907,0.0,True,181.25267366135137,4066.8502349853516,0.0,0.0,0.0,0.0,0.0,181.25267
968,21.932526611724086,7.6328635,0.0,True,29.565390133300014,5673.058532714844,0.0,0.0,0.0,0.0,0.0,29.56539
969,76.92309895432396,7.44498,0.0,True,84.3680790988247,5077.710601806641,0.0,0.0,0.0,0.0,0.0,84.36808
970,324.4286694699093,5.5442095,0.0,True,329.97287895019497,2509.8876190185547,0.0,0.0,0.0,0.0,0.0,329.97287
971,42.60081398487375,8.110793,0.0,True,50.71160709858225,5450.045959472656,0.0,0.0,0.0,0.0,0.0,50.71161
972,60.09661413749933,7.850633,0.0,True,67.94724728187799,5267.194549560547,0.0,0.0,0.0,0.0,0.0,67.94725
973,327.28239985652397,5.5484023,0.0,True,332.8308021659417,2463.4681396484375,0.0,0.0,0.0,0.0,0.0,332.8308
974,88.35424280860553,7.916408,0.0,True,96.27065087058673,4983.907501220703,0.0,0.0,0.0,0.0,0.0,96.27065
975,180.97035611490475,6.258734,0.0,True,187.22909034113155,4002.0514373779297,0.0,0.0,0.0,0.0,0.0,187.2291
976,-905.6774131792306,19.703098,885.9743148821115,False,0.0,15514.875366210938,44.298717,120.010666,0.0,810.2623664873361,810.2623664873361,0.0
977,233.94125993353902,5.8840423,0.0,True,239.82530219657002,3460.779251098633,0.0,0.0,0.0,0.0,0.0,239.8253
978,301.1253554778317,5.8294616,0.0,True,306.95481705238615,2754.2774353027344,0.0,0.0,0.0,0.0,0.0,306.9548
979,292.3569879112263,5.819591,0.0,True,298.17657895660597,2838.4249572753906,0.0,0.0,0.0,0.0,0.0,298.17657
980,191.0942546410647,6.315732,0.0,True,197.409986643323,3908.9444732666016,0.0,0.0,0.0,0.0,0.0,197.40999
981,294.3168920605239,5.6525116,0.0,True,299.9694036572036,2825.799789428711,0.0,0.0,0.0,0.0,0.0,299.9694
982,339.63713569838944,5.514627,0.0,True,345.1517626782173,2356.2625122070312,0.0,0.0,0.0,0.0,0.0,345.15176
983,-277.2600564749837,11.483452,265.77660463172197,False,0.0,8880.113952636719,13.28883,36.61255,0.0,242.45288560706376,242.45288560706376,0.0
984,-179.7770175438884,10.460647,169.3163709145549,False,0.0,7809.926788330078,8.465818,22.625488,0.0,155.15670103845628,155.15670103845628,0.0
985,273.3566193484729,5.752083,0.0,True,279.10870217317995,3015.673614501953,0.0,0.0,0.0,0.0,0.0,279.1087
986,-741.7088366413363,17.670126,724.0387106800326,False,0.0,13729.293273925781,36.201935,96.191765,0.0,664.0488806629428,664.0488806629428,0.0
987,-97.86813140848983,9.12695,88.74118114451278,False,0.0,6949.3870849609375,4.437059,12.091117,0.0,81.08712316492904,81.08712316492904,0.0
988,351.90334315418113,5.454126,0.0,True,357.3574690353762,2233.85888671875,0.0,0.0,0.0,0.0,0.0,357.35748
989,318.46810933503565,5.7915115,0.0,True,324.2596208706802,2560.4207305908203,0.0,0.0,0.0,0.0,0.0,324.2596
990,254.5495324295621,6.2506638,0.0,True,260.8001961868863,3213.034637451172,0.0,0.0,0.0,0.0,0.0,260.8002
991,139.96061165338347,6.474154,0.0,True,146.43476564889738,4419.6634521484375,0.0,0.0,0.0,0.0,0.0,146.43477
992,368.65917768068266,5.334526,0.0,True,373.9937037426944,2080.0043563842773,0.0,0.0,0.0,0.0,0.0,373.9937
993,154.47742022942202,6.898479,0.0,True,161.3758992142548,4288.30712890625,0.0,0.0,0.0,0.0,0.0,161.3759
994,-421.2365102260702,13.018771,408.2177390545004,False,0.0,10369.244567871094,20.410887,55.2956,0.0,373.33302492791347,373.33302492791347,0.0
995,-554.5972054955612,16.00322,538.593985891069,False,0.0,11871.746459960938,26.929699,74.51747,0.0,491.00621352168423,491.00621352168423,0.0
996,-2035.2984943901724,38.740864,1996.5576305901236,False,0.0,28003.398681640625,99.82788,280.5603,0.0,1815.8252087151236,1815.8252087151236,0.0
997,151.09757649598743,6.596573,0.0,True,157.694149371964,4301.345031738281,0.0,0.0,0.0,0.0,0.0,157.69415
998,317.32528027348826,5.619798,0.0,True,322.9450784569294,2582.2963256835938,0.0,0.0,0.0,0.0,0.0,322.94507
999,249.06845638258812,5.710918,0.0,True,254.77937433226464,3254.226348876953,0.0,0.0,0.0,0.0,0.0,254.77937
1000,-815.0716129671077,19.674004,795.3976093660335,False,0.0,14654.438659667969,39.769882,109.57147,0.0,725.5960194002132,725.5960194002132,0.0
