policy_id,Year,issue_age,coverage_years,issue_year,portfolio_id,current_age,in_force,sum_assured,qx,lapse_rate,survival_multiplier,survival_multiplier_opening,survival_ratio,discount_factor,discount_factor_opening,acquisition_cost,admin_cost,collection_cost,maintenance_cost,total_expense_base,total_expense,unit_claim_pv,unit_expense_pv,unit_surrender_pv,premium_annuity_pv,net_annual_premium,gross_annual_premium,Gross_Premium_Inflow,Net_Premium_Inflow,Death_Benefits,surrender_charge,Surrender_Benefit,Operating_Expenses,Reinsurance_Ceding,Reinsurance_Recovery,Counterparty_Default_Cost,Net_Death_Benefit,Total_Outflows,Total_Inflows,Net_Cash_Flow,PV_Gross_Premium_Inflow,PV_Net_Premium_Inflow,PV_Reinsurance_Ceding,PV_Death_Benefits,PV_Surrender_Benefit,PV_Operating_Expenses,PV_Reinsurance_Recovery,PV_Counterparty_Default_Cost,PV_Net_Death_Benefit,PV_Total_Inflows,PV_Total_Outflows,PV_Net_Cash_Flow
1,1,43,10,2026,TERM_LIFE,43,True,15304.029,0.00503,0.1,0.895473,1.0,1.0,0.95238096,1.0,500.0,100.0,9.120506,50.0,650.0,659.1205,73.31359,557.1429,0.0,1.0,332.8985,456.02533,456.02533,332.8985,76.97927,1377.3627,0.0,593.20844,182.41014,30.791708,0.09237512,46.18756,821.8984985351562,486.8170471191406,-335.0814514160156,456.02532958984375,332.89849853515625,182.41014099121094,73.31359100341797,0.0,564.9603881835938,29.325435638427734,0.08797630667686462,43.988155364990234,485.3507652282715,791.4466608464718,-306.0958956182003
1,2,43,10,2026,TERM_LIFE,44,True,15304.029,0.0054200003,0.0860708,0.9089757,0.895473,0.895473,0.90702945,0.95238096,0.0,104.99999,8.167167,52.499996,157.49998,165.66714,67.371925,116.91412,0.0,0.8528314,332.8985,456.02533,408.35837,298.10162,74.27755,1224.3224,0.0,135.58182,163.34335,29.71102,0.08913306,44.56653,343.5808410644531,438.06939697265625,94.48855590820312,388.9127197265625,283.90631103515625,155.56509399414062,67.3719253540039,0.0,122.97669982910156,26.94877052307129,0.08084630966186523,40.423152923583984,415.8614902496338,319.04579305648804,96.81569719314575
1,3,43,10,2026,TERM_LIFE,45,True,15304.029,0.0058500003,0.07408182,0.92050153,0.9089757,0.81396323,0.8638376,0.90702945,0.0,110.25,7.423757,55.125,165.375,172.79875,62.950413,107.66619,0.0,0.73828864,332.8985,456.02533,371.18787,270.96713,72.87297,1071.2821,0.0,130.23209,148.47514,29.149189,0.08744757,43.72378,322.5184631347656,400.3370666503906,77.818603515625,336.6783142089844,245.77516174316406,134.67132568359375,62.95041275024414,0.0,112.49937438964844,25.180166244506836,0.07554049789905548,37.77024841308594,361.8584804534912,285.0164889842272,76.84199146926403
1,4,43,10,2026,TERM_LIFE,46,True,15304.029,0.0063300002,0.063762814,0.93031085,0.92050153,0.7492544,0.82270247,0.8638376,0.0,115.7625,6.8335795,57.88125,173.64374,180.47731,59.714752,100.2114,0.0,0.64723414,332.8985,456.02533,341.679,249.42566,72.58366,918.2418,0.0,126.6012,136.6716,29.033463,0.08710039,43.550194,306.91009521484375,370.71246337890625,63.8023681640625,295.1551513671875,215.4632568359375,118.06206512451172,59.714752197265625,0.0,104.15511322021484,23.885900497436523,0.0716577023267746,35.828853607177734,319.041051864624,258.11768965423107,60.92336221039295
1,5,43,10,2026,TERM_LIFE,47,True,15304.029,0.00686,0.054881163,0.9386353,0.93031085,0.6970395,0.7835262,0.82270247,0.0,121.55062,6.357353,60.77531,182.32593,188.68329,57.337772,94.11217,0.0,0.5734561,332.8985,456.02533,317.86768,232.0434,73.17914,765.2015,0.0,124.30175,127.14707,29.271656,0.08781497,43.907482,295.4441223144531,347.13934326171875,51.695220947265625,261.5105285644531,190.90267944335938,104.60420989990234,57.337772369384766,0.0,97.3936767578125,22.935108184814453,0.06880532950162888,34.40266036987305,284.4456367492676,236.46935235708952,47.97628439217806
1,6,43,10,2026,TERM_LIFE,48,True,15304.029,0.00745,0.047236655,0.94566524,0.9386353,0.6542659,0.7462154,0.7835262,0.0,127.62816,5.967236,63.81408,191.44223,197.40947,55.66478,89.0515,0.0,0.51263446,332.8985,456.02533,298.36182,217.80412,74.59613,612.16113,0.0,123.05727,119.34473,29.838453,0.08951536,44.757675,287.2491760253906,328.20025634765625,40.951080322265625,233.7742919921875,170.6552276611328,93.50971984863281,55.66477966308594,0.0,91.82722473144531,22.265913009643555,0.06679774075746536,33.39886474609375,256.04020500183105,218.80260706692934,37.237597934901714
1,7,43,10,2026,TERM_LIFE,49,True,15304.029,0.0081001,0.040656965,0.95157224,0.94566524,0.6187165,0.7106813,0.7462154,0.0,134.00957,5.6430078,67.00478,201.01434,206.65735,54.508312,84.79448,0.0,0.46169576,332.8985,456.02533,282.1504,205.96979,76.69867,459.1209,0.0,122.66382,112.86016,30.679468,0.09203841,46.019203,281.6352233886719,312.8298645019531,31.19464111328125,210.5449676513672,153.6978302001953,84.21798706054688,54.5083122253418,0.0,87.17488098144531,21.803325653076172,0.06540998071432114,32.704986572265625,232.34829330444336,204.16326459497213,28.185028709471226
1,8,43,10,2026,TERM_LIFE,50,True,15304.029,0.00882,0.034993775,0.95649487,0.95157224,0.5887534,0.67683935,0.7106813,0.0,140.71004,5.369729,70.35502,211.06506,216.4348,53.788994,81.16438,0.0,0.41841605,332.8985,456.02533,268.48645,195.99512,79.47084,306.08057,0.55252194,122.96758,107.394585,31.788336,0.09536501,47.682503,278.69256591796875,300.2747802734375,21.58221435546875,190.8083038330078,139.29006958007812,76.32332611083984,53.78899383544922,0.37396860122680664,83.22930145263672,21.515596389770508,0.06454679369926453,32.27339553833008,212.32390022277832,192.2645384967327,20.05936172604561
1,9,43,10,2026,TERM_LIFE,51,True,15304.029,0.0096099,0.030119421,0.96056014,0.95649487,0.5631396,0.6446089,0.67683935,0.0,147.74554,5.136119,73.87277,221.61832,226.75444,53.387188,78.02545,0.0,0.38115504,332.8985,456.02533,256.80594,187.46834,82.82105,153.04033,3.0506532,123.84832,102.722374,33.12842,0.09938527,49.69263,279.4133605957031,289.9343566894531,10.52099609375,173.8163604736328,126.88594818115234,69.52654266357422,53.38718795776367,1.9664782285690308,79.83373260498047,21.354875564575195,0.0640646293759346,32.03231430053711,195.171236038208,183.42313242703676,11.748103611171246
1,10,43,10,2026,TERM_LIFE,52,True,15304.029,0.0104600005,0.025924027,0.9638871,0.96056014,0.5409295,0.61391324,0.6446089,0.0,155.13281,4.933551,77.56641,232.69922,237.63277,53.160023,75.27235,0.0,0.34868798,332.8985,456.02533,246.67755,180.07462,86.59208,0.0,4.668259,125.210236,98.67102,34.636833,0.1039105,51.955246,280.6086730957031,281.31439208984375,0.705718994140625,159.0105438232422,116.07770538330078,63.60422134399414,53.1600227355957,2.865906000137329,76.86821746826172,21.264009475708008,0.06379202753305435,31.896013259887695,180.2745532989502,175.29815009981394,4.976403199136257
2,1,34,10,2026,TERM_LIFE,34,True,94630.086,0.0029000002,0.1,0.89738995,1.0,1.0,0.95238096,1.0,500.0,100.0,15.15807,50.0,650.0,665.1581,261.3593,557.1429,0.0,1.0,553.2696,757.9035,757.9035,553.2696,274.42728,8516.708,0.0,598.6423,303.1614,109.77091,0.32931274,164.65637,1066.7894287109375,867.6744384765625,-199.114990234375,757.9035034179688,553.2695922851562,303.1614074707031,261.35931396484375,0.0,570.135498046875,104.5437240600586,0.31363117694854736,156.8155975341797,862.4472274780273,1030.4261342287064,-167.97890675067902
2,2,34,10,2026,TERM_LIFE,35,True,94630.086,0.00301,0.0860708,0.9111783,0.89738995,0.89738995,0.90702945,0.95238096,0.0,104.99999,13.6027,52.499996,157.49998,171.10269,231.8453,117.1644,0.0,0.8546571,553.2696,757.9035,680.135,496.49857,255.60947,7570.407,0.0,140.33003,272.05402,102.24379,0.3067314,153.36568,566.0564575195312,782.3787841796875,216.32232666015625,647.7476196289062,472.85577392578125,259.09906005859375,231.84530639648438,0.0,127.2834701538086,92.73812866210938,0.2782144248485565,139.10719299316406,740.4857482910156,525.767937630415,214.71781066060066
2,3,34,10,2026,TERM_LIFE,36,True,94630.086,0.0031400002,0.07408182,0.9230108,0.9111783,0.81768227,0.8638376,0.90702945,0.0,110.25,12.3944845,55.125,165.375,177.76949,209.88219,108.15812,0.0,0.7416619,553.2696,757.9035,619.72424,452.39874,242.96487,6624.106,0.0,134.5905,247.8897,97.18595,0.29155788,145.77893,528.5507202148438,716.9102172851562,188.3594970703125,562.108154296875,410.3389892578125,224.84324645996094,209.88218688964844,0.0,116.26433563232422,83.952880859375,0.251858651638031,125.9293212890625,646.06103515625,467.2887620329857,178.7722731232643
2,4,34,10,2026,TERM_LIFE,37,True,94630.086,0.0033,0.063762814,0.9331476,0.9230108,0.75472957,0.82270247,0.8638376,0.0,115.7625,11.440244,57.88125,173.64374,185.08398,193.89978,100.943695,0.0,0.6519638,553.2696,757.9035,572.0122,417.5689,235.6864,5677.8057,0.0,130.78143,228.80489,94.27456,0.28282368,141.41183,501.281005859375,666.2867431640625,165.0057373046875,494.1256408691406,360.71173095703125,197.6502685546875,193.8997802734375,0.0,107.59420776367188,77.5599136352539,0.23267973959445953,116.3398666381836,571.6855545043945,421.8170226961374,149.8685318082571
2,5,34,10,2026,TERM_LIFE,38,True,94630.086,0.0035100002,0.054881163,0.9418015,0.9331476,0.7042741,0.7835262,0.82270247,0.0,121.55062,10.675437,60.77531,182.32593,193.00136,183.28699,95.08895,0.0,0.57940805,553.2696,757.9035,533.77185,389.65344,233.9258,4731.5044,0.0,128.46608,213.50874,93.57032,0.28071097,140.35547,482.6109619140625,627.3421630859375,144.731201171875,439.1354064941406,320.56884765625,175.6541748046875,183.2869873046875,0.0,100.65653991699219,73.3147964477539,0.21994438767433167,109.97218322753906,512.4502029418945,386.5028423368931,125.94736060500145
2,6,34,10,2026,TERM_LIFE,39,True,94630.086,0.0037500001,0.047236655,0.94919044,0.9418015,0.6632864,0.7462154,0.7835262,0.0,127.62816,10.054142,63.81408,191.44223,201.49637,175.64095,90.27928,0.0,0.51970226,553.2696,757.9035,502.7071,366.9762,235.37567,3785.2034,0.0,127.33663,201.08284,94.15027,0.28245082,141.2254,469.9273376464844,596.8573608398438,126.93002319335938,393.8841552734375,287.53546142578125,157.5536651611328,175.6409454345703,0.0,95.02055358886719,70.25637817382812,0.2107691615819931,105.38456726074219,464.1405334472656,358.1695551723242,105.97097827494144
2,7,34,10,2026,TERM_LIFE,40,True,94630.086,0.00403,0.040656965,0.9554769,0.94919044,0.6295851,0.7106813,0.7462154,0.0,134.00957,9.543295,67.00478,201.01434,210.55763,170.63324,86.284004,0.0,0.46980608,553.2696,757.9035,477.16473,348.3303,240.0981,2838.9028,0.0,127.17429,190.86589,96.03924,0.2881177,144.05887,462.3871765136719,573.2039794921875,110.81680297851562,356.06768798828125,259.929443359375,142.42706298828125,170.63323974609375,0.0,90.3803939819336,68.2532958984375,0.2047598659992218,102.37994384765625,424.32098388671875,335.3921606838703,88.92882320284843
2,8,34,10,2026,TERM_LIFE,41,True,94630.086,0.00434,0.034993775,0.9608181,0.9554769,0.601554,0.67683935,0.7106813,0.0,140.71004,9.118397,70.35502,211.06506,220.18346,167.2165,82.92905,0.0,0.42751318,553.2696,757.9035,455.91986,332.82153,247.05495,1892.6017,0.0,127.81723,182.36795,98.82198,0.29646596,148.23297,458.7146301269531,554.7418212890625,96.02719116210938,324.01373291015625,236.53004455566406,129.60549926757812,167.2165069580078,0.0,86.51173400878906,66.88660430908203,0.2006598263978958,100.32991027832031,390.9003372192383,316.6478033810854,74.25253383815289
2,9,34,10,2026,TERM_LIFE,42,True,94630.086,0.00467,0.030119421,0.9653512,0.9608181,0.577984,0.6446089,0.67683935,0.0,147.74554,8.761122,73.87277,221.61832,230.37944,164.64867,80.0822,0.0,0.3912023,553.2696,757.9035,438.0561,319.78094,255.42412,946.3011,0.0,129.14505,175.22244,102.16965,0.30650896,153.25447,457.9284973144531,540.2257080078125,82.29721069335938,296.49359130859375,216.44032287597656,118.59744262695312,164.64866638183594,0.0,83.248046875,65.85946655273438,0.19757840037345886,98.78919982910156,362.3530578613281,300.83226773142815,61.52079012989998
2,10,34,10,2026,TERM_LIFE,43,True,94630.086,0.00503,0.025924027,0.9691764,0.9653512,0.55795753,0.61391324,0.6446089,0.0,155.13281,8.457559,77.56641,232.69922,241.15678,163.04419,77.64185,0.0,0.3596644,553.2696,757.9035,422.87796,308.70093,265.58182,0.0,8.002771,131.06703,169.15118,106.23273,0.3186982,159.34909,467.8887634277344,529.1107177734375,61.221954345703125,272.5909118652344,198.99136352539062,109.03636169433594,163.044189453125,4.9130072593688965,80.46378326416016,65.2176742553711,0.195653036236763,97.8265151977539,337.80858612060547,292.43532045185566,45.37326566874981
3,1,45,10,2026,TERM_LIFE,45,True,37575.605,0.0058500003,0.1,0.894735,1.0,1.0,0.95238096,1.0,500.0,100.0,14.283348,50.0,650.0,664.2833,209.34982,557.1429,0.0,1.0,521.3422,714.1674,714.1674,521.3422,219.8173,3381.8044,0.0,597.855,285.66696,87.926926,0.26378077,131.89038,1015.6761474609375,802.0943603515625,-213.581787109375,714.1674194335938,521.3422241210938,285.6669616699219,209.34982299804688,0.0,569.3856811523438,83.73992919921875,0.251219779253006,125.6098861694336,797.9073486328125,980.9137487709522,-183.00640013813972
3,2,45,10,2026,TERM_LIFE,46,True,37575.605,0.0063300002,0.0860708,0.90814406,0.894735,0.894735,0.90702945,0.95238096,0.0,104.99999,12.779812,52.499996,157.49998,170.2798,193.0303,116.81777,0.0,0.85212857,521.3422,714.1674,638.9906,466.46313,212.81592,3006.0486,0.0,139.24196,255.59624,85.126366,0.2553791,127.68955,522.7831420898438,724.116943359375,201.33380126953125,608.5625,444.2506103515625,243.42498779296875,193.03030395507812,0.0,126.29655456542969,77.21212005615234,0.23163637518882751,115.81818389892578,685.7746200561523,485.77136263251305,200.0032574236393
3,3,45,10,2026,TERM_LIFE,47,True,37575.605,0.00686,0.07408182,0.91956633,0.90814406,0.8125483,0.8638376,0.90702945,0.0,110.25,11.60591,55.125,165.375,176.98091,180.93033,107.47903,0.0,0.73700523,521.3422,714.1674,580.29553,423.61572,209.44948,2630.2922,0.0,133.15216,232.11821,83.77979,0.25133938,125.669685,491.19140625,664.0753173828125,172.8839111328125,526.3451538085938,384.23193359375,210.53805541992188,180.93032836914062,0.0,115.02184295654297,72.37213134765625,0.21711640059947968,108.55819702148438,598.71728515625,434.3352117985487,164.3820733577013
3,4,45,10,2026,TERM_LIFE,48,True,37575.605,0.00745,0.063762814,0.9292623,0.91956633,0.747192,0.82270247,0.8638376,0.0,115.7625,10.672403,57.88125,173.64374,184.31615,172.08273,99.93556,0.0,0.64545256,521.3422,714.1674,533.6202,389.54276,209.16763,2254.5364,0.0,128.93817,213.44807,83.66705,0.25100118,125.50058,468.1378479003906,617.2872314453125,149.14938354492188,460.961181640625,336.5016784667969,184.3844757080078,172.08273315429688,0.0,106.07775115966797,68.83309173583984,0.20649929344654083,103.2496337890625,529.7942733764648,393.9183599501848,135.87591342628002
3,5,45,10,2026,TERM_LIFE,49,True,37575.605,0.0081001,0.054881163,0.9374633,0.9292623,0.69433737,0.7835262,0.82270247,0.0,121.55062,9.917462,60.77531,182.32593,192.2434,165.58478,93.74733,0.0,0.5712331,521.3422,714.1674,495.87314,361.9874,211.3328,1878.7803,0.0,126.15614,198.34926,84.53312,0.25359938,126.799675,451.55865478515625,580.40625,128.84759521484375,407.9560546875,297.80792236328125,163.1824188232422,165.58477783203125,0.0,98.84664154052734,66.2339096069336,0.19870175421237946,99.35086822509766,474.1899642944336,361.57863034307957,112.61133395135403
3,6,45,10,2026,TERM_LIFE,50,True,37575.605,0.00882,0.047236655,0.94435996,0.9374633,0.6509158,0.7462154,0.7835262,0.0,127.62816,9.297256,63.81408,191.44223,200.73949,160.97691,88.59553,0.0,0.5100096,521.3422,714.1674,464.86285,339.34988,215.72446,1503.0242,0.0,124.49234,185.94514,86.28979,0.25886938,129.43466,440.1310119628906,551.1526489257812,111.02163696289062,364.2322082519531,265.8895263671875,145.69288635253906,160.97691345214844,0.0,92.89810180664062,64.3907699584961,0.19317232072353363,96.58613586425781,428.6229782104492,335.37029634416103,93.25268186628819
3,7,45,10,2026,TERM_LIFE,51,True,37575.605,0.0096099,0.040656965,0.95012385,0.94435996,0.6146988,0.7106813,0.7462154,0.0,134.00957,8.779957,67.00478,201.01434,209.7943,157.74739,84.24386,0.0,0.45869774,521.3422,714.1674,438.99786,320.46844,221.96642,1127.2682,0.0,123.71717,175.59915,88.78657,0.26635972,133.17984,432.76251220703125,527.784423828125,95.02191162109375,327.58697509765625,239.13848876953125,131.0347900390625,157.7473907470703,0.0,87.9234848022461,63.09895324707031,0.1892968714237213,94.64842224121094,390.68592834472656,313.79599395394325,76.88993439078331
3,8,45,10,2026,TERM_LIFE,52,True,37575.605,0.0104600005,0.034993775,0.95491225,0.95012385,0.58404,0.67683935,0.7106813,0.0,140.71004,8.342047,70.35502,211.06506,219.4071,155.36954,80.514595,0.0,0.4150663,521.3422,714.1674,417.10233,304.4847,229.55157,751.5121,0.0,123.658325,166.84093,91.82063,0.2754619,137.73094,428.50567626953125,508.9229736328125,80.41729736328125,296.42681884765625,216.3916015625,118.57073211669922,155.36953735351562,0.0,83.69682312011719,62.14781951904297,0.18644346296787262,93.22171783447266,358.5746383666992,295.67571653425694,62.898921832442284
3,9,45,10,2026,TERM_LIFE,53,True,37575.605,0.01139,0.030119421,0.9588337,0.95491225,0.55770695,0.6446089,0.67683935,0.0,147.74554,7.965923,73.87277,221.61832,229.58424,153.86224,77.27274,0.0,0.377478,521.3422,714.1674,398.29614,290.7562,238.69084,375.75613,2.4455276,124.18422,159.31847,95.47634,0.28642905,143.21451,429.44915771484375,493.7724914550781,64.32333374023438,269.5824890136719,196.79522705078125,107.8330078125,153.86224365234375,1.576408863067627,80.05025482177734,61.544898986816406,0.1846347153186798,92.31735229492188,331.1273880004883,281.9616585075855,49.165729492902756
3,10,45,10,2026,TERM_LIFE,54,True,37575.605,0.0124,0.025924027,0.96199745,0.9588337,0.5347482,0.61391324,0.6446089,0.0,155.13281,7.637995,77.56641,232.69922,240.33722,152.96216,74.412186,0.0,0.34470347,521.3422,714.1674,381.89975,278.7868,249.15926,0.0,7.227277,125.18813,152.7599,99.663704,0.2989911,149.49554,434.9698181152344,481.5634460449219,46.5936279296875,246.1759796142578,179.70846557617188,98.47039794921875,152.962158203125,4.436921119689941,76.85465240478516,61.18486785888672,0.18355460464954376,91.77729034423828,307.36084747314453,271.7228164225817,35.63803105056286
4,1,35,10,2026,TERM_LIFE,35,True,131179.1,0.00301,0.1,0.897291,1.0,1.0,0.95238096,1.0,500.0,100.0,19.3072,50.0,650.0,669.3072,376.04675,557.1429,0.0,1.0,704.7128,965.36,965.36,704.7128,394.8491,11806.118,0.0,602.37646,386.144,157.93964,0.47381893,236.90945,1225.90380859375,1123.299560546875,-102.604248046875,965.3599853515625,704.7128295898438,386.1440124511719,376.0467529296875,0.0,573.69189453125,150.418701171875,0.45125612616539,225.6280517578125,1115.7786865234375,1185.9152148663998,-70.13652834296227
4,2,35,10,2026,TERM_LIFE,36,True,131179.1,0.0031400002,0.0860708,0.9110595,0.897291,0.897291,0.90702945,0.95238096,0.0,104.99999,17.324175,52.499996,157.49998,174.82416,335.2347,117.15148,0.0,0.8545629,704.7128,965.36,866.2088,632.33246,369.59628,10494.327,0.0,143.36638,346.48352,147.83852,0.44351554,221.75777,712.0512084960938,1014.0473022460938,301.99609375,824.9607543945312,602.2213745117188,329.98431396484375,335.2347106933594,0.0,130.0375213623047,134.09388732910156,0.40228164196014404,201.1408233642578,959.0546417236328,661.5649403333664,297.4897013902664
4,3,35,10,2026,TERM_LIFE,37,True,131179.1,0.0033,0.07408182,0.92286265,0.9110595,0.8174855,0.8638376,0.90702945,0.0,110.25,15.783356,55.125,165.375,181.15836,305.6967,108.1321,0.0,0.74148345,704.7128,965.36,789.1678,576.0925,353.88214,9182.536,0.0,137.12323,315.6671,141.55286,0.42465857,212.32928,665.5443115234375,930.7206420898438,265.17633056640625,715.7984008789062,522.5328979492188,286.3193664550781,305.6966857910156,0.0,118.45220184326172,122.27867889404297,0.3668360412120819,183.4180145263672,838.0770797729492,588.5564188659191,249.5206609070301
4,4,35,10,2026,TERM_LIFE,38,True,131179.1,0.0035100002,0.063762814,0.93295103,0.92286265,0.75442684,0.82270247,0.8638376,0.0,115.7625,14.565868,57.88125,173.64374,188.20961,285.7799,100.903206,0.0,0.6517023,704.7128,965.36,728.29346,531.6543,347.36728,7870.7456,0.0,132.93668,291.31738,138.94691,0.41684076,208.42036,633.09130859375,867.2403564453125,234.1490478515625,629.1272583007812,459.2629699707031,251.65090942382812,285.7799072265625,0.0,109.3673324584961,114.31196594238281,0.3429359197616577,171.4679412841797,743.4392242431641,532.8291190862656,210.6101051568985
4,5,35,10,2026,TERM_LIFE,39,True,131179.1,0.0037500001,0.054881163,0.94157463,0.93295103,0.7038433,0.7835262,0.82270247,0.0,121.55062,13.589243,60.77531,182.32593,195.91518,271.28476,95.03079,0.0,0.57905364,704.7128,965.36,679.46216,496.0074,346.23572,6558.9546,0.0,130.32582,271.78488,138.4943,0.41548288,207.74142,610.2676391601562,817.9564208984375,207.68878173828125,558.9951782226562,408.0664978027344,223.5980987548828,271.2847595214844,0.0,102.11369323730469,108.51390838623047,0.3255417048931122,162.77084350585938,667.5090866088867,488.80817720294,178.70090940594673
4,6,35,10,2026,TERM_LIFE,40,True,131179.1,0.00403,0.047236655,0.9489237,0.94157463,0.662721,0.7462154,0.7835262,0.0,127.62816,12.795286,63.81408,191.44223,204.23752,261.43552,90.202324,0.0,0.5192592,704.7128,965.36,639.76434,467.02798,350.3486,5247.1636,0.0,128.9589,255.90575,140.13945,0.42041835,210.20915,595.4942016601562,779.90380859375,184.40960693359375,501.2721252441406,365.92864990234375,200.50885009765625,261.4355163574219,0.0,96.23110961914062,104.57421875,0.3137226402759552,156.86131286621094,605.8463439941406,453.91499522328377,151.93134877085686
4,7,35,10,2026,TERM_LIFE,41,True,131179.1,0.00434,0.040656965,0.95517945,0.9489237,0.6288716,0.7106813,0.7462154,0.0,134.00957,12.14175,67.00478,201.01434,213.1561,254.44344,86.18623,0.0,0.4692737,704.7128,965.36,607.0875,443.1739,358.02747,3935.3728,0.0,128.59784,242.835,143.21098,0.42963296,214.81648,586.678955078125,750.2985229492188,163.61956787109375,453.01806640625,330.70318603515625,181.2072296142578,254.4434356689453,0.0,91.39208221435547,101.77737426757812,0.30533212423324585,152.6660614013672,554.7954406738281,425.5707053542137,129.2247353196144
4,8,35,10,2026,TERM_LIFE,42,True,131179.1,0.00467,0.034993775,0.96049964,0.95517945,0.60068524,0.67683935,0.7106813,0.0,140.71004,11.597549,70.35502,211.06506,222.66261,249.0658,82.80929,0.0,0.42689577,704.7128,965.36,579.8775,423.3106,367.9836,2623.5818,0.0,129.06972,231.951,147.19345,0.44158036,220.79016,582.25244140625,727.0709228515625,144.8184814453125,412.10809326171875,300.83892822265625,164.84324645996094,249.0657958984375,0.0,87.35946655273438,99.6263198852539,0.2988789677619934,149.43946838378906,511.73441314697266,401.94106036424637,109.79335278272629
4,9,35,10,2026,TERM_LIFE,43,True,131179.1,0.00503,0.030119421,0.9650021,0.96049964,0.57695794,0.6446089,0.67683935,0.0,147.74554,11.1394415,73.87277,221.61832,232.75775,245.39915,79.94005,0.0,0.39050785,704.7128,965.36,556.9721,406.58966,380.69464,1311.7913,0.0,130.24666,222.78885,152.27786,0.4568336,228.41678,581.9091186523438,709.25,127.34088134765625,376.98065185546875,275.1958923339844,150.79226684570312,245.39915466308594,0.0,83.95816040039062,98.15966796875,0.29447901248931885,147.23948669433594,475.14031982421875,382.284392952919,92.85592687129974
4,10,35,10,2026,TERM_LIFE,44,True,131179.1,0.0054200003,0.025924027,0.96879643,0.9650021,0.5567656,0.61391324,0.6446089,0.0,155.13281,10.749585,77.56641,232.69922,243.4488,243.02074,77.47599,0.0,0.35889608,704.7128,965.36,537.47925,392.35986,395.8552,0.0,10.171548,132.03008,214.9917,158.34209,0.47502628,237.5131,595.1814575195312,695.8213500976562,100.639892578125,346.46392822265625,252.91867065429688,138.5855712890625,243.02073669433594,6.244447708129883,81.05500793457031,97.20830535888672,0.29162493348121643,145.81243896484375,443.67223358154297,371.98909083008766,71.6831427514553
5,1,39,10,2026,TERM_LIFE,39,True,50980.555,0.0037500001,0.1,0.896625,1.0,1.0,0.95238096,1.0,500.0,100.0,13.034843,50.0,650.0,663.03485,182.07343,557.1429,0.0,1.0,475.77182,651.7422,651.7422,475.77182,191.1771,4588.25,0.0,596.7313,260.69687,76.47084,0.22941253,114.70625,972.3638305664062,728.2130126953125,-244.15081787109375,651.7421875,475.7718200683594,260.6968688964844,182.07342529296875,0.0,568.3155517578125,72.8293685913086,0.21848812699317932,109.24404907226562,724.5715560913086,938.4749578535557,-213.90340176224709
5,2,39,10,2026,TERM_LIFE,40,True,50980.555,0.00403,0.0860708,0.9102461,0.896625,0.896625,0.90702945,0.95238096,0.0,104.99999,11.6873665,52.499996,157.49998,169.18735,167.08669,117.06453,0.0,0.85392857,475.77182,651.7422,584.36835,426.5889,184.21307,4078.4446,0.0,138.64087,233.74734,73.685234,0.22105572,110.52784,483.1371154785156,658.0535888671875,174.91647338867188,556.541259765625,406.275146484375,222.61651611328125,167.08668518066406,0.0,125.75135040283203,66.83467864990234,0.20050404965877533,100.25200653076172,623.3759384155273,448.8203770965338,174.55556131899357
5,3,39,10,2026,TERM_LIFE,41,True,50980.555,0.00434,0.07408182,0.9218997,0.9102461,0.81614935,0.8638376,0.90702945,0.0,110.25,10.638379,55.125,165.375,176.01338,155.98975,107.95536,0.0,0.7402715,475.77182,651.7422,531.91895,388.30087,180.57762,3568.639,0.0,133.01112,212.76758,72.23105,0.21669315,108.34657,454.34197998046875,604.1500244140625,149.80804443359375,482.4661560058594,352.2003173828125,192.98646545410156,155.98974609375,0.0,114.90000915527344,62.395896911621094,0.18718768656253815,93.59384155273438,544.8620529174805,401.6675038486719,143.19454906880856
5,4,39,10,2026,TERM_LIFE,42,True,50980.555,0.00467,0.063762814,0.931865,0.9218997,0.75240785,0.82270247,0.8638376,0.0,115.7625,9.807519,57.88125,173.64374,183.45126,147.37288,100.63317,0.0,0.6499582,475.77182,651.7422,490.37595,357.97446,179.13266,3058.8335,0.0,129.22899,196.15038,71.65307,0.21495922,107.47959,433.07391357421875,562.0289916992188,128.955078125,423.6051940917969,309.2317810058594,169.4420623779297,147.3728790283203,0.0,106.31700897216797,58.94915771484375,0.17684747278690338,88.42372131347656,482.5543518066406,364.3596401363611,118.1947116702795
5,5,39,10,2026,TERM_LIFE,43,True,50980.555,0.00503,0.054881163,0.9403649,0.931865,0.70114255,0.7835262,0.82270247,0.0,121.55062,9.139283,60.77531,182.32593,191.46521,140.8745,94.666145,0.0,0.5768317,475.77182,651.7422,456.96417,333.58386,179.79552,2549.0278,0.0,126.876915,182.78568,71.918205,0.21575461,107.87731,417.75567626953125,528.8823852539062,111.126708984375,375.945556640625,274.4402770996094,150.3782196044922,140.87449645996094,0.0,99.41138458251953,56.349796295166016,0.16904938220977783,84.52469635009766,432.295352935791,334.48334991931915,97.81200301647186
5,6,39,10,2026,TERM_LIFE,44,True,50980.555,0.0054200003,0.047236655,0.9475993,0.9403649,0.65932983,0.7462154,0.7835262,0.0,127.62816,8.594261,63.81408,191.44223,200.0365,135.94736,89.74075,0.0,0.51660216,475.77182,651.7422,429.71307,313.69055,182.18246,2039.2222,0.0,125.65998,171.88524,72.872986,0.21861896,109.30948,407.07330322265625,502.5860595703125,95.51275634765625,336.6914367675781,245.78475952148438,134.6765899658203,135.94735717773438,0.0,93.76941680908203,54.378944396972656,0.16313683986663818,81.56842041015625,391.0703811645508,310.17756402492523,80.89281713962555
5,7,39,10,2026,TERM_LIFE,45,True,50980.555,0.0058500003,0.040656965,0.9537308,0.9475993,0.6247805,0.7106813,0.7462154,0.0,134.00957,8.143916,67.00478,201.01434,209.15826,132.4228,85.625534,0.0,0.46622083,475.77182,651.7422,407.1958,297.25293,186.33218,1529.4167,0.0,125.36502,162.87833,74.532875,0.22359863,111.79931,400.2662658691406,481.7286682128906,81.46240234375,303.85577392578125,221.81471252441406,121.54231262207031,132.4228057861328,0.0,89.0945816040039,52.96912384033203,0.15890736877918243,79.45368194580078,356.8248977661133,290.2494835406542,66.5754142254591
5,8,39,10,2026,TERM_LIFE,46,True,50980.555,0.0063300002,0.034993775,0.9588977,0.9537308,0.5958724,0.67683935,0.7106813,0.0,140.71004,7.7671037,70.35502,211.06506,218.83217,130.1509,82.1458,0.0,0.42347538,475.77182,651.7422,388.3552,283.4993,192.29214,1019.6111,0.0,125.83301,155.34209,76.91686,0.23075059,115.37528,396.7810974121094,465.2720642089844,68.490966796875,275.9967956542969,201.4776611328125,110.39871978759766,130.15089416503906,0.0,85.16873168945312,52.060359954833984,0.15618108212947845,78.09053039550781,328.05715560913086,273.8141629546881,54.24299265444279
5,9,39,10,2026,TERM_LIFE,47,True,50980.555,0.00686,0.030119421,0.9632272,0.9588977,0.5713807,0.6446089,0.67683935,0.0,147.74554,7.4478574,73.87277,221.61832,229.06618,128.81027,79.16729,0.0,0.38673294,475.77182,651.7422,372.39288,271.84683,199.82701,509.8057,0.0,126.94184,148.95715,79.93081,0.23979242,119.8962,396.0350036621094,452.3236999511719,56.2886962890625,252.05015563964844,183.9966278076172,100.82006072998047,128.81027221679688,0.0,81.82784271240234,51.524112701416016,0.15457233786582947,77.28616333007812,303.57426834106445,260.08863911032677,43.485629230737686
5,10,39,10,2026,TERM_LIFE,48,True,50980.555,0.00745,0.025924027,0.9668191,0.9632272,0.55036944,0.61391324,0.6446089,0.0,155.13281,7.1739793,77.56641,232.69922,239.8732,128.32822,76.585945,0.0,0.35477304,475.77182,651.7422,358.69897,261.85028,209.03314,0.0,6.7882133,128.59642,143.4796,83.61326,0.2508398,125.41988,404.53497314453125,442.3122253417969,37.777252197265625,231.22055053710938,168.79103088378906,92.48822784423828,128.32821655273438,4.167374134063721,78.9470443725586,51.3312873840332,0.1539938747882843,76.9969253540039,282.5518379211426,252.7535655796528,29.798272341489792
6,1,31,10,2026,TERM_LIFE,31,True,63143.51,0.00269,0.1,0.89757895,1.0,1.0,0.95238096,1.0,500.0,100.0,11.4239855,50.0,650.0,661.424,161.76767,557.1429,0.0,1.0,416.97546,571.1993,571.1993,416.97546,169.85605,5682.916,0.0,595.2816,228.47972,67.94242,0.20382726,101.91363,925.8788452148438,639.1417236328125,-286.73712158203125,571.1992797851562,416.9754638671875,228.47972106933594,161.76766967773438,0.0,566.9348754882812,64.70706939697266,0.19412119686603546,97.06060028076172,635.9063491821289,892.6693180352449,-256.76296885311604
6,2,31,10,2026,TERM_LIFE,32,True,63143.51,0.00275,0.0860708,0.91141593,0.89757895,0.89757895,0.90702945,0.95238096,0.0,104.99999,10.253929,52.499996,157.49998,167.7539,141.36942,117.18907,0.0,0.8548371,416.97546,571.1993,512.6965,374.2684,155.85979,5051.481,0.0,137.6125,205.0786,62.343914,0.18703175,93.51587,436.3940124511719,575.0404052734375,138.64639282226562,488.2823486328125,356.44610595703125,195.31295776367188,141.36941528320312,0.0,124.81859588623047,56.547767639160156,0.16964329779148102,84.82164764404297,544.8301162719727,405.1228445917368,139.70727168023586
6,3,31,10,2026,TERM_LIFE,33,True,63143.51,0.00282,0.07408182,0.92330706,0.91141593,0.8180678,0.8638376,0.90702945,0.0,110.25,9.345594,55.125,165.375,174.7206,125.834366,108.209114,0.0,0.74201155,416.97546,571.1993,467.27972,341.1142,145.669,4420.046,0.0,132.34453,186.9119,58.267605,0.17480282,87.4014,406.8326416015625,525.5473022460938,118.71466064453125,423.8364562988281,309.400634765625,169.5345916748047,125.83436584472656,0.0,114.32418060302734,50.33374786376953,0.15100125968456268,75.5006103515625,474.17020416259766,359.5103838890791,114.65982027351856
6,4,31,10,2026,TERM_LIFE,34,True,63143.51,0.0029000002,0.063762814,0.9335221,0.92330706,0.75532776,0.82270247,0.8638376,0.0,115.7625,8.628854,57.88125,173.64374,182.2726,113.79024,101.0237,0.0,0.65248054,416.97546,571.1993,431.4427,314.95316,138.31274,3788.6108,0.0,128.89697,172.57707,55.3251,0.1659753,82.98764,384.6276550292969,486.7677917480469,102.14013671875,372.6964111328125,272.0683898925781,149.0785675048828,113.79023742675781,0.0,106.04385375976562,45.51609802246094,0.13654829561710358,68.27413940429688,418.21250915527344,323.5331089645624,94.67940019071102
6,5,31,10,2026,TERM_LIFE,35,True,63143.51,0.00301,0.054881163,0.94227403,0.9335221,0.70511514,0.7835262,0.82270247,0.0,121.55062,8.055225,60.77531,182.32593,190.38115,105.004715,95.20251,0.0,0.58009994,416.97546,571.1993,402.76126,294.01572,134.01558,3157.1755,0.0,126.87335,161.1045,53.60623,0.1608187,80.40935,368.54803466796875,456.36749267578125,87.8194580078125,331.3526916503906,241.887451171875,132.54107666015625,105.00471496582031,0.0,99.4085922241211,42.00188446044922,0.12600566446781158,63.002830505371094,373.35457611083984,295.07850505411625,78.2760710567236
6,6,31,10,2026,TERM_LIFE,36,True,63143.51,0.0031400002,0.047236655,0.94977164,0.94227403,0.66441166,0.7462154,0.7835262,0.0,127.62816,7.5902295,63.81408,191.44223,199.03246,98.30144,90.43244,0.0,0.5205839,416.97546,571.1993,379.51147,277.04337,131.73332,2525.7402,0.0,125.992935,151.8046,52.69333,0.15807998,79.03999,356.99560546875,432.2048034667969,75.20919799804688,297.357177734375,217.0707244873047,118.94287872314453,98.30143737792969,0.0,94.01786804199219,39.32057189941406,0.11796171963214874,58.98086166381836,336.67774963378906,272.0595701485872,64.61817948520184
6,7,31,10,2026,TERM_LIFE,37,True,63143.51,0.0033,0.040656965,0.9561772,0.94977164,0.6310394,0.7106813,0.7462154,0.0,134.00957,7.208985,67.00478,201.01434,208.22333,93.44887,86.483315,0.0,0.4708913,416.97546,571.1993,360.44925,263.12793,131.49194,1894.3054,0.0,126.05491,144.1797,52.59678,0.15779033,78.895164,349.28753662109375,413.0460205078125,63.75848388671875,268.9727783203125,196.35011291503906,107.589111328125,93.44886779785156,0.0,89.58486938476562,37.379547119140625,0.11213864386081696,56.06932067871094,306.3523254394531,253.35544003546238,52.996885403990746
6,8,31,10,2026,TERM_LIFE,38,True,63143.51,0.0035100002,0.034993775,0.9616191,0.9561772,0.60338545,0.67683935,0.7106813,0.0,140.71004,6.8930664,70.35502,211.06506,217.95813,90.51411,83.18153,0.0,0.42881477,416.97546,571.1993,344.65332,251.59692,133.73056,1262.8701,0.0,126.910645,137.86133,53.492226,0.16047668,80.238335,345.1707763671875,398.1455383300781,52.974761962890625,244.9386749267578,178.80523681640625,97.97547149658203,90.51410675048828,0.0,85.89811706542969,36.20564270019531,0.10861693322658539,54.30846405029297,281.1443176269531,238.29066954553127,42.85364808142185
6,9,31,10,2026,TERM_LIFE,39,True,63143.51,0.0037500001,0.030119421,0.9662435,0.9616191,0.58022696,0.6446089,0.67683935,0.0,147.74554,6.6285043,73.87277,221.61832,228.24683,88.56339,80.39298,0.0,0.39272043,416.97546,571.1993,331.42523,241.9404,137.39088,631.43524,0.0,128.4461,132.5701,54.956356,0.16486907,82.434525,343.6156005859375,386.381591796875,42.7659912109375,224.32164001464844,163.75477600097656,89.7286605834961,88.56339263916016,0.0,82.7975082397461,35.425357818603516,0.10627607256174088,53.138031005859375,259.74699783325195,225.7704759016633,33.97652193158865
6,10,31,10,2026,TERM_LIFE,40,True,63143.51,0.00403,0.025924027,0.9701505,0.9662435,0.5606405,0.61391324,0.6446089,0.0,155.13281,6.404749,77.56641,232.69922,239.10397,87.5841,78.0152,0.0,0.36139387,416.97546,571.1993,320.23746,233.77335,142.66527,0.0,6.0603466,130.57622,128.09499,57.06611,0.17119832,85.59916,350.50189208984375,377.3035583496094,26.801666259765625,206.42791748046875,150.6923828125,82.5711669921875,87.58409881591797,3.720526933670044,80.16246795654297,35.03363800048828,0.10510091483592987,52.55045700073242,241.46155548095703,219.10971979796886,22.351835682988167
7,1,39,10,2026,TERM_LIFE,39,True,55064.445,0.0037500001,0.1,0.896625,1.0,1.0,0.95238096,1.0,500.0,100.0,13.567658,50.0,650.0,663.5677,196.65875,557.1429,0.0,1.0,495.21954,678.38293,678.38293,495.21954,206.49168,4955.8003,0.0,597.2109,271.35318,82.59667,0.24779002,123.89501,992.7069091796875,760.9796142578125,-231.727294921875,678.3829345703125,495.21954345703125,271.3531799316406,196.65875244140625,0.0,568.7722778320312,78.66349792480469,0.2359904944896698,117.99524688720703,757.0464324951172,958.3566951453686,-201.3102626502514
7,2,39,10,2026,TERM_LIFE,40,True,55064.445,0.00403,0.0860708,0.9102461,0.896625,0.896625,0.90702945,0.95238096,0.0,104.99999,12.165101,52.499996,157.49998,169.66508,180.47145,117.06453,0.0,0.85392857,495.21954,678.38293,608.25507,444.0262,198.96979,4405.156,0.0,139.03235,243.30203,79.58791,0.23876375,119.381874,501.95501708984375,687.8429565429688,185.887939453125,579.29052734375,422.8821105957031,231.71621704101562,180.47145080566406,0.0,126.10643768310547,72.18858337402344,0.21656575798988342,108.28287506103516,651.4791107177734,466.32209554314613,185.1570151746273
7,3,39,10,2026,TERM_LIFE,41,True,55064.445,0.00434,0.07408182,0.9218997,0.9102461,0.81614935,0.8638376,0.90702945,0.0,110.25,11.0732355,55.125,165.375,176.44824,168.48558,107.95536,0.0,0.7402715,495.21954,678.38293,553.6618,404.1731,195.04312,3854.5112,0.0,133.33974,221.46472,78.01725,0.23405175,117.02587,472.0643615722656,631.6790771484375,159.61471557617188,502.18756103515625,366.5968933105469,200.87503051757812,168.48558044433594,0.0,115.18387603759766,67.39423370361328,0.20218269526958466,101.09134674072266,569.5817947387695,417.352435991168,152.2293587476015
7,4,39,10,2026,TERM_LIFE,42,True,55064.445,0.00467,0.063762814,0.931865,0.9218997,0.75240785,0.82270247,0.8638376,0.0,115.7625,10.208413,57.88125,173.64374,183.85216,159.17845,100.63317,0.0,0.6499582,495.21954,678.38293,510.42065,372.6071,193.4824,3303.867,0.0,129.51138,204.16826,77.39297,0.23217891,116.08944,450.00128173828125,587.8135986328125,137.81231689453125,440.9205627441406,321.87200927734375,176.36822509765625,159.17845153808594,0.0,106.54933166503906,63.67138671875,0.19101417064666748,95.50706481933594,504.5919494628906,378.6156357526779,125.97631371021271
7,5,39,10,2026,TERM_LIFE,43,True,55064.445,0.00503,0.054881163,0.9403649,0.931865,0.70114255,0.7835262,0.82270247,0.0,121.55062,9.512862,60.77531,182.32593,191.83879,152.1595,94.666145,0.0,0.5768317,495.21954,678.38293,475.64313,347.21948,194.19836,2753.2224,0.0,127.12447,190.25725,77.679344,0.23303804,116.51902,434.1337890625,553.3224487304688,119.18865966796875,391.3127746582031,285.6583251953125,156.5251007080078,152.1595001220703,0.0,99.60535430908203,60.863800048828125,0.18259140849113464,91.29570007324219,452.17657470703125,347.60874649882317,104.56782820820808
7,6,39,10,2026,TERM_LIFE,44,True,55064.445,0.0054200003,0.047236655,0.9475993,0.9403649,0.65932983,0.7462154,0.7835262,0.0,127.62816,8.945562,63.81408,191.44223,200.38779,146.83768,89.74075,0.0,0.51660216,495.21954,678.38293,447.2781,326.51303,196.77654,2202.578,0.0,125.88065,178.91124,78.71062,0.23613186,118.06592,423.09393310546875,525.9887084960938,102.894775390625,350.4541015625,255.83151245117188,140.181640625,146.83767700195312,0.0,93.93408203125,58.73507308959961,0.17620523273944855,88.10260772705078,409.1891746520996,322.39453561604023,86.79463903605938
7,7,39,10,2026,TERM_LIFE,45,True,55064.445,0.0058500003,0.040656965,0.9537308,0.9475993,0.6247805,0.7106813,0.7462154,0.0,134.00957,8.476809,67.00478,201.01434,209.49115,143.03078,85.625534,0.0,0.46622083,495.21954,678.38293,423.84042,309.4035,201.25867,1651.9335,0.0,125.564545,169.53618,80.50347,0.24151042,120.755196,416.097412109375,504.3439025878906,88.24649047851562,316.2762451171875,230.88165283203125,126.51050567626953,143.03077697753906,0.0,89.23637390136719,57.21231460571289,0.1716369390487671,85.8184585571289,373.4885597229004,301.7369750738144,71.751584649086
7,8,39,10,2026,TERM_LIFE,46,True,55064.445,0.0063300002,0.034993775,0.9588977,0.9537308,0.5958724,0.67683935,0.7106813,0.0,140.71004,8.084594,70.35502,211.06506,219.14966,140.57687,82.1458,0.0,0.42347538,495.21954,678.38293,404.22968,295.08765,207.69606,1101.289,0.0,126.01557,161.69188,83.07842,0.24923527,124.61764,412.5743103027344,487.30810546875,74.73379516601562,287.2784729003906,209.71327209472656,114.9113998413086,140.57687377929688,0.0,85.29229736328125,56.23074722290039,0.16869224607944489,84.34612274169922,343.509220123291,284.7185121923685,58.79070793092251
7,9,39,10,2026,TERM_LIFE,47,True,55064.445,0.00686,0.030119421,0.9632272,0.9588977,0.5713807,0.6446089,0.67683935,0.0,147.74554,7.752298,73.87277,221.61832,229.37062,139.12886,79.16729,0.0,0.38673294,495.21954,678.38293,387.6149,282.95886,215.83452,550.6446,0.0,127.11055,155.04596,86.33381,0.25900143,129.5007,411.9162292480469,473.9486999511719,62.032470703125,262.35302734375,191.5177001953125,104.94120788574219,139.1288604736328,0.0,81.93659210205078,55.65154266357422,0.1669546365737915,83.47731018066406,318.0045700073242,270.5220648050308,47.482505202293396
7,10,39,10,2026,TERM_LIFE,48,True,55064.445,0.00745,0.025924027,0.9668191,0.9632272,0.55036944,0.61391324,0.6446089,0.0,155.13281,7.4672246,77.56641,232.69922,240.16644,138.60818,76.585945,0.0,0.35477304,495.21954,678.38293,373.36124,272.5537,225.77812,0.0,7.0656896,128.75362,149.3445,90.31125,0.27093375,135.46687,420.901611328125,463.6724853515625,42.7708740234375,240.67198181152344,175.6905517578125,96.26879119873047,138.60818481445312,4.3377203941345215,79.04354858398438,55.44327163696289,0.16632981598377228,83.16490936279297,296.1152534484863,262.9812993556261,33.13395409286022
8,1,30,10,2026,TERM_LIFE,30,True,103915.32,0.00263,0.1,0.89763296,1.0,1.0,0.95238096,1.0,500.0,100.0,14.363628,50.0,650.0,664.36365,260.28314,557.1429,0.0,1.0,524.27246,718.18146,718.18146,524.27246,273.2973,9352.379,0.0,597.92725,287.27258,109.318924,0.3279568,163.97838,1049.5062255859375,827.5003662109375,-222.005859375,718.1814575195312,524.2724609375,287.2725830078125,260.28314208984375,0.0,569.4545288085938,104.1132583618164,0.31233981251716614,156.16989135742188,822.2947158813477,1013.2093429863453,-190.91462710499763
8,2,30,10,2026,TERM_LIFE,31,True,103915.32,0.00269,0.0860708,0.9114707,0.89763296,0.89763296,0.90702945,0.95238096,0.0,104.99999,12.893267,52.499996,157.49998,170.39325,227.58939,117.19613,0.0,0.85488856,524.27246,718.18146,644.6633,470.60425,250.91731,8313.226,0.0,139.78603,257.86533,100.36693,0.3011008,150.55038,548.5028686523438,745.0302734375,196.52740478515625,613.965087890625,448.19451904296875,245.58602905273438,227.58938598632812,0.0,126.7900390625,91.03575897216797,0.27310729026794434,136.5536346435547,705.000846862793,509.202810049057,195.79803681373596
8,3,30,10,2026,TERM_LIFE,32,True,103915.32,0.00275,0.07408182,0.9233719,0.9114707,0.81816614,0.8638376,0.90702945,0.0,110.25,11.751835,55.125,165.375,177.12683,201.96953,108.22213,0.0,0.7421008,524.27246,718.18146,587.59174,428.942,233.80498,7274.0723,0.0,134.1833,235.0367,93.521996,0.280566,140.28299,509.7835693359375,681.1137084960938,171.33013916015625,532.9630126953125,389.0630187988281,213.18521118164062,201.9695281982422,0.0,115.91258239746094,80.7878189086914,0.24236346781253815,121.18172454833984,613.7508316040039,450.52188159525394,163.22895000874996
8,4,30,10,2026,TERM_LIFE,33,True,103915.32,0.00282,0.063762814,0.933597,0.9233719,0.75547165,0.82270247,0.8638376,0.0,115.7625,10.851315,57.88125,173.64374,184.49506,182.13344,101.042946,0.0,0.6526048,524.27246,718.18146,542.56573,396.07297,221.38434,6234.9194,0.0,130.49347,217.02629,88.553734,0.2656612,132.8306,480.6159973144531,631.1194458007812,150.50344848632812,468.6886901855469,342.1427307128906,187.4754638671875,182.13343811035156,0.0,107.3572998046875,72.85337829589844,0.218560129404068,109.28005981445312,541.5420684814453,404.3313836157322,137.21068486571312
8,5,30,10,2026,TERM_LIFE,34,True,103915.32,0.0029000002,0.054881163,0.942378,0.933597,0.7053061,0.7835262,0.82270247,0.0,121.55062,10.130755,60.77531,182.32593,192.45668,166.53624,95.228294,0.0,0.58025706,524.27246,718.18146,506.53778,369.77258,212.54713,5195.766,0.0,128.29126,202.61511,85.01885,0.25505656,127.52828,458.6897277832031,591.556640625,132.86691284179688,416.7298889160156,304.21282958984375,166.69195556640625,166.53623962402344,0.0,100.51956176757812,66.61449432373047,0.19984349608421326,99.92174530029297,483.3443832397461,367.33310613036156,116.01127710938454
8,6,30,10,2026,TERM_LIFE,35,True,103915.32,0.00301,0.047236655,0.9498955,0.942378,0.6646649,0.7462154,0.7835262,0.0,127.62816,9.547001,63.81408,191.44223,200.98923,155.13617,90.4669,0.0,0.52078235,524.27246,718.18146,477.35004,348.4655,207.89731,4156.613,0.0,127.28012,190.94002,83.15893,0.24947679,124.73838,443.2079772949219,560.5089721679688,117.30099487304688,374.0162658691406,273.0318603515625,149.60650634765625,155.13616943359375,0.0,94.97838592529297,62.054473876953125,0.18616342544555664,93.08170318603516,436.07073974609375,337.85275888442993,98.21798086166382
8,7,30,10,2026,TERM_LIFE,36,True,103915.32,0.0031400002,0.040656965,0.9563307,0.9498955,0.6313622,0.7106813,0.7462154,0.0,134.00957,9.068652,67.00478,201.01434,210.083,146.4073,86.52756,0.0,0.4711322,524.27246,718.18146,453.43262,331.00583,206.00978,3117.4597,0.0,127.24578,181.37305,82.403915,0.24721175,123.605865,432.471923828125,535.8365478515625,103.3646240234375,338.3583984375,247.00164794921875,135.34336853027344,146.4073028564453,0.0,90.43119812011719,58.562923431396484,0.17568877339363098,87.8443832397461,396.9213218688965,313.79463866353035,83.12668320536613
8,8,30,10,2026,TERM_LIFE,37,True,103915.32,0.0033,0.034993775,0.9618217,0.9563307,0.60379106,0.67683935,0.7106813,0.0,140.71004,8.67263,70.35502,211.06506,219.7377,140.14117,83.23744,0.0,0.42910302,524.27246,718.18146,433.63153,316.55103,207.05235,2078.3064,0.0,128.03284,173.45262,82.820946,0.24846284,124.23141,425.96533203125,516.4524536132812,90.48712158203125,308.173828125,224.96690368652344,123.26953887939453,140.14117431640625,0.0,86.65766143798828,56.05647659301758,0.16816942393779755,84.08470153808594,364.2303047180176,294.18007127940655,70.05023343861103
8,9,30,10,2026,TERM_LIFE,38,True,103915.32,0.0035100002,0.030119421,0.9664763,0.9618217,0.5807393,0.6446089,0.67683935,0.0,147.74554,8.341524,73.87277,221.61832,229.95984,136.54137,80.46397,0.0,0.3930672,524.27246,718.18146,417.0762,304.46564,211.82047,1039.1534,0.0,129.52437,166.83049,84.72819,0.25418457,127.09228,423.7013244628906,501.80438232421875,78.10305786132812,282.2935791015625,206.07432556152344,112.91744232177734,136.54136657714844,0.0,83.49256134033203,54.616546630859375,0.1638496369123459,81.92481231689453,336.9101257324219,278.49866561591625,58.41146011650562
8,10,30,10,2026,TERM_LIFE,39,True,103915.32,0.0037500001,0.025924027,0.97042316,0.9664763,0.5612708,0.61391324,0.6446089,0.0,155.13281,8.061885,77.56641,232.69922,240.76111,134.2735,78.102905,0.0,0.36180013,524.27246,718.18146,403.09427,294.25882,218.71738,0.0,7.6283736,131.62901,161.23772,87.48695,0.26246086,131.23042,431.98797607421875,490.58123779296875,58.59326171875,259.8381652832031,189.68185424804688,103.93527221679688,134.27349853515625,4.683159351348877,80.80879211425781,53.70940017700195,0.1611281931400299,80.56409454345703,313.5475654602051,270.1524464190006,43.39511904120445
9,1,50,10,2026,TERM_LIFE,50,True,25518.877,0.00882,0.1,0.892062,1.0,1.0,0.95238096,1.0,500.0,100.0,14.569729,50.0,650.0,664.5697,214.35857,557.1429,0.0,1.0,531.7951,728.48645,728.48645,531.7951,225.07649,2296.699,0.0,598.11273,291.3946,90.0306,0.2700918,135.0459,1024.8233642578125,818.5170288085938,-206.30633544921875,728.4864501953125,531.7951049804688,291.39459228515625,214.3585662841797,0.0,569.6311645507812,85.7434310913086,0.257230281829834,128.61514282226562,814.2298812866211,989.898129940033,-175.66824865341187
9,2,50,10,2026,TERM_LIFE,51,True,25518.877,0.0096099,0.0860708,0.9051465,0.892062,0.892062,0.90702945,0.95238096,0.0,104.99999,12.997102,52.499996,157.49998,170.49709,198.42522,116.46877,0.0,0.84958285,531.7951,728.48645,649.8551,474.3942,218.76381,2041.5101,0.0,139.00313,259.94205,87.50552,0.26251656,131.25829,530.4660034179688,737.360595703125,206.89459228515625,618.9096069335938,451.8039855957031,247.56385803222656,198.4252166748047,0.0,126.0799331665039,79.37008666992188,0.2381102442741394,119.05513000488281,698.2796936035156,492.9370314478874,205.3426621556282
9,3,50,10,2026,TERM_LIFE,52,True,25518.877,0.0104600005,0.07408182,0.91623306,0.9051465,0.8074468,0.8638376,0.90702945,0.0,110.25,11.76428,55.125,165.375,177.13928,186.18266,106.80424,0.0,0.732378,531.7951,728.48645,588.21405,429.39624,215.52971,1786.3214,0.0,132.43459,235.28563,86.21188,0.25863567,129.31783,497.2966613769531,674.4259033203125,177.12924194335938,533.5274658203125,389.47503662109375,213.41099548339844,186.1826629638672,0.0,114.4019775390625,74.47306823730469,0.2234192192554474,111.70960235595703,608.0005340576172,439.7459945976734,168.25453945994377
9,4,50,10,2026,TERM_LIFE,53,True,25518.877,0.01139,0.063762814,0.9255735,0.91623306,0.73980945,0.82270247,0.8638376,0.0,115.7625,10.778823,57.88125,173.64374,184.42256,176.9082,98.94816,0.0,0.6390752,531.7951,728.48645,538.94116,393.42703,215.03302,1531.1327,0.0,127.737915,215.57646,86.01321,0.25803962,129.0198,472.5921936035156,624.954345703125,152.36215209960938,465.5576477050781,339.8570556640625,186.22305297851562,176.908203125,0.0,105.09030151367188,70.76327514648438,0.21228983998298645,106.14491271972656,536.3209228515625,397.67055705189705,138.65036579966545
9,5,50,10,2026,TERM_LIFE,54,True,25518.877,0.0124,0.054881163,0.9333994,0.9255735,0.68474805,0.7835262,0.82270247,0.0,121.55062,9.976593,60.77531,182.32593,192.30252,169.7726,92.452614,0.0,0.56334394,531.7951,728.48645,498.82968,364.14566,216.67763,1275.9438,0.0,124.452095,199.53188,86.67105,0.26001316,130.00658,454.25054931640625,585.500732421875,131.25018310546875,410.3883972167969,299.5835266113281,164.15536499023438,169.77259826660156,0.0,97.511474609375,67.9090347290039,0.203727126121521,101.86355590820312,478.2974319458008,363.734122633934,114.56330931186676
9,6,50,10,2026,TERM_LIFE,55,True,25518.877,0.0135,0.047236655,0.93990105,0.9333994,0.6391434,0.7462154,0.7835262,0.0,127.62816,9.312146,63.81408,191.44223,200.75438,164.30768,86.9932,0.0,0.5007856,531.7951,728.48645,465.6073,339.89334,220.188,1020.755,0.0,122.24986,186.24292,88.0752,0.26422563,132.1128,440.86981201171875,553.6824951171875,112.81268310546875,364.8155212402344,266.3153381347656,145.92620849609375,164.30767822265625,0.0,91.2247314453125,65.72307586669922,0.197169229388237,98.58460235595703,430.5385971069336,335.9327115267515,94.60588558018208
9,7,50,10,2026,TERM_LIFE,56,True,25518.877,0.01471,0.040656965,0.9452311,0.93990105,0.60073155,0.7106813,0.7462154,0.0,134.00957,8.752496,67.00478,201.01434,209.76685,160.26164,82.32965,0.0,0.44827515,531.7951,728.48645,437.6248,319.4661,225.50423,765.56635,0.0,120.89023,175.04991,90.20169,0.2706051,135.30254,431.5132751464844,527.8264770507812,96.31320190429688,326.5623474121094,238.39051818847656,130.62493896484375,160.2616424560547,0.0,85.9144287109375,64.10466003417969,0.19231398403644562,96.156982421875,390.66700744628906,312.8886640816927,77.77834336459637
9,8,50,10,2026,TERM_LIFE,57,True,25518.877,0.01604,0.034993775,0.9495275,0.9452311,0.56783015,0.67683935,0.7106813,0.0,140.71004,8.273131,70.35502,211.06506,219.3382,157.31493,78.279945,0.0,0.40354627,531.7951,728.48645,413.65656,301.9693,232.4258,510.3775,0.4255789,120.18848,165.46263,92.97032,0.27891096,139.45547,425.8110656738281,506.62689208984375,80.81582641601562,293.9779968261719,214.60394287109375,117.59120178222656,157.31492614746094,0.28804853558540344,81.3482894897461,62.92597198486328,0.18877792358398438,94.38895416259766,356.90396881103516,293.8052718937397,63.098696917295456
9,9,50,10,2026,TERM_LIFE,58,True,25518.877,0.0175,0.030119421,0.9529077,0.9495275,0.5391703,0.6446089,0.67683935,0.0,147.74554,7.8555655,73.87277,221.61832,229.47388,155.21078,74.7044,0.0,0.3649317,531.7951,728.48645,392.7783,286.72815,240.78287,255.18883,4.4919467,119.998955,157.11131,96.31315,0.28893945,144.46973,426.36090087890625,489.0914306640625,62.73052978515625,265.8478088378906,194.0688934326172,106.33911895751953,155.21078491210938,2.8955488204956055,77.3523941040039,62.084312438964844,0.18625293672084808,93.12647247314453,327.93212127685547,279.8997872918844,48.03233398497105
9,10,50,10,2026,TERM_LIFE,59,True,25518.877,0.019089999,0.025924027,0.9554809,0.9529077,0.5137795,0.61391324,0.6446089,0.0,155.13281,7.4856286,77.56641,232.69922,240.18484,153.65662,71.494316,0.0,0.33118686,531.7951,728.48645,374.28143,273.22543,250.29044,0.0,7.0831037,120.20297,149.71257,100.11617,0.30034852,150.17426,427.4732666015625,474.3976135253906,46.924346923828125,241.26515197753906,176.12355041503906,96.50605773925781,153.6566162109375,4.3484110832214355,73.79419708251953,61.462642669677734,0.1843879371881485,92.19396209716797,302.7277946472168,267.0270159393549,35.7007787078619
10,1,51,10,2026,TERM_LIFE,51,True,43141.043,0.0096099,0.1,0.8913511,1.0,1.0,0.95238096,1.0,500.0,100.0,21.431408,50.0,650.0,671.4314,394.83917,557.1429,0.0,1.0,782.2464,1071.5704,1071.5704,782.2464,414.58112,3882.6938,0.0,604.28827,428.62817,165.83244,0.49749732,248.74867,1282.1624755859375,1237.40283203125,-44.7596435546875,1071.5704345703125,782.2463989257812,428.628173828125,394.83917236328125,0.0,575.5126342773438,157.93565368652344,0.4738069772720337,236.90350341796875,1229.506088256836,1241.5181185007095,-12.012030243873596
10,2,51,10,2026,TERM_LIFE,52,True,43141.043,0.0104600005,0.0860708,0.90436953,0.8913511,0.8913511,0.90702945,0.95238096,0.0,104.99999,19.10291,52.499996,157.49998,176.60289,364.83167,116.37596,0.0,0.8489058,782.2464,1071.5704,955.1455,697.25616,402.22693,3451.2837,0.0,143.86633,382.0582,160.89078,0.48267233,241.33615,767.7433471679688,1116.0362548828125,348.29290771484375,909.6624145507812,664.053466796875,363.8649597167969,364.8316650390625,0.0,130.49099731445312,145.93267822265625,0.43779802322387695,218.8990020751953,1055.5950927734375,713.6927571296692,341.9023356437683
10,3,51,10,2026,TERM_LIFE,53,True,43141.043,0.01139,0.07408182,0.91537195,0.90436953,0.8061108,0.8638376,0.90702945,0.0,110.25,17.27609,55.125,165.375,182.6511,342.16943,106.62752,0.0,0.73116624,782.2464,1071.5704,863.8045,630.5773,396.10388,3019.873,0.0,136.32942,345.52182,158.44156,0.4753247,237.66232,719.9888916015625,1022.24609375,302.2572021484375,783.4961547851562,571.9521484375,313.3984680175781,342.16943359375,0.0,117.7664794921875,136.86778259277344,0.4106033444404602,205.30165100097656,920.3639373779297,636.8772018551826,283.48673552274704
10,4,51,10,2026,TERM_LIFE,54,True,43141.043,0.0124,0.063762814,0.9246279,0.91537195,0.7378912,0.82270247,0.8638376,0.0,115.7625,15.814048,57.88125,173.64374,189.45778,324.74875,98.6916,0.0,0.63741815,782.2464,1071.5704,790.7024,577.2127,394.73413,2588.463,0.0,130.88524,316.28098,157.89366,0.473681,236.84047,684.4804077148438,948.5960693359375,264.11566162109375,683.0384521484375,498.6180419921875,273.21539306640625,324.7487487792969,0.0,107.67961120605469,129.89950561523438,0.3896985352039337,194.8492431640625,812.9379577636719,576.1339459717274,236.8040117919445
10,5,51,10,2026,TERM_LIFE,55,True,43141.043,0.0135,0.054881163,0.93235976,0.9246279,0.68227476,0.7835262,0.82270247,0.0,121.55062,14.622109,60.77531,182.32593,196.94804,311.34167,92.11867,0.0,0.5613091,782.2464,1071.5704,731.10547,533.707,397.35962,2157.0522,0.0,126.998146,292.4422,158.94385,0.47683156,238.41577,658.3328857421875,890.04931640625,231.7164306640625,601.4822998046875,439.08203125,240.59292602539062,311.3416748046875,0.0,99.5063705444336,124.53666687011719,0.3736100196838379,186.80499267578125,726.0189666748047,527.2778992652893,198.74106740951538
10,6,51,10,2026,TERM_LIFE,56,True,43141.043,0.01471,0.047236655,0.9387482,0.93235976,0.6361255,0.7462154,0.7835262,0.0,127.62816,13.633065,63.81408,191.44223,205.0753,301.23837,86.582436,0.0,0.49842098,782.2464,1071.5704,681.65326,497.60687,403.68823,1725.6417,0.0,124.29144,272.66132,161.4753,0.48442587,242.21294,639.650146484375,843.1285400390625,203.4783935546875,534.0932006835938,389.88800048828125,213.6372833251953,301.2383728027344,0.0,92.7481918334961,120.49535369873047,0.3614860475063324,180.74302673339844,654.5885543823242,487.4899879395962,167.09856644272804
10,7,51,10,2026,TERM_LIFE,57,True,43141.043,0.01604,0.040656965,0.9439551,0.9387482,0.59716165,0.7106813,0.7462154,0.0,134.00957,12.798015,67.00478,201.01434,213.81236,293.67148,81.8404,0.0,0.4456112,782.2464,1071.5704,639.90076,467.12756,413.22528,1294.2314,0.0,122.48943,255.96031,165.29012,0.49587038,247.93517,626.8807373046875,805.1908569335938,178.31011962890625,477.5038146972656,348.5777893066406,191.00152587890625,293.6714782714844,0.0,87.05094909667969,117.46859741210938,0.3524058163166046,176.20289611816406,594.972412109375,454.6077769100666,140.3646351993084
10,8,51,10,2026,TERM_LIFE,58,True,43141.043,0.0175,0.034993775,0.9481186,0.9439551,0.5636938,0.67683935,0.7106813,0.0,140.71004,12.080753,70.35502,211.06506,223.14581,288.04318,77.70972,0.0,0.40060666,782.2464,1071.5704,604.03766,440.94745,425.57095,862.82086,0.0,121.384186,241.61507,170.22838,0.51068515,255.34258,618.8524780273438,774.2660522460938,155.41357421875,429.2782897949219,313.37310791015625,171.71131896972656,288.0431823730469,0.0,82.1575927734375,115.2172622680664,0.3456518054008484,172.82589721679688,544.4955520629883,427.0404607653618,117.4550912976265
10,9,51,10,2026,TERM_LIFE,59,True,43141.043,0.019089999,0.030119421,0.9513656,0.9481186,0.5344486,0.6446089,0.67683935,0.0,147.74554,11.453986,73.87277,221.61832,233.0723,283.7258,74.050186,0.0,0.36173585,782.2464,1071.5704,572.69934,418.07053,440.15182,431.41055,5.647504,120.81333,229.07974,176.06073,0.5281822,264.0911,620.1598510742188,748.7600708007812,128.6002197265625,387.6254577636719,282.9665832519531,155.05018615722656,283.7257995605469,3.6404314041137695,77.87734985351562,113.49031829833984,0.34047096967697144,170.2354736328125,501.1157760620117,407.14391201734543,93.97186404466629
10,10,51,10,2026,TERM_LIFE,60,True,43141.043,0.0208401,0.025924027,0.9537761,0.9513656,0.50845605,0.61391324,0.6446089,0.0,155.13281,10.89693,77.56641,232.69922,243.59615,280.6408,70.75354,0.0,0.3277553,782.2464,1071.5704,544.8465,397.7379,457.13434,0.0,10.310968,120.64703,217.9386,182.85374,0.5485612,274.28058,623.7257690429688,727.7002563476562,103.9744873046875,351.2129211425781,256.3854064941406,140.48516845703125,280.64080810546875,6.330039978027344,74.06681060791016,112.25633239746094,0.3367689847946167,168.3844757080078,463.46925354003906,389.6032637357712,73.86598980426788
11,1,36,10,2026,TERM_LIFE,36,True,250985.38,0.0031400002,0.1,0.897174,1.0,1.0,0.95238096,1.0,500.0,100.0,32.770065,50.0,650.0,682.7701,750.56586,557.1429,0.0,1.0,1196.1074,1638.5033,1638.5033,1196.1074,788.0941,22588.684,0.0,614.49304,655.4013,315.23764,0.945713,472.85648,1743.6964111328125,1953.740966796875,210.0445556640625,1638.5032958984375,1196.107421875,655.4013061523438,750.5658569335938,0.0,585.2314453125,300.226318359375,0.9006790518760681,450.3395080566406,1938.7296142578125,1691.8729385733604,246.85667568445206
11,2,36,10,2026,TERM_LIFE,37,True,250985.38,0.0033,0.0860708,0.9109132,0.897174,0.897174,0.90702945,0.95238096,0.0,104.99999,29.400452,52.499996,157.49998,186.90044,674.00085,117.13621,0.0,0.8544514,1196.1074,1638.5033,1470.0226,1073.1165,743.08594,20078.83,0.0,153.24968,588.00903,297.23438,0.8917031,445.85156,1188.0020751953125,1767.2569580078125,579.2548828125,1400.021484375,1022.0156860351562,560.0086059570312,674.0008544921875,0.0,139.00196838378906,269.600341796875,0.808800995349884,404.4005126953125,1669.621826171875,1104.2198880314827,565.4019381403923
11,3,36,10,2026,TERM_LIFE,38,True,250985.38,0.0035100002,0.07408182,0.9226682,0.9109132,0.8172477,0.8638376,0.90702945,0.0,110.25,26.78126,55.125,165.375,192.15627,621.9298,108.10064,0.0,0.74126774,1196.1074,1638.5033,1339.063,977.51605,719.9615,17568.977,0.0,145.4055,535.6252,287.9846,0.86395377,431.9769,1113.87158203125,1627.047607421875,513.176025390625,1214.569580078125,886.6358642578125,485.82781982421875,621.9298095703125,0.0,125.60674285888672,248.77191162109375,0.7463157773017883,373.15789794921875,1463.3414916992188,985.338776409626,478.00271528959274
11,4,36,10,2026,TERM_LIFE,39,True,250985.38,0.0037500001,0.063762814,0.9327263,0.9226682,0.75404847,0.82270247,0.8638376,0.0,115.7625,24.710217,57.88125,173.64374,198.35396,583.8775,100.8526,0.0,0.6513754,1196.1074,1638.5033,1235.5109,901.923,709.7068,15059.123,0.0,140.0316,494.20435,283.88272,0.85164815,425.82407,1060.9117431640625,1519.3935546875,458.4818115234375,1067.28076171875,779.114990234375,426.91229248046875,583.8775024414062,0.0,115.204345703125,233.55101013183594,0.7006530165672302,350.3265075683594,1300.831771850586,893.1437987685204,407.6879730820656
11,5,36,10,2026,TERM_LIFE,40,True,250985.38,0.00403,0.054881163,0.94131005,0.9327263,0.70332086,0.7835262,0.82270247,0.0,121.55062,23.04787,60.77531,182.32593,205.3738,557.39166,94.96025,0.0,0.57862383,1196.1074,1638.5033,1152.3936,841.2473,711.3887,12549.269,0.0,136.51643,460.95743,284.55548,0.8536665,426.8332,1025.16064453125,1436.948974609375,411.788330078125,948.0770263671875,692.0962524414062,379.2308044433594,557.3916625976562,0.0,106.96420288085938,222.9566650390625,0.6688700318336487,334.4349670410156,1171.03369140625,821.298844397068,349.734847009182
11,6,36,10,2026,TERM_LIFE,41,True,250985.38,0.00434,0.047236655,0.9486283,0.94131005,0.662043,0.7462154,0.7835262,0.0,127.62816,21.695192,63.81408,191.44223,213.13742,538.13165,90.11004,0.0,0.518728,1196.1074,1638.5033,1084.7596,791.8745,721.1479,10039.414,0.0,134.44075,433.90387,288.45917,0.8653775,432.68872,1001.898681640625,1373.21875,371.320068359375,849.9375610351562,620.4544067382812,339.97503662109375,538.1316528320312,0.0,100.32176208496094,215.25267028808594,0.6457580327987671,322.8789978027344,1065.1902313232422,763.8215545415878,301.36867678165436
11,7,36,10,2026,TERM_LIFE,42,True,250985.38,0.00467,0.040656965,0.95486283,0.9486283,0.6280327,0.7106813,0.7462154,0.0,134.00957,20.580671,67.00478,201.01434,221.59502,523.14545,86.07125,0.0,0.46864766,1196.1074,1638.5033,1029.0336,751.1946,736.11816,7529.5615,0.0,133.51073,411.61343,294.44727,0.8833418,441.6709,987.6784057617188,1323.4808349609375,335.80242919921875,767.8806762695312,560.552978515625,307.15228271484375,523.1454467773438,0.0,94.88358306884766,209.2581787109375,0.6277745366096497,313.88726806640625,977.1388549804688,716.5509083867073,260.58794659376144
11,8,36,10,2026,TERM_LIFE,43,True,250985.38,0.00503,0.034993775,0.96015227,0.95486283,0.5996851,0.67683935,0.7106813,0.0,140.71004,19.65172,70.35502,211.06506,230.71678,512.419,82.6714,0.0,0.42618498,1196.1074,1638.5033,982.586,717.2878,757.0763,5019.707,0.0,133.51576,393.0344,302.83054,0.9084916,454.24576,981.7044067382812,1285.41650390625,303.71209716796875,698.3055419921875,509.7630310058594,279.32220458984375,512.4190063476562,0.0,90.36872100830078,204.96762084960938,0.6149028539657593,307.451416015625,903.2731628417969,677.7572444677353,225.51591837406158
11,9,36,10,2026,TERM_LIFE,44,True,250985.38,0.0054200003,0.030119421,0.9646238,0.96015227,0.575789,0.6446089,0.67683935,0.0,147.74554,18.868643,73.87277,221.61832,240.48695,504.90237,79.778076,0.0,0.38971663,1196.1074,1638.5033,943.4321,688.70544,783.2693,2509.8542,0.0,134.2991,377.37286,313.3077,0.9399231,469.96158,982.573486328125,1256.7398681640625,274.1663818359375,638.552001953125,466.1429443359375,255.42080688476562,504.9023742675781,0.0,86.57039642333984,201.9609375,0.6058828234672546,302.9414367675781,840.512939453125,645.5385228991508,194.97441655397415
11,10,36,10,2026,TERM_LIFE,45,True,250985.38,0.0058500003,0.025924027,0.9683776,0.9646238,0.55541974,0.61391324,0.6446089,0.0,155.13281,18.201141,77.56641,232.69922,250.90036,500.64816,77.28871,0.0,0.35802853,1196.1074,1638.5033,910.05707,664.3417,815.5031,0.0,17.222412,135.74237,364.02283,326.20126,0.9786038,489.30185,1007.2680053710938,1236.25830078125,228.99029541015625,586.6309204101562,428.2405700683594,234.65235900878906,500.6481628417969,10.573066711425781,83.33403778076172,200.25927734375,0.600777804851532,300.3888854980469,786.8901977539062,629.549126803875,157.34107095003128
12,1,25,10,2026,TERM_LIFE,25,True,195296.16,0.00243,0.1,0.89781296,1.0,1.0,0.95238096,1.0,500.0,100.0,19.52991,50.0,650.0,669.5299,451.97113,557.1429,0.0,1.0,712.84174,976.4955,976.4955,712.84174,474.56967,17576.652,0.0,602.5769,390.5982,189.82787,0.5694836,284.74182,1278.4864501953125,1166.3233642578125,-112.1630859375,976.4954833984375,712.8417358398438,390.59820556640625,451.97113037109375,0.0,573.8827514648438,180.78843688964844,0.542365312576294,271.18267822265625,1157.283920288086,1236.2060005664825,-78.9220802783966
12,2,25,10,2026,TERM_LIFE,26,True,195296.16,0.00246,0.0860708,0.91168094,0.89781296,0.89781296,0.90702945,0.95238096,0.0,104.99999,17.534206,52.499996,157.49998,175.0342,391.23358,117.219635,0.0,0.85506,712.84174,976.4955,876.7103,639.99854,431.33502,15623.692,0.0,143.62212,350.68414,172.53401,0.5176021,258.80103,753.6248779296875,1049.244384765625,295.6195068359375,834.9622192382812,609.5223999023438,333.9848937988281,391.23358154296875,0.0,130.2694854736328,156.49342346191406,0.46948033571243286,234.7401580810547,991.4556427001953,699.4640176892281,291.99162501096725
12,3,25,10,2026,TERM_LIFE,27,True,195296.16,0.00249,0.07408182,0.92361265,0.91168094,0.81851894,0.8638376,0.90702945,0.0,110.25,15.9856,55.125,165.375,181.3606,343.838,108.26879,0.0,0.7424208,712.84174,976.4955,799.28,583.4745,398.03546,13670.73,0.0,137.44984,319.712,159.21419,0.47764257,238.82127,696.4608154296875,958.4942016601562,262.03338623046875,724.9705200195312,529.228515625,289.9881896972656,343.8380126953125,0.0,118.73434448242188,137.5352020263672,0.4126056134700775,206.30279541015625,862.5057220458984,615.4379352033138,247.0677868425846
12,4,25,10,2026,TERM_LIFE,28,True,195296.16,0.0025300002,0.063762814,0.9338685,0.92361265,0.75599444,0.82270247,0.8638376,0.0,115.7625,14.764503,57.88125,173.64374,188.40823,307.30923,101.11287,0.0,0.65305644,712.84174,976.4955,738.22516,538.90436,373.53632,11717.77,0.0,133.35349,295.29007,149.41454,0.4482436,224.12178,653.213623046875,887.6397094726562,234.42608642578125,637.7066650390625,465.5258483886719,255.08267211914062,307.3092346191406,0.0,109.71024322509766,122.9237060546875,0.36877110600471497,184.3855438232422,760.63037109375,549.5472302734852,211.08314082026482
12,5,25,10,2026,TERM_LIFE,29,True,195296.16,0.00258,0.054881163,0.9426805,0.9338685,0.70599943,0.7835262,0.82270247,0.0,121.55062,13.788105,60.77531,182.32593,196.11403,278.72205,95.32191,0.0,0.5808275,712.84174,976.4955,689.4053,503.26587,355.72778,9764.808,0.0,130.85774,275.76212,142.29112,0.42687336,213.43666,620.4833984375,831.6964111328125,211.2130126953125,567.1754150390625,414.0380859375,226.87017822265625,278.7220458984375,0.0,102.53046417236328,111.48882293701172,0.33446645736694336,167.23321533203125,678.6642379760742,496.9683241844177,181.6959137916565
12,6,25,10,2026,TERM_LIFE,30,True,195296.16,0.00263,0.047236655,0.95025754,0.9426805,0.6655319,0.7462154,0.7835262,0.0,127.62816,12.997777,63.81408,191.44223,204.44,255.08359,90.58491,0.0,0.52146167,712.84174,976.4955,649.88885,474.41888,341.8364,7811.8457,0.0,129.63425,259.95554,136.73456,0.4102037,205.10184,595.1018676757812,786.6234130859375,191.52154541015625,509.2049255371094,371.7196044921875,203.6819610595703,255.08358764648438,0.0,96.73506927490234,102.03343200683594,0.3061003088951111,153.05015563964844,611.2383575439453,453.7732862830162,157.4650712609291
12,7,25,10,2026,TERM_LIFE,31,True,195296.16,0.00269,0.040656965,0.9567624,0.95025754,0.6324267,0.7106813,0.7462154,0.0,134.00957,12.351235,67.00478,201.01434,213.36559,236.11905,86.67345,0.0,0.47192654,712.84174,976.4955,617.56177,450.82013,332.24323,5858.885,0.0,129.45192,247.0247,132.8973,0.3986919,199.34593,576.2212524414062,750.4590454101562,174.23779296875,460.8341064453125,336.408935546875,184.33363342285156,236.11904907226562,0.0,91.99906158447266,94.44762420654297,0.2833428680896759,141.6714324951172,555.2817306518555,418.2874703705311,136.9942602813244
12,8,25,10,2026,TERM_LIFE,32,True,195296.16,0.00275,0.034993775,0.9623525,0.9567624,0.60508204,0.67683935,0.7106813,0.0,140.71004,11.817197,70.35502,211.06506,222.88226,219.95114,83.41542,0.0,0.4300205,712.84174,976.4955,590.85986,431.32773,324.96802,3905.9229,0.0,130.14273,236.34395,129.98721,0.38996166,194.9808,561.857421875,720.8470458984375,158.9896240234375,419.9130554199219,306.53656005859375,167.96522521972656,219.95114135742188,0.0,88.08572387695312,87.98046112060547,0.2639414072036743,131.97068786621094,507.89351654052734,388.2855783700943,119.60793817043304
12,9,25,10,2026,TERM_LIFE,33,True,195296.16,0.00282,0.030119421,0.9671455,0.9623525,0.5823022,0.6446089,0.67683935,0.0,147.74554,11.37231,73.87277,221.61832,232.99063,206.72241,80.68051,0.0,0.39412504,712.84174,976.4955,568.6155,415.08932,320.6943,1952.962,0.0,131.58463,227.4462,128.27773,0.3848332,192.41658,551.8322143554688,696.8931884765625,145.06097412109375,384.861328125,280.94879150390625,153.9445343017578,206.722412109375,0.0,84.82062530517578,82.68896484375,0.24806690216064453,124.03343963623047,467.55029296875,363.0466661453247,104.5036268234253
12,10,25,10,2026,TERM_LIFE,34,True,195296.16,0.0029000002,0.025924027,0.97125113,0.9671455,0.56317097,0.61391324,0.6446089,0.0,155.13281,10.998678,77.56641,232.69922,243.69789,195.81184,78.36732,0.0,0.36302504,712.84174,976.4955,549.9339,401.45178,318.95688,0.0,10.407247,133.68567,219.97356,127.582756,0.38274828,191.37411,555.8233642578125,677.5166625976562,121.69329833984375,354.4922790527344,258.7793884277344,141.7969207763672,195.8118438720703,6.389146327972412,82.07140350341797,78.32474517822266,0.2349742352962494,117.48710632324219,432.81702423095703,347.979551166296,84.83747306466103
13,1,36,10,2026,TERM_LIFE,36,True,19375.857,0.0031400002,0.1,0.897174,1.0,1.0,0.95238096,1.0,500.0,100.0,8.416926,50.0,650.0,658.41693,57.943043,557.1429,0.0,1.0,307.21783,420.84634,420.84634,307.21783,60.840195,1743.8271,0.0,592.5752,168.33855,24.336079,0.07300824,36.504116,797.4908447265625,445.18243408203125,-352.30841064453125,420.8463439941406,307.21783447265625,168.3385467529297,57.94304275512695,0.0,564.3573608398438,23.177217483520508,0.06953165680170059,34.76582336425781,444.02356147766113,767.531262613833,-323.5077011361718
13,2,36,10,2026,TERM_LIFE,37,True,19375.857,0.0033,0.0860708,0.9109132,0.897174,0.897174,0.90702945,0.95238096,0.0,104.99999,7.5514474,52.499996,157.49998,165.05144,52.032288,117.13621,0.0,0.8544514,307.21783,420.84634,377.5724,275.62787,57.3656,1550.0687,0.0,135.33452,151.02896,22.946241,0.06883873,34.419357,320.8516845703125,400.51861572265625,79.66693115234375,359.5927429199219,262.50274658203125,143.8371124267578,52.03228759765625,0.0,122.75239562988281,20.812915802001953,0.062438756227493286,31.219369888305664,380.4056587219238,297.8713167011738,82.53434202075005
13,3,36,10,2026,TERM_LIFE,38,True,19375.857,0.0035100002,0.07408182,0.9226682,0.9109132,0.8172477,0.8638376,0.90702945,0.0,110.25,6.8787136,55.125,165.375,172.25371,48.01245,108.10064,0.0,0.74126774,307.21783,420.84634,343.9357,251.07306,55.580414,1356.31,0.0,130.34515,137.57428,22.232166,0.0666965,33.348248,301.33441162109375,366.1678771972656,64.83346557617188,311.9598083496094,227.73065185546875,124.78392028808594,48.012451171875,0.0,112.5970458984375,19.204980850219727,0.057614944875240326,28.807470321655273,331.1647891998291,266.24605145305395,64.91873774677515
13,4,36,10,2026,TERM_LIFE,39,True,19375.857,0.0037500001,0.063762814,0.9327263,0.9226682,0.75404847,0.82270247,0.8638376,0.0,115.7625,6.3467703,57.88125,173.64374,179.99051,45.07485,100.8526,0.0,0.6513754,307.21783,420.84634,317.33853,231.65714,54.78876,1162.5515,0.0,127.06759,126.93542,21.915504,0.065746516,32.873257,286.9419860839844,339.2540283203125,52.312042236328125,274.12896728515625,200.11415100097656,109.6515884399414,45.07484817504883,0.0,104.538818359375,18.029939651489258,0.05408982187509537,27.04490852355957,292.1589069366455,241.28940514475107,50.869501791894436
13,5,36,10,2026,TERM_LIFE,40,True,19375.857,0.00403,0.054881163,0.94131005,0.9327263,0.70332086,0.7835262,0.82270247,0.0,121.55062,5.9198003,60.77531,182.32593,188.24573,43.03016,94.96025,0.0,0.57862383,307.21783,420.84634,295.99002,216.07271,54.9186,968.7929,0.0,125.131035,118.39601,21.96744,0.06590232,32.951157,276.5440979003906,317.95745849609375,41.413360595703125,243.51171875,177.7635498046875,97.40469360351562,43.03015899658203,0.0,98.04344177246094,17.212064743041992,0.05163619667291641,25.81809425354004,260.723783493042,221.31786582618952,39.405917666852474
13,6,36,10,2026,TERM_LIFE,41,True,19375.857,0.00434,0.047236655,0.9486283,0.94131005,0.662043,0.7462154,0.7835262,0.0,127.62816,5.572367,63.81408,191.44223,197.0146,41.54331,90.11004,0.0,0.518728,307.21783,420.84634,278.61838,203.3914,55.672005,775.0343,0.0,124.27095,111.44735,22.268803,0.066806406,33.403202,269.18829345703125,300.8871765136719,31.698883056640625,218.30479431152344,159.36248779296875,87.32191467285156,41.54330825805664,0.0,92.73289489746094,16.61732292175293,0.04985196888446808,24.925983428955078,234.92211723327637,205.03064496815205,29.89147226512432
13,7,36,10,2026,TERM_LIFE,42,True,19375.857,0.00467,0.040656965,0.95486283,0.9486283,0.6280327,0.7106813,0.7462154,0.0,134.00957,5.286105,67.00478,201.01434,206.30045,40.386383,86.07125,0.0,0.46864766,307.21783,420.84634,264.30527,192.94284,56.827698,581.27576,0.0,124.29576,105.72211,22.73108,0.06819324,34.09662,264.1827087402344,287.0363464355469,22.8536376953125,197.22866821289062,143.97691345214844,78.89146423339844,40.386383056640625,0.0,88.33467864990234,16.154552459716797,0.04846366494894028,24.231830596923828,213.38322067260742,191.50643714517355,21.876783527433872
13,8,36,10,2026,TERM_LIFE,43,True,19375.857,0.00503,0.034993775,0.96015227,0.95486283,0.5996851,0.67683935,0.7106813,0.0,140.71004,5.0475054,70.35502,211.06506,216.11256,39.55831,82.6714,0.0,0.42618498,307.21783,420.84634,252.37527,184.23395,58.445644,387.51715,0.0,125.0643,100.95011,23.378258,0.070134774,35.067387,261.15191650390625,275.7535400390625,14.60162353515625,179.3583984375,130.93162536621094,71.74335479736328,39.558311462402344,0.0,84.6484375,15.823325157165527,0.04746997356414795,23.734987258911133,195.18172359466553,180.17424952983856,15.007474064826965
13,9,36,10,2026,TERM_LIFE,44,True,19375.857,0.0054200003,0.030119421,0.9646238,0.96015227,0.575789,0.6446089,0.67683935,0.0,147.74554,4.8463736,73.87277,221.61832,226.46469,38.97803,79.778076,0.0,0.38971663,307.21783,420.84634,242.31868,176.89264,60.46772,193.75862,1.9676584,126.46842,96.927475,24.187088,0.072561264,36.280632,261.71673583984375,266.5057678222656,4.789031982421875,164.0108184814453,119.72789764404297,65.60433197021484,38.978031158447266,1.2683701515197754,81.52267456054688,15.591212272644043,0.04677363857626915,23.386817932128906,179.60203075408936,171.82896825298667,7.773062501102686
13,10,36,10,2026,TERM_LIFE,45,True,19375.857,0.0058500003,0.025924027,0.9683776,0.9646238,0.55541974,0.61391324,0.6446089,0.0,155.13281,4.674927,77.56641,232.69922,237.37415,38.649612,77.28871,0.0,0.35802853,307.21783,420.84634,233.74637,170.63486,62.956146,0.0,4.4235425,128.42441,93.49855,25.182459,0.07554738,37.77369,264.19573974609375,258.9288330078125,-5.26690673828125,150.67498779296875,109.99275207519531,60.27000045776367,38.64961242675781,2.7156713008880615,78.84144592285156,15.459844589233398,0.046379536390304565,23.189767837524414,166.13483238220215,165.06326505541801,1.071567326784134
14,1,22,10,2026,TERM_LIFE,22,True,39777.477,0.00236,0.1,0.89787596,1.0,1.0,0.95238096,1.0,500.0,100.0,8.9332285,50.0,650.0,658.9332,89.40462,557.1429,0.0,1.0,326.06287,446.66144,446.66144,326.06287,93.87485,3579.973,0.0,593.0399,178.66458,37.54994,0.11264981,56.32491,828.14208984375,484.21136474609375,-343.93072509765625,446.66143798828125,326.0628662109375,178.66458129882812,89.40461730957031,0.0,564.7999267578125,35.761844635009766,0.10728553682565689,53.64277267456055,482.423282623291,797.2145662680268,-314.7912836447358
14,2,22,10,2026,TERM_LIFE,23,True,39777.477,0.00239,0.0860708,0.9117449,0.89787596,0.89787596,0.90702945,0.95238096,0.0,104.99999,8.020931,52.499996,157.49998,165.52092,77.423515,117.22785,0.0,0.85511994,326.06287,446.66144,401.04657,292.764,85.35943,3182.1982,0.0,135.82565,160.41862,34.143772,0.10243132,51.215656,347.5623474121094,435.1903381347656,87.62799072265625,381.9491271972656,278.8228759765625,152.77964782714844,77.42351531982422,0.0,123.19786834716797,30.969406127929688,0.09290822595357895,46.45410919189453,412.9185333251953,322.5245335921645,90.3939997330308
14,3,22,10,2026,TERM_LIFE,24,True,39777.477,0.00241,0.07408182,0.9236867,0.9117449,0.81863385,0.8638376,0.90702945,0.0,110.25,7.313043,55.125,165.375,172.68805,67.791626,108.284,0.0,0.74252504,326.06287,446.66144,365.65216,266.9261,78.47728,2784.4233,0.0,130.89546,146.26086,31.390913,0.09417274,47.086365,324.33685302734375,397.0430603027344,72.70620727539062,331.65728759765625,242.1098175048828,132.6629180908203,67.7916259765625,0.0,113.07241821289062,27.11665153503418,0.08134995400905609,40.67497253417969,358.77393913269043,286.4916587918997,72.28228034079075
14,4,22,10,2026,TERM_LIFE,25,True,39777.477,0.00243,0.063762814,0.93396217,0.9236867,0.7561612,0.82270247,0.8638376,0.0,115.7625,6.754961,57.88125,173.64374,180.3987,60.13132,101.13517,0.0,0.6532005,326.06287,446.66144,337.74805,246.55609,73.09,2386.6487,0.0,127.71258,135.09923,29.235998,0.087708,43.853996,306.7535095214844,366.9840393066406,60.23052978515625,291.75946044921875,212.9844207763672,116.70379638671875,60.13132095336914,0.0,105.06945037841797,24.052528381347656,0.07215758413076401,36.078792572021484,315.8119888305664,257.92419692128897,57.88779190927744
14,5,22,10,2026,TERM_LIFE,26,True,39777.477,0.00246,0.054881163,0.94279385,0.93396217,0.706226,0.7835262,0.82270247,0.0,121.55062,6.308878,60.77531,182.32593,188.63481,54.146397,95.35249,0.0,0.58101386,326.06287,446.66144,315.4439,230.27408,69.10605,1988.8739,0.0,125.9076,126.17757,27.64242,0.082927264,41.46363,293.6317138671875,343.0863342285156,49.454620361328125,259.5164794921875,189.44705200195312,103.80659484863281,54.14639663696289,0.0,98.65190124511719,21.658559799194336,0.06497568637132645,32.48783874511719,281.17503929138184,235.0113105252385,46.16372876614332
14,6,22,10,2026,TERM_LIFE,27,True,39777.477,0.00249,0.047236655,0.95039093,0.94279385,0.66582555,0.7462154,0.7835262,0.0,127.62816,5.947972,63.81408,191.44223,197.3902,49.210896,90.62488,0.0,0.52169174,326.06287,446.66144,297.3986,217.10098,65.9473,1591.099,0.0,125.21924,118.959435,26.378922,0.07913677,39.568382,283.8262023925781,323.77752685546875,39.951324462890625,233.0195770263672,170.10430908203125,93.20783233642578,49.21089553833008,0.0,93.44052124023438,19.684356689453125,0.059053074568510056,29.52653694152832,252.7039337158203,216.233943592757,36.469990123063326
14,7,22,10,2026,TERM_LIFE,28,True,39777.477,0.0025300002,0.040656965,0.9569159,0.95039093,0.63279456,0.7106813,0.7462154,0.0,134.00957,5.6528983,67.00478,201.01434,206.66724,45.258007,86.72386,0.0,0.47220105,326.06287,446.66144,282.64493,206.33081,63.682564,1193.3243,0.0,125.46087,113.057976,25.473026,0.07641908,38.209538,276.8048095703125,308.1179504394531,31.313140869140625,210.91400146484375,153.96722412109375,84.3656005859375,45.25800704956055,0.0,89.1626968383789,18.10320472717285,0.05430961027741432,27.154804229736328,229.0172061920166,200.73741126433015,28.279794927686453
14,8,22,10,2026,TERM_LIFE,29,True,39777.477,0.00258,0.034993775,0.96251655,0.9569159,0.60553116,0.67683935,0.7106813,0.0,140.71004,5.409348,70.35502,211.06506,216.47441,42.060947,83.47733,0.0,0.4303397,326.06287,446.66144,270.4674,197.44122,62.143177,795.5495,0.0,126.49495,108.186966,24.857271,0.07457182,37.285904,272.04241943359375,295.3246765136719,23.282257080078125,192.2161407470703,140.3177947998047,76.88645935058594,42.06094741821289,0.0,85.61676025390625,16.824378967285156,0.05047314241528511,25.2365665435791,209.04051971435547,187.79025929048657,21.250260423868895
14,9,22,10,2026,TERM_LIFE,30,True,39777.477,0.00263,0.030119421,0.9673298,0.96251655,0.58283377,0.6446089,0.67683935,0.0,147.74554,5.2065873,73.87277,221.61832,226.8249,39.30375,80.75416,0.0,0.39448482,326.06287,446.66144,260.32938,190.04045,60.973015,397.77487,0.0,128.21939,104.13175,24.389206,0.07316762,36.58381,269.00811767578125,284.71856689453125,15.71044921875,176.201171875,128.62686157226562,70.48046875,39.303749084472656,0.0,82.65135955810547,15.7214994430542,0.04716449975967407,23.58224868774414,191.9226713180542,176.76124149560928,15.161429822444916
14,10,22,10,2026,TERM_LIFE,31,True,39777.477,0.00269,0.025924027,0.9714557,0.9673298,0.56379247,0.61391324,0.6446089,0.0,155.13281,5.036487,77.56641,232.69922,237.7357,37.035294,78.453804,0.0,0.36342564,326.06287,446.66144,251.82436,183.83179,60.32659,0.0,4.7656603,130.55891,100.729744,24.130636,0.072391905,36.195953,272.3226623535156,275.9549865722656,3.63232421875,162.32823181152344,118.4996109008789,64.93128967285156,37.03529357910156,2.925701856613159,80.15184783935547,14.814117431640625,0.044442348182201385,22.221174240112305,177.14234924316406,170.2744559571147,6.867893286049366
15,1,42,10,2026,TERM_LIFE,42,True,34529.77,0.00467,0.1,0.89579695,1.0,1.0,0.95238096,1.0,500.0,100.0,12.074541,50.0,650.0,662.0745,153.57527,557.1429,0.0,1.0,440.72076,603.72705,603.72705,440.72076,161.25403,3107.6792,0.0,595.86707,241.49083,64.50161,0.19350483,96.75242,934.3038330078125,668.2286376953125,-266.0751953125,603.72705078125,440.72076416015625,241.49082946777344,153.5752716064453,0.0,567.492431640625,61.43010330200195,0.1842903047800064,92.1451644897461,665.157154083252,901.3127159029245,-236.15556181967258
15,2,42,10,2026,TERM_LIFE,43,True,34529.77,0.00503,0.0860708,0.90933216,0.89579695,0.89579695,0.90702945,0.95238096,0.0,104.99999,10.816337,52.499996,157.49998,168.31631,141.12132,116.95642,0.0,0.85313994,440.72076,603.72705,540.81683,394.79633,155.58626,2762.3816,0.0,137.79973,216.32674,62.234505,0.18670352,93.35175,447.6649169921875,603.0513305664062,155.38641357421875,515.0636596679688,375.9964904785156,206.0254669189453,141.12132263183594,0.0,124.98841094970703,56.44852828979492,0.16934558749198914,84.67279052734375,571.5121879577637,415.8560139834881,155.6561739742756
15,3,42,10,2026,TERM_LIFE,44,True,34529.77,0.0054200003,0.07408182,0.9208996,0.90933216,0.814577,0.8638376,0.90702945,0.0,110.25,9.835643,55.125,165.375,175.21065,131.69135,107.747375,0.0,0.7388453,440.72076,603.72705,491.78217,359.00098,152.44919,2417.084,0.0,132.14941,196.71288,60.979675,0.18293904,91.46951,420.5147399902344,552.7618408203125,132.24710083007812,446.0609130859375,325.62445068359375,178.42437744140625,131.69134521484375,0.0,114.15563201904297,52.676536560058594,0.15802961587905884,79.01480102539062,498.7374496459961,371.7528401017189,126.98460954427719
15,4,42,10,2026,TERM_LIFE,45,True,34529.77,0.0058500003,0.063762814,0.9307602,0.9208996,0.75014365,0.82270247,0.8638376,0.0,115.7625,9.05764,57.88125,173.64374,182.70139,124.66279,100.33033,0.0,0.64800227,440.72076,603.72705,452.88202,330.60388,151.5284,2071.7864,0.0,128.31345,181.15282,60.61136,0.18183407,90.91704,400.56512451171875,513.493408203125,112.92828369140625,391.2165222167969,285.58807373046875,156.4866180419922,124.66278839111328,0.0,105.56378936767578,49.865116119384766,0.14959533512592316,74.79766845703125,441.08163833618164,336.99767120182514,104.0839671343565
15,5,42,10,2026,TERM_LIFE,46,True,34529.77,0.0063300002,0.054881163,0.9391362,0.9307602,0.69820386,0.7835262,0.82270247,0.0,121.55062,8.430491,60.77531,182.32593,190.75642,119.57301,94.26937,0.0,0.574414,440.72076,603.72705,421.52457,307.71295,152.60883,1726.4885,0.0,125.877426,168.60983,61.04353,0.18313059,91.56529,386.2356872558594,482.5680847167969,96.3323974609375,346.789306640625,253.1562042236328,138.71572875976562,119.57301330566406,0.0,98.62825775146484,47.82920455932617,0.1434876173734665,71.74380493164062,394.6185111999512,309.23127906024456,85.38723213970661
15,6,42,10,2026,TERM_LIFE,47,True,34529.77,0.00686,0.047236655,0.9462274,0.9391362,0.65570855,0.7462154,0.7835262,0.0,127.62816,7.9173794,63.81408,191.44223,199.3596,115.90253,89.24786,0.0,0.5137648,440.72076,603.72705,395.869,288.98438,155.32047,1381.1908,0.0,124.546936,158.3476,62.128185,0.18638456,93.192276,376.2731628417969,457.9971618652344,81.7239990234375,310.1737060546875,226.42681884765625,124.06948852539062,115.90252685546875,0.0,92.9388427734375,46.36100769042969,0.13908302783966064,69.54151153564453,356.5347137451172,286.6889258623123,69.84578788280487
15,7,42,10,2026,TERM_LIFE,48,True,34529.77,0.00745,0.040656965,0.95219594,0.9462274,0.62044936,0.7106813,0.7462154,0.0,134.00957,7.491641,67.00478,201.01434,208.50598,113.43085,85.03197,0.0,0.46298888,440.72076,603.72705,374.58206,273.44492,159.6086,1035.8932,0.0,124.10772,149.83282,63.84344,0.19153033,95.76515,369.897216796875,438.4255065917969,68.52828979492188,279.5188903808594,204.04881286621094,111.80756378173828,113.43084716796875,0.0,88.20103454589844,45.37234115600586,0.13611702620983124,68.05850219726562,324.89123153686523,268.2032175511122,56.68801398575306
15,8,42,10,2026,TERM_LIFE,49,True,34529.77,0.0081001,0.034993775,0.9571896,0.95219594,0.5907894,0.67683935,0.7106813,0.0,140.71004,7.1335106,70.35502,211.06506,218.19858,111.84133,81.44506,0.0,0.419863,440.72076,603.72705,356.67554,260.37314,165.24059,690.5954,0.0,124.39838,142.67021,66.09624,0.19828871,99.14435,366.4112548828125,422.77178955078125,56.36053466796875,253.48263549804688,185.04232788085938,101.39305114746094,111.8413314819336,0.0,84.19771575927734,44.736534118652344,0.13420960307121277,67.10479736328125,298.2191696166992,252.82977387309074,45.389395743608475
15,9,42,10,2026,TERM_LIFE,50,True,34529.77,0.00882,0.030119421,0.96132624,0.9571896,0.56549746,0.6446089,0.67683935,0.0,147.74554,6.8281217,73.87277,221.61832,228.44644,111.01694,78.35215,0.0,0.38275093,440.72076,603.72705,341.4061,249.22647,172.22371,345.2978,1.6252875,125.29488,136.56244,68.88949,0.20666847,103.33422,367.02349853515625,410.29559326171875,43.2720947265625,231.07708740234375,168.686279296875,92.43083190917969,111.01693725585938,1.0476747751235962,80.76619720458984,44.406776428222656,0.13322032988071442,66.61016082763672,275.4838638305664,240.98808504641056,34.495778784155846
15,10,42,10,2026,TERM_LIFE,51,True,34529.77,0.0096099,0.025924027,0.96471524,0.96132624,0.54362756,0.61391324,0.6446089,0.0,155.13281,6.564053,77.56641,232.69922,239.26328,110.7442,75.64778,0.0,0.35042718,440.72076,603.72705,328.20267,239.58795,180.39064,0.0,6.2110844,126.698166,131.28107,72.15626,0.21646878,108.23438,372.6411437988281,400.3589172363281,27.7177734375,211.56236267089844,154.44053649902344,84.62494659423828,110.74420166015625,3.8130669593811035,77.78168487548828,44.29767990112305,0.13289305567741394,66.44651794433594,255.86004257202148,232.79910942912102,23.060933142900467
16,1,26,10,2026,TERM_LIFE,26,True,18571.129,0.00246,0.1,0.89778596,1.0,1.0,0.95238096,1.0,500.0,100.0,7.65049,50.0,650.0,657.6505,43.509502,557.1429,0.0,1.0,279.2429,382.5245,382.5245,279.2429,45.68498,1671.4016,0.0,591.88544,153.00981,18.273993,0.05482198,27.410986,772.361083984375,400.7984924316406,-371.5625915527344,382.5245056152344,279.2428894042969,153.0098114013672,43.50950241088867,0.0,563.700439453125,17.4038028717041,0.05221140757203102,26.105701446533203,399.9283084869385,742.8681637085974,-342.93985522165895
16,2,26,10,2026,TERM_LIFE,27,True,18571.129,0.00249,0.0860708,0.9116536,0.89778596,0.89778596,0.90702945,0.95238096,0.0,104.99999,6.8685026,52.499996,157.49998,164.36848,37.655796,117.2161,0.0,0.85503423,279.2429,382.5245,343.42514,250.70035,41.51552,1485.6903,0.0,134.86646,137.37006,16.606207,0.049818624,24.909311,297.19561767578125,360.0313415527344,62.835723876953125,327.0715637207031,238.76223754882812,130.82862854003906,37.65579605102539,0.0,122.32785034179688,15.062318801879883,0.04518695920705795,22.59347915649414,342.133882522583,275.79514499753714,66.33873752504587
16,3,26,10,2026,TERM_LIFE,28,True,18571.129,0.0025300002,0.07408182,0.9235756,0.9116536,0.81846976,0.8638376,0.90702945,0.0,110.25,6.261695,55.125,165.375,171.63669,33.21954,108.26229,0.0,0.7423762,279.2429,382.5245,313.08475,228.55186,38.45577,1299.979,0.0,130.07246,125.2339,15.382308,0.046146926,23.07346,278.42596435546875,328.467041015625,50.04107666015625,283.9770812988281,207.3032684326172,113.59083557128906,33.219539642333984,0.0,112.36148834228516,13.287816047668457,0.03986344859004021,19.93172264099121,297.2648973464966,245.92391000315547,51.34098734334111
16,4,26,10,2026,TERM_LIFE,29,True,18571.129,0.00258,0.063762814,0.93382174,0.9235756,0.7559187,0.82270247,0.8638376,0.0,115.7625,5.7831483,57.88125,173.64374,179.42688,29.79723,101.10274,0.0,0.652991,279.2429,382.5245,289.1574,211.08492,36.21872,1114.2678,0.0,126.98385,115.662964,14.487488,0.043462463,21.731232,264.4215087890625,303.6448974609375,39.223388671875,249.78504943847656,182.3430938720703,99.91401672363281,29.797229766845703,0.0,104.46992492675781,11.918891906738281,0.0357566736638546,17.878337860107422,261.70394134521484,222.2980361841619,39.40590516105294
16,5,26,10,2026,TERM_LIFE,30,True,18571.129,0.00263,0.054881163,0.9426332,0.93382174,0.7058933,0.7835262,0.82270247,0.0,121.55062,5.4004297,60.77531,182.32593,187.72636,27.013857,95.30757,0.0,0.58074015,279.2429,382.5245,270.02148,197.11568,34.477287,928.55646,0.0,125.24222,108.0086,13.7909155,0.04137275,20.68637,253.9785614013672,283.8124084472656,29.833847045898438,222.1473388671875,162.1675567626953,88.85894012451172,27.013856887817383,0.0,98.13055419921875,10.805542945861816,0.032416634261608124,16.20831298828125,232.95288181304932,203.23022394627333,29.72265786677599
16,6,26,10,2026,TERM_LIFE,31,True,18571.129,0.00269,0.047236655,0.9502004,0.9426332,0.6653984,0.7462154,0.7835262,0.0,127.62816,5.090624,63.81408,191.44223,196.53285,24.804848,90.56674,0.0,0.52135706,279.2429,382.5245,254.5312,185.80777,33.240868,742.8451,0.0,124.59538,101.812485,13.296348,0.039889045,19.944519,246.39227294921875,267.8275451660156,21.435272216796875,199.43186950683594,145.5852508544922,79.77275085449219,24.804847717285156,0.0,92.97499084472656,9.921939849853516,0.029765820130705833,14.882906913757324,209.35380935668945,187.66041443310678,21.693394923582673
16,7,26,10,2026,TERM_LIFE,32,True,18571.129,0.00275,0.040656965,0.95670485,0.9502004,0.6322618,0.7106813,0.7462154,0.0,134.00957,4.8371124,67.00478,201.01434,205.85146,22.947895,86.65085,0.0,0.47180352,279.2429,382.5245,241.85564,176.55461,32.289993,557.1339,0.0,124.86042,96.742256,12.9159975,0.038747992,19.373997,241.0154266357422,254.77163696289062,13.756210327148438,180.4763946533203,131.74777221679688,72.19055938720703,22.947895050048828,0.0,88.73596954345703,9.179158210754395,0.027537474408745766,13.76873779296875,189.6555528640747,174.72280419804156,14.932748666033149
16,8,26,10,2026,TERM_LIFE,33,True,18571.129,0.00282,0.034993775,0.9622849,0.95670485,0.60488796,0.67683935,0.7106813,0.0,140.71004,4.6276894,70.35502,211.06506,215.69275,21.441145,83.388664,0.0,0.4298826,279.2429,382.5245,231.38448,168.91066,31.678337,371.42255,0.0,125.904305,92.553795,12.671335,0.038014006,19.007002,237.5030975341797,244.05581665039062,6.5527191162109375,164.4406280517578,120.0416488647461,65.77625274658203,21.441144943237305,0.0,85.21698760986328,8.576457977294922,0.025729374960064888,12.864686965942383,173.01708602905273,163.88365669734776,9.133429331704974
16,9,26,10,2026,TERM_LIFE,34,True,18571.129,0.0029000002,0.030119421,0.9670679,0.9622849,0.5820746,0.6446089,0.67683935,0.0,147.74554,4.4531555,73.87277,221.61832,226.07147,20.20744,80.64897,0.0,0.393971,279.2429,382.5245,222.65779,162.54019,31.34837,185.71133,1.6397717,127.62703,89.06312,12.539348,0.037618045,18.809021,237.1765594482422,235.1971435546875,-1.9794158935546875,150.70355224609375,110.01359558105469,60.28142166137695,20.207439422607422,1.0570114850997925,82.26952362060547,8.082975387573242,0.02424892783164978,12.124463081359863,158.786527633667,155.75666877627373,3.0298588573932648
16,10,26,10,2026,TERM_LIFE,35,True,18571.129,0.00301,0.025924027,0.971144,0.9670679,0.56290567,0.61391324,0.6446089,0.0,155.13281,4.3065042,77.56641,232.69922,237.00572,19.317345,78.330414,0.0,0.362854,279.2429,382.5245,215.32521,157.18741,31.46592,0.0,4.0749307,129.9533,86.13009,12.586368,0.037759103,18.87955,239.0756378173828,227.9115753173828,-11.1640625,138.80055236816406,101.32440185546875,55.52022171020508,19.317344665527344,2.5016539096832275,79.78004455566406,7.726937770843506,0.02318081259727478,11.59040641784668,146.52749013900757,149.41550740599632,-2.8880172669887543
17,1,23,10,2026,TERM_LIFE,23,True,67389.45,0.00239,0.1,0.89784896,1.0,1.0,0.95238096,1.0,500.0,100.0,10.771355,50.0,650.0,660.77136,153.39124,557.1429,0.0,1.0,393.15445,538.56775,538.56775,393.15445,161.06079,6065.051,0.0,594.6942,215.42711,64.42432,0.19327295,96.636475,906.9511108398438,602.9920654296875,-303.95904541015625,538.5677490234375,393.1544494628906,215.42710876464844,153.3912353515625,0.0,566.3754272460938,61.35649108886719,0.1840694695711136,92.03473663330078,599.9242401123047,874.0213421136141,-274.0971020013094
17,2,23,10,2026,TERM_LIFE,24,True,67389.45,0.00241,0.0860708,0.91172665,0.89784896,0.89784896,0.90702945,0.95238096,0.0,104.99999,9.671049,52.499996,157.49998,167.17104,132.26157,117.22433,0.0,0.85509425,393.15445,538.56775,483.5525,352.99332,145.81837,5391.1562,0.0,137.1756,193.421,58.32735,0.17498204,87.49103,418.26263427734375,541.8798217773438,123.6171875,460.52618408203125,336.1841125488281,184.21047973632812,132.26156616210938,0.0,124.42230987548828,52.904624938964844,0.15871386229991913,79.35694122314453,513.4308090209961,388.14844469726086,125.28236432373524
17,3,23,10,2026,TERM_LIFE,25,True,67389.45,0.00243,0.07408182,0.92366815,0.91172665,0.81859285,0.8638376,0.90702945,0.0,110.25,8.817354,55.125,165.375,174.19235,115.797264,108.27857,0.0,0.74248785,393.15445,538.56775,440.8677,321.83344,134.0498,4717.2617,0.0,132.0291,176.34709,53.619923,0.16085976,80.429886,388.9669494628906,494.4876403808594,105.52069091796875,399.8800048828125,291.91241455078125,159.95201110839844,115.7972640991211,0.0,114.05169677734375,46.318904876708984,0.1389567106962204,69.47836303710938,446.1989097595215,343.6210276335478,102.5778821259737
17,4,23,10,2026,TERM_LIFE,26,True,67389.45,0.00246,0.063762814,0.9339341,0.92366815,0.75610816,0.82270247,0.8638376,0.0,115.7625,8.144309,57.88125,173.64374,181.78804,103.12258,101.128075,0.0,0.6531547,393.15445,538.56775,407.21548,297.2673,125.346146,4043.3674,0.0,128.68713,162.8862,50.13846,0.15041538,75.20769,366.9314270019531,457.35394287109375,90.42251586914062,351.7680358886719,256.7906799316406,140.7072296142578,103.1225814819336,0.0,105.87122344970703,41.2490348815918,0.12374710291624069,61.87355041503906,393.0170707702637,308.57575058192015,84.44132018834352
17,5,23,10,2026,TERM_LIFE,27,True,67389.45,0.00249,0.054881163,0.94276553,0.9339341,0.7061552,0.7835262,0.82270247,0.0,121.55062,7.606248,60.77531,182.32593,189.93217,92.842094,95.34293,0.0,0.5809556,393.15445,538.56775,380.3124,277.62805,118.49265,3369.4727,0.0,126.76083,152.12497,47.39706,0.14219119,71.0956,350.1235656738281,427.70947265625,77.58590698242188,312.8839416503906,228.40528869628906,125.1535873413086,92.84209442138672,0.0,99.3204345703125,37.136837005615234,0.11141052097082138,55.70526123046875,350.02077865600586,280.29069366306067,69.7300849929452
17,6,23,10,2026,TERM_LIFE,28,True,67389.45,0.0025300002,0.047236655,0.95035285,0.94276553,0.66573876,0.7462154,0.7835262,0.0,127.62816,7.1709085,63.81408,191.44223,198.61314,84.69944,90.61307,0.0,0.52162373,393.15445,538.56775,358.54544,261.73816,113.50535,2695.578,0.0,125.97862,143.41818,45.40214,0.13620642,68.10321,337.6361999511719,403.94757080078125,66.31137084960938,280.92974853515625,205.07870483398438,112.37190246582031,84.6994400024414,0.0,94.00718688964844,33.87977600097656,0.10163933038711548,50.819664001464844,314.8095245361328,257.3003926873207,57.5091318488121
17,7,23,10,2026,TERM_LIFE,29,True,67389.45,0.00258,0.040656965,0.95686793,0.95035285,0.63268673,0.7106813,0.7462154,0.0,134.00957,6.8148932,67.00478,201.01434,207.82924,78.17633,86.70908,0.0,0.47212058,393.15445,538.56775,340.74466,248.7436,110.00195,2021.6837,0.0,126.144775,136.29787,44.000782,0.13200235,66.001175,328.5758056640625,384.7454528808594,56.169647216796875,254.2689208984375,185.61631774902344,101.70756530761719,78.17633056640625,0.0,89.64873504638672,31.27053451538086,0.09381160885095596,46.90580368041992,285.53945541381836,238.35591564327478,47.183539770543575
17,8,23,10,2026,TERM_LIFE,30,True,67389.45,0.00263,0.034993775,0.96246827,0.95686793,0.60539764,0.67683935,0.7106813,0.0,140.71004,6.5209527,70.35502,211.06506,217.58601,72.62297,83.45892,0.0,0.4302448,393.15445,538.56775,326.04764,238.01477,107.2972,1347.789,0.0,127.11646,130.41905,42.91888,0.12875664,64.37833,322.0425720214844,368.9665222167969,46.9239501953125,231.71597290039062,169.15264892578125,92.68638610839844,72.62297058105469,0.0,86.03742218017578,29.04918670654297,0.08714756369590759,43.57378387451172,260.7651596069336,222.38473972678185,38.38041988015175
17,9,23,10,2026,TERM_LIFE,31,True,67389.45,0.00269,0.030119421,0.96727157,0.96246827,0.582676,0.6446089,0.67683935,0.0,147.74554,6.2762094,73.87277,221.61832,227.89453,68.08754,80.73231,0.0,0.39437804,393.15445,538.56775,313.8105,229.08167,105.62612,673.8947,0.0,128.78915,125.52419,42.25045,0.12675135,63.37567,317.8157653808594,356.0609436035156,38.24517822265625,212.3992919921875,155.05148315429688,84.959716796875,68.08753967285156,0.0,83.01863861083984,27.235015869140625,0.08170504868030548,40.85252380371094,239.63430786132812,208.9125842601061,30.72172360122204
17,10,23,10,2026,TERM_LIFE,32,True,67389.45,0.00275,0.025924027,0.9713973,0.96727157,0.5636059,0.61391324,0.6446089,0.0,155.13281,6.0707994,77.56641,232.69922,238.77002,64.12202,78.42784,0.0,0.3633054,393.15445,538.56775,303.53998,221.58417,104.448006,0.0,5.7443542,131.08354,121.41599,41.7792,0.1253376,62.668804,321.03802490234375,345.3191833496094,24.281158447265625,195.66458129882812,142.8351287841797,78.26583099365234,64.12201690673828,3.5265350341796875,80.47392272949219,25.648805618286133,0.07694641500711441,38.473209381103516,221.31338691711426,200.81644455343485,20.49694236367941
18,1,46,10,2026,TERM_LIFE,46,True,40095.16,0.0063300002,0.1,0.89430296,1.0,1.0,0.95238096,1.0,500.0,100.0,15.54263,50.0,650.0,665.5426,241.71654,557.1429,0.0,1.0,567.306,777.13153,777.13153,567.306,253.80237,3608.5645,0.0,598.98834,310.85263,101.52095,0.30456284,152.28142,1062.427001953125,878.6524658203125,-183.7745361328125,777.1315307617188,567.3060302734375,310.8526306152344,241.71653747558594,0.0,570.465087890625,96.6866226196289,0.2900598347187042,145.02992248535156,873.8181533813477,1026.6377008259296,-152.81954744458199
18,2,46,10,2026,TERM_LIFE,47,True,40095.16,0.00686,0.0860708,0.90765965,0.89430296,0.89430296,0.90702945,0.95238096,0.0,104.99999,13.89982,52.499996,157.49998,171.39981,223.11159,116.76136,0.0,0.8517171,567.306,777.13153,694.991,507.34348,245.98053,3207.613,0.0,140.09013,277.99643,98.39221,0.29517666,147.58832,565.9700927734375,793.3832397460938,227.41314697265625,661.896240234375,483.18426513671875,264.7585144042969,223.11158752441406,0.0,127.06587982177734,89.24463653564453,0.26773393154144287,133.866943359375,751.1408767700195,525.9590715169907,225.18180525302887
18,3,46,10,2026,TERM_LIFE,48,True,40095.16,0.00745,0.07408182,0.91902006,0.90765965,0.8117227,0.8638376,0.90702945,0.0,110.25,12.616306,55.125,165.375,177.9913,209.45369,107.36982,0.0,0.73625636,567.306,777.13153,630.8153,460.49518,242.46883,2806.6611,0.0,133.77626,252.32613,96.98753,0.2909626,145.4813,531.8746337890625,727.8028564453125,195.92822265625,572.1680908203125,417.68267822265625,228.8672332763672,209.4536895751953,0.0,115.56096649169922,83.78147888183594,0.2513444423675537,125.67221069335938,655.9495697021484,470.35175490379333,185.5978147983551
18,4,46,10,2026,TERM_LIFE,49,True,40095.16,0.0081001,0.063762814,0.9286536,0.91902006,0.74598944,0.82270247,0.8638376,0.0,115.7625,11.594639,57.88125,173.64374,185.23837,199.32318,99.77472,0.0,0.6444137,567.306,777.13153,579.73193,423.2043,242.27858,2405.7097,0.0,129.37476,231.89278,96.91143,0.2907343,145.36716,506.9254455566406,676.6433715820312,169.71792602539062,500.79425048828125,365.5798034667969,200.3177032470703,199.32318115234375,0.0,106.43692779541016,79.7292709350586,0.2391878217458725,119.59391784667969,580.5235214233398,426.58773671090603,153.93578471243382
18,5,46,10,2026,TERM_LIFE,50,True,40095.16,0.00882,0.054881163,0.9367829,0.9286536,0.6927658,0.7835262,0.82270247,0.0,121.55062,10.767402,60.77531,182.32593,193.09332,191.95546,93.53514,0.0,0.5699401,567.306,777.13153,538.3701,393.0102,244.98921,2004.758,0.0,126.42708,215.34805,97.99569,0.29398707,146.99353,489.0626220703125,636.3657836914062,147.30316162109375,442.9184265136719,323.3304443359375,177.16737365722656,191.95545959472656,0.0,99.05892944335938,76.78218841552734,0.23034656047821045,115.17327880859375,519.7006149291992,391.6299284696579,128.07068645954132
18,6,46,10,2026,TERM_LIFE,51,True,40095.16,0.0096099,0.047236655,0.9436074,0.9367829,0.64897114,0.7462154,0.7835262,0.0,127.62816,10.086719,63.81408,191.44223,201.52895,186.59518,88.33084,0.0,0.50848585,567.306,777.13153,504.33594,368.16525,250.05539,1603.8064,0.0,124.60854,201.73438,100.022156,0.30006647,150.03323,476.6762390136719,604.3580932617188,127.68185424804688,395.160400390625,288.46710205078125,158.0641632080078,186.59518432617188,0.0,92.98481750488281,74.63807678222656,0.2239142209291458,111.95710754394531,469.79847717285156,363.2300024777651,106.56847469508648
18,7,46,10,2026,TERM_LIFE,52,True,40095.16,0.0104600005,0.040656965,0.9493083,0.9436074,0.61237395,0.7106813,0.7462154,0.0,134.00957,9.517902,67.00478,201.01434,210.53224,182.52202,83.92524,0.0,0.45696288,567.306,777.13153,475.8951,347.40344,256.8268,1202.8549,0.0,123.68278,190.35805,102.73073,0.3081922,154.09608,468.4450988769531,578.6258544921875,110.18075561523438,355.1202697753906,259.23779296875,142.04811096191406,182.5220184326172,0.0,87.89904022216797,73.0088119506836,0.21902643144130707,109.5132064819336,428.1290817260742,339.67938409745693,88.44969762861729
18,8,46,10,2026,TERM_LIFE,53,True,40095.16,0.01139,0.034993775,0.95401484,0.9493083,0.5813317,0.67683935,0.7106813,0.0,140.71004,9.035423,70.35502,211.06506,220.1005,179.69054,80.141235,0.0,0.41314155,567.306,777.13153,451.77118,329.79297,265.48477,801.9032,0.0,123.473885,180.70848,106.19391,0.31858176,159.29086,463.7917785644531,557.965087890625,94.17330932617188,321.0653381347656,234.37770080566406,128.4261474609375,179.69053649902344,0.0,83.57198333740234,71.87621307373047,0.21562866866588593,107.81432342529297,392.9415512084961,320.0280828922987,72.9134683161974
18,9,46,10,2026,TERM_LIFE,54,True,40095.16,0.0124,0.030119421,0.9578541,0.95401484,0.55459905,0.6446089,0.67683935,0.0,147.74554,8.619927,73.87277,221.61832,230.23825,177.74161,76.842125,0.0,0.37537447,567.306,777.13153,430.9964,314.62738,275.73557,400.95172,2.778816,123.84397,172.39856,110.29423,0.33088267,165.44135,464.7935485839844,541.2906494140625,76.49710083007812,291.71533203125,212.9521942138672,116.68612670898438,177.74160766601562,1.7912495136260986,79.83092498779297,71.09664154052734,0.21328991651535034,106.64496612548828,362.81197357177734,305.1665572524071,57.64541631937027
18,10,46,10,2026,TERM_LIFE,55,True,40095.16,0.0135,0.025924027,0.960926,0.9578541,0.53122497,0.61391324,0.6446089,0.0,155.13281,8.256633,77.56641,232.69922,240.95586,176.52704,73.92192,0.0,0.34243235,567.306,777.13153,412.83167,301.36713,287.54395,0.0,7.8126493,124.68345,165.13268,115.01758,0.34505275,172.52637,470.5002136230469,527.8492431640625,57.349029541015625,266.1149597167969,194.26393127441406,106.44599151611328,176.52703857421875,4.796288967132568,76.5448226928711,70.6108169555664,0.2118324488401413,105.91622161865234,336.7257766723633,293.9151572436094,42.81061942875385
19,1,22,10,2026,TERM_LIFE,22,True,34327.285,0.00236,0.1,0.89787596,1.0,1.0,0.95238096,1.0,500.0,100.0,8.582579,50.0,650.0,658.5826,77.15466,557.1429,0.0,1.0,313.26413,429.12894,429.12894,313.26413,81.0124,3089.4556,0.0,592.7243,171.65158,32.40496,0.097214885,48.607437,813.0805053710938,461.5339050292969,-351.5466003417969,429.1289367675781,313.2641296386719,171.65158081054688,77.1546630859375,0.0,564.4993286132812,30.861867904663086,0.09258560836315155,46.29279708862305,459.9908046722412,782.5362921208143,-322.5454874485731
19,2,22,10,2026,TERM_LIFE,23,True,34327.285,0.00239,0.0860708,0.9117449,0.89787596,0.89787596,0.90702945,0.95238096,0.0,104.99999,7.706091,52.499996,157.49998,165.20607,66.81518,117.22785,0.0,0.85511994,313.26413,429.12894,385.30457,281.27234,73.663734,2746.1829,0.0,135.56729,154.12183,29.465494,0.08839648,44.198242,333.97576904296875,414.7700500488281,80.79428100585938,366.95672607421875,267.87841796875,146.78269958496094,66.81517791748047,0.0,122.9635238647461,26.726070404052734,0.08017821609973907,40.089107513427734,393.6827964782715,309.9155091792345,83.76728729903698
19,3,22,10,2026,TERM_LIFE,24,True,34327.285,0.00241,0.07408182,0.9236867,0.9117449,0.81863385,0.8638376,0.90702945,0.0,110.25,7.025989,55.125,165.375,172.40099,58.503017,108.284,0.0,0.74252504,313.26413,429.12894,351.29947,256.4486,67.724556,2402.91,0.0,130.67787,140.51979,27.089823,0.08126947,40.634735,311.9136657714844,378.3892822265625,66.47561645507812,318.63897705078125,232.6064453125,127.4555892944336,58.50301742553711,0.0,112.88446044921875,23.401206970214844,0.07020362466573715,35.101810455322266,342.0401840209961,275.51206382364035,66.52812019735575
19,4,22,10,2026,TERM_LIFE,25,True,34327.285,0.00243,0.063762814,0.93396217,0.9236867,0.7561612,0.82270247,0.8638376,0.0,115.7625,6.489813,57.88125,173.64374,180.13354,51.892303,101.13517,0.0,0.6532005,313.26413,429.12894,324.49066,236.87819,63.07542,2059.6372,0.0,127.524864,129.79626,25.23017,0.07569051,37.845253,295.2420654296875,349.7208251953125,54.478759765625,280.3072204589844,204.62428283691406,112.12289428710938,51.892303466796875,0.0,104.91502380371094,20.756921768188477,0.062270767986774445,31.13538360595703,301.06414222717285,248.23557246476412,52.82856976240873
19,5,22,10,2026,TERM_LIFE,26,True,34327.285,0.00246,0.054881163,0.94279385,0.93396217,0.706226,0.7835262,0.82270247,0.0,121.55062,6.06124,60.77531,182.32593,188.38716,46.72742,95.35249,0.0,0.58101386,313.26413,429.12894,303.062,221.23528,59.637344,1716.3643,0.0,125.7423,121.22481,23.854939,0.071564816,35.782406,282.8210754394531,326.9169616699219,44.09588623046875,249.32986450195312,182.01080322265625,99.73194885253906,46.727420806884766,0.0,98.52238464355469,18.690969467163086,0.0560729056596756,28.03645133972168,268.0208339691162,226.3468577414751,41.673976227641106
19,6,22,10,2026,TERM_LIFE,27,True,34327.285,0.00249,0.047236655,0.95039093,0.94279385,0.66582555,0.7462154,0.7835262,0.0,127.62816,5.7145,63.81408,191.44223,197.15672,42.468163,90.62488,0.0,0.52169174,313.26413,429.12894,285.725,208.57925,56.9114,1373.0913,0.0,125.07113,114.29,22.76456,0.06829368,34.14684,273.5762634277344,308.48956298828125,34.913299560546875,223.87301635742188,163.42730712890625,89.54920959472656,42.468162536621094,0.0,93.33000183105469,16.987266540527344,0.050961799919605255,25.480897903442383,240.86028289794922,208.41107112914324,32.44921176880598
19,7,22,10,2026,TERM_LIFE,28,True,34327.285,0.0025300002,0.040656965,0.9569159,0.95039093,0.63279456,0.7106813,0.7462154,0.0,134.00957,5.431009,67.00478,201.01434,206.44536,39.05689,86.72386,0.0,0.47220105,313.26413,429.12894,271.55045,198.23184,54.956966,1029.8186,0.0,125.32617,108.62018,21.982786,0.06594836,32.974182,266.9864807128906,293.5332336425781,26.5467529296875,202.6351318359375,147.9236602783203,81.05404663085938,39.056888580322266,0.0,89.06697082519531,15.62275505065918,0.04686826840043068,23.43413543701172,218.25788688659668,193.60202116146684,24.655865725129843
19,8,22,10,2026,TERM_LIFE,29,True,34327.285,0.00258,0.034993775,0.96251655,0.9569159,0.60553116,0.67683935,0.7106813,0.0,140.71004,5.197019,70.35502,211.06506,216.26208,36.297882,83.47733,0.0,0.4303397,313.26413,429.12894,259.85095,189.6912,53.6285,686.54565,0.0,126.37088,103.940384,21.4514,0.0643542,32.1771,262.5527038574219,281.3023681640625,18.749664306640625,184.6712188720703,134.8099822998047,73.86849212646484,36.297882080078125,0.0,85.53278350830078,14.519152641296387,0.043557457625865936,21.778728485107422,199.1903715133667,181.2235615774989,17.966809935867786
19,9,22,10,2026,TERM_LIFE,30,True,34327.285,0.00263,0.030119421,0.9673298,0.96251655,0.58283377,0.6446089,0.67683935,0.0,147.74554,5.002217,73.87277,221.61832,226.62053,33.91847,80.75416,0.0,0.39448482,313.26413,429.12894,250.11084,182.58092,52.618675,343.27292,0.0,128.10385,100.044334,21.04747,0.06314241,31.571205,259.78253173828125,271.1583251953125,11.37579345703125,169.28485107421875,123.57794952392578,67.71394348144531,33.9184684753418,0.0,82.5768814086914,13.567386627197266,0.04070216044783592,20.3510799407959,182.85223770141602,170.68260699138045,12.169630710035563
19,10,22,10,2026,TERM_LIFE,31,True,34327.285,0.00269,0.025924027,0.9714557,0.9673298,0.56379247,0.61391324,0.6446089,0.0,155.13281,4.8387933,77.56641,232.69922,237.53801,31.960827,78.453804,0.0,0.36342564,313.26413,429.12894,241.93967,176.61595,52.06082,0.0,4.578597,130.45033,96.77587,20.82433,0.06247299,31.236492,263.103759765625,262.7640075683594,-0.339752197265625,155.9564666748047,113.84821319580078,62.382591247558594,31.960826873779297,2.810861349105835,80.08518981933594,12.784331321716309,0.03835299611091614,19.176496505737305,168.740797996521,164.4934919178486,4.247306078672409
20,1,18,10,2026,TERM_LIFE,18,True,12622.515,0.00219,0.1,0.89802897,1.0,1.0,0.95238096,1.0,500.0,100.0,7.140369,50.0,650.0,657.1404,26.32696,557.1429,0.0,1.0,260.62347,357.01846,357.01846,260.62347,27.643307,1136.0262,0.0,591.42633,142.80739,11.0573225,0.03317197,16.585983,750.8528442382812,368.0757751464844,-382.7770690917969,357.0184631347656,260.62347412109375,142.80738830566406,26.32695960998535,0.0,563.26318359375,10.530783653259277,0.03159235417842865,15.796175003051758,367.5492467880249,721.8983392566442,-354.34909246861935
20,2,18,10,2026,TERM_LIFE,19,True,12622.515,0.00224,0.0860708,0.91188204,0.89802897,0.89802897,0.90702945,0.95238096,0.0,104.99999,6.412258,52.499996,157.49998,163.91225,23.030622,117.247826,0.0,0.8552657,260.62347,357.01846,320.6129,234.04742,25.391262,1009.8012,0.0,134.5285,128.24516,10.156505,0.030469513,15.234757,278.03887939453125,330.7694091796875,52.73052978515625,305.34564208984375,222.90231323242188,122.13825225830078,23.030622482299805,0.0,122.02131652832031,9.212248802185059,0.02763674594461918,13.818373680114746,314.5578908920288,258.00557921268046,56.55231167934835
20,3,18,10,2026,TERM_LIFE,20,True,12622.515,0.00229,0.07408182,0.9237978,0.91188204,0.8188965,0.8638376,0.90702945,0.0,110.25,5.847223,55.125,165.375,171.22223,20.447607,108.31873,0.0,0.7427632,260.62347,357.01846,292.36115,213.42365,23.67066,883.576,0.0,129.82602,116.94446,9.468265,0.028404793,14.202395,261.00128173828125,301.82940673828125,40.828125,265.18017578125,193.58152770996094,106.07206726074219,20.447607040405273,0.0,112.14859771728516,8.17904281616211,0.02453712746500969,12.268563270568848,273.3592185974121,230.5137653760612,42.84545322135091
20,4,18,10,2026,TERM_LIFE,21,True,12622.515,0.00233,0.063762814,0.9340558,0.9237978,0.75649476,0.82270247,0.8638376,0.0,115.7625,5.4016523,57.88125,173.64374,179.0454,18.304192,101.17979,0.0,0.65348864,260.62347,357.01846,270.0826,197.1603,22.24886,757.3509,0.0,126.81043,108.03304,8.899544,0.026698632,13.349316,248.219482421875,278.9821472167969,30.762664794921875,233.30751037597656,170.31446838378906,93.32300567626953,18.30419158935547,0.0,104.32725524902344,7.321676731109619,0.02196503058075905,10.982515335083008,240.62918710708618,208.65474129095674,31.974445816129446
20,5,18,10,2026,TERM_LIFE,22,True,12622.515,0.00236,0.054881163,0.9428884,0.9340558,0.7066083,0.7835262,0.82270247,0.0,121.55062,5.045444,60.77531,182.32593,187.37137,16.492638,95.40411,0.0,0.5813284,260.62347,357.01846,252.2722,184.1587,21.04925,631.12573,0.0,125.131996,100.90888,8.4197,0.025259098,12.62955,238.69569396972656,260.69189453125,21.996200561523438,207.5449676513672,151.50782775878906,83.01799011230469,16.492637634277344,0.0,98.04419708251953,6.597054958343506,0.019791165366768837,9.895583152770996,214.1420226097107,190.97756151296198,23.16446109674871
20,6,18,10,2026,TERM_LIFE,23,True,12622.515,0.00239,0.047236655,0.9504862,0.9428884,0.66625273,0.7462154,0.7835262,0.0,127.62816,4.7572904,63.81408,191.44223,196.19952,14.998471,90.68302,0.0,0.5220265,260.62347,357.01846,237.86453,173.6411,20.099386,504.90054,0.0,124.54376,95.14581,8.039755,0.024119265,12.059631,231.77333068847656,245.90428161621094,14.130950927734375,186.3730926513672,136.05235290527344,74.54923248291016,14.9984712600708,0.0,92.93647003173828,5.999388694763184,0.017998168244957924,8.999082565307617,192.37248134613037,176.502783248201,15.869698097929358
20,7,18,10,2026,TERM_LIFE,24,True,12622.515,0.00241,0.040656965,0.957031,0.9504862,0.633264,0.7106813,0.7462154,0.0,134.00957,4.521739,67.00478,201.01434,205.53609,13.690604,86.7882,0.0,0.47255135,260.62347,357.01846,226.08694,165.04347,19.264055,378.67545,0.0,124.86675,90.43478,7.705622,0.023116868,11.558434,226.88307189941406,233.79257202148438,6.9095001220703125,168.70956420898438,123.1579818725586,67.48382568359375,13.690604209899902,0.0,88.74047088623047,5.476241588592529,0.01642872579395771,8.214363098144531,174.1858057975769,164.4550883937627,9.730717403814197
20,8,18,10,2026,TERM_LIFE,25,True,12622.515,0.00243,0.034993775,0.96266127,0.957031,0.6060533,0.67683935,0.7106813,0.0,140.71004,4.327444,70.35502,211.06506,215.3925,12.581968,83.54931,0.0,0.43071076,260.62347,357.01846,216.37221,157.95172,18.589298,252.45027,0.17333804,125.97127,86.54888,7.4357195,0.02230716,11.153579,223.869384765625,223.80792236328125,-0.06146240234375,153.7716827392578,112.25333404541016,61.50867462158203,12.581968307495117,0.11732200533151627,85.26231384277344,5.032787322998047,0.015098363161087036,7.54918098449707,158.80447006225586,154.45258981734514,4.351880244910717
20,9,18,10,2026,TERM_LIFE,26,True,12622.515,0.00246,0.030119421,0.96749467,0.96266127,0.58342403,0.6446089,0.67683935,0.0,147.74554,4.165863,73.87277,221.61832,225.78418,11.677815,80.835945,0.0,0.39488435,260.62347,357.01846,208.29315,152.054,18.116125,126.225174,2.3616998,127.760345,83.31726,7.24645,0.021739349,10.869675,224.33071899414062,215.5395965576172,-8.791122436523438,140.9810028076172,102.91613006591797,56.39240264892578,11.677815437316895,1.5223727226257324,82.35546112060547,4.671126365661621,0.014013377949595451,7.006689071655273,145.6521291732788,147.29093894176185,-1.6388097684830427
20,10,18,10,2026,TERM_LIFE,27,True,12622.515,0.00249,0.025924027,0.97165054,0.96749467,0.5644596,0.61391324,0.6446089,0.0,155.13281,4.03045,77.56641,232.69922,236.72968,10.891436,78.546646,0.0,0.3638557,260.62347,357.01846,201.5225,147.11143,17.741001,0.0,3.8137205,130.16026,80.609,7.0964007,0.021289203,10.6446,225.24888610839844,208.61891174316406,-16.629974365234375,129.9031982421875,94.829345703125,51.961280822753906,10.891435623168945,2.3412935733795166,79.90711212158203,4.356574535369873,0.01306972373276949,6.534860610961914,134.25977277755737,140.75761685241014,-6.497844074852765
21,1,50,10,2026,TERM_LIFE,50,True,71050.51,0.00882,0.1,0.892062,1.0,1.0,0.95238096,1.0,500.0,100.0,29.12125,50.0,650.0,679.1213,596.8243,557.1429,0.0,1.0,1062.9257,1456.0625,1456.0625,1062.9257,626.66547,6394.5454,0.0,611.2091,582.425,250.66618,0.7519986,375.99927,1570.38525390625,1706.7286376953125,136.3433837890625,1456.0625,1062.9256591796875,582.4249877929688,596.8242797851562,0.0,582.1039428710938,238.72970581054688,0.7161891460418701,358.09454345703125,1694.7922058105469,1523.3396632671356,171.45254254341125
21,2,50,10,2026,TERM_LIFE,51,True,71050.51,0.0096099,0.0860708,0.9051465,0.892062,0.892062,0.90702945,0.95238096,0.0,104.99999,25.97796,52.499996,157.49998,183.47795,552.4621,116.46877,0.0,0.84958285,1062.9257,1456.0625,1298.8981,948.1956,609.0895,5684.0405,0.0,149.58618,519.55927,243.63579,0.7309073,365.45367,1035.330078125,1542.5338134765625,507.2037353515625,1237.0457763671875,903.04345703125,494.818359375,552.4620971679688,0.0,135.6790771484375,220.98483276367188,0.6629544496536255,331.47723388671875,1458.0306091308594,962.6376248598099,495.3929842710495
21,3,50,10,2026,TERM_LIFE,52,True,71050.51,0.0104600005,0.07408182,0.91623306,0.9051465,0.8074468,0.8638376,0.90702945,0.0,110.25,23.513859,55.125,165.375,188.88885,518.376,106.80424,0.0,0.732378,1062.9257,1456.0625,1175.693,858.2559,600.085,4973.5356,0.0,141.2189,470.2772,240.03401,0.7201021,360.05103,972.2672119140625,1415.72705078125,443.4598388671875,1066.38818359375,778.46337890625,426.5552673339844,518.3759765625,0.0,121.99019622802734,207.35040283203125,0.6220512390136719,311.0256042480469,1273.7385864257812,860.1931190490723,413.545467376709
21,4,50,10,2026,TERM_LIFE,53,True,71050.51,0.01139,0.063762814,0.9255735,0.91623306,0.73980945,0.82270247,0.8638376,0.0,115.7625,21.544176,57.88125,173.64374,195.18791,492.55368,98.94816,0.0,0.6390752,1062.9257,1456.0625,1077.2089,786.3624,598.7021,4263.031,0.0,135.1944,430.88354,239.48083,0.7184425,359.22125,926.0176391601562,1316.689697265625,390.67205810546875,930.5335083007812,679.2894287109375,372.2134094238281,492.5536804199219,0.0,111.22476196289062,197.02146911621094,0.5910643935203552,295.5321960449219,1127.5549774169922,779.561431825161,347.9935455918312
21,5,50,10,2026,TERM_LIFE,54,True,71050.51,0.0124,0.054881163,0.9333994,0.9255735,0.68474805,0.7835262,0.82270247,0.0,121.55062,19.940718,60.77531,182.32593,202.26665,472.68652,92.452614,0.0,0.56334394,1062.9257,1456.0625,997.03595,727.8363,603.28107,3552.5254,0.0,130.90056,398.8144,241.31242,0.7239373,361.96863,892.4075317382812,1238.348388671875,345.94085693359375,820.263916015625,598.792724609375,328.1055908203125,472.6865234375,0.0,102.56401824951172,189.07460021972656,0.5672237873077393,283.6119079589844,1009.3385162353516,714.8487408161163,294.48977541923523
21,6,50,10,2026,TERM_LIFE,55,True,71050.51,0.0135,0.047236655,0.93990105,0.9333994,0.6391434,0.7462154,0.7835262,0.0,127.62816,18.612654,63.81408,191.44223,210.05489,457.47095,86.9932,0.0,0.5007856,1062.9257,1456.0625,930.63275,679.36194,613.0548,2842.0203,0.0,127.91343,372.2531,245.22192,0.7356658,367.8329,868.7350463867188,1175.854736328125,307.11968994140625,729.1751098632812,532.2978515625,291.6700744628906,457.470947265625,0.0,95.45097351074219,182.98837280273438,0.5489651560783386,274.4825744628906,912.1634826660156,662.1525875926018,250.01089507341385
21,7,50,10,2026,TERM_LIFE,56,True,71050.51,0.01471,0.040656965,0.9452311,0.93990105,0.60073155,0.7106813,0.7462154,0.0,134.00957,17.494053,67.00478,201.01434,218.50839,446.2058,82.32965,0.0,0.44827515,1062.9257,1456.0625,874.7027,638.53296,627.8564,2131.5154,0.0,125.92805,349.88107,251.14256,0.7534277,376.7138,853.2763671875,1125.84521484375,272.56884765625,652.7166137695312,476.4831237792969,261.0866394042969,446.205810546875,0.0,89.49471282958984,178.48233032226562,0.5354470014572144,267.72344970703125,831.1989440917969,618.8402489423752,212.3586951494217
21,8,50,10,2026,TERM_LIFE,57,True,71050.51,0.01604,0.034993775,0.9495275,0.9452311,0.56783015,0.67683935,0.7106813,0.0,140.71004,16.535923,70.35502,211.06506,227.60098,438.0015,78.279945,0.0,0.40354627,1062.9257,1456.0625,826.7962,603.5612,647.1277,1421.0101,0.0,124.71615,330.71848,258.85107,0.7765533,388.2766,844.4877319335938,1085.647216796875,241.15948486328125,587.588623046875,428.939697265625,235.0354461669922,438.0014953613281,0.0,84.41279602050781,175.20059204101562,0.5256018042564392,262.8009033203125,762.7892150878906,582.7747473120689,180.0144677758217
21,9,50,10,2026,TERM_LIFE,58,True,71050.51,0.0175,0.030119421,0.9529077,0.9495275,0.5391703,0.6446089,0.67683935,0.0,147.74554,15.701313,73.87277,221.61832,237.31963,432.14304,74.7044,0.0,0.3649317,1062.9257,1456.0625,785.0657,573.09796,670.3957,710.50525,5.7231307,124.101746,314.02628,268.1583,0.8044749,402.2374,846.8930053710938,1053.2239990234375,206.33099365234375,531.3633422851562,387.895263671875,212.5453338623047,432.1430358886719,3.689181089401245,79.9970932006836,172.8572235107422,0.518571674823761,259.2857971191406,704.2205657958984,556.0359769463539,148.18458884954453
21,10,50,10,2026,TERM_LIFE,59,True,71050.51,0.019089999,0.025924027,0.9554809,0.9529077,0.5137795,0.61391324,0.6446089,0.0,155.13281,14.961902,77.56641,232.69922,247.66112,427.81586,71.494316,0.0,0.33118686,1062.9257,1456.0625,748.0951,546.10944,696.86694,0.0,14.157356,123.94455,299.23804,278.7468,0.8362404,418.12015,856.2963256835938,1026.8419189453125,170.54559326171875,482.228759765625,352.0270080566406,192.89151000976562,427.81585693359375,8.691388130187988,76.09120178222656,171.1263427734375,0.5133790373802185,256.6894836425781,653.3551025390625,534.8769626021385,118.47813993692398
22,1,44,10,2026,TERM_LIFE,44,True,60878.89,0.0054200003,0.1,0.89512193,1.0,1.0,0.95238096,1.0,500.0,100.0,18.166113,50.0,650.0,668.16614,314.25104,557.1429,0.0,1.0,663.0632,908.30566,908.30566,663.0632,329.9636,5479.1,0.0,601.3495,363.32227,131.98544,0.39595634,197.97815,1163.0458984375,1040.2911376953125,-122.7547607421875,908.3056640625,663.0631713867188,363.322265625,314.25103759765625,0.0,572.7138061523438,125.70042419433594,0.37710127234458923,188.5506134033203,1034.006088256836,1124.9637864530087,-90.95769819617271
22,2,44,10,2026,TERM_LIFE,45,True,60878.89,0.0058500003,0.0860708,0.90858275,0.89512193,0.89512193,0.90702945,0.95238096,0.0,104.99999,16.260885,52.499996,157.49998,173.76086,289.152,116.868286,0.0,0.8524971,663.0632,908.30566,813.0443,593.5224,318.7901,4870.3115,0.0,142.14996,325.21774,127.516045,0.38254815,191.27405,659.0242919921875,940.5603637695312,281.53607177734375,774.3279418945312,565.2594604492188,309.7311706542969,289.1520080566406,0.0,128.9342041015625,115.66080474853516,0.3469824492931366,173.49119567871094,889.9887466430664,612.5035528838634,277.48519375920296
22,3,44,10,2026,TERM_LIFE,46,True,60878.89,0.0063300002,0.07408182,0.92005706,0.90858275,0.8132923,0.8638376,0.90702945,0.0,110.25,14.77436,55.125,165.375,180.14935,270.738,107.57745,0.0,0.7376801,663.0632,908.30566,738.718,539.26416,313.4131,4261.5225,0.0,135.66006,295.4872,125.365234,0.3760957,188.04785,619.5712280273438,864.083251953125,244.51202392578125,670.0390014648438,489.12847900390625,268.0155944824219,270.7380065917969,0.0,117.18826293945312,108.29520416259766,0.32488560676574707,162.44281005859375,778.3342056274414,547.9715530872345,230.3626525402069
22,4,44,10,2026,TERM_LIFE,47,True,60878.89,0.00686,0.063762814,0.92981464,0.92005706,0.74827534,0.82270247,0.8638376,0.0,115.7625,13.593254,57.88125,173.64374,187.237,257.09586,100.08045,0.0,0.64638835,663.0632,908.30566,679.6627,496.1538,312.50162,3652.7336,0.0,131.17136,271.86508,125.00065,0.37500194,187.50098,590.9124145507812,804.6633911132812,213.7509765625,587.1182250976562,428.5963134765625,234.84727478027344,257.0958557128906,0.0,107.91500091552734,102.83834075927734,0.3085150122642517,154.2575225830078,689.9565658569336,497.32831329107285,192.62825256586075
22,5,44,10,2026,TERM_LIFE,48,True,60878.89,0.00745,0.054881163,0.93807775,0.92981464,0.6957574,0.7835262,0.82270247,0.0,121.55062,12.639208,60.77531,182.32593,194.96513,247.2489,93.93905,0.0,0.57240134,663.0632,908.30566,631.9604,461.33112,315.5592,3043.9446,0.0,128.20389,252.78416,126.22369,0.37867108,189.33551,570.7022094726562,758.18408203125,187.48187255859375,519.9153442382812,379.5382385253906,207.96615600585938,247.2489013671875,0.0,100.45110321044922,98.89956665039062,0.2966987192630768,148.34933471679688,618.8149108886719,457.06329265236855,161.75161823630333
22,6,44,10,2026,TERM_LIFE,49,True,60878.89,0.0081001,0.047236655,0.9450458,0.93807775,0.6526745,0.7462154,0.7835262,0.0,127.62816,11.856559,63.81408,191.44223,203.29878,240.16954,88.8349,0.0,0.5113875,663.0632,908.30566,592.82794,432.76443,321.85016,2435.1555,0.0,126.42019,237.13118,128.74007,0.3862202,193.11009,557.0476684570312,721.5679931640625,164.52032470703125,464.4962158203125,339.082275390625,185.79849243164062,240.16954040527344,0.0,94.3366928100586,96.06781768798828,0.2882034480571747,144.1017303466797,560.5640335083008,424.5251190364361,136.0389144718647
22,7,44,10,2026,TERM_LIFE,50,True,60878.89,0.00882,0.040656965,0.9508816,0.9450458,0.6168073,0.7106813,0.7462154,0.0,134.00957,11.204991,67.00478,201.01434,212.21933,235.37466,84.53282,0.0,0.4602711,663.0632,908.30566,560.2496,408.98218,331.1958,1826.3668,0.0,125.57649,224.09984,132.47832,0.39743495,198.71748,548.791259765625,692.7279052734375,143.9366455078125,418.0668640136719,305.1888122558594,167.22674560546875,235.37466430664062,0.0,89.24486541748047,94.14986419677734,0.2824496030807495,141.2248077392578,512.2167282104492,397.9788683652878,114.23785984516144
22,8,44,10,2026,TERM_LIFE,51,True,60878.89,0.0096099,0.034993775,0.95573264,0.9508816,0.5865107,0.67683935,0.7106813,0.0,140.71004,10.65462,70.35502,211.06506,221.71968,232.24544,80.85521,0.0,0.41682222,663.0632,908.30566,532.731,388.89365,343.1323,1217.5778,0.0,125.49035,213.0924,137.25291,0.41175875,205.87938,544.8739013671875,669.9839477539062,125.11004638671875,378.60198974609375,276.37945556640625,151.4407958984375,232.2454376220703,0.0,84.93680572509766,92.8981704711914,0.2786945402622223,139.34725952148438,471.50016021728516,376.00355568528175,95.4966045320034
22,9,44,10,2026,TERM_LIFE,52,True,60878.89,0.0104600005,0.030119421,0.95973563,0.95573264,0.5605474,0.6446089,0.67683935,0.0,147.74554,10.182967,73.87277,221.61832,231.80128,230.09496,77.66629,0.0,0.37940055,663.0632,908.30566,509.14838,371.67834,356.9528,608.78906,0.91632956,126.022026,203.65935,142.78111,0.42834336,214.17168,545.19775390625,651.9295043945312,106.73175048828125,344.6116638183594,251.5665283203125,137.84466552734375,230.09495544433594,0.5906742215156555,81.23492431640625,92.03797912597656,0.27611395716667175,138.05697631835938,436.64964294433594,358.0033543407917,78.64628860354424
22,10,44,10,2026,TERM_LIFE,53,True,60878.89,0.01139,0.025924027,0.9629813,0.95973563,0.53797734,0.61391324,0.6446089,0.0,155.13281,9.772957,77.56641,232.69922,242.47217,229.01369,74.861534,0.0,0.34678498,663.0632,908.30566,488.64786,356.71295,373.03918,0.0,9.247437,127.06288,195.45915,149.21568,0.44764704,223.8235,556.0405883789062,637.863525390625,81.82293701171875,314.98675537109375,229.9403533935547,125.99471282958984,229.01368713378906,5.677123546600342,78.00558471679688,91.60548400878906,0.27481645345687866,137.408203125,406.5922393798828,347.36044067144394,59.23179870843887
23,1,20,10,2026,TERM_LIFE,20,True,81303.43,0.00229,0.1,0.89793897,1.0,1.0,0.95238096,1.0,500.0,100.0,11.4649,50.0,650.0,661.4649,177.3189,557.1429,0.0,1.0,418.46887,573.245,573.245,418.46887,186.18484,7317.3086,0.0,595.3184,229.298,74.47394,0.22342181,111.71091,936.5507202148438,647.7189331054688,-288.831787109375,573.2449951171875,418.4688720703125,229.29800415039062,177.3188934326172,0.0,566.9699096679688,70.92755889892578,0.21278268098831177,106.39134216308594,644.1725540161133,902.8720386624336,-258.69948464632034
23,2,20,10,2026,TERM_LIFE,21,True,81303.43,0.00233,0.0860708,0.9117998,0.89793897,0.89793897,0.90702945,0.95238096,0.0,104.99999,10.29478,52.499996,157.49998,167.79477,154.2883,117.23608,0.0,0.85517997,418.46887,573.245,514.739,375.75952,170.10286,6504.275,0.0,137.70122,205.89561,68.041145,0.20412345,102.061714,445.8627014160156,582.7801513671875,136.91744995117188,490.2276306152344,357.8662109375,196.091064453125,154.28829956054688,0.0,124.89906311035156,61.71532440185547,0.18514598906040192,92.57298278808594,551.9429550170898,413.7482563406229,138.19469867646694
23,3,20,10,2026,TERM_LIFE,22,True,81303.43,0.00236,0.07408182,0.923733,0.9117998,0.81874055,0.8638376,0.90702945,0.0,110.25,9.386778,55.125,165.375,174.76178,135.70607,108.2981,0.0,0.7426218,418.46887,573.245,469.33893,342.61743,157.09674,5691.24,0.0,132.48459,187.73558,62.838696,0.18851608,94.25804,414.6667175292969,532.1776123046875,117.51089477539062,425.7042236328125,310.76409912109375,170.28170776367188,135.70606994628906,0.0,114.4451675415039,54.28242874145508,0.16284728050231934,81.42363739013672,479.9866523742676,366.3133599758148,113.67329239845276
23,4,20,10,2026,TERM_LIFE,23,True,81303.43,0.00239,0.063762814,0.9339996,0.923733,0.75629765,0.82270247,0.8638376,0.0,115.7625,8.6708765,57.88125,173.64374,182.31462,120.90446,101.15343,0.0,0.65331835,418.46887,573.245,433.54385,316.48703,146.96013,4878.206,0.0,129.09225,173.41754,58.784054,0.17635216,88.17607,390.8622131347656,492.3279113769531,101.4656982421875,374.511474609375,273.3934020996094,149.80459594726562,120.90445709228516,0.0,106.20451354980469,48.361785888671875,0.14508534967899323,72.54267120361328,422.8732604980469,328.6968660503626,94.17639444768429
23,5,20,10,2026,TERM_LIFE,24,True,81303.43,0.00241,0.054881163,0.9428411,0.9339996,0.7063817,0.7835262,0.82270247,0.0,121.55062,8.098595,60.77531,182.32593,190.42453,108.44733,95.37351,0.0,0.58114195,418.46887,573.245,404.92975,295.59875,138.40932,4065.1716,0.0,127.1302,161.97191,55.363728,0.16609119,83.04559,372.31378173828125,460.2934875488281,87.97970581054688,333.1366882324219,243.1898193359375,133.2546844482422,108.44732666015625,0.0,99.6098403930664,43.378929138183594,0.13013678789138794,65.06839752197266,376.51561737060547,298.06305915117264,78.45255821943283
23,6,20,10,2026,TERM_LIFE,25,True,81303.43,0.00243,0.047236655,0.9504481,0.9428411,0.6660057,0.7462154,0.7835262,0.0,127.62816,7.6356883,63.81408,191.44223,199.07791,98.187744,90.6494,0.0,0.5218329,418.46887,573.245,381.78442,278.70264,131.58096,3252.1372,0.0,126.32405,152.71378,52.632385,0.15789716,78.94858,358.144287109375,434.41680908203125,76.27252197265625,299.1380920410156,218.37081909179688,119.65524291992188,98.187744140625,0.0,94.26495361328125,39.27509689331055,0.11782529205083847,58.91264343261719,338.4131889343262,272.95066525787115,65.46252367645502
23,7,20,10,2026,TERM_LIFE,26,True,81303.43,0.00246,0.040656965,0.95698303,0.9504481,0.63300383,0.7106813,0.7462154,0.0,134.00957,7.257325,67.00478,201.01434,208.27167,89.9757,86.75254,0.0,0.4723572,418.46887,573.245,362.86627,264.8924,126.60485,2439.103,0.0,126.47668,145.14651,50.64194,0.15192583,75.962906,347.7380065917969,413.5082092285156,65.77020263671875,270.7763977050781,197.66677856445312,108.31056213378906,89.97570037841797,0.0,89.88461303710938,35.99028015136719,0.10797084867954254,53.985416412353516,306.7666778564453,252.2885624319315,54.47811542451382
23,8,20,10,2026,TERM_LIFE,27,True,81303.43,0.00249,0.034993775,0.9626034,0.95698303,0.6057739,0.67683935,0.7106813,0.0,140.71004,6.945137,70.35502,211.06506,218.0102,83.005035,83.510796,0.0,0.43051222,418.46887,573.245,347.25687,253.49753,122.63624,1626.0686,0.0,127.443436,138.90276,49.054497,0.1471635,73.58174,340.0750732421875,396.3113708496094,56.236297607421875,246.78897094726562,180.1559600830078,98.71559143066406,83.00503540039062,0.0,86.25873565673828,33.2020149230957,0.09960604459047318,49.803016662597656,279.9909858703613,234.87694979459047,45.114036075770855
23,9,20,10,2026,TERM_LIFE,28,True,81303.43,0.0025300002,0.030119421,0.9674268,0.9626034,0.58312005,0.6446089,0.67683935,0.0,147.74554,6.685413,73.87277,221.61832,228.30373,77.31854,80.79383,0.0,0.3946786,418.46887,573.245,334.27066,244.0176,119.94644,813.03455,0.0,129.11873,133.70827,47.978577,0.14393574,71.967865,334.93878173828125,382.2492370605469,47.310455322265625,226.24754333496094,165.16070556640625,90.49901580810547,77.31854248046875,0.0,83.23108673095703,30.927417755126953,0.09278225898742676,46.39112854003906,257.1749610900879,220.214013338089,36.9609477519989
23,10,20,10,2026,TERM_LIFE,29,True,81303.43,0.00258,0.025924027,0.97156286,0.9674268,0.56412596,0.61391324,0.6446089,0.0,155.13281,6.4676476,77.56641,232.69922,239.16687,72.64599,78.50021,0.0,0.3636406,418.46887,573.245,323.3824,236.06915,118.332664,0.0,6.119863,131.42256,129.35295,47.333065,0.1419992,70.9996,338.0369567871094,370.7154541015625,32.678497314453125,208.45516967773438,152.1722869873047,83.38206481933594,72.64598846435547,3.7570648193359375,80.68205261230469,29.058395385742188,0.08717519044876099,43.58759689331055,237.51356506347656,211.49595433473587,26.017610728740692
24,1,31,10,2026,TERM_LIFE,31,True,71673.75,0.00269,0.1,0.89757895,1.0,1.0,0.95238096,1.0,500.0,100.0,12.105908,50.0,650.0,662.1059,183.62132,557.1429,0.0,1.0,441.86566,605.2954,605.2954,441.86566,192.80238,6450.637,0.0,595.89526,242.11816,77.12096,0.23136286,115.68143,953.9262084960938,682.4163818359375,-271.50982666015625,605.29541015625,441.86566162109375,242.1181640625,183.62132263183594,0.0,567.519287109375,73.44853210449219,0.22034558653831482,110.17279052734375,678.7439422607422,920.0305872857571,-241.28664502501488
24,2,31,10,2026,TERM_LIFE,32,True,71673.75,0.00275,0.0860708,0.91141593,0.89757895,0.89757895,0.90702945,0.95238096,0.0,104.99999,10.866008,52.499996,157.49998,168.366,160.46742,117.18907,0.0,0.8548371,441.86566,605.2954,543.3004,396.6093,176.91534,5733.9,0.0,138.11461,217.32018,70.766136,0.21229841,106.14921,461.7962951660156,614.0665283203125,152.27023315429688,517.428955078125,377.72314453125,206.9716033935547,160.46742248535156,0.0,125.27401733398438,64.18696594238281,0.19256091117858887,96.28045654296875,581.6159210205078,428.7186381816864,152.8972828388214
24,3,31,10,2026,TERM_LIFE,33,True,71673.75,0.00282,0.07408182,0.92330706,0.91141593,0.8180678,0.8638376,0.90702945,0.0,110.25,9.903453,55.125,165.375,175.27846,142.83368,108.209114,0.0,0.74201155,441.86566,605.2954,495.17267,361.47607,165.34784,5017.1626,0.0,132.76709,198.06908,66.13914,0.19841743,99.2087,430.2432861328125,561.3118286132812,131.06854248046875,449.1361999511719,327.86944580078125,179.65447998046875,142.83367919921875,0.0,114.68920135498047,57.13347244262695,0.17140042781829834,85.70021057128906,506.2696723937988,380.2152923345566,126.05438005924225
24,4,31,10,2026,TERM_LIFE,34,True,71673.75,0.0029000002,0.063762814,0.9335221,0.92330706,0.75532776,0.82270247,0.8638376,0.0,115.7625,9.143929,57.88125,173.64374,182.78766,129.16249,101.0237,0.0,0.65248054,441.86566,605.2954,457.19644,333.7534,156.99782,4300.4253,0.0,129.26122,182.87859,62.79913,0.1883974,94.198685,406.5268859863281,519.9955444335938,113.46865844726562,394.9434814453125,288.3087158203125,157.97740173339844,129.16249084472656,0.0,106.34352111816406,51.66499710083008,0.15499499440193176,77.49748992919922,446.6084785461426,341.97340777516365,104.63507077097893
24,5,31,10,2026,TERM_LIFE,35,True,71673.75,0.00301,0.054881163,0.94227403,0.9335221,0.70511514,0.7835262,0.82270247,0.0,121.55062,8.536058,60.77531,182.32593,190.86198,119.190094,95.20251,0.0,0.58009994,441.86566,605.2954,426.80295,311.56616,152.12012,3583.6875,0.0,127.19379,170.72118,60.84805,0.18254414,91.272064,389.36956787109375,487.6510009765625,98.28143310546875,351.1318359375,256.3262634277344,140.45272827148438,119.19009399414062,0.0,99.65966033935547,47.67604064941406,0.1430281102657318,71.51405334472656,398.80787658691406,311.76947006583214,87.03840652108192
24,6,31,10,2026,TERM_LIFE,36,True,71673.75,0.0031400002,0.047236655,0.94977164,0.94227403,0.66441166,0.7462154,0.7835262,0.0,127.62816,8.043306,63.81408,191.44223,199.48553,111.58126,90.43244,0.0,0.5205839,441.86566,605.2954,402.16534,293.5807,149.52956,2866.95,0.0,126.27975,160.86613,59.811825,0.17943548,89.71773,377.04302978515625,461.9771728515625,84.93414306640625,315.1070861816406,230.0281524658203,126.04283142089844,111.58126068115234,0.0,94.23189544677734,44.632503509521484,0.13389751315116882,66.9487533569336,359.7395896911621,287.35737773776054,72.38221195340157
24,7,31,10,2026,TERM_LIFE,37,True,71673.75,0.0033,0.040656965,0.9561772,0.94977164,0.6310394,0.7106813,0.7462154,0.0,134.00957,7.6393046,67.00478,201.01434,208.65364,106.07314,86.483315,0.0,0.4708913,441.86566,605.2954,381.96524,278.83463,149.25557,2150.2126,0.0,126.315414,152.7861,59.70223,0.1791067,89.553345,368.8339538574219,441.66748046875,72.83352661132812,285.0283508300781,208.07069396972656,114.01134490966797,106.0731430053711,0.0,89.77000427246094,42.42926025390625,0.12728779017925262,63.643890380859375,327.4576110839844,267.55252735316753,59.90508373081684
24,8,31,10,2026,TERM_LIFE,38,True,71673.75,0.0035100002,0.034993775,0.9616191,0.9561772,0.60338545,0.67683935,0.7106813,0.0,140.71004,7.3045287,70.35502,211.06506,218.3696,102.74192,83.18153,0.0,0.42881477,441.86566,605.2954,365.22644,266.6153,151.79662,1433.475,0.0,127.15023,146.09058,60.718647,0.18215594,91.07797,364.5009460449219,425.9450988769531,61.44415283203125,259.5596008300781,189.478515625,103.82384490966797,102.7419204711914,0.0,86.0602798461914,41.096771240234375,0.12329030781984329,61.64515686035156,300.6563720703125,251.65257192403078,49.00380014628172
24,9,31,10,2026,TERM_LIFE,39,True,71673.75,0.0037500001,0.030119421,0.9662435,0.9616191,0.58022696,0.6446089,0.67683935,0.0,147.74554,7.024174,73.87277,221.61832,228.64249,100.52767,80.39298,0.0,0.39272043,441.86566,605.2954,351.2087,256.38235,155.95142,716.7377,0.0,128.66876,140.48349,62.380566,0.1871417,93.57085,362.91021728515625,413.5892639160156,50.679046630859375,237.7118682861328,173.5296630859375,95.08475494384766,100.52767181396484,0.0,82.94103240966797,40.21106719970703,0.12063320726156235,60.31660079956055,277.92293548583984,238.46302136033773,39.45991412550211
24,10,31,10,2026,TERM_LIFE,40,True,71673.75,0.00403,0.025924027,0.9701505,0.9662435,0.5606405,0.61391324,0.6446089,0.0,155.13281,6.787062,77.56641,232.69922,239.48628,99.41609,78.0152,0.0,0.36139387,441.86566,605.2954,339.35312,247.7278,161.93834,0.0,6.422102,130.785,135.74126,64.77534,0.19432601,97.163,370.30572509765625,404.1284484863281,33.822723388671875,218.7500457763672,159.6875457763672,87.5000228881836,99.41609191894531,3.942613363265991,80.29064178466797,39.76643753051758,0.11929931491613388,59.649654388427734,258.51648330688477,231.50223173946142,27.014251567423344
25,1,21,10,2026,TERM_LIFE,21,True,170033.11,0.00233,0.1,0.89790297,1.0,1.0,0.95238096,1.0,500.0,100.0,17.166906,50.0,650.0,667.16693,377.31158,557.1429,0.0,1.0,626.5921,858.34534,858.34534,626.5921,396.17715,15302.9795,0.0,600.4502,343.33813,158.47087,0.47541264,237.70628,1181.9700927734375,1016.8162231445312,-165.15386962890625,858.3453369140625,626.5921020507812,343.338134765625,377.31158447265625,0.0,571.8573608398438,150.9246368408203,0.45277392864227295,226.38693237304688,1009.2699737548828,1142.035201907158,-132.76522815227509
25,2,21,10,2026,TERM_LIFE,22,True,170033.11,0.00236,0.0860708,0.9117724,0.89790297,0.89790297,0.90702945,0.95238096,0.0,104.99999,15.414216,52.499996,157.49998,172.9142,326.81073,117.231384,0.0,0.8551457,626.5921,858.34534,770.7108,562.6189,360.30884,13602.648,0.0,141.8968,308.28433,144.12354,0.4323706,216.1853,666.798828125,914.8343505859375,248.0355224609375,734.0103149414062,535.8275146484375,293.6041259765625,326.81072998046875,0.0,128.70457458496094,130.7242889404297,0.3921728730201721,196.08644104003906,864.7346038818359,618.7873144745827,245.94728940725327
25,3,21,10,2026,TERM_LIFE,23,True,170033.11,0.00239,0.07408182,0.9237052,0.9117724,0.8186831,0.8638376,0.90702945,0.0,110.25,14.054256,55.125,165.375,179.42926,287.39508,108.290504,0.0,0.7425697,626.5921,858.34534,702.7128,512.98035,332.69574,11902.317,0.0,136.0134,281.08514,133.0783,0.3992349,199.61745,617.115234375,835.7911376953125,218.6759033203125,637.3812255859375,465.28826904296875,254.95249938964844,287.39508056640625,0.0,117.49348449707031,114.9580307006836,0.3448741137981415,172.4370574951172,752.3392562866211,545.2279154956341,207.11134079098701
25,4,21,10,2026,TERM_LIFE,24,True,170033.11,0.00241,0.063762814,0.9339809,0.9237052,0.75622183,0.82270247,0.8638376,0.0,115.7625,12.98199,57.88125,173.64374,186.62573,254.94269,101.14328,0.0,0.65325284,626.5921,858.34534,649.0995,473.84262,309.88443,10201.986,0.0,132.13159,259.6398,123.95377,0.37186134,185.93066,578.0739135742188,773.0532836914062,194.9793701171875,560.716552734375,409.32305908203125,224.28662109375,254.94268798828125,0.0,108.70498657226562,101.9770736694336,0.3059312403202057,152.9656219482422,662.6936264038086,486.263160854578,176.43046554923058
25,5,21,10,2026,TERM_LIFE,25,True,170033.11,0.00243,0.054881163,0.94282216,0.9339809,0.70629674,0.7835262,0.82270247,0.0,121.55062,12.12493,60.77531,182.32593,194.45085,228.6549,95.362045,0.0,0.5810721,626.5921,858.34534,606.2465,442.55997,291.82803,8501.655,0.0,129.80263,242.49861,116.73122,0.35019365,175.09682,547.748291015625,722.9777221679688,175.22943115234375,498.760498046875,364.0951843261719,199.50421142578125,228.6549072265625,0.0,101.7037582397461,91.46196746826172,0.27438589930534363,137.1929473876953,590.2224655151367,438.675302952528,151.54716256260872
25,6,21,10,2026,TERM_LIFE,26,True,170033.11,0.00246,0.047236655,0.95041955,0.94282216,0.6659122,0.7462154,0.7835262,0.0,127.62816,11.431653,63.81408,191.44223,202.87389,207.84988,90.63668,0.0,0.5217596,626.5921,858.34534,571.58264,417.25534,278.53873,6801.3237,0.0,128.7147,228.63306,111.41549,0.33424646,167.12323,524.8052368164062,682.9981079101562,158.19287109375,447.8499755859375,326.93048095703125,179.13998413085938,207.84988403320312,0.0,96.04889678955078,83.13995361328125,0.24941985309123993,124.70993041992188,530.9899291992188,400.14823119342327,130.84169800579548
25,7,21,10,2026,TERM_LIFE,27,True,170033.11,0.00249,0.040656965,0.95695424,0.95041955,0.632896,0.7106813,0.7462154,0.0,134.00957,10.864866,67.00478,201.01434,211.87921,190.43208,86.73777,0.0,0.47227675,626.5921,858.34534,543.24335,396.56763,267.95706,5100.993,0.0,128.64551,217.29735,107.18282,0.3215485,160.77423,507.0386657714844,650.4261474609375,143.38748168945312,405.3765563964844,295.92486572265625,162.150634765625,190.4320831298828,0.0,91.42595672607422,76.1728286743164,0.2285185009241104,114.25923919677734,481.5493850708008,368.0643491894007,113.48503588140011
25,8,21,10,2026,TERM_LIFE,28,True,170033.11,0.0025300002,0.034993775,0.96256477,0.95695424,0.6056525,0.67683935,0.7106813,0.0,140.71004,10.39718,70.35502,211.06506,221.46225,176.34502,83.494064,0.0,0.4304259,626.5921,858.34534,519.859,379.49707,260.5419,3400.6619,0.0,129.43549,207.9436,104.21676,0.31265026,156.32513,494.0168762207031,624.0757446289062,130.05886840820312,369.4540710449219,269.70147705078125,147.78163146972656,176.3450164794922,0.0,87.6070327758789,70.53800201416016,0.2116139978170395,105.80699920654297,439.99207305908203,341.4072774499655,98.58479560911655
25,9,21,10,2026,TERM_LIFE,29,True,170033.11,0.00258,0.030119421,0.9673783,0.96256477,0.58297974,0.6446089,0.67683935,0.0,147.74554,10.007958,73.87277,221.61832,231.62628,164.85533,80.77439,0.0,0.39458364,626.5921,858.34534,500.39795,365.2905,255.74474,1700.3314,0.0,130.96631,200.15918,102.2979,0.30689368,153.44684,484.87921142578125,602.6958618164062,117.816650390625,338.68902587890625,247.24298095703125,135.47561645507812,164.85533142089844,0.0,84.42205047607422,65.942138671875,0.19782640039920807,98.91320037841797,404.63116455078125,319.0086937099695,85.62247084081173
25,10,21,10,2026,TERM_LIFE,30,True,170033.11,0.00263,0.025924027,0.97151417,0.9673783,0.563962,0.61391324,0.6446089,0.0,155.13281,9.681482,77.56641,232.69922,242.3807,154.82678,78.477394,0.0,0.36353493,626.5921,858.34534,484.07413,353.3741,252.19652,0.0,9.16088,133.14986,193.62965,100.87861,0.30263585,151.3179,487.5609436035156,584.9527587890625,97.39181518554688,312.0384826660156,227.78810119628906,124.81539916992188,154.8267822265625,5.623985767364502,81.74246215820312,61.93071365356445,0.18579214811325073,92.89606475830078,373.9691963195801,305.26370400190353,68.70549231767654
26,1,22,10,2026,TERM_LIFE,22,True,104353.4,0.00236,0.1,0.89787596,1.0,1.0,0.95238096,1.0,500.0,100.0,13.087861,50.0,650.0,663.0879,234.54668,557.1429,0.0,1.0,477.70694,654.39307,654.39307,477.70694,246.27402,9391.806,0.0,596.7791,261.75723,98.509605,0.29552883,147.7644,1006.5963134765625,752.9026489257812,-253.69366455078125,654.39306640625,477.7069396972656,261.7572326660156,234.5466766357422,0.0,568.361083984375,93.81867218017578,0.28145602345466614,140.72801208496094,748.2117385864258,971.1277847588062,-222.91604617238045
26,2,22,10,2026,TERM_LIFE,23,True,104353.4,0.00239,0.0860708,0.9117449,0.89787596,0.89787596,0.90702945,0.95238096,0.0,104.99999,11.751275,52.499996,157.49998,169.25127,203.11513,117.22785,0.0,0.85511994,477.70694,654.39307,587.5638,428.92157,223.93443,8348.272,0.0,138.88676,235.02551,89.57378,0.26872134,134.36066,508.5416564941406,677.1375732421875,168.59591674804688,559.5845336914062,408.4967346191406,223.8338165283203,203.11512756347656,0.0,125.9743881225586,81.24605560302734,0.24373817443847656,121.86907196044922,640.8305892944336,471.9210147857666,168.909574508667
26,3,22,10,2026,TERM_LIFE,24,True,104353.4,0.00241,0.07408182,0.9236867,0.9117449,0.81863385,0.8638376,0.90702945,0.0,110.25,10.714166,55.125,165.375,176.08917,177.84653,108.284,0.0,0.74252504,477.70694,654.39307,535.7083,391.06708,205.8796,7304.738,0.0,133.47348,214.28333,82.35184,0.24705552,123.527756,471.5316162109375,618.0601806640625,146.528564453125,485.9032287597656,354.7093505859375,194.3612823486328,177.84652709960938,0.0,115.29940795898438,71.13861083984375,0.21341584622859955,106.70791625976562,557.0418395996094,416.5820224136114,140.45981718599796
26,4,22,10,2026,TERM_LIFE,25,True,104353.4,0.00243,0.063762814,0.93396217,0.9236867,0.7561612,0.82270247,0.8638376,0.0,115.7625,9.896533,57.88125,173.64374,183.54027,157.75026,101.13517,0.0,0.6532005,477.70694,654.39307,494.82666,361.22345,191.74643,6261.204,0.0,129.93665,197.93066,76.69857,0.23009573,115.04786,443.145263671875,571.5252075195312,128.37994384765625,427.4498596191406,312.03839111328125,170.97994995117188,157.75025939941406,0.0,106.89920043945312,63.100101470947266,0.1893003284931183,94.65015411376953,490.5499610900879,372.71860483288765,117.83135625720024
26,5,22,10,2026,TERM_LIFE,26,True,104353.4,0.00246,0.054881163,0.94279385,0.93396217,0.706226,0.7835262,0.82270247,0.0,121.55062,9.242988,60.77531,182.32593,191.56891,142.04924,95.35249,0.0,0.58101386,477.70694,654.39307,462.14938,337.36905,181.29483,5217.67,0.0,127.86601,184.85976,72.51794,0.21755382,108.77689,421.7202453613281,534.6672973632812,112.94705200195312,380.21142578125,277.5543518066406,152.08457946777344,142.0492401123047,0.0,100.18637084960938,56.8197021484375,0.17045912146568298,85.22954559326172,437.0311279296875,337.6709550321102,99.36017289757729
26,6,22,10,2026,TERM_LIFE,27,True,104353.4,0.00249,0.047236655,0.95039093,0.94279385,0.66582555,0.7462154,0.7835262,0.0,127.62816,8.714232,63.81408,191.44223,200.15646,129.1013,90.62488,0.0,0.52169174,477.70694,654.39307,435.7116,318.0695,173.00809,4174.1357,0.0,126.97408,174.28465,69.20324,0.20760973,103.80485,405.2712097167969,504.91485595703125,99.64364624023438,341.3914489746094,249.2157745361328,136.5565948486328,129.10130310058594,0.0,94.75001525878906,51.64052200317383,0.15492157638072968,77.46077728271484,393.0319709777832,308.92230896651745,84.10966201126575
26,7,22,10,2026,TERM_LIFE,28,True,104353.4,0.0025300002,0.040656965,0.9569159,0.95039093,0.63279456,0.7106813,0.7462154,0.0,134.00957,8.281927,67.00478,201.01434,209.29626,118.73118,86.72386,0.0,0.47220105,477.70694,654.39307,414.09637,302.29034,167.0667,3130.602,0.0,127.05686,165.63855,66.82668,0.20048006,100.24001,393.1358947753906,480.9230651855469,87.78717041015625,309.0050964355469,225.57371520996094,123.60203552246094,118.7311782836914,0.0,90.29693603515625,47.49247360229492,0.14247743785381317,71.23870849609375,356.4975700378418,285.28015749156475,71.21741254627705
26,8,22,10,2026,TERM_LIFE,29,True,104353.4,0.00258,0.034993775,0.96251655,0.9569159,0.60553116,0.67683935,0.7106813,0.0,140.71004,7.925108,70.35502,211.06506,218.99017,110.34392,83.47733,0.0,0.4303397,477.70694,654.39307,396.2554,289.26645,163.02823,2087.0679,0.0,127.96501,158.50217,65.211296,0.1956339,97.81693,384.4797668457031,461.4667053222656,76.9869384765625,281.6112976074219,205.57626342773438,112.64453125,110.34391784667969,0.0,86.61175537109375,44.1375732421875,0.13241271674633026,66.20635223388672,325.7488708496094,265.5950515717268,60.153819277882576
26,9,22,10,2026,TERM_LIFE,30,True,104353.4,0.00263,0.030119421,0.9673298,0.96251655,0.58283377,0.6446089,0.67683935,0.0,147.74554,7.6280475,73.87277,221.61832,229.24637,103.1106,80.75416,0.0,0.39448482,477.70694,654.39307,381.40237,278.42374,159.95839,1043.5342,0.0,129.58818,152.56096,63.983356,0.19195008,95.97504,378.3161315917969,445.3857421875,67.06961059570312,258.14813232421875,188.44813537597656,103.25926208496094,103.11060333251953,0.0,83.53369903564453,41.24424362182617,0.12373273819684982,61.866363525390625,299.3923759460449,248.78305738419294,50.60931856185198
26,10,22,10,2026,TERM_LIFE,31,True,104353.4,0.00269,0.025924027,0.9714557,0.9673298,0.56379247,0.61391324,0.6446089,0.0,155.13281,7.3788376,77.56641,232.69922,240.07806,97.15947,78.453804,0.0,0.36342564,477.70694,654.39307,368.9419,269.32758,158.26254,0.0,6.982055,131.84528,147.57677,63.30502,0.18991508,94.95752,381.5515441894531,432.2469177246094,50.69537353515625,237.82322692871094,173.6109619140625,95.12930297851562,97.15946960449219,4.286375999450684,80.94155883789062,38.86378860473633,0.11659137904644012,58.295677185058594,276.68701553344727,238.76950637996197,37.9175091534853
27,1,48,10,2026,TERM_LIFE,48,True,24495.6,0.00745,0.1,0.893295,1.0,1.0,0.95238096,1.0,500.0,100.0,13.013023,50.0,650.0,663.013,173.80211,557.1429,0.0,1.0,474.97537,650.6512,650.6512,474.97537,182.49222,2204.604,0.0,596.7117,260.26047,72.99689,0.21899067,109.49533,966.6865234375,723.6480712890625,-243.0384521484375,650.6511840820312,474.9753723144531,260.2604675292969,173.80210876464844,0.0,568.2968139648438,69.52084350585938,0.20856253802776337,104.28126525878906,720.1720275878906,933.0471092909575,-212.87508170306683
27,2,48,10,2026,TERM_LIFE,49,True,24495.6,0.0081001,0.0860708,0.9065263,0.893295,0.893295,0.90702945,0.95238096,0.0,104.99999,11.624469,52.499996,157.49998,169.12445,160.76619,116.62975,0.0,0.8507571,474.97537,650.6512,581.22345,424.29312,177.24474,1959.6481,0.0,138.07462,232.48938,70.897896,0.21269369,106.34684,477.12353515625,652.121337890625,174.997802734375,553.546142578125,404.08868408203125,221.41845703125,160.7661895751953,0.0,125.23773956298828,64.30648040771484,0.19291944801807404,96.459716796875,617.8526229858398,443.30883283913136,174.5437901467085
27,3,48,10,2026,TERM_LIFE,50,True,24495.6,0.00882,0.07408182,0.91775155,0.9065263,0.80979544,0.8638376,0.90702945,0.0,110.25,10.537887,55.125,165.375,175.91289,151.13466,107.1149,0.0,0.73450834,474.97537,650.6512,526.89435,384.6329,174.95726,1714.692,0.0,131.90024,210.75774,69.9829,0.2099487,104.97436,447.84228515625,596.8772583007812,149.03497314453125,477.90869140625,348.8733825683594,191.16346740722656,151.13465881347656,0.0,113.94038391113281,60.453861236572266,0.181361585855484,90.68079376220703,538.3625526428223,395.9660066664219,142.39654597640038
27,4,48,10,2026,TERM_LIFE,51,True,24495.6,0.0096099,0.063762814,0.9272401,0.91775155,0.743191,0.82270247,0.8638376,0.0,115.7625,9.671162,57.88125,173.64374,183.3149,143.92963,99.40044,0.0,0.6419963,474.97537,650.6512,483.5581,352.99744,174.94736,1469.7361,0.0,127.55107,193.42325,69.97894,0.20993683,104.968414,426.1526794433594,553.5370483398438,127.38436889648438,417.7156677246094,304.9324645996094,167.08627319335938,143.92962646484375,0.0,104.93658447265625,57.57184982299805,0.17271554470062256,86.35777282714844,475.2875175476074,358.5533460378647,116.73417150974274
27,5,48,10,2026,TERM_LIFE,52,True,24495.6,0.0104600005,0.054881163,0.9352329,0.9272401,0.6891165,0.7835262,0.82270247,0.0,121.55062,8.967489,60.77531,182.32593,191.29341,138.3458,93.04242,0.0,0.5669378,474.97537,650.6512,448.37445,327.31335,176.56818,1224.78,0.0,124.58882,179.34978,70.62727,0.21188183,105.9409,410.0914001464844,519.001708984375,108.91030883789062,368.8787536621094,269.281494140625,147.55149841308594,138.34579467773438,0.0,97.61860656738281,55.33831787109375,0.16601496934890747,83.0074691772461,424.2170715332031,328.34358912706375,95.87348240613937
27,6,48,10,2026,TERM_LIFE,53,True,24495.6,0.01139,0.047236655,0.9419114,0.9352329,0.6444844,0.7462154,0.7835262,0.0,127.62816,8.38669,63.81408,191.44223,199.82892,134.18019,87.72015,0.0,0.50497043,474.97537,650.6512,419.33453,306.11423,179.81429,979.824,0.0,122.70316,167.73381,71.92571,0.21577714,107.88857,398.5413513183594,491.26025390625,92.71890258789062,328.5596008300781,239.8485107421875,131.423828125,134.18019104003906,0.0,91.56298828125,53.67207336425781,0.16101622581481934,80.50811767578125,382.23167419433594,303.65595030784607,78.57572388648987
27,7,48,10,2026,TERM_LIFE,54,True,24495.6,0.0124,0.040656965,0.9474472,0.9419114,0.6070472,0.7106813,0.7462154,0.0,134.00957,7.8995194,67.00478,201.01434,208.91386,131.04097,83.195206,0.0,0.45298797,474.97537,650.6512,394.97598,288.33246,184.38782,734.86804,0.0,121.66443,157.9904,73.75513,0.22126539,110.63269,390.5087890625,468.7311096191406,78.22232055664062,294.7371520996094,215.1581268310547,117.8948745727539,131.0409698486328,0.0,86.46463775634766,52.41638946533203,0.15724918246269226,78.62458801269531,347.1535415649414,283.14134952425957,64.01219204068184
27,8,48,10,2026,TERM_LIFE,55,True,24495.6,0.0135,0.034993775,0.9519787,0.9474472,0.5751452,0.67683935,0.7106813,0.0,140.71004,7.484378,70.35502,211.06506,218.54944,128.73152,79.28838,0.0,0.40874493,474.97537,650.6512,374.2189,273.1798,190.1951,489.912,0.0,121.29902,149.68756,76.07804,0.22823413,114.11706,385.3318786621094,450.29693603515625,64.96505737304688,265.95037841796875,194.14378356933594,106.3801498413086,128.7315216064453,0.0,82.0999526977539,51.492610931396484,0.15447783470153809,77.2389144897461,317.44298934936523,265.87349486351013,51.5694944858551
27,9,48,10,2026,TERM_LIFE,56,True,24495.6,0.01471,0.030119421,0.9556136,0.9519787,0.54752594,0.6446089,0.67683935,0.0,147.74554,7.124968,73.87277,221.61832,228.74329,127.174995,75.862114,0.0,0.3705871,474.97537,650.6512,356.2484,260.06134,197.29016,244.95607,3.7932858,121.470634,142.49937,78.91607,0.2367482,118.37409,386.3741455078125,435.16448974609375,48.79034423828125,241.12294006347656,176.01974487304688,96.44918060302734,127.17499542236328,2.445185899734497,78.30105590820312,50.87000274658203,0.15261000394821167,76.30499267578125,291.9929428100586,253.65302509069443,38.339917719364166
27,10,48,10,2026,TERM_LIFE,57,True,24495.6,0.01604,0.025924027,0.95845175,0.9556136,0.5232232,0.61391324,0.6446089,0.0,155.13281,6.8087163,77.56641,232.69922,239.50793,126.20786,72.80845,0.0,0.33727434,474.97537,650.6512,340.43582,248.51814,205.57932,0.0,6.442591,122.06741,136.17433,82.23173,0.24669518,123.34759,388.27862548828125,422.66754150390625,34.388916015625,219.44796752929688,160.19700622558594,87.77919006347656,126.2078628540039,3.9551920890808105,74.93880462646484,50.48314666748047,0.15144942700862885,75.72471618652344,269.93111419677734,242.54935239255428,27.38176180422306
28,1,52,10,2026,TERM_LIFE,52,True,231178.27,0.0104600005,0.1,0.89058596,1.0,1.0,0.95238096,1.0,500.0,100.0,94.02272,50.0,650.0,744.0227,2302.976,557.1429,0.0,1.0,3431.8296,4701.136,4701.136,3431.8296,2418.1248,20806.043,0.0,669.6204,1880.4545,967.24994,2.9017496,1450.8748,4003.8515625,5668.38623046875,1664.53466796875,4701.13623046875,3431.82958984375,1880.4544677734375,2302.97607421875,0.0,637.7337646484375,921.1904296875,2.76357102394104,1381.7855224609375,5622.32666015625,3902.7373259067535,1719.5893342494965
28,2,52,10,2026,TERM_LIFE,53,True,231178.27,0.01139,0.0860708,0.9035196,0.89058596,0.89058596,0.90702945,0.95238096,0.0,104.99999,83.73532,52.499996,157.49998,241.2353,2127.0022,116.27606,0.0,0.84817713,3431.8296,4701.136,4186.766,3056.3394,2345.02,18494.262,0.0,196.34926,1674.7064,938.008,2.8140242,1407.012,3280.881591796875,5124.77392578125,1843.892333984375,3987.396240234375,2910.79931640625,1594.95849609375,2127.002197265625,0.0,178.0945587158203,850.8009033203125,2.5524027347564697,1276.2012939453125,4838.1971435546875,3051.8067514896393,1786.3903920650482
28,3,52,10,2026,TERM_LIFE,54,True,231178.27,0.0124,0.07408182,0.9144368,0.9035196,0.80466187,0.8638376,0.90702945,0.0,110.25,75.656494,55.125,165.375,241.0315,1992.5728,106.43586,0.0,0.729852,3431.8296,4701.136,3782.825,2761.4624,2306.652,16182.479,0.0,179.58076,1513.13,922.6608,2.7679825,1383.9912,3079.47021484375,4705.48583984375,1626.015625,3431.133544921875,2504.727783203125,1372.4534912109375,1992.57275390625,0.0,155.1286163330078,797.0291137695312,2.391087293624878,1195.543701171875,4228.162658691406,2725.516896009445,1502.645762681961
28,4,52,10,2026,TERM_LIFE,55,True,231178.27,0.0135,0.063762814,0.92359805,0.9144368,0.7358124,0.82270247,0.8638376,0.0,115.7625,69.18309,57.88125,173.64374,242.82683,1889.2555,98.41356,0.0,0.63562244,3431.8296,4701.136,3459.1545,2525.1829,2296.4019,13870.696,0.0,167.28218,1383.6619,918.5607,2.7556822,1377.8411,2931.540771484375,4377.71533203125,1446.174560546875,2988.147705078125,2181.347900390625,1195.2591552734375,1889.2554931640625,0.0,137.6234588623047,755.7022094726562,2.267106533050537,1133.55322265625,3743.8499145507812,2468.7029433250427,1275.1469712257385
28,5,52,10,2026,TERM_LIFE,56,True,231178.27,0.01471,0.054881163,0.9312161,0.92359805,0.67959493,0.7835262,0.82270247,0.0,121.55062,63.897366,60.77531,182.32593,246.2233,1810.7701,91.75685,0.0,0.55910444,3431.8296,4701.136,3194.8684,2332.254,2311.0525,11558.913,0.0,158.14873,1277.9474,924.421,2.7732632,1386.6315,2825.500732421875,4119.28955078125,1293.788818359375,2628.426025390625,1918.7510986328125,1051.3704833984375,1810.7701416015625,0.0,123.91366577148438,724.3080444335938,2.172924280166626,1086.4620361328125,3352.7340698242188,2263.919109582901,1088.8149602413177
28,6,52,10,2026,TERM_LIFE,57,True,231178.27,0.01604,0.047236655,0.937481,0.9312161,0.63284975,0.7462154,0.7835262,0.0,127.62816,59.502254,63.81408,191.44223,250.94449,1751.1211,86.13658,0.0,0.49585435,3431.8296,4701.136,2975.1128,2171.8325,2346.6697,9247.13,0.0,151.3085,1190.0452,938.6679,2.8160038,1408.0017,2752.17138671875,3913.78076171875,1161.609375,2331.078857421875,1701.6876220703125,932.4315185546875,1751.12109375,0.0,112.90873718261719,700.4484252929688,2.1013453006744385,1050.672607421875,3031.5272827148438,2098.114208459854,933.4130742549896
28,7,52,10,2026,TERM_LIFE,58,True,231178.27,0.0175,0.040656965,0.94255453,0.937481,0.5932846,0.7106813,0.7462154,0.0,134.00957,55.782234,67.00478,201.01434,256.79657,1705.78,81.30907,0.0,0.44271812,3431.8296,4701.136,2789.1118,2036.0516,2400.2039,6935.348,0.0,146.15923,1115.6448,960.08154,2.8802445,1440.1223,2704.806396484375,3749.193359375,1044.386962890625,2081.2783203125,1519.3331298828125,832.5112915039062,1705.780029296875,0.0,103.87263488769531,682.31201171875,2.04693603515625,1023.468017578125,2763.59033203125,1961.8988800048828,801.6914520263672
28,8,52,10,2026,TERM_LIFE,59,True,231178.27,0.019089999,0.034993775,0.9465843,0.94255453,0.5592031,0.67683935,0.7106813,0.0,140.71004,52.577797,70.35502,211.06506,263.64285,1670.3523,77.09064,0.0,0.3974152,3431.8296,4701.136,2628.89,1919.0897,2467.871,4623.565,0.0,142.27077,1051.556,987.14844,2.9614453,1480.7227,2677.5107421875,3616.038330078125,938.527587890625,1868.302978515625,1363.8612060546875,747.3212280273438,1670.352294921875,0.0,96.2944564819336,668.1409301757812,2.004422664642334,1002.2113647460938,2536.4439086914062,1847.8314719200134,688.6124367713928
28,9,52,10,2026,TERM_LIFE,60,True,231178.27,0.0208401,0.030119421,0.94966817,0.9465843,0.5293329,0.6446089,0.67683935,0.0,147.74554,49.76932,73.87277,221.61832,271.38763,1643.887,73.341385,0.0,0.35827333,3431.8296,4701.136,2488.466,1816.5802,2550.2083,2311.7832,17.857122,139.32762,995.3864,1020.0833,3.06025,1530.125,2685.756591796875,3508.54931640625,822.792724609375,1684.291748046875,1229.532958984375,673.7166748046875,1643.886962890625,11.510860443115234,89.81182861328125,657.5548095703125,1.972664475440979,986.3322143554688,2341.8465576171875,1763.3442426919937,578.5023149251938
28,10,52,10,2026,TERM_LIFE,61,True,231178.27,0.022739898,0.025924027,0.9519256,0.94966817,0.50269055,0.61391324,0.6446089,0.0,155.13281,47.264336,77.56641,232.69922,279.96356,1622.3452,69.951256,0.0,0.3240388,3431.8296,4701.136,2363.2168,1725.1483,2642.6294,0.0,44.72279,137.08662,945.28674,1057.0518,3.1711555,1585.5776,2715.844970703125,3420.2685546875,704.423583984375,1523.3505859375,1112.0460205078125,609.3402709960938,1622.34521484375,27.455913543701172,84.15929412841797,648.9380493164062,1.9468142986297607,973.4071044921875,2172.2886352539062,1696.3093974590302,475.9792377948761
29,1,30,10,2026,TERM_LIFE,30,True,12837.318,0.00263,0.1,0.89763296,1.0,1.0,0.95238096,1.0,500.0,100.0,7.36257,50.0,650.0,657.36255,32.154427,557.1429,0.0,1.0,268.73383,368.1285,368.1285,268.73383,33.762146,1155.3586,0.0,591.6263,147.2514,13.504859,0.040514577,20.257286,759.1754760742188,381.63336181640625,-377.5421142578125,368.1285095214844,268.73382568359375,147.25140380859375,32.15442657470703,0.0,563.45361328125,12.861770629882812,0.03858531266450882,19.292654037475586,380.9902801513672,730.0362564399838,-349.04597628861666
29,2,30,10,2026,TERM_LIFE,31,True,12837.318,0.00269,0.0860708,0.9114707,0.89763296,0.89763296,0.90702945,0.95238096,0.0,104.99999,6.6088853,52.499996,157.49998,164.10887,28.115562,117.19613,0.0,0.85488856,268.73383,368.1285,330.44427,241.22433,30.997408,1026.9855,0.0,134.6305,132.17772,12.398963,0.03719689,18.598446,285.4438781738281,342.8432312011719,57.39935302734375,314.7088317871094,229.73745727539062,125.883544921875,28.115562438964844,0.0,122.11382293701172,11.246224403381348,0.033738672733306885,16.869338989257812,325.9550561904907,264.90044552087784,61.054610669612885
29,3,30,10,2026,TERM_LIFE,32,True,12837.318,0.00275,0.07408182,0.9233719,0.9114707,0.81816614,0.8638376,0.90702945,0.0,110.25,6.0238056,55.125,165.375,171.3988,24.950577,108.22213,0.0,0.7421008,268.73383,368.1285,301.19028,219.86891,28.883411,898.61224,0.0,129.844,120.47611,11.553365,0.034660093,17.330048,267.684814453125,312.74365234375,45.058837890625,273.1884460449219,199.42758178710938,109.27538299560547,24.950576782226562,0.0,112.16412353515625,9.980231285095215,0.029940692707896233,14.970346450805664,283.1686773300171,236.43979367427528,46.72888365574181
29,4,30,10,2026,TERM_LIFE,33,True,12837.318,0.00282,0.063762814,0.933597,0.9233719,0.75547165,0.82270247,0.8638376,0.0,115.7625,5.562213,57.88125,173.64374,179.20595,22.5001,101.042946,0.0,0.6526048,268.73383,368.1285,278.11066,203.02078,27.34901,770.23914,0.0,126.75249,111.24426,10.939605,0.032818817,16.409405,254.43898010253906,289.0502624511719,34.61128234863281,240.24244689941406,175.37698364257812,96.09697723388672,22.500099182128906,0.0,104.27958679199219,9.000040054321289,0.027000121772289276,13.5000581741333,249.24248695373535,213.9036223217845,35.338864631950855
29,5,30,10,2026,TERM_LIFE,34,True,12837.318,0.0029000002,0.054881163,0.942378,0.933597,0.7053061,0.7835262,0.82270247,0.0,121.55062,5.1928654,60.77531,182.32593,187.5188,20.573278,95.228294,0.0,0.58025706,268.73383,368.1285,259.64328,189.53961,26.257296,641.8659,0.0,124.99967,103.857315,10.502918,0.031508755,15.754377,244.6428680419922,270.1462097167969,25.503341674804688,213.60916137695312,155.93470764160156,85.44367218017578,20.573278427124023,0.0,97.94051361083984,8.229310989379883,0.024687934666872025,12.34396743774414,221.838472366333,195.75284116342664,26.08563120290637
29,6,30,10,2026,TERM_LIFE,35,True,12837.318,0.00301,0.047236655,0.9498955,0.942378,0.6646649,0.7462154,0.7835262,0.0,127.62816,4.893642,63.81408,191.44223,196.33588,19.164955,90.4669,0.0,0.52078235,268.73383,368.1285,244.68211,178.61795,25.682873,513.4927,0.0,124.3333,97.87285,10.2731495,0.03081945,15.409723,237.64669799804688,254.95526123046875,17.308563232421875,191.71484375,139.95184326171875,76.6859359741211,19.164955139160156,0.0,92.7794189453125,7.665982246398926,0.02299794740974903,11.49897289276123,199.38082599639893,180.98732575960457,18.393500236794353
29,7,30,10,2026,TERM_LIFE,36,True,12837.318,0.0031400002,0.040656965,0.9563307,0.9498955,0.6313622,0.7106813,0.7462154,0.0,134.00957,4.6484485,67.00478,201.01434,205.6628,18.086624,86.52756,0.0,0.4711322,268.73383,368.1285,232.42242,169.66838,25.449696,385.11957,0.0,124.5685,92.96897,10.179878,0.030539636,15.269817,232.8378143310547,242.602294921875,9.764480590820312,173.43719482421875,126.60916137695312,69.3748779296875,18.086624145507812,0.0,88.52850341796875,7.234649181365967,0.021703949198126793,10.851973533630371,180.67184400558472,168.77705883048475,11.894785175099969
29,8,30,10,2026,TERM_LIFE,37,True,12837.318,0.0033,0.034993775,0.9618217,0.9563307,0.60379106,0.67683935,0.7106813,0.0,140.71004,4.445454,70.35502,211.06506,215.51051,17.312529,83.23744,0.0,0.42910302,268.73383,368.1285,222.2727,162.25908,25.578491,256.74634,0.25328276,125.56981,88.90908,10.231397,0.03069419,15.347095,230.10995483398438,232.5041046142578,2.3941497802734375,157.96505737304688,115.31449890136719,63.1860237121582,17.312528610229492,0.1714317351579666,84.99058532714844,6.925012111663818,0.02077503502368927,10.387517929077148,164.8900694847107,158.75633373856544,6.133735746145248
29,9,30,10,2026,TERM_LIFE,38,True,12837.318,0.0035100002,0.030119421,0.9664763,0.9618217,0.5807393,0.6446089,0.67683935,0.0,147.74554,4.275734,73.87277,221.61832,225.89404,16.86782,80.46397,0.0,0.3930672,268.73383,368.1285,213.7867,156.0643,26.167526,128.37321,2.4551222,127.23432,85.51468,10.4670105,0.03140103,15.700516,230.93603515625,224.2537078857422,-6.6823272705078125,144.69924926757812,105.63046264648438,57.87969970703125,16.867820739746094,1.5825936794281006,82.0163803100586,6.747128486633301,0.020241383463144302,10.120692253112793,151.44637775421143,151.61960733309388,-0.17322957888245583
29,10,30,10,2026,TERM_LIFE,39,True,12837.318,0.0037500001,0.025924027,0.97042316,0.9664763,0.5612708,0.61391324,0.6446089,0.0,155.13281,4.1323953,77.56641,232.69922,236.83162,16.587656,78.102905,0.0,0.36180013,268.73383,368.1285,206.61977,150.83244,27.019545,0.0,3.9101844,129.48067,82.64791,10.807818,0.032423455,16.211727,232.2829132080078,217.42758178710938,-14.855331420898438,133.18894958496094,97.22793579101562,53.27558135986328,16.587656021118164,2.4005138874053955,79.48989868164062,6.6350626945495605,0.01990518905222416,9.952593803405762,139.8240122795105,145.1384929213673,-5.31448064185679
30,1,40,10,2026,TERM_LIFE,40,True,38552.953,0.00403,0.1,0.896373,1.0,1.0,0.95238096,1.0,500.0,100.0,11.814348,50.0,650.0,661.81433,147.9699,557.1429,0.0,1.0,431.22372,590.7174,590.7174,431.22372,155.3684,3469.7659,0.0,595.6329,236.28697,62.147358,0.18644208,93.22104,925.3273315429688,652.86474609375,-272.46258544921875,590.7174072265625,431.2237243652344,236.28697204589844,147.9698944091797,0.0,567.2694091796875,59.18796157836914,0.1775638908147812,88.78194427490234,649.9053688049316,892.5158893913031,-242.61052058637142
30,2,40,10,2026,TERM_LIFE,41,True,38552.953,0.00434,0.0860708,0.9099628,0.896373,0.896373,0.90702945,0.95238096,0.0,104.99999,10.590062,52.499996,157.49998,168.09004,136.03714,117.03162,0.0,0.85368854,431.22372,590.7174,529.5031,386.5373,149.98096,3084.2363,0.0,137.70297,211.80125,59.992382,0.17997715,89.98857,439.6727600097656,589.4954833984375,149.82272338867188,504.2886657714844,368.1307678222656,201.71548461914062,136.03713989257812,0.0,124.90065002441406,54.41485595703125,0.1632445752620697,81.62228393554688,558.7035217285156,408.40166315436363,150.301858574152
30,3,40,10,2026,TERM_LIFE,42,True,38552.953,0.00467,0.07408182,0.9215941,0.9099628,0.815666,0.8638376,0.90702945,0.0,110.25,9.636562,55.125,165.375,175.01157,126.85834,107.891426,0.0,0.7398331,431.22372,590.7174,481.82812,351.73453,146.85439,2698.7068,0.0,132.17574,192.73125,58.741756,0.17622527,88.112625,413.1958312988281,540.5698852539062,127.37405395507812,437.03228759765625,319.0335693359375,174.8129119873047,126.85833740234375,0.0,114.1783676147461,50.74333953857422,0.15223002433776855,76.11499786376953,487.77562713623047,365.2585074901581,122.51711964607239
30,4,40,10,2026,TERM_LIFE,43,True,38552.953,0.00503,0.063762814,0.931528,0.9215941,0.751713,0.82270247,0.8638376,0.0,115.7625,8.880999,57.88125,173.64374,182.52473,119.92796,100.54023,0.0,0.6493579,431.22372,590.7174,444.04993,324.15646,145.7732,2313.1772,0.0,128.45757,177.61998,58.309277,0.17492783,87.46391,393.71636962890625,502.35919189453125,108.642822265625,383.5870361328125,280.0185546875,153.434814453125,119.92796325683594,0.0,105.68235778808594,47.971187591552734,0.14391355216503143,71.95677947998047,431.55822372436523,331.21786527335644,100.3403584510088
30,5,40,10,2026,TERM_LIFE,44,True,38552.953,0.0054200003,0.054881163,0.9399963,0.931528,0.7002417,0.7835262,0.82270247,0.0,121.55062,8.272899,60.77531,182.32593,190.59883,114.64588,94.54451,0.0,0.5760906,431.22372,590.7174,413.64496,301.96082,146.32042,1927.6477,0.0,126.14052,165.458,58.528168,0.17558451,87.79225,379.56634521484375,472.1731262207031,92.60678100585938,340.3067321777344,248.4239044189453,136.12269592285156,114.64588165283203,0.0,98.83439636230469,45.85835266113281,0.13757506012916565,68.78752899169922,386.1650848388672,303.88219633698463,82.28288850188255
30,6,40,10,2026,TERM_LIFE,45,True,38552.953,0.0058500003,0.047236655,0.9471896,0.9399963,0.6582246,0.7462154,0.7835262,0.0,127.62816,7.776494,63.81408,191.44223,199.21872,110.77757,89.59032,0.0,0.5157362,431.22372,590.7174,388.8247,283.84204,148.45255,1542.118,0.0,124.93648,155.52989,59.38102,0.17814307,89.071526,369.7160339355469,448.2057189941406,78.48968505859375,304.6543273925781,222.39767456054688,121.86174011230469,110.77757263183594,0.0,93.22952270507812,44.311031341552734,0.1329330950975418,66.46654510498047,348.96535873413086,281.6907410174608,67.27461771667004
30,7,40,10,2026,TERM_LIFE,46,True,38552.953,0.0063300002,0.040656965,0.9532704,0.9471896,0.6234635,0.7106813,0.7462154,0.0,134.00957,7.3658147,67.00478,201.01434,208.38016,108.13028,85.44505,0.0,0.46523806,431.22372,590.7174,368.29074,268.85226,152.15016,1156.5886,0.0,124.635376,147.3163,60.860065,0.18258019,91.2901,363.4243469238281,429.15081787109375,65.72647094726562,274.82421875,200.6217041015625,109.92969512939453,108.13027954101562,0.0,88.57603454589844,43.252113342285156,0.12975633144378662,64.87816619873047,318.07633209228516,263.5136522054672,54.56267988681793
30,8,40,10,2026,TERM_LIFE,47,True,38552.953,0.00686,0.034993775,0.9583863,0.9532704,0.5943293,0.67683935,0.7106813,0.0,140.71004,7.021613,70.35502,211.06506,218.08667,106.38846,81.93306,0.0,0.42237872,431.22372,590.7174,351.08066,256.28888,157.1842,771.059,0.0,125.07957,140.43227,62.873684,0.18862106,94.31052,360.0109558105469,413.954345703125,53.943389892578125,249.5064697265625,182.1397247314453,99.8025894165039,106.38845825195312,0.0,84.65877532958984,42.555381774902344,0.1276661604642868,63.83306884765625,292.06185150146484,248.4220997542143,43.63975174725056
30,9,40,10,2026,TERM_LIFE,48,True,38552.953,0.00745,0.030119421,0.962655,0.9583863,0.56959707,0.6446089,0.67683935,0.0,147.74554,6.7294183,73.87277,221.61832,228.34773,105.45762,78.92016,0.0,0.3855257,431.22372,590.7174,336.47092,245.62376,163.59938,385.52963,0.7839248,126.148674,134.58836,65.43975,0.19631925,98.15963,359.8769226074219,401.9106750488281,42.03375244140625,227.73675537109375,166.24783325195312,91.0947036743164,105.4576187133789,0.5053249001502991,81.31655883789062,42.183048248291016,0.1265491396188736,63.274574279785156,269.91980361938477,236.31771083176136,33.602092787623405
30,10,40,10,2026,TERM_LIFE,49,True,38552.953,0.0081001,0.025924027,0.96618587,0.962655,0.5483255,0.61391324,0.6446089,0.0,155.13281,6.478108,77.56641,232.69922,239.17732,105.12196,76.30151,0.0,0.35345548,431.22372,590.7174,323.9054,236.45096,171.2326,0.0,6.1297607,127.74716,129.56216,68.49304,0.20547913,102.73956,366.3841247558594,392.3984375,26.014312744140625,208.7923126220703,152.41839599609375,83.51692962646484,105.12196350097656,3.76314115524292,78.42567443847656,42.04878616333008,0.1261463612318039,63.073177337646484,250.8410987854004,228.90506891906261,21.936029866337776
31,1,19,10,2026,TERM_LIFE,19,True,260603.97,0.00224,0.1,0.89798397,1.0,1.0,0.95238096,1.0,500.0,100.0,22.455889,50.0,650.0,672.4559,555.9552,557.1429,0.0,1.0,819.63995,1122.7944,1122.7944,819.63995,583.7529,23454.355,0.0,605.21027,449.11777,233.50117,0.7005035,350.25177,1405.2803955078125,1356.295654296875,-48.9847412109375,1122.79443359375,819.6399536132812,449.1177673339844,555.9552001953125,0.0,576.3907470703125,222.38206481933594,0.6671462059020996,333.5731201171875,1345.176498413086,1359.7487807273865,-14.572282314300537
31,2,19,10,2026,TERM_LIFE,20,True,260603.97,0.00229,0.0860708,0.9118363,0.89798397,0.89798397,0.90702945,0.95238096,0.0,104.99999,20.165028,52.499996,157.49998,177.66501,486.0786,117.24196,0.0,0.8552228,819.63995,1122.7944,1008.2514,736.02356,535.9017,20848.318,0.0,145.80856,403.30057,214.36067,0.643082,321.54102,871.293212890625,1222.612060546875,351.31884765625,960.2394409179688,700.9747924804688,384.0957946777344,486.07861328125,0.0,132.25265502929688,194.4314422607422,0.5832943320274353,291.64715576171875,1154.670883178711,808.5788998007774,346.0919833779335
31,3,19,10,2026,TERM_LIFE,21,True,260603.97,0.00233,0.07408182,0.9237608,0.9118363,0.8188144,0.8638376,0.90702945,0.0,110.25,18.387205,55.125,165.375,183.7622,429.49146,108.30787,0.0,0.7426888,819.63995,1122.7944,919.3602,671.133,497.19003,18242.277,0.0,139.32025,367.7441,198.87602,0.59662807,298.31403,805.9750366210938,1118.2362060546875,312.26116943359375,833.8867797851562,608.7373657226562,333.55474853515625,429.491455078125,0.0,120.3500747680664,171.7965850830078,0.5153897404670715,257.69488525390625,1005.6833648681641,712.115098297596,293.5682665705681
31,4,19,10,2026,TERM_LIFE,22,True,260603.97,0.00236,0.063762814,0.93402773,0.9237608,0.7563886,0.82270247,0.8638376,0.0,115.7625,16.985378,57.88125,173.64374,190.62912,382.7197,101.16558,0.0,0.6533969,819.63995,1122.7944,849.2689,619.9663,465.19818,15636.238,0.0,134.99576,339.70758,186.07927,0.5582378,279.1189,754.3804931640625,1035.34814453125,280.9676513671875,733.6304321289062,535.5502319335938,293.4521789550781,382.7196960449219,0.0,111.06134033203125,153.08787536621094,0.4592636227607727,229.63180541992188,886.7183074951172,634.604588329792,252.11371916532516
31,5,19,10,2026,TERM_LIFE,23,True,260603.97,0.00239,0.054881163,0.94286,0.93402773,0.70648795,0.7835262,0.82270247,0.0,121.55062,15.864814,60.77531,182.32593,198.19073,344.77615,95.38786,0.0,0.5812294,819.63995,1122.7944,793.2407,579.06573,440.03143,13030.198,0.0,132.33495,317.2963,176.01257,0.5280377,264.01886,714.1781616210938,969.2532958984375,255.07513427734375,652.60107421875,476.3988037109375,261.0404357910156,344.7761535644531,0.0,103.68789672851562,137.91046142578125,0.4137313961982727,206.86569213867188,790.5115356445312,572.0077560544014,218.50377959012985
31,6,19,10,2026,TERM_LIFE,24,True,260603.97,0.00241,0.047236655,0.95046717,0.94286,0.6661192,0.7462154,0.7835262,0.0,127.62816,14.9583,63.81408,191.44223,206.40053,312.18658,90.664856,0.0,0.5219219,819.63995,1122.7944,747.915,545.9779,418.35986,10424.158,0.0,130.99292,299.166,167.34395,0.50203186,251.01591,681.6768188476562,915.2589111328125,233.58209228515625,586.010986328125,427.7879943847656,234.40438842773438,312.18658447265625,0.0,97.74893188476562,124.8746337890625,0.3746238946914673,187.3119354248047,710.8856201171875,519.8398796319962,191.04574048519135
31,7,19,10,2026,TERM_LIFE,25,True,260603.97,0.00243,0.040656965,0.9570118,0.95046717,0.6331245,0.7106813,0.7462154,0.0,134.00957,14.217373,67.00478,201.01434,215.23172,284.93863,86.76907,0.0,0.47244725,819.63995,1122.7944,710.86865,518.9341,400.93726,7818.119,0.0,130.72821,284.34747,160.37491,0.48112473,240.56235,656.1192016601562,871.2435302734375,215.12432861328125,530.4611206054688,387.2366027832031,212.18446350097656,284.9386291503906,0.0,92.90609741210938,113.97544860839844,0.34192636609077454,170.96316528320312,644.4365692138672,476.39565256237984,168.04091665148735
31,8,19,10,2026,TERM_LIFE,26,True,260603.97,0.00246,0.034993775,0.9626323,0.9570118,0.6059076,0.67683935,0.7106813,0.0,140.71004,13.606194,70.35502,211.06506,224.67126,262.91064,83.529236,0.0,0.43060723,819.63995,1122.7944,680.3097,496.6261,388.43875,5212.079,0.0,131.36633,272.12387,155.3755,0.46612653,233.06325,637.0195922851562,835.6851806640625,198.66558837890625,483.4833984375,352.9429016113281,193.3933563232422,262.91064453125,0.0,88.91390228271484,105.16425323486328,0.31549277901649475,157.7463836669922,588.6476516723633,440.3691350519657,148.27851662039757
31,9,19,10,2026,TERM_LIFE,27,True,260603.97,0.00249,0.030119421,0.9674656,0.9626323,0.58326626,0.6446089,0.67683935,0.0,147.74554,13.097762,73.87277,221.61832,234.71608,243.97401,80.81409,0.0,0.39477757,819.63995,1122.7944,654.8881,478.06833,378.48376,2606.0403,0.0,132.77856,261.95526,151.39351,0.45418054,227.09026,622.2782592773438,806.2816162109375,184.00335693359375,443.2540588378906,323.5754699707031,177.3016357421875,243.97401428222656,0.0,85.59024810791016,97.58960723876953,0.29276883602142334,146.3843994140625,540.8436660766602,409.5690521001816,131.27461397647858
31,10,19,10,2026,TERM_LIFE,28,True,260603.97,0.0025300002,0.025924027,0.97161156,0.9674656,0.56429005,0.61391324,0.6446089,0.0,155.13281,12.671635,77.56641,232.69922,245.37085,228.40782,78.52305,0.0,0.3637464,819.63995,1122.7944,633.5817,462.51468,372.05228,0.0,11.990243,134.87088,253.4327,148.8209,0.44646272,223.23137,623.9716796875,782.4026489257812,158.43096923828125,408.41241455078125,298.1410827636719,163.36497497558594,228.40782165527344,7.360969066619873,82.79901885986328,91.36312866210938,0.27408936619758606,137.04469299316406,499.7755432128906,390.84374526143074,108.93179795145988
32,1,38,10,2026,TERM_LIFE,38,True,44328.863,0.0035100002,0.1,0.896841,1.0,1.0,0.95238096,1.0,500.0,100.0,11.750046,50.0,650.0,661.75006,148.18506,557.1429,0.0,1.0,428.8767,587.5023,587.5023,428.8767,155.59431,3989.5974,0.0,595.575,235.00093,62.23773,0.18671319,93.35658,924.1192016601562,649.7400512695312,-274.379150390625,587.5023193359375,428.876708984375,235.0009307861328,148.18505859375,0.0,567.2142944335938,59.27402877807617,0.177822083234787,88.9110336303711,646.7763481140137,891.3040809333324,-244.52773281931877
32,2,38,10,2026,TERM_LIFE,39,True,44328.863,0.0037500001,0.0860708,0.91050196,0.896841,0.896841,0.90702945,0.95238096,0.0,104.99999,10.537924,52.499996,157.49998,168.0379,135.2243,117.09272,0.0,0.85413426,428.8767,587.5023,526.8962,384.63422,149.0848,3546.309,0.0,137.73213,210.75847,59.63392,0.17890176,89.450874,438.120361328125,586.5300903320312,148.40972900390625,501.8058776855469,366.31829833984375,200.72235107421875,135.22430419921875,0.0,124.9271011352539,54.0897216796875,0.16226916015148163,81.13457489013672,555.8955993652344,406.94629625976086,148.94930310547352
32,3,38,10,2026,TERM_LIFE,40,True,44328.863,0.00403,0.07408182,0.92218673,0.91050196,0.81657547,0.8638376,0.90702945,0.0,110.25,9.5948,55.125,165.375,174.9698,126.014366,108.01173,0.0,0.740658,428.8767,587.5023,479.74,350.2102,145.87738,3103.0203,0.0,132.29153,191.896,58.350952,0.17505285,87.52643,411.8890075683594,538.0909423828125,126.20193481445312,435.1383056640625,317.6509704589844,174.05531311035156,126.01436614990234,0.0,114.27840423583984,50.40574645996094,0.1512172371149063,75.6086196899414,485.54405212402344,364.0935542732477,121.45049785077572
32,4,38,10,2026,TERM_LIFE,41,True,44328.863,0.00434,0.063762814,0.93217397,0.92218673,0.75303507,0.82270247,0.8638376,0.0,115.7625,8.848197,57.88125,173.64374,182.49193,119.18849,100.717064,0.0,0.6505,428.8767,587.5023,442.40985,322.9592,144.87436,2659.732,0.0,128.66037,176.96394,57.949745,0.17384924,86.924614,392.7228088378906,500.3595886230469,107.63677978515625,382.1702575683594,278.9842834472656,152.86810302734375,119.18849182128906,0.0,105.84920501708984,47.67539978027344,0.143026202917099,71.51309204101562,429.8456573486328,330.3734262883663,99.4722310602665
32,5,38,10,2026,TERM_LIFE,42,True,44328.863,0.00467,0.054881163,0.9407051,0.93217397,0.70195967,0.7835262,0.82270247,0.0,121.55062,8.248058,60.77531,182.32593,190.57399,113.859474,94.776474,0.0,0.577504,428.8767,587.5023,412.40292,301.05414,145.31674,2216.443,0.0,126.43352,164.96117,58.126698,0.1743801,87.19005,378.75909423828125,470.5296325683594,91.77053833007812,339.284912109375,247.677978515625,135.71395874023438,113.8594741821289,0.0,99.06397247314453,45.54378890991211,0.13663136959075928,68.31568908691406,384.8287010192871,303.2302516698837,81.59844934940338
32,6,38,10,2026,TERM_LIFE,43,True,44328.863,0.00503,0.047236655,0.9479709,0.9407051,0.66033703,0.7462154,0.7835262,0.0,127.62816,7.7589903,63.81408,191.44223,199.20122,109.871346,89.87784,0.0,0.5173913,428.8767,587.5023,387.94952,283.2032,147.23811,1773.1544,0.0,125.32643,155.17981,58.895245,0.17668574,88.342865,369.02581787109375,446.8447570800781,77.81893920898438,303.9685974121094,221.89710998535156,121.58744049072266,109.87134552001953,0.0,93.52051544189453,43.94853973388672,0.131845623254776,65.92280578613281,347.9171371459961,281.1626073420048,66.75452980399132
32,7,38,10,2026,TERM_LIFE,44,True,44328.863,0.0054200003,0.040656965,0.95414335,0.9479709,0.6259803,0.7106813,0.7462154,0.0,134.00957,7.3552976,67.00478,201.01434,208.36964,106.88616,85.78997,0.0,0.46711615,428.8767,587.5023,367.7649,268.46838,150.39957,1329.866,0.0,125.132195,147.10596,60.15983,0.18047948,90.23974,362.65838623046875,427.9247131347656,65.26632690429688,274.43182373046875,200.33523559570312,109.7727279663086,106.88616180419922,0.0,88.92911529541016,42.75446701049805,0.12826339900493622,64.13169860839844,317.1862907409668,262.9618052691221,54.22448547184467
32,8,38,10,2026,TERM_LIFE,45,True,44328.863,0.0058500003,0.034993775,0.95936096,0.95414335,0.59727496,0.67683935,0.7106813,0.0,140.71004,7.018008,70.35502,211.06506,218.08307,104.83405,82.33915,0.0,0.42447215,428.8767,587.5023,350.90042,256.15732,154.88765,886.5772,0.0,125.697426,140.36017,61.95506,0.18586518,92.93259,359.176025390625,412.85546875,53.679443359375,249.3783721923828,182.0462188720703,99.75135040283203,104.83405303955078,0.0,85.07696533203125,41.93362045288086,0.12580086290836334,62.90043258666992,291.3119926452637,247.85454918444157,43.457443460822105
32,9,38,10,2026,TERM_LIFE,46,True,44328.863,0.0063300002,0.030119421,0.96374124,0.95936096,0.5730023,0.6446089,0.67683935,0.0,147.74554,6.7328033,73.87277,221.61832,228.35112,103.643715,79.39197,0.0,0.3878305,428.8767,587.5023,336.64017,245.74733,160.78542,443.28873,0.0,126.90471,134.65607,64.31417,0.19294252,96.471245,358.2249450683594,400.954345703125,42.729400634765625,227.851318359375,166.3314666748047,91.1405258178711,103.64371490478516,0.0,81.80390930175781,41.457489013671875,0.1243724673986435,62.18622589111328,269.3088073730469,235.25503347814083,34.053773894906044
32,10,38,10,2026,TERM_LIFE,47,True,44328.863,0.00686,0.025924027,0.9673938,0.96374124,0.55222595,0.61391324,0.6446089,0.0,155.13281,6.4886804,77.56641,232.69922,239.1879,103.09427,76.844284,0.0,0.35596976,428.8767,587.5023,324.43402,236.83685,167.9297,0.0,6.139765,128.66158,129.7736,67.17188,0.20151566,100.75782,365.5342712402344,391.60589599609375,26.071624755859375,209.133056640625,152.66714477539062,83.6532211303711,103.09426879882812,3.769282817840576,78.98704528808594,41.237709045410156,0.12371312826871872,61.85655975341797,250.37076568603516,228.3898221179843,21.98094356805086
33,1,28,10,2026,TERM_LIFE,28,True,100227.44,0.0025300002,0.1,0.897723,1.0,1.0,0.95238096,1.0,500.0,100.0,13.600957,50.0,650.0,663.60095,241.50041,557.1429,0.0,1.0,496.43494,680.04785,680.04785,496.43494,253.57544,9020.47,0.0,597.24084,272.01913,101.430176,0.30429053,152.14526,1021.7095336914062,781.47802734375,-240.23150634765625,680.0478515625,496.4349365234375,272.0191345214844,241.5004119873047,0.0,568.80078125,96.60016632080078,0.2898004949092865,144.90025329589844,776.6480178833008,986.0099695622921,-209.36195167899132
33,2,28,10,2026,TERM_LIFE,29,True,100227.44,0.00258,0.0860708,0.9115713,0.897723,0.897723,0.90702945,0.95238096,0.0,104.99999,12.209892,52.499996,157.49998,169.70987,210.55719,117.207886,0.0,0.8549743,496.43494,680.04785,610.4946,445.66107,232.13931,8018.1953,0.0,139.23936,244.19786,92.85573,0.2785672,139.28358,522.9993896484375,703.350341796875,180.3509521484375,581.4234619140625,424.4391174316406,232.56939697265625,210.55718994140625,0.0,126.29420471191406,84.2228775024414,0.2526686489582062,126.33431243896484,665.6463394165039,485.45058277249336,180.19575664401054
33,3,28,10,2026,TERM_LIFE,30,True,100227.44,0.00263,0.07408182,0.923483,0.9115713,0.8183386,0.8638376,0.90702945,0.0,110.25,11.130188,55.125,165.375,176.50519,186.3406,108.244934,0.0,0.7422572,496.43494,680.04785,556.5094,406.25186,215.71254,7015.921,0.0,133.74055,222.60376,86.28502,0.25885507,129.42752,486.03070068359375,642.79443359375,156.76373291015625,504.7704162597656,368.4823913574219,201.90817260742188,186.34060668945312,0.0,115.53012084960938,74.53624725341797,0.22360874712467194,111.80435943603516,579.3066635131836,429.4662616401911,149.84040187299252
33,4,28,10,2026,TERM_LIFE,31,True,100227.44,0.00269,0.063762814,0.93371874,0.923483,0.75572175,0.82270247,0.8638376,0.0,115.7625,10.278539,57.88125,173.64374,183.92227,167.62686,101.0764,0.0,0.6528209,496.43494,680.04785,513.92694,375.1667,203.7515,6013.6465,0.0,130.13142,205.57079,81.5006,0.24450181,122.25089,458.1976318359375,595.4275512695312,137.22991943359375,443.94940185546875,324.0830993652344,177.57977294921875,167.62686157226562,0.0,107.05944061279297,67.05075073242188,0.2011522501707077,100.57611083984375,511.0001525878906,385.4164766520262,125.58367593586445
33,5,28,10,2026,TERM_LIFE,32,True,100227.44,0.00275,0.054881163,0.9425198,0.93371874,0.70563155,0.7835262,0.82270247,0.0,121.55062,9.597264,60.77531,182.32593,191.92319,152.38802,95.27224,0.0,0.5805248,496.43494,680.04785,479.86322,350.30017,194.49,5011.372,0.0,127.99467,191.9453,77.796005,0.23338802,116.694,436.86737060546875,557.6592407226562,120.7918701171875,394.78466796875,288.19281005859375,157.9138641357422,152.3880157470703,0.0,100.28717041015625,60.95520782470703,0.18286561965942383,91.43280792236328,455.73987579345703,349.81670808792114,105.92316770553589
33,6,28,10,2026,TERM_LIFE,33,True,100227.44,0.00282,0.047236655,0.9500765,0.9425198,0.6650717,0.7462154,0.7835262,0.0,127.62816,9.045612,63.81408,191.44223,200.48784,140.27118,90.52228,0.0,0.5211011,496.43494,680.04785,452.2806,330.16483,187.97679,4009.0974,0.0,127.04031,180.91225,75.19072,0.22557215,112.78607,420.9642333984375,527.4713134765625,106.507080078125,354.3736877441406,258.6927795410156,141.74948120117188,140.27117919921875,0.0,94.7994384765625,56.10847473144531,0.16832540929317474,84.16270446777344,410.48216247558594,320.879949554801,89.60221292078495
33,7,28,10,2026,TERM_LIFE,34,True,100227.44,0.0029000002,0.040656965,0.9565609,0.9500765,0.631869,0.7106813,0.7462154,0.0,134.00957,8.594024,67.00478,201.01434,209.60837,130.52287,86.597015,0.0,0.47151038,496.43494,680.04785,429.70117,313.68185,183.65878,3006.8232,0.0,127.06022,171.88048,73.46352,0.22039056,110.19527,409.35638427734375,503.1646728515625,93.80828857421875,320.6496276855469,234.07423400878906,128.25985717773438,130.5228729248047,0.0,90.29932403564453,52.20914840698242,0.15662744641304016,78.313720703125,372.8587760925293,297.02952936291695,75.82924672961235
33,8,28,10,2026,TERM_LIFE,35,True,100227.44,0.00301,0.034993775,0.9621016,0.9565609,0.6044212,0.67683935,0.7106813,0.0,140.71004,8.220707,70.35502,211.06506,219.28577,123.417984,83.32432,0.0,0.42955086,496.43494,680.04785,411.03534,300.0558,182.34457,2004.5487,0.0,127.90286,164.41414,72.93783,0.2188135,109.406746,401.94256591796875,483.9731750488281,82.03060913085938,292.1151428222656,213.24404907226562,116.84605407714844,123.41798400878906,0.0,86.56968688964844,49.367191314697266,0.1481015831232071,74.05078887939453,341.4823341369629,277.6146314293146,63.86770270764828
33,9,28,10,2026,TERM_LIFE,36,True,100227.44,0.0031400002,0.030119421,0.9668352,0.9621016,0.5815146,0.6446089,0.67683935,0.0,147.74554,7.909155,73.87277,221.61832,229.52747,117.97044,80.57139,0.0,0.39359197,496.43494,680.04785,395.45776,288.68417,183.01088,1002.27466,0.0,129.45343,158.1831,73.20435,0.21961306,109.806526,397.66265869140625,468.662109375,70.99945068359375,267.661376953125,195.39280700683594,107.0645523071289,117.97044372558594,0.0,83.44683837890625,47.18817901611328,0.1415645331144333,70.78226470947266,314.8495559692383,261.43521992862225,53.414336040616035
33,10,28,10,2026,TERM_LIFE,37,True,100227.44,0.0033,0.025924027,0.9708615,0.9668352,0.5622288,0.61391324,0.6446089,0.0,155.13281,7.6468496,77.56641,232.69922,240.34607,114.16176,78.23621,0.0,0.3624177,496.43494,680.04785,382.3425,279.11002,185.95747,0.0,7.235656,131.62637,152.937,74.38299,0.22314896,111.574486,403.5966796875,456.7254943847656,53.128814697265625,246.4613800048828,179.91680908203125,98.58454895019531,114.16175842285156,4.4420647621154785,80.80717468261719,45.66469955444336,0.13699409365653992,68.49705505371094,292.1260795593262,252.46783754229546,39.658242017030716
34,1,40,10,2026,TERM_LIFE,40,True,26190.502,0.00403,0.1,0.896373,1.0,1.0,0.95238096,1.0,500.0,100.0,10.07343,50.0,650.0,660.0734,100.52164,557.1429,0.0,1.0,367.6802,503.6715,503.6715,367.6802,105.54772,2357.1453,0.0,594.06604,201.46861,42.21909,0.12665726,63.328632,858.9899291992188,545.890625,-313.09930419921875,503.6715087890625,367.6802062988281,201.46861267089844,100.52163696289062,0.0,565.7771606445312,40.208656311035156,0.12062596529722214,60.312984466552734,543.8801651000977,827.6793837472796,-283.799218647182
34,2,40,10,2026,TERM_LIFE,41,True,26190.502,0.00434,0.0860708,0.9099628,0.896373,0.896373,0.90702945,0.95238096,0.0,104.99999,9.029551,52.499996,157.49998,166.52954,92.41526,117.03162,0.0,0.85368854,367.6802,503.6715,451.47754,329.5786,101.887825,2095.2402,0.0,136.42458,180.59102,40.75513,0.12226539,61.132694,378.2705383300781,492.232666015625,113.96212768554688,429.9786071777344,313.8843994140625,171.99143981933594,92.4152603149414,0.0,123.7411117553711,36.966102600097656,0.11089830845594406,55.449153900146484,466.94470977783203,351.29260378330946,115.65210599452257
34,3,40,10,2026,TERM_LIFE,42,True,26190.502,0.00467,0.07408182,0.9215941,0.9099628,0.815666,0.8638376,0.90702945,0.0,110.25,8.216555,55.125,165.375,173.59155,86.17974,107.891426,0.0,0.7398331,367.6802,503.6715,410.82773,299.90424,99.763824,1833.3352,0.0,131.10327,164.3311,39.90553,0.119716585,59.858295,355.4123840332031,450.7332458496094,95.32086181640625,372.6328430175781,272.02197265625,149.0531463623047,86.17974090576172,0.0,113.25193786621094,34.47189712524414,0.10341569036245346,51.707847595214844,407.10474014282227,314.1163475140929,92.98839262872934
34,4,40,10,2026,TERM_LIFE,43,True,26190.502,0.00503,0.063762814,0.931528,0.9215941,0.751713,0.82270247,0.8638376,0.0,115.7625,7.572328,57.88125,173.64374,181.21606,81.47168,100.54023,0.0,0.6493579,367.6802,503.6715,378.61642,276.38998,99.029335,1571.4303,0.0,127.536545,151.44658,39.611736,0.11883521,59.4176,338.5195617675781,418.2281494140625,79.70858764648438,327.0631103515625,238.7560577392578,130.82525634765625,81.4716796875,0.0,104.92462921142578,32.58867263793945,0.09776601940393448,48.88300323486328,359.65178298950195,284.73065481334925,74.9211281761527
34,5,40,10,2026,TERM_LIFE,44,True,26190.502,0.0054200003,0.054881163,0.9399963,0.931528,0.7002417,0.7835262,0.82270247,0.0,121.55062,7.0538354,60.77531,182.32593,189.37976,77.88335,94.54451,0.0,0.5760906,367.6802,503.6715,352.69177,257.465,99.40108,1309.5251,0.0,125.33372,141.0767,39.760433,0.1192813,59.640644,326.1703796386719,392.45220947265625,66.28182983398438,290.160400390625,211.8170928955078,116.06415557861328,77.88334655761719,0.0,98.2022476196289,31.15334129333496,0.09346002340316772,46.73000717163086,321.31374168395996,261.0898703932762,60.223871290683746
34,6,40,10,2026,TERM_LIFE,45,True,26190.502,0.0058500003,0.047236655,0.9471896,0.9399963,0.6582246,0.7462154,0.7835262,0.0,127.62816,6.630579,63.81408,191.44223,198.07281,75.255455,89.59032,0.0,0.5157362,367.6802,503.6715,331.52896,242.01614,100.84951,1047.62,0.0,124.21785,132.61159,40.339806,0.121019416,60.509705,317.4601745605469,371.8687744140625,54.408599853515625,259.7616271972656,189.62599182128906,103.90464782714844,75.25545501708984,0.0,92.69327545166016,30.102184295654297,0.09030655026435852,45.15327453613281,289.8638114929199,241.84150436520576,48.02230712771416
34,7,40,10,2026,TERM_LIFE,46,True,26190.502,0.0063300002,0.040656965,0.9532704,0.9471896,0.6234635,0.7106813,0.7462154,0.0,134.00957,6.280416,67.00478,201.01434,207.29475,73.457054,85.44505,0.0,0.46523806,367.6802,503.6715,314.0208,229.2352,103.36145,785.71515,0.0,123.98618,125.60833,41.34458,0.12403374,62.01687,311.73541259765625,355.3653869628906,43.629974365234375,234.32716369628906,171.058837890625,93.73087310791016,73.4570541381836,0.0,88.11466217041016,29.382822036743164,0.08814845979213715,44.0742301940918,263.7099857330322,226.00791393220425,37.70207180082798
34,8,40,10,2026,TERM_LIFE,47,True,26190.502,0.00686,0.034993775,0.9583863,0.9532704,0.5943293,0.67683935,0.7106813,0.0,140.71004,5.9869347,70.35502,211.06506,217.052,72.273766,81.93306,0.0,0.42237872,367.6802,503.6715,299.34674,218.52312,106.781265,523.81,0.0,124.48615,119.7387,42.712505,0.12813751,64.068756,308.4217529296875,342.0592346191406,33.637481689453125,212.74014282226562,155.30029296875,85.09606170654297,72.27376556396484,0.0,84.25712585449219,28.909503936767578,0.08672851324081421,43.364253997802734,241.6496467590332,212.8041700720787,28.8454766869545
34,9,40,10,2026,TERM_LIFE,48,True,26190.502,0.00745,0.030119421,0.962655,0.9583863,0.56959707,0.6446089,0.67683935,0.0,147.74554,5.737796,73.87277,221.61832,227.35611,71.64142,78.92016,0.0,0.3855257,367.6802,503.6715,286.8898,209.42957,111.13935,261.9051,1.8146709,125.60086,114.75592,44.45574,0.13336723,66.68361,308.9884338378906,331.3455505371094,22.35711669921875,194.17831420898438,141.7501678466797,77.67132568359375,71.64141845703125,1.169753074645996,80.96343231201172,28.656566619873047,0.0859697014093399,42.98484802246094,222.83488082885742,202.87532879412174,19.95955203473568
34,10,40,10,2026,TERM_LIFE,49,True,26190.502,0.0081001,0.025924027,0.96618587,0.962655,0.5483255,0.61391324,0.6446089,0.0,155.13281,5.5235186,77.56641,232.69922,238.22273,71.41339,76.30151,0.0,0.35345548,367.6802,503.6715,276.17593,201.60843,116.32489,0.0,5.2265024,127.237305,110.470375,46.529957,0.13958988,69.79494,312.86871337890625,322.7059020996094,9.837188720703125,178.0254669189453,129.95858764648438,71.21018981933594,71.41339111328125,3.2086191177368164,78.11266326904297,28.565357208251953,0.08569607138633728,42.84803771972656,206.59082412719727,195.46520599722862,11.125618129968643
35,1,55,10,2026,TERM_LIFE,55,True,34155.5,0.0135,0.1,0.88785,1.0,1.0,0.95238096,1.0,500.0,100.0,23.166172,50.0,650.0,673.1662,439.14218,557.1429,0.0,1.0,845.5653,1158.3086,1158.3086,845.5653,461.09927,3073.9949,0.0,605.84955,463.32346,184.43971,0.55331916,276.65955,1346.3858642578125,1342.748291015625,-3.6375732421875,1158.30859375,845.5653076171875,463.3234558105469,439.1421813964844,0.0,576.9995727539062,175.65687561035156,0.526970624923706,263.48529052734375,1333.9654693603516,1304.3352897167206,29.63017964363098
35,2,55,10,2026,TERM_LIFE,56,True,34155.5,0.01471,0.0860708,0.90048534,0.88785,0.88785,0.90702945,0.95238096,0.0,104.99999,20.568085,52.499996,157.49998,178.06807,404.60782,115.91885,0.0,0.8455714,845.5653,1158.3086,1028.4043,750.73517,446.08014,2732.4402,0.0,144.49014,411.36172,178.43205,0.53529614,267.64807,824.0352172851562,1206.8363037109375,382.80108642578125,979.4326782226562,714.9859008789062,391.7730712890625,404.6078186035156,0.0,131.0568084716797,161.84312438964844,0.485529363155365,242.76467895507812,1141.2758026123047,766.0800880789757,375.195714533329
35,3,55,10,2026,TERM_LIFE,57,True,34155.5,0.01604,0.07408182,0.9110664,0.90048534,0.7994959,0.8638376,0.90702945,0.0,110.25,18.521257,55.125,165.375,183.89626,378.36707,105.75254,0.0,0.7251663,845.5653,1158.3086,926.0629,676.026,438.00717,2390.885,0.0,136.13246,370.42517,175.20287,0.5256086,262.80432,769.8875732421875,1101.2657470703125,331.378173828125,839.9663696289062,613.1754760742188,335.9865417480469,378.3670654296875,0.0,117.5963363647461,151.34681701660156,0.4540404677391052,227.02024841308594,991.3131866455078,681.057166993618,310.2560196518898
35,4,55,10,2026,TERM_LIFE,58,True,34155.5,0.0175,0.063762814,0.9198531,0.9110664,0.72839385,0.82270247,0.8638376,0.0,115.7625,16.874096,57.88125,173.64374,190.51784,358.1853,97.42134,0.0,0.629214,845.5653,1158.3086,843.70483,615.9046,435.3765,2049.33,0.0,129.92354,337.48193,174.1506,0.5224518,261.2259,729.15380859375,1017.85546875,288.70166015625,728.823974609375,532.0415649414062,291.5295715332031,358.185302734375,0.0,106.88841247558594,143.27413940429688,0.4298223853111267,214.9111785888672,872.0981140136719,613.7589849829674,258.3391290307045
35,5,55,10,2026,TERM_LIFE,59,True,34155.5,0.019089999,0.054881163,0.9270765,0.9198531,0.67001534,0.7835262,0.82270247,0.0,121.55062,15.52169,60.77531,182.32593,197.84763,342.29834,90.46344,0.0,0.5512233,845.5653,1158.3086,776.08453,566.54175,436.86905,1707.775,0.0,125.28584,310.4338,174.74762,0.5242429,262.12143,698.3652954101562,950.8321533203125,252.46685791015625,638.4866333007812,466.0953063964844,255.3946533203125,342.29833984375,0.0,98.16474151611328,136.91934204101562,0.41075801849365234,205.37899780273438,775.4059753417969,559.3491506576538,216.05682468414307
35,6,55,10,2026,TERM_LIFE,60,True,34155.5,0.0208401,0.047236655,0.93290764,0.9270765,0.6211555,0.7462154,0.7835262,0.0,127.62816,14.389794,63.81408,191.44223,205.83203,329.9324,84.54488,0.0,0.4866916,845.5653,1158.3086,719.48975,525.22754,442.141,1366.22,0.0,121.81431,287.7959,176.8564,0.5305692,265.2846,675.4253540039062,896.3461303710938,220.9207763671875,563.7390747070312,411.529541015625,225.49562072753906,329.9324035644531,0.0,90.89971160888672,131.9729766845703,0.39591890573501587,197.95945739746094,695.7120513916016,514.7507086396217,180.96134275197983
35,7,55,10,2026,TERM_LIFE,61,True,34155.5,0.022739898,0.040656965,0.93752766,0.93290764,0.5794807,0.7106813,0.7462154,0.0,134.00957,13.424349,67.00478,201.01434,214.43869,319.86227,79.41725,0.0,0.43241742,845.5653,1158.3086,671.21747,489.98877,450.07837,1024.665,0.0,119.21092,268.487,180.03136,0.5400941,270.047,658.2850341796875,851.2488403320312,192.96380615234375,500.872802734375,365.6371765136719,200.34913635253906,319.8622741699219,0.0,84.72097778320312,127.9449234008789,0.3838347792625427,191.9173583984375,628.8177261352539,477.37130731344223,151.44641882181168
35,8,55,10,2026,TERM_LIFE,62,True,34155.5,0.02481,0.034993775,0.9410644,0.93752766,0.5432792,0.67683935,0.7106813,0.0,140.71004,12.585698,70.35502,211.06506,223.65076,311.599,74.8954,0.0,0.38609836,845.5653,1158.3086,629.2849,459.37802,460.37366,683.11,3.0885015,117.25289,251.71397,184.14946,0.5524484,276.22418,648.8319702148438,813.4343872070312,164.6024169921875,447.2210388183594,326.47137451171875,178.88841247558594,311.5989990234375,2.090419292449951,79.36137390136719,124.63960266113281,0.3739188015460968,186.9593963623047,571.8606414794922,447.67352083325386,124.18712064623833
35,9,55,10,2026,TERM_LIFE,63,True,34155.5,0.027069999,0.030119421,0.9436259,0.9410644,0.5112607,0.6446089,0.67683935,0.0,147.74554,11.843952,73.87277,221.61832,233.46227,304.7106,70.8374,0.0,0.34604135,845.5653,1158.3086,592.19763,432.3043,472.70618,341.55508,7.761191,115.76502,236.87906,189.08247,0.56724745,283.62372,644.5962524414062,781.2800903320312,136.683837890625,400.8226623535156,292.6005554199219,160.32907104492188,304.7106018066406,5.002933025360107,74.6231689453125,121.88424682617188,0.36565276980400085,182.8263702392578,522.7069091796875,423.1471960246563,99.5597131550312
35,10,55,10,2026,TERM_LIFE,64,True,34155.5,0.029539999,0.025924027,0.9453018,0.9436259,0.48243883,0.61391324,0.6446089,0.0,155.13281,11.176261,77.56641,232.69922,243.87547,298.82736,67.13315,0.0,0.31098437,845.5653,1158.3086,558.81305,407.93353,486.7583,0.0,10.57528,114.60491,223.52522,194.70332,0.58410996,292.055,641.3445434570312,753.516357421875,112.17181396484375,360.21588134765625,262.95758056640625,144.0863494873047,298.8273620605469,6.49230432510376,70.35747528076172,119.53094482421875,0.35859283804893494,179.2964324951172,479.746826171875,400.5911544263363,79.15567174553871
36,1,33,10,2026,TERM_LIFE,33,True,68740.445,0.00282,0.1,0.89746195,1.0,1.0,0.95238096,1.0,500.0,100.0,12.413623,50.0,650.0,662.41364,184.61719,557.1429,0.0,1.0,453.09726,620.68115,620.68115,453.09726,193.84805,6186.6396,0.0,596.17224,248.27246,77.53922,0.23261768,116.30883,960.9861450195312,698.2203979492188,-262.7657470703125,620.68115234375,453.0972595214844,248.2724609375,184.6171875,0.0,567.7830810546875,73.84687805175781,0.2215406447649002,110.77031707763672,694.5280303955078,927.0473997145891,-232.5193693190813
36,2,33,10,2026,TERM_LIFE,34,True,68740.445,0.0029000002,0.0860708,0.91127884,0.89746195,0.89746195,0.90702945,0.95238096,0.0,104.99999,11.140754,52.499996,157.49998,168.64073,162.27357,117.1738,0.0,0.85472566,453.09726,620.68115,557.0377,406.63754,178.90662,5499.236,0.0,138.32195,222.8151,71.562645,0.21468793,107.34397,468.6957092285156,628.600341796875,159.90463256835938,530.5121459960938,387.27386474609375,212.20484924316406,162.27357482910156,0.0,125.46207427978516,64.909423828125,0.19472827017307281,97.36414337158203,595.4215698242188,435.2257951647043,160.19577465951443
36,3,33,10,2026,TERM_LIFE,35,True,68740.445,0.00301,0.07408182,0.92313117,0.91127884,0.8178381,0.8638376,0.90702945,0.0,110.25,10.152333,55.125,165.375,175.52733,146.17676,108.178734,0.0,0.7418032,453.09726,620.68115,507.61667,370.56018,169.21786,4811.831,0.0,132.91827,203.04668,67.68715,0.20306145,101.530716,437.69873046875,575.3038330078125,137.6051025390625,460.42327880859375,336.1090087890625,184.1693115234375,146.1767578125,0.0,114.8198013305664,58.470703125,0.175412118434906,87.70604705810547,518.8939819335938,386.8705720305443,132.02340990304947
36,4,33,10,2026,TERM_LIFE,36,True,68740.445,0.0031400002,0.063762814,0.93329746,0.92313117,0.7549718,0.82270247,0.8638376,0.0,115.7625,9.371935,57.88125,173.64374,183.01567,134.06503,100.9761,0.0,0.65217304,453.09726,620.68115,468.59677,342.07565,162.9569,4124.427,0.0,129.36147,187.4387,65.18276,0.1955483,97.77413,414.76983642578125,533.779541015625,119.00970458984375,404.79150390625,295.497802734375,161.91659545898438,134.06503295898438,0.0,106.42599487304688,53.62601852416992,0.16087806224822998,80.43901824951172,458.4175224304199,348.9424866437912,109.47503578662872
36,5,33,10,2026,TERM_LIFE,37,True,68740.445,0.0033,0.054881163,0.9419999,0.93329746,0.70461327,0.7835262,0.82270247,0.0,121.55062,8.746803,60.77531,182.32593,191.07272,125.236404,95.13475,0.0,0.57968706,453.09726,620.68115,437.34018,319.25833,159.83691,3437.0222,0.0,127.24359,174.93608,63.934765,0.19180429,95.902145,398.27362060546875,501.2749328613281,103.00131225585938,359.80084228515625,262.65460205078125,143.92034912109375,125.23640441894531,0.0,99.69868469238281,50.09456253051758,0.15028367936611176,75.14183807373047,409.8954048156738,318.91115556657314,90.98424924910069
36,6,33,10,2026,TERM_LIFE,38,True,68740.445,0.0035100002,0.047236655,0.94941914,0.9419999,0.66374564,0.7462154,0.7835262,0.0,127.62816,8.239488,63.81408,191.44223,199.68172,119.50481,90.34179,0.0,0.5200621,453.09726,620.68115,411.9744,300.74133,160.14787,2749.6177,0.0,126.27722,164.78976,64.05915,0.19217746,96.08872,387.3478698730469,476.0335388183594,88.6856689453125,322.792724609375,235.63870239257812,129.11709594726562,119.50480651855469,0.0,94.23001098632812,47.80192565917969,0.14340578019618988,71.702880859375,370.5946502685547,295.19339357316494,75.40125669538975
36,7,33,10,2026,TERM_LIFE,39,True,68740.445,0.0037500001,0.040656965,0.95574546,0.94941914,0.6301728,0.7106813,0.7462154,0.0,134.00957,7.8227277,67.00478,201.01434,208.83707,115.445816,86.36455,0.0,0.47024465,453.09726,620.68115,391.13638,285.52957,162.44386,2062.2134,0.0,126.25284,156.45456,64.97755,0.19493264,97.46632,380.36865234375,456.1139221191406,75.74526977539062,291.8719787597656,213.06655883789062,116.7488021850586,115.44581604003906,0.0,89.72553253173828,46.17832946777344,0.13853497803211212,69.26748657226562,338.05030822753906,275.8803562670946,62.16995196044445
36,8,33,10,2026,TERM_LIFE,40,True,68740.445,0.00403,0.034993775,0.96111727,0.95574546,0.6022848,0.67683935,0.7106813,0.0,140.71004,7.4765363,70.35502,211.06506,218.5416,112.92884,83.0298,0.0,0.42803255,453.09726,620.68115,373.8268,272.8936,166.84734,1374.8088,0.0,127.01825,149.53073,66.73894,0.20021681,100.1084,376.85760498046875,440.56573486328125,63.7081298828125,265.6717224121094,193.94036865234375,106.2686996459961,112.92884063720703,0.0,85.970947265625,45.171539306640625,0.13551461696624756,67.7573013305664,310.84326171875,260.13246285915375,50.71079885959625
36,9,33,10,2026,TERM_LIFE,41,True,68740.445,0.00434,0.030119421,0.9656713,0.96111727,0.5788663,0.6446089,0.67683935,0.0,147.74554,7.185828,73.87277,221.61832,228.80414,111.32088,80.20445,0.0,0.39179948,453.09726,620.68115,359.2914,262.28275,172.69522,687.4046,0.0,128.45778,143.71657,69.07809,0.20723428,103.617134,375.9987487792969,428.3695068359375,52.370758056640625,243.1825714111328,177.52328491210938,97.27302551269531,111.32087707519531,0.0,82.8050308227539,44.528350830078125,0.13358506560325623,66.79252624511719,287.71092224121094,247.00416764616966,40.706754595041275
36,10,33,10,2026,TERM_LIFE,42,True,68740.445,0.00467,0.025924027,0.969527,0.9656713,0.5589946,0.61391324,0.6446089,0.0,155.13281,6.939148,77.56641,232.69922,239.63837,110.165054,77.78617,0.0,0.3603329,453.09726,620.68115,346.9574,253.27892,179.44727,0.0,6.5660095,130.48386,138.78296,71.77891,0.21533673,107.66836,383.7165222167969,418.7362976074219,35.019775390625,223.65182495117188,163.26585388183594,89.46073150634766,110.16505432128906,4.0309600830078125,80.10576629638672,44.06602096557617,0.13219806551933289,66.09902954101562,267.71784591674805,239.82868549227715,27.8891604244709
37,1,38,10,2026,TERM_LIFE,38,True,9155.064,0.0035100002,0.1,0.896841,1.0,1.0,0.95238096,1.0,500.0,100.0,7.4906974,50.0,650.0,657.4907,30.604074,557.1429,0.0,1.0,273.41046,374.53488,374.53488,273.41046,32.134277,823.9558,0.0,591.74164,149.81395,12.853711,0.03856113,19.280567,760.874755859375,387.3885803222656,-373.4861755371094,374.5348815917969,273.41046142578125,149.81394958496094,30.604074478149414,0.0,563.5634765625,12.241629600524902,0.036724887788295746,18.362445831298828,386.7765111923218,731.7765968665481,-345.0000856742263
37,2,38,10,2026,TERM_LIFE,39,True,9155.064,0.0037500001,0.0860708,0.91050196,0.896841,0.896841,0.90702945,0.95238096,0.0,104.99999,6.717964,52.499996,157.49998,164.21796,27.927338,117.09272,0.0,0.85413426,273.41046,374.53488,335.89822,245.2057,30.78989,732.4052,0.0,134.6011,134.3593,12.315956,0.03694787,18.473934,287.4712829589844,348.21417236328125,60.742889404296875,319.903076171875,233.52923583984375,127.96123504638672,27.927337646484375,0.0,122.08716583251953,11.170934677124023,0.03351280465722084,16.75640296936035,331.074010848999,266.8383166529238,64.2356941960752
37,3,38,10,2026,TERM_LIFE,40,True,9155.064,0.00403,0.07408182,0.92218673,0.91050196,0.81657547,0.8638376,0.90702945,0.0,110.25,6.1167197,55.125,165.375,171.49171,26.025248,108.01173,0.0,0.740658,273.41046,374.53488,305.836,223.26027,30.127478,640.8545,0.0,129.6618,122.334404,12.050991,0.036152974,18.076487,270.1088562011719,317.8869934082031,47.77813720703125,277.4022521972656,202.50363159179688,110.96090698242188,26.02524757385254,0.0,112.00674438476562,10.410099029541016,0.031230298802256584,15.615148544311523,287.81235122680664,238.61403021030128,49.19832101650536
37,4,38,10,2026,TERM_LIFE,41,True,9155.064,0.00434,0.063762814,0.93217397,0.92218673,0.75303507,0.82270247,0.8638376,0.0,115.7625,5.640758,57.88125,173.64374,179.2845,24.615528,100.717064,0.0,0.6505,273.41046,374.53488,282.0379,205.88766,29.920328,549.3039,0.0,126.39906,112.81516,11.968131,0.035904393,17.952198,257.20233154296875,294.00604248046875,36.8037109375,243.63494873046875,177.85350036621094,97.4539794921875,24.615528106689453,0.0,103.98882293701172,9.846211433410645,0.029538633301854134,14.769317626953125,253.4811601638794,216.2416586894542,37.2395014744252
37,5,38,10,2026,TERM_LIFE,42,True,9155.064,0.00467,0.054881163,0.9407051,0.93217397,0.70195967,0.7835262,0.82270247,0.0,121.55062,5.2581677,60.77531,182.32593,187.58409,23.514946,94.776474,0.0,0.577504,273.41046,374.53488,262.9084,191.92311,30.011692,457.75323,0.0,124.44991,105.16335,12.004677,0.03601403,18.007015,247.65628051757812,274.9130554199219,27.25677490234375,216.29537963867188,157.89561462402344,86.51815032958984,23.51494598388672,0.0,97.509765625,9.405978202819824,0.02821793593466282,14.108967781066895,225.7013578414917,198.1651016715914,27.536256169900298
37,6,38,10,2026,TERM_LIFE,43,True,9155.064,0.00503,0.047236655,0.9479709,0.9407051,0.66033703,0.7462154,0.7835262,0.0,127.62816,4.946385,63.81408,191.44223,196.38861,22.691294,89.87784,0.0,0.5173913,273.41046,374.53488,247.31924,180.54305,30.408504,366.20258,0.0,123.55689,98.9277,12.163402,0.036490206,18.245102,240.7661895751953,259.4826354980469,18.716445922851562,193.78109741210938,141.460205078125,77.51244354248047,22.691293716430664,0.0,92.20005798339844,9.076518058776855,0.0272295530885458,13.614775657653809,202.85761547088623,183.35450673662126,19.50310873426497
37,7,38,10,2026,TERM_LIFE,44,True,9155.064,0.0054200003,0.040656965,0.95414335,0.9479709,0.6259803,0.7106813,0.7462154,0.0,134.00957,4.689029,67.00478,201.01434,205.70337,22.074776,85.78997,0.0,0.46711615,273.41046,374.53488,234.45146,171.14957,31.061426,274.65195,0.0,123.53101,93.78059,12.424571,0.037273716,18.636856,235.98573303222656,246.87603759765625,10.890304565429688,174.9512939453125,127.71443939208984,69.98051452636719,22.07477569580078,0.0,87.79118347167969,8.829910278320312,0.026489734649658203,13.244865417480469,183.7812042236328,171.043053150177,12.73815107345581
37,8,38,10,2026,TERM_LIFE,45,True,9155.064,0.0058500003,0.034993775,0.95936096,0.95414335,0.59727496,0.67683935,0.7106813,0.0,140.71004,4.474006,70.35502,211.06506,215.53906,21.650963,82.33915,0.0,0.42447215,273.41046,374.53488,223.7003,163.30122,31.988333,183.10129,1.8875434,124.231125,89.480125,12.795333,0.038386,19.193,234.8302001953125,236.49563598632812,1.665435791015625,158.97962951660156,116.05513000488281,63.591854095458984,21.650962829589844,1.2775636911392212,84.08451080322266,8.660385131835938,0.025981154292821884,12.990578651428223,167.6400146484375,161.9704883955419,5.669526252895594
37,9,38,10,2026,TERM_LIFE,46,True,9155.064,0.0063300002,0.030119421,0.96374124,0.95936096,0.5730023,0.6446089,0.67683935,0.0,147.74554,4.2921867,73.87277,221.61832,225.9105,21.405125,79.39197,0.0,0.3878305,273.41046,374.53488,214.60934,156.66481,33.206375,91.55067,3.1386268,125.548355,85.84374,13.28255,0.03984765,19.923824,234.49440002441406,227.8918914794922,-6.602508544921875,145.25604248046875,106.03691101074219,58.10242462158203,21.40512466430664,2.0231869220733643,80.9295883178711,8.562049865722656,0.025686150416731834,12.843074798583984,153.8180923461914,153.9239608105272,-0.10586846433579922
37,10,38,10,2026,TERM_LIFE,47,True,9155.064,0.00686,0.025924027,0.9673938,0.96374124,0.55222595,0.61391324,0.6446089,0.0,155.13281,4.1365576,77.56641,232.69922,236.83577,21.291653,76.844284,0.0,0.35596976,273.41046,374.53488,206.82788,150.98434,34.681858,0.0,3.9141223,127.39634,82.731155,13.872744,0.041618228,20.809114,234.892333984375,220.70062255859375,-14.19171142578125,133.32308959960938,97.32585144042969,53.32923889160156,21.29165267944336,2.4029314517974854,78.21029663085938,8.516660690307617,0.025549981743097305,12.774991035461426,141.839750289917,146.74300799146295,-4.903257701545954
38,1,21,10,2026,TERM_LIFE,21,True,33805.652,0.00233,0.1,0.89790297,1.0,1.0,0.95238096,1.0,500.0,100.0,8.519762,50.0,650.0,658.5198,75.01636,557.1429,0.0,1.0,310.9713,425.9881,425.9881,310.9713,78.76717,3042.5085,0.0,592.6678,170.39525,31.50687,0.09452061,47.260303,810.4179077148438,457.4949645996094,-352.9229431152344,425.98809814453125,310.9713134765625,170.39524841308594,75.016357421875,0.0,564.4454956054688,30.00654411315918,0.09001963585615158,45.00981140136719,455.99464225769043,779.940575055778,-323.9459327980876
38,2,21,10,2026,TERM_LIFE,22,True,33805.652,0.00236,0.0860708,0.9117724,0.89790297,0.89790297,0.90702945,0.95238096,0.0,104.99999,7.649919,52.499996,157.49998,165.1499,64.975876,117.231384,0.0,0.8551457,310.9713,425.9881,382.49597,279.22208,71.6359,2704.4521,0.0,135.52527,152.9984,28.654362,0.085963085,42.98154,331.5911560058594,411.15032958984375,79.55917358398438,364.2818908691406,265.92578125,145.71275329589844,64.97587585449219,0.0,122.92540740966797,25.9903507232666,0.07797104865312576,38.98552322387695,390.2722415924072,307.7016549780965,82.57058661431074
38,3,21,10,2026,TERM_LIFE,23,True,33805.652,0.00239,0.07408182,0.9237052,0.9117724,0.8186831,0.8638376,0.90702945,0.0,110.25,6.9749846,55.125,165.375,172.34999,57.13933,108.290504,0.0,0.7425697,310.9713,425.9881,348.74924,254.58696,66.14592,2366.3955,0.0,130.64706,139.4997,26.458368,0.0793751,39.687553,309.9136962890625,375.2076110839844,65.29391479492188,316.3258361816406,230.91787719726562,126.53033447265625,57.13933181762695,0.0,112.85784912109375,22.85573387145996,0.0685672014951706,34.283599853515625,339.1815700531006,273.7403506487608,65.44121940433979
38,4,21,10,2026,TERM_LIFE,24,True,33805.652,0.00241,0.063762814,0.9339809,0.9237052,0.75622183,0.82270247,0.8638376,0.0,115.7625,6.44283,57.88125,173.64374,180.08656,50.687206,101.14328,0.0,0.65325284,310.9713,425.9881,322.1415,235.1633,61.61062,2028.3392,0.0,127.50184,128.85661,24.644247,0.073932745,36.96637,293.3987731933594,346.7857666015625,53.386993408203125,278.2779541015625,203.1428985595703,111.31118774414062,50.68720626831055,0.0,104.89608001708984,20.274883270263672,0.06082465127110481,30.412322998046875,298.5528373718262,246.68041541054845,51.87242196127772
38,5,21,10,2026,TERM_LIFE,25,True,33805.652,0.00243,0.054881163,0.94282216,0.9339809,0.70629674,0.7835262,0.82270247,0.0,121.55062,6.01748,60.77531,182.32593,188.34341,45.460724,95.362045,0.0,0.5810721,310.9713,425.9881,300.874,219.63803,58.020683,1690.2826,0.0,125.7257,120.3496,23.208273,0.06962482,34.81241,280.95733642578125,324.082275390625,43.12493896484375,247.52976989746094,180.69674682617188,99.01191711425781,45.460723876953125,0.0,98.5093765258789,18.184289932250977,0.054552868008613586,27.27643394470215,265.7140598297119,224.85228045284748,40.86177937686443
38,6,21,10,2026,TERM_LIFE,26,True,33805.652,0.00246,0.047236655,0.95041955,0.94282216,0.6659122,0.7462154,0.7835262,0.0,127.62816,5.6734138,63.81408,191.44223,197.11565,41.324314,90.63668,0.0,0.5217596,310.9713,425.9881,283.6707,207.07959,55.378532,1352.226,0.0,125.061356,113.46828,22.151413,0.06645424,33.22712,271.8232421875,305.82208251953125,33.99884033203125,222.26341247558594,162.2522735595703,88.90536499023438,41.32431411743164,0.0,93.32270812988281,16.529726028442383,0.04958917573094368,24.794588088989258,238.79313850402832,207.0722503848374,31.72088811919093
38,7,21,10,2026,TERM_LIFE,27,True,33805.652,0.00249,0.040656965,0.95695424,0.95041955,0.632896,0.7106813,0.7462154,0.0,134.00957,5.392123,67.00478,201.01434,206.40646,37.861336,86.73777,0.0,0.47227675,310.9713,425.9881,269.60617,196.8125,53.2747,1014.1696,0.0,125.322655,107.84247,21.309881,0.06392965,31.964819,265.1938781738281,290.9160461425781,25.72216796875,201.1842803955078,146.86451721191406,80.47370910644531,37.86133575439453,0.0,89.06446838378906,15.14453411102295,0.04543360695242882,22.716798782348633,216.32881450653076,192.30040987953544,24.028404626995325
38,8,21,10,2026,TERM_LIFE,28,True,33805.652,0.0025300002,0.034993775,0.96256477,0.95695424,0.6056525,0.67683935,0.7106813,0.0,140.71004,5.160015,70.35502,211.06506,216.22508,35.060574,83.494064,0.0,0.4304259,310.9713,425.9881,258.00076,188.34056,51.800434,676.113,0.0,126.37458,103.20031,20.720175,0.062160525,31.08026,260.7173156738281,278.720947265625,18.003631591796875,183.3563232421875,133.85011291503906,73.342529296875,35.06057357788086,0.0,85.53528594970703,14.024230003356934,0.04207269102334976,21.03634262084961,197.38055324554443,179.956230558455,17.424322687089443
38,9,21,10,2026,TERM_LIFE,29,True,33805.652,0.00258,0.030119421,0.9673783,0.96256477,0.58297974,0.6446089,0.67683935,0.0,147.74554,4.966849,73.87277,221.61832,226.58516,32.776215,80.77439,0.0,0.39458364,310.9713,425.9881,248.34244,181.28998,50.84667,338.0566,0.0,128.11595,99.336975,20.338667,0.061016,30.508001,258.0219421386719,268.68109130859375,10.659149169921875,168.0879364013672,122.70419311523438,67.23517608642578,32.776214599609375,0.0,82.58468627929688,13.110486030578613,0.03933145850896835,19.665729522705078,181.1984224319458,169.5249233469367,11.673499085009098
38,10,21,10,2026,TERM_LIFE,30,True,33805.652,0.00263,0.025924027,0.97151417,0.9673783,0.563962,0.61391324,0.6446089,0.0,155.13281,4.8048215,77.56641,232.69922,237.50404,30.782358,78.477394,0.0,0.36353493,310.9713,425.9881,240.24109,175.37599,50.14122,0.0,4.546452,130.4709,96.096436,20.056488,0.060169466,30.084732,261.2586975097656,260.2975769042969,-0.96112060546875,154.86154174804688,113.0489273071289,61.944618225097656,30.782358169555664,2.7911272048950195,80.09781646728516,12.312943458557129,0.036938831210136414,18.46941566467285,167.174485206604,163.33991639316082,3.834568813443184
39,1,35,10,2026,TERM_LIFE,35,True,107009.375,0.00301,0.1,0.897291,1.0,1.0,0.95238096,1.0,500.0,100.0,16.925114,50.0,650.0,666.9251,306.76022,557.1429,0.0,1.0,617.7667,846.25574,846.25574,617.7667,322.09824,9630.844,0.0,600.2326,338.5023,128.8393,0.38651788,193.25894,1132.38037109375,975.0950317382812,-157.28533935546875,846.2557373046875,617.7667236328125,338.5022888183594,306.7602233886719,0.0,571.6500854492188,122.70409393310547,0.3681122660636902,184.05613708496094,968.959831237793,1094.5766236186028,-125.61679238080978
39,2,35,10,2026,TERM_LIFE,36,True,107009.375,0.0031400002,0.0860708,0.9110595,0.897291,0.897291,0.90702945,0.95238096,0.0,104.99999,15.186752,52.499996,157.49998,172.68674,273.4678,117.15148,0.0,0.8545629,617.7667,846.25574,759.33765,554.3165,301.49826,8560.75,0.0,141.61357,303.73508,120.599304,0.36179793,180.89896,626.609375,879.9369506835938,253.32757568359375,723.1787109375,527.9205322265625,289.2715148925781,273.4678039550781,0.0,128.4476776123047,109.38712310791016,0.3281613886356354,164.08067321777344,832.5658340454102,582.1280271112919,250.43780693411827
39,3,35,10,2026,TERM_LIFE,37,True,107009.375,0.0033,0.07408182,0.92286265,0.9110595,0.8174855,0.8638376,0.90702945,0.0,110.25,13.836036,55.125,165.375,179.21103,249.37216,108.1321,0.0,0.74148345,617.7667,846.25574,691.8018,505.01535,288.67944,7490.6562,0.0,135.64925,276.72073,115.47178,0.34641534,173.20767,585.924072265625,807.2736206054688,221.34954833984375,627.484619140625,458.06378173828125,250.9938507080078,249.37216186523438,0.0,117.17891693115234,99.74886322021484,0.299246609210968,149.62330627441406,727.2334823608398,518.0953205227852,209.13816183805466
39,4,35,10,2026,TERM_LIFE,38,True,107009.375,0.0035100002,0.063762814,0.93295103,0.92286265,0.75442684,0.82270247,0.8638376,0.0,115.7625,12.768761,57.88125,173.64374,186.4125,233.12503,100.903206,0.0,0.6517023,617.7667,846.25574,638.43805,466.05978,283.36493,6420.563,0.0,131.66734,255.37523,113.34597,0.3400379,170.01895,557.4015502929688,751.7839965820312,194.3824462890625,551.5067749023438,402.5999755859375,220.60272216796875,233.12503051757812,0.0,108.32305145263672,93.25000762939453,0.2797500193119049,139.87501525878906,644.7567825317383,469.08053889870644,175.67624363303185
39,5,35,10,2026,TERM_LIFE,39,True,107009.375,0.0037500001,0.054881163,0.94157463,0.93295103,0.7038433,0.7835262,0.82270247,0.0,121.55062,11.912628,60.77531,182.32593,194.23856,221.3006,95.03079,0.0,0.57905364,617.7667,846.25574,595.6314,434.81097,282.44186,5350.4688,0.0,129.21051,238.25256,112.976746,0.33893025,169.46512,537.2671508789062,708.608154296875,171.34100341796875,490.0274353027344,357.7200622558594,196.01097106933594,221.30059814453125,0.0,101.23981475830078,88.5202407836914,0.26556071639060974,132.7803497314453,578.5476760864258,430.29669627547264,148.25097981095314
39,6,35,10,2026,TERM_LIFE,40,True,107009.375,0.00403,0.047236655,0.9489237,0.94157463,0.662721,0.7462154,0.7835262,0.0,127.62816,11.216628,63.81408,191.44223,202.65886,213.2661,90.202324,0.0,0.5192592,617.7667,846.25574,560.8314,409.40698,285.79697,4280.3745,0.0,127.9621,224.33257,114.31879,0.34295636,171.47818,524.1157836914062,675.1502075195312,151.034423828125,439.4261169433594,320.7810974121094,175.7704315185547,213.26609802246094,0.0,95.48728942871094,85.30644226074219,0.25591930747032166,127.95965576171875,524.7325592041016,399.4732960164547,125.25926318764687
39,7,35,10,2026,TERM_LIFE,41,True,107009.375,0.00434,0.040656965,0.95517945,0.9489237,0.6288716,0.7106813,0.7462154,0.0,134.00957,10.643724,67.00478,201.01434,211.65807,207.56227,86.18623,0.0,0.4692737,617.7667,846.25574,532.1862,388.49597,292.06097,3210.2815,0.0,127.69408,212.8745,116.824394,0.35047317,175.23657,516.1556396484375,649.0106201171875,132.85498046875,397.12554931640625,289.90167236328125,158.85023498535156,207.56227111816406,0.0,90.74979400634766,83.02491760253906,0.24907472729682922,124.53736114501953,480.1504669189453,374.3864648640156,105.76400205492973
39,8,35,10,2026,TERM_LIFE,42,True,107009.375,0.00467,0.034993775,0.96049964,0.95517945,0.60068524,0.67683935,0.7106813,0.0,140.71004,10.166667,70.35502,211.06506,221.23174,203.17548,82.80929,0.0,0.42689577,617.7667,846.25574,508.33334,371.08334,300.1827,2140.1873,0.0,128.2403,203.33334,120.07308,0.36021924,180.10962,512.04345703125,628.4064331054688,116.36297607421875,361.26300048828125,263.72198486328125,144.5052032470703,203.17547607421875,0.0,86.79808044433594,81.27018737792969,0.24381056427955627,121.90528106689453,442.53318786621094,353.45237532258034,89.0808125436306
39,9,35,10,2026,TERM_LIFE,43,True,107009.375,0.00503,0.030119421,0.9650021,0.96049964,0.57695794,0.6446089,0.67683935,0.0,147.74554,9.7650795,73.87277,221.61832,231.38339,200.18443,79.94005,0.0,0.39050785,617.7667,846.25574,488.25397,356.4254,310.55176,1070.094,0.0,129.4776,195.30159,124.2207,0.37266213,186.33105,511.4828796386719,612.4746704101562,100.99179077148438,330.4695129394531,241.2427520751953,132.18780517578125,200.18443298339844,0.0,83.46241760253906,80.07377624511719,0.24022133648395538,120.11065673828125,410.5432891845703,336.0011008530855,74.5421883314848
39,10,35,10,2026,TERM_LIFE,44,True,107009.375,0.0054200003,0.025924027,0.96879643,0.9650021,0.5567656,0.61391324,0.6446089,0.0,155.13281,9.423322,77.56641,232.69922,242.12254,198.24422,77.47599,0.0,0.35889608,617.7667,846.25574,471.1661,343.95126,322.91895,0.0,8.916602,131.3108,188.46645,129.16759,0.38750276,193.75136,522.8327026367188,600.3336791992188,77.5009765625,303.7178649902344,221.71405029296875,121.48715209960938,198.2442169189453,5.474020004272461,80.61344146728516,79.29769134521484,0.23789307475090027,118.94652557373047,383.0155563354492,326.75903221964836,56.25652411580086
40,1,51,10,2026,TERM_LIFE,51,True,13468.531,0.0096099,0.1,0.8913511,1.0,1.0,0.95238096,1.0,500.0,100.0,11.105713,50.0,650.0,661.1057,123.26785,557.1429,0.0,1.0,405.35855,555.28564,555.28564,405.35855,129.43124,1212.1678,0.0,594.9951,222.11426,51.7725,0.1553175,77.658745,894.9234619140625,607.0581665039062,-287.86529541015625,555.28564453125,405.3585510253906,222.1142578125,123.26785278320312,0.0,566.6620483398438,49.3071403503418,0.14792142808437347,73.96070861816406,604.5927848815918,862.8849361985922,-258.2921513170004
40,2,51,10,2026,TERM_LIFE,52,True,13468.531,0.0104600005,0.0860708,0.90436953,0.8913511,0.8913511,0.90702945,0.95238096,0.0,104.99999,9.899089,52.499996,157.49998,167.39908,113.89958,116.37596,0.0,0.8489058,405.35855,555.28564,494.95447,361.3168,125.574295,1077.4825,0.0,136.36862,197.9818,50.229717,0.15068915,75.344574,409.845703125,545.1842041015625,135.3385009765625,471.3852233886719,344.1112365722656,188.55409240722656,113.89958190917969,0.0,123.69035339355469,45.55983352661133,0.1366795003414154,68.3397445678711,516.9450569152832,380.72086986899376,136.22418704628944
40,3,51,10,2026,TERM_LIFE,53,True,13468.531,0.01139,0.07408182,0.91537195,0.90436953,0.8061108,0.8638376,0.90702945,0.0,110.25,8.9524355,55.125,165.375,174.32744,106.82448,106.62752,0.0,0.73116624,405.35855,555.28564,447.62177,326.76392,123.66269,942.7972,0.0,130.11671,179.0487,49.465076,0.14839523,74.19762,383.5114440917969,497.08685302734375,113.57540893554688,406.0061340332031,296.3844909667969,162.40245056152344,106.82447814941406,0.0,112.39971160888672,42.729793548583984,0.12818937003612518,64.09468841552734,448.7359275817871,339.0250399559736,109.71088762581348
40,4,51,10,2026,TERM_LIFE,54,True,13468.531,0.0124,0.063762814,0.9246279,0.91537195,0.7378912,0.82270247,0.8638376,0.0,115.7625,8.194808,57.88125,173.64374,181.83855,101.38579,98.6916,0.0,0.63741815,405.35855,555.28564,409.7404,299.1105,123.23506,808.11194,0.0,125.62156,163.89616,49.294025,0.14788207,73.94104,363.60662841796875,459.034423828125,95.42779541015625,353.94915771484375,258.3829040527344,141.5796661376953,101.38578796386719,0.0,103.34916687011719,40.554317474365234,0.12166294455528259,60.83147430419922,394.503475189209,305.881970256567,88.62150493264198
40,5,51,10,2026,TERM_LIFE,55,True,13468.531,0.0135,0.054881163,0.93235976,0.9246279,0.68227476,0.7835262,0.82270247,0.0,121.55062,7.5771475,60.77531,182.32593,189.90308,97.20013,92.11867,0.0,0.5613091,405.35855,555.28564,378.8574,276.56592,124.054726,673.4266,0.0,122.45534,151.54295,49.62189,0.14886567,74.43283,348.5799865722656,428.4792785644531,79.8992919921875,311.6869201660156,227.53146362304688,124.67475891113281,97.20012664794922,0.0,95.94696044921875,38.88005065917969,0.11664015054702759,58.320072174072266,350.5669708251953,279.05843168497086,71.50853914022446
40,6,51,10,2026,TERM_LIFE,56,True,13468.531,0.01471,0.047236655,0.9387482,0.93235976,0.6361255,0.7462154,0.7835262,0.0,127.62816,7.0646267,63.81408,191.44223,198.50685,94.045906,86.582436,0.0,0.49842098,405.35855,555.28564,353.23135,257.85892,126.03051,538.7412,0.0,120.310455,141.29254,50.412205,0.15123661,75.6183,337.37255859375,403.6435546875,66.27099609375,276.7660217285156,202.03921508789062,110.70640563964844,94.04590606689453,0.0,89.77751159667969,37.61836242675781,0.11285508424043655,56.42753982543945,314.38438415527344,257.024312146008,57.36007200926542
40,7,51,10,2026,TERM_LIFE,57,True,13468.531,0.01604,0.040656965,0.9439551,0.9387482,0.59716165,0.7106813,0.7462154,0.0,134.00957,6.631906,67.00478,201.01434,207.64626,91.68354,81.8404,0.0,0.4456112,405.35855,555.28564,331.5953,242.06458,129.00795,404.05597,0.031625096,118.95698,132.63812,51.60318,0.15480955,77.40477,329.1863098144531,383.198486328125,54.012176513671875,247.4415283203125,180.63230895996094,98.97660827636719,91.68354034423828,0.022475365549325943,84.5405044555664,36.67341613769531,0.11002025753259659,55.01012420654297,284.1149444580078,238.65973256155849,45.45521189644933
40,8,51,10,2026,TERM_LIFE,58,True,13468.531,0.0175,0.034993775,0.9481186,0.9439551,0.5636938,0.67683935,0.7106813,0.0,140.71004,6.2602215,70.35502,211.06506,217.32529,89.92639,77.70972,0.0,0.40060666,405.35855,555.28564,313.01108,228.49811,132.86224,269.3706,2.6824677,118.21801,125.20443,53.144897,0.15943469,79.71735,325.981689453125,366.1559753417969,40.174285888671875,222.4511260986328,162.38934326171875,88.9804458618164,89.9263916015625,1.8155996799468994,80.01460266113281,35.970558166503906,0.10791167616844177,53.95583724975586,258.4216842651367,224.87439712882042,33.5472871363163
40,9,51,10,2026,TERM_LIFE,59,True,13468.531,0.019089999,0.030119421,0.9513656,0.9481186,0.5344486,0.6446089,0.67683935,0.0,147.74554,5.9354324,73.87277,221.61832,227.55374,88.578514,74.050186,0.0,0.36173585,405.35855,555.28564,296.77164,216.64333,137.41435,134.68535,4.3571033,117.95278,118.70866,54.96574,0.16489723,82.44861,323.63201904296875,351.73736572265625,28.1053466796875,200.86672973632812,146.63272094726562,80.34668731689453,88.5785140991211,2.8086276054382324,76.03341674804688,35.4314079284668,0.10629422962665558,53.1471061706543,236.29813766479492,212.4421320706606,23.85600559413433
40,10,51,10,2026,TERM_LIFE,60,True,13468.531,0.0208401,0.025924027,0.9537761,0.9513656,0.50845605,0.61391324,0.6446089,0.0,155.13281,5.6467667,77.56641,232.69922,238.34598,87.615395,70.75354,0.0,0.3277553,405.35855,555.28564,282.33835,206.10701,142.71625,0.0,5.3431234,118.04676,112.93534,57.0865,0.1712595,85.629745,322.126220703125,339.4248352050781,17.298614501953125,181.99781799316406,132.85841369628906,72.79912567138672,87.61539459228516,3.280214309692383,72.47046661376953,35.04615783691406,0.10513847321271896,52.56923294067383,217.04397583007812,201.22417800873518,15.819797821342945
41,1,45,10,2026,TERM_LIFE,45,True,128944.67,0.0058500003,0.1,0.894735,1.0,1.0,0.95238096,1.0,500.0,100.0,33.461887,50.0,650.0,683.4619,718.40607,557.1429,0.0,1.0,1221.359,1673.0945,1673.0945,1221.359,754.32635,11605.0205,0.0,615.1157,669.2378,301.73056,0.9051917,452.5958,1737.8544921875,1974.8250732421875,236.9705810546875,1673.094482421875,1221.3590087890625,669.23779296875,718.4060668945312,0.0,585.8245239257812,287.3624267578125,0.8620873689651489,431.0436096191406,1960.4569091796875,1686.968013882637,273.4888952970505
41,2,45,10,2026,TERM_LIFE,46,True,128944.67,0.0063300002,0.0860708,0.90814406,0.894735,0.894735,0.90702945,0.95238096,0.0,104.99999,29.939524,52.499996,157.49998,187.43951,662.404,116.81777,0.0,0.85212857,1221.359,1673.0945,1496.9762,1092.7926,730.3004,10315.574,0.0,153.27388,598.79047,292.12018,0.87636054,438.18024,1191.1209716796875,1789.096435546875,597.9754638671875,1425.691650390625,1040.7548828125,570.276611328125,662.4039916992188,0.0,139.02392578125,264.96160888671875,0.7948848009109497,397.4423828125,1690.6532592773438,1107.537804722786,583.1154545545578
41,3,45,10,2026,TERM_LIFE,47,True,128944.67,0.00686,0.07408182,0.91956633,0.90814406,0.8125483,0.8638376,0.90702945,0.0,110.25,27.189402,55.125,165.375,192.5644,620.8816,107.47903,0.0,0.73700523,1221.359,1673.0945,1359.4701,992.41315,718.74805,9026.127,0.0,144.87645,543.788,287.49924,0.86249775,431.2488,1120.77587890625,1646.9693603515625,526.1934814453125,1233.0794677734375,900.14794921875,493.23175048828125,620.881591796875,0.0,125.14972686767578,248.35264587402344,0.745058000087738,372.5289306640625,1481.432113647461,991.6554660201073,489.77664762735367
41,4,45,10,2026,TERM_LIFE,48,True,128944.67,0.00745,0.063762814,0.9292623,0.91956633,0.747192,0.82270247,0.8638376,0.0,115.7625,25.002455,57.88125,173.64374,198.6462,590.52014,99.93556,0.0,0.64545256,1221.359,1673.0945,1250.1228,912.5897,717.78094,7736.681,0.0,138.96274,500.04913,287.1124,0.8613372,430.66855,1070.541748046875,1537.2352294921875,466.6934814453125,1079.903076171875,788.3292846679688,431.96124267578125,590.5201416015625,0.0,114.32498931884766,236.2080841064453,0.7086242437362671,354.31207275390625,1316.1111602783203,901.3069289922714,414.8042312860489
41,5,45,10,2026,TERM_LIFE,49,True,128944.67,0.0081001,0.054881163,0.9374633,0.9292623,0.69433737,0.7835262,0.82270247,0.0,121.55062,23.233839,60.77531,182.32593,205.55977,568.2217,93.74733,0.0,0.5712331,1221.359,1673.0945,1161.692,848.0352,725.2109,6447.234,0.0,134.89476,464.67682,290.08435,0.870253,435.12653,1035.568359375,1451.7763671875,416.2080078125,955.7268676757812,697.6806640625,382.290771484375,568.2216796875,0.0,105.69357299804688,227.28868103027344,0.6818660497665405,340.9330139160156,1183.0155487060547,829.599224448204,353.41632425785065
41,6,45,10,2026,TERM_LIFE,50,True,128944.67,0.00882,0.047236655,0.94435996,0.9374633,0.6509158,0.7462154,0.7835262,0.0,127.62816,21.78087,63.81408,191.44223,213.2231,552.40936,88.59553,0.0,0.5100096,1221.359,1673.0945,1089.0436,795.0019,740.2814,5157.7866,0.0,132.23428,435.61743,296.11255,0.8883377,444.16882,1012.9088745117188,1385.1561279296875,372.24725341796875,853.2941284179688,622.90478515625,341.3176574707031,552.4093627929688,0.0,98.67526245117188,220.9637451171875,0.6628912687301636,331.44561767578125,1074.2578735351562,772.1014288663864,302.15644466876984
41,7,45,10,2026,TERM_LIFE,51,True,128944.67,0.0096099,0.040656965,0.95012385,0.94435996,0.6146988,0.7106813,0.7462154,0.0,134.00957,20.568983,67.00478,201.01434,221.58333,541.3269,84.24386,0.0,0.45869774,1221.359,1673.0945,1028.4492,750.76794,761.7013,3868.3406,0.0,130.66925,411.3797,304.6805,0.9140416,457.02078,999.9838256835938,1333.1297607421875,333.14593505859375,767.4446411132812,560.234619140625,306.9778747558594,541.326904296875,0.0,92.86419677734375,216.53074645996094,0.6495922803878784,324.796142578125,983.9753875732422,725.287806391716,258.6875811815262
41,8,45,10,2026,TERM_LIFE,52,True,128944.67,0.0104600005,0.034993775,0.95491225,0.95012385,0.58404,0.67683935,0.7106813,0.0,140.71004,19.543081,70.35502,211.06506,230.60814,533.167,80.514595,0.0,0.4150663,1221.359,1673.0945,977.15405,713.3225,787.7305,2578.8933,0.0,129.97125,390.86163,315.09222,0.9452767,472.6383,994.4164428710938,1292.246337890625,297.82989501953125,694.4451293945312,506.9449768066406,277.778076171875,533.1669921875,0.0,87.96965789794922,213.26681518554688,0.6398004293441772,319.90020751953125,907.7119445800781,686.2877420186996,221.42420256137848
41,9,45,10,2026,TERM_LIFE,53,True,128944.67,0.01139,0.030119421,0.9588337,0.95491225,0.55770695,0.6446089,0.67683935,0.0,147.74554,18.661928,73.87277,221.61832,240.28024,527.9946,77.27274,0.0,0.377478,1221.359,1673.0945,933.09644,681.1604,819.09296,1289.4471,0.0,129.96979,373.2386,327.63718,0.9829115,491.45578,995.6470336914062,1260.733642578125,265.08660888671875,631.556396484375,461.0361633300781,252.62255859375,527.99462890625,0.0,83.7796859741211,211.19784545898438,0.6335935592651367,316.7967834472656,842.7542419433594,653.8326215744019,188.92162036895752
41,10,45,10,2026,TERM_LIFE,54,True,128944.67,0.0124,0.025924027,0.96199745,0.9588337,0.5347482,0.61391324,0.6446089,0.0,155.13281,17.893684,77.56641,232.69922,250.5929,524.9059,74.412186,0.0,0.34470347,1221.359,1673.0945,894.68427,653.1195,855.01636,0.0,16.931488,130.53017,357.87372,342.00656,1.0260197,513.00977,1019.3711547851562,1236.6907958984375,217.31964111328125,576.721435546875,421.00665283203125,230.68858337402344,524.9058837890625,10.394464492797852,80.13420104980469,209.9623565673828,0.629887044429779,314.9434814453125,786.6837921142578,636.7906174063683,149.89317470788956
42,1,50,10,2026,TERM_LIFE,50,True,14021.357,0.00882,0.1,0.892062,1.0,1.0,0.95238096,1.0,500.0,100.0,10.895218,50.0,650.0,660.8952,117.7794,557.1429,0.0,1.0,397.67548,544.7609,544.7609,397.67548,123.66837,1261.9221,0.0,594.80566,217.90437,49.46735,0.14840205,74.20102,887.0594482421875,594.228271484375,-292.8311767578125,544.7609252929688,397.67547607421875,217.9043731689453,117.77940368652344,0.0,566.4815673828125,47.11176300048828,0.14133529365062714,70.66764068603516,591.872688293457,855.1949165314436,-263.32222823798656
42,2,50,10,2026,TERM_LIFE,51,True,14021.357,0.0096099,0.0860708,0.9051465,0.892062,0.892062,0.90702945,0.95238096,0.0,104.99999,9.71921,52.499996,157.49998,167.2192,109.02482,116.46877,0.0,0.84958285,397.67548,544.7609,485.9605,354.7512,120.19987,1121.7086,0.0,136.33072,194.3842,48.07995,0.14423984,72.11992,402.97906494140625,534.0404663085938,131.0614013671875,462.8195495605469,337.8582763671875,185.1278076171875,109.02481842041016,0.0,123.65597534179688,43.609928131103516,0.13082978129386902,65.4148941040039,506.4294776916504,374.32950684428215,132.09997084736824
42,3,50,10,2026,TERM_LIFE,52,True,14021.357,0.0104600005,0.07408182,0.91623306,0.9051465,0.8074468,0.8638376,0.90702945,0.0,110.25,8.797309,55.125,165.375,174.1723,102.29814,106.80424,0.0,0.732378,397.67548,544.7609,439.86545,321.10178,118.42289,981.495,0.0,130.21637,175.94618,47.369156,0.14210747,71.053734,377.3584289550781,487.234619140625,109.87619018554688,398.9709167480469,291.248779296875,159.58836364746094,102.29814147949219,0.0,112.48579406738281,40.91925811767578,0.12275777757167816,61.37888717651367,439.89017486572266,333.5758026689291,106.31437219679356
42,4,50,10,2026,TERM_LIFE,53,True,14021.357,0.01139,0.063762814,0.9255735,0.91623306,0.73980945,0.82270247,0.8638376,0.0,115.7625,8.060386,57.88125,173.64374,181.70412,97.202286,98.94816,0.0,0.6390752,397.67548,544.7609,403.0193,294.20407,118.14999,841.2815,0.0,125.85502,161.20772,47.259995,0.14177999,70.88999,358.0945129394531,450.279296875,92.18478393554688,348.1432189941406,254.14453125,139.25729370117188,97.20228576660156,0.0,103.5412368774414,38.88091278076172,0.11664274334907532,58.321372985839844,387.02413177490234,301.2365463078022,85.78758546710014
42,5,50,10,2026,TERM_LIFE,54,True,14021.357,0.0124,0.054881163,0.9333994,0.9255735,0.68474805,0.7835262,0.82270247,0.0,121.55062,7.4604797,60.77531,182.32593,189.7864,93.281624,92.452614,0.0,0.56334394,397.67548,544.7609,373.024,272.3075,119.05361,701.0679,0.0,122.823746,149.2096,47.621445,0.14286433,71.43217,343.6083679199219,420.64544677734375,77.03707885742188,306.88775634765625,224.02804565429688,122.7551040649414,93.28162384033203,0.0,96.2356185913086,37.31264877319336,0.11193794757127762,55.968971252441406,344.2004051208496,275.0716318562627,69.12877326458693
42,6,50,10,2026,TERM_LIFE,55,True,14021.357,0.0135,0.047236655,0.93990105,0.9333994,0.6391434,0.7462154,0.7835262,0.0,127.62816,6.963607,63.81408,191.44223,198.40584,90.27892,86.9932,0.0,0.5007856,397.67548,544.7609,348.18036,254.17166,120.98239,560.85425,0.0,120.81971,139.27214,48.392956,0.14517887,72.58943,332.8264465332031,396.57330322265625,63.746856689453125,272.8084411621094,199.150146484375,109.12336730957031,90.27892303466797,0.0,90.15753173828125,36.111568450927734,0.10833470523357391,54.16735076904297,308.9200096130371,253.5565845221281,55.363425090909004
42,7,50,10,2026,TERM_LIFE,56,True,14021.357,0.01471,0.040656965,0.9452311,0.93990105,0.60073155,0.7106813,0.7462154,0.0,134.00957,6.545101,67.00478,201.01434,207.55945,88.055824,82.32965,0.0,0.44827515,397.67548,544.7609,327.25507,238.89621,123.90339,420.64075,0.0,119.61809,130.90202,49.561356,0.14868407,74.34203,325.01080322265625,376.81640625,51.80560302734375,244.20277404785156,178.26803588867188,97.68110656738281,88.05582427978516,0.0,85.01033782958984,35.222328186035156,0.10566698759794235,52.83349609375,279.4251022338867,235.6306074783206,43.79449475556612
42,8,50,10,2026,TERM_LIFE,57,True,14021.357,0.01604,0.034993775,0.9495275,0.9452311,0.56783015,0.67683935,0.7106813,0.0,140.71004,6.186633,70.35502,211.06506,217.2517,86.43675,78.279945,0.0,0.40354627,397.67548,544.7609,309.33167,225.81212,127.70645,280.42712,2.3297856,119.04516,123.732666,51.08258,0.15324774,76.62387,321.8847351074219,360.41424560546875,38.529510498046875,219.83624267578125,160.48045349121094,87.93449401855469,86.43675231933594,1.5768905878067017,80.57444763183594,34.57469940185547,0.10372410714626312,51.86205291748047,254.41094207763672,222.05160926282406,32.35933281481266
42,9,50,10,2026,TERM_LIFE,58,True,14021.357,0.0175,0.030119421,0.9529077,0.9495275,0.5391703,0.6446089,0.67683935,0.0,147.74554,5.8743787,73.87277,221.61832,227.49269,85.28063,74.7044,0.0,0.3649317,397.67548,544.7609,293.71893,214.41481,132.29825,140.21361,4.1810513,118.96294,117.48757,52.9193,0.1587579,79.37895,320.1692810058594,346.63824462890625,26.468963623046875,198.800537109375,145.12437438964844,79.52021026611328,85.28063201904297,2.695142984390259,76.6845703125,34.11225128173828,0.10233675688505173,51.16838073730469,232.91278839111328,210.17064105719328,22.742147333920002
42,10,50,10,2026,TERM_LIFE,59,True,14021.357,0.019089999,0.025924027,0.9554809,0.9529077,0.5137795,0.61391324,0.6446089,0.0,155.13281,5.5977397,77.56641,232.69922,238.29695,84.42669,71.494316,0.0,0.33118686,397.67548,544.7609,279.887,204.31752,137.52219,0.0,5.296733,119.258156,111.954796,55.008877,0.16502663,82.513306,319.1880187988281,334.8958740234375,15.707855224609375,180.4176483154297,131.70489501953125,72.16706085205078,84.42668914794922,3.251734495162964,73.21415710449219,33.77067947387695,0.10131203383207321,50.656009674072266,214.18832778930664,199.39027415961027,14.79805362969637
43,1,42,10,2026,TERM_LIFE,42,True,16056.154,0.00467,0.1,0.89579695,1.0,1.0,0.95238096,1.0,500.0,100.0,9.032729,50.0,650.0,659.0327,71.41167,557.1429,0.0,1.0,329.6946,451.63644,451.63644,329.6946,74.98225,1445.0538,0.0,593.12946,180.65459,29.992899,0.0899787,44.98935,818.8633422851562,481.62933349609375,-337.2340087890625,451.6364440917969,329.6946105957031,180.6545867919922,71.41166687011719,0.0,564.8851928710938,28.564664840698242,0.08569400012493134,42.84700012207031,480.2011089324951,788.4724737852812,-308.27136485278606
43,2,42,10,2026,TERM_LIFE,43,True,16056.154,0.00503,0.0860708,0.90933216,0.89579695,0.89579695,0.90702945,0.95238096,0.0,104.99999,8.091491,52.499996,157.49998,165.59148,65.62064,116.95642,0.0,0.85313994,329.6946,451.63644,404.57455,295.33942,72.34676,1284.4924,0.0,135.56891,161.82982,28.938705,0.08681612,43.40806,340.8935852050781,433.51324462890625,92.61965942382812,385.3091125488281,281.275634765625,154.12364196777344,65.62064361572266,0.0,122.96499633789062,26.248258590698242,0.07874477654695511,39.37238693237305,411.55737113952637,316.53977001458406,95.0176011249423
43,3,42,10,2026,TERM_LIFE,44,True,16056.154,0.0054200003,0.07408182,0.9208996,0.90933216,0.814577,0.8638376,0.90702945,0.0,110.25,7.3578525,55.125,165.375,172.73285,61.235752,107.747375,0.0,0.7388453,329.6946,451.63644,367.89264,268.56165,70.88804,1123.9308,0.0,130.28058,147.15706,28.355215,0.08506565,42.53282,320.0555114746094,396.24786376953125,76.19235229492188,333.689453125,243.59332275390625,133.4757843017578,61.23575210571289,0.0,112.541259765625,24.494300842285156,0.07348290830850601,36.741451263427734,358.18375396728516,282.83197823911905,75.3517757281661
43,4,42,10,2026,TERM_LIFE,45,True,16056.154,0.0058500003,0.063762814,0.9307602,0.9208996,0.75014365,0.82270247,0.8638376,0.0,115.7625,6.775844,57.88125,173.64374,180.41959,57.967514,100.33033,0.0,0.64800227,329.6946,451.63644,338.7922,247.31831,70.45988,963.3693,0.0,126.710915,135.51689,28.18395,0.08455185,42.275925,304.5882873535156,366.9761657714844,62.38787841796875,292.66143798828125,213.64285278320312,117.06458282470703,57.96751403808594,0.0,104.2453842163086,23.1870059967041,0.06956101208925247,34.7805061340332,315.84844398498535,256.1600341871381,59.68840979784727
43,5,42,10,2026,TERM_LIFE,46,True,16056.154,0.0063300002,0.054881163,0.9391362,0.9307602,0.69820386,0.7835262,0.82270247,0.0,121.55062,6.3066864,60.77531,182.32593,188.63261,55.600792,94.26937,0.0,0.574414,329.6946,451.63644,315.33432,230.19405,70.962265,802.80774,0.0,124.47595,126.13373,28.384907,0.08515472,42.57736,293.2721862792969,343.71923828125,50.447052001953125,259.42633056640625,189.38121032714844,103.7705307006836,55.600791931152344,0.0,97.53016662597656,22.240318298339844,0.06672095507383347,33.3604736328125,281.6666488647461,234.7278919145465,46.938756950199604
43,6,42,10,2026,TERM_LIFE,47,True,16056.154,0.00686,0.047236655,0.9462274,0.9391362,0.65570855,0.7462154,0.7835262,0.0,127.62816,5.9228373,63.81408,191.44223,197.36507,53.89404,89.24786,0.0,0.5137648,329.6946,451.63644,296.14188,216.18358,72.22317,642.24615,0.0,123.30087,118.45675,28.889267,0.0866678,43.3339,285.1781921386719,325.0311279296875,39.852935791015625,232.034912109375,169.385498046875,92.81396484375,53.894039154052734,0.0,92.0090103149414,21.557615280151367,0.06467284262180328,32.33642578125,253.59252738952637,217.2240737825632,36.36845360696316
43,7,42,10,2026,TERM_LIFE,48,True,16056.154,0.00745,0.040656965,0.95219594,0.9462274,0.62044936,0.7106813,0.7462154,0.0,134.00957,5.604351,67.00478,201.01434,206.6187,52.744724,85.03197,0.0,0.46298888,329.6946,451.63644,280.21756,204.5588,74.217125,481.68466,0.0,122.98436,112.08703,29.68685,0.08906055,44.530273,279.6907043457031,309.9044189453125,30.213714599609375,209.1026611328125,152.64492797851562,83.64106750488281,52.74472427368164,0.0,87.4026870727539,21.097888946533203,0.06329367309808731,31.646833419799805,230.2005500793457,202.7538816705346,27.446668408811092
43,8,42,10,2026,TERM_LIFE,49,True,16056.154,0.0081001,0.034993775,0.9571896,0.95219594,0.5907894,0.67683935,0.7106813,0.0,140.71004,5.33644,70.35502,211.06506,216.4015,52.005608,81.44506,0.0,0.419863,329.6946,451.63644,266.82202,194.78008,76.83597,321.12308,0.17720746,123.37384,106.72881,30.734388,0.09220316,46.101578,276.4736328125,297.556396484375,21.082763671875,189.62542724609375,138.4265594482422,75.85017395019531,52.00560760498047,0.11994098126888275,83.5042724609375,20.802244186401367,0.06240672990679741,31.20336151123047,210.42767143249512,190.74015563353896,19.687515798956156
43,9,42,10,2026,TERM_LIFE,50,True,16056.154,0.00882,0.030119421,0.96132624,0.9571896,0.56549746,0.6446089,0.67683935,0.0,147.74554,5.107985,73.87277,221.61832,226.7263,51.62227,78.35215,0.0,0.38275093,329.6946,451.63644,255.39926,186.44147,80.083084,160.56158,2.8807507,124.35145,102.159706,32.033234,0.0960997,48.04985,277.537841796875,287.4324951171875,9.8946533203125,172.86427307128906,126.19092559814453,69.14570617675781,51.62226867675781,1.8569575548171997,80.15805053710938,20.648908615112305,0.061946719884872437,30.97336196899414,193.51318168640137,182.1960229575634,11.317158728837967
43,10,42,10,2026,TERM_LIFE,51,True,16056.154,0.0096099,0.025924027,0.96471524,0.96132624,0.54362756,0.61391324,0.6446089,0.0,155.13281,4.9104404,77.56641,232.69922,237.60966,51.495453,75.64778,0.0,0.35042718,329.6946,451.63644,245.52202,179.23108,83.88067,0.0,4.6463914,125.82252,98.20881,33.55227,0.10065681,50.3284,279.10675048828125,279.07427978515625,-0.032470703125,158.26568603515625,115.53395080566406,63.3062744140625,51.495452880859375,2.8524811267852783,77.24411010742188,20.598182678222656,0.061794545501470566,30.89727020263672,178.8638687133789,174.36193039640784,4.501938316971064
44,1,35,10,2026,TERM_LIFE,35,True,86102.44,0.00301,0.1,0.897291,1.0,1.0,0.95238096,1.0,500.0,100.0,14.8646,50.0,650.0,664.8646,246.82698,557.1429,0.0,1.0,542.5579,743.23004,743.23004,542.5579,259.16833,7749.2197,0.0,598.3782,297.29202,103.667336,0.31100202,155.501,1051.482177734375,846.8973999023438,-204.58477783203125,743.2300415039062,542.5579223632812,297.2920227050781,246.8269805908203,0.0,569.8839721679688,98.73079681396484,0.2961924076080322,148.09619140625,841.9608383178711,1015.5683786869049,-173.6075403690338
44,2,35,10,2026,TERM_LIFE,36,True,86102.44,0.0031400002,0.0860708,0.9110595,0.897291,0.897291,0.90702945,0.95238096,0.0,104.99999,13.337872,52.499996,157.49998,170.83786,220.03908,117.15148,0.0,0.8545629,542.5579,743.23004,666.8936,486.83234,242.5931,6888.1953,0.0,140.09738,266.75745,97.03724,0.29111174,145.55585,552.7017822265625,763.9308471679688,211.22906494140625,635.1367797851562,463.64984130859375,254.05471801757812,220.03907775878906,0.0,127.07244873046875,88.01563262939453,0.26404690742492676,132.0234375,723.1524124145508,513.4146511554718,209.73776125907898
44,3,35,10,2026,TERM_LIFE,37,True,86102.44,0.0033,0.07408182,0.92286265,0.9110595,0.8174855,0.8638376,0.90702945,0.0,110.25,12.151595,55.125,165.375,177.5266,200.65112,108.1321,0.0,0.74148345,542.5579,743.23004,607.5798,443.53323,232.27875,6027.171,0.0,134.37427,243.0319,92.9115,0.2787345,139.36725,517.0521850585938,700.4912719726562,183.4390869140625,551.0927734375,402.2976989746094,220.43710327148438,200.651123046875,0.0,116.07754516601562,80.26044464111328,0.24078135192394257,120.39067077636719,631.3532180786133,457.14610056579113,174.20711751282215
44,4,35,10,2026,TERM_LIFE,38,True,86102.44,0.0035100002,0.063762814,0.93295103,0.92286265,0.75442684,0.82270247,0.8638376,0.0,115.7625,11.214253,57.88125,173.64374,184.85799,187.57826,100.903206,0.0,0.6517023,542.5579,743.23004,560.7127,409.32025,228.00255,5166.1465,0.0,130.56935,224.28508,91.20102,0.27360308,136.80153,491.9295349121094,651.9136962890625,159.98416137695312,484.3647155761719,353.5862121582031,193.74588012695312,187.57826232910156,0.0,107.41973114013672,75.03130340576172,0.22509393095970154,112.54695892333984,559.3960189819336,413.9376641213894,145.4583548605442
44,5,35,10,2026,TERM_LIFE,39,True,86102.44,0.0037500001,0.054881163,0.94157463,0.93295103,0.7038433,0.7835262,0.82270247,0.0,121.55062,10.46235,60.77531,182.32593,192.78828,178.06404,95.03079,0.0,0.57905364,542.5579,743.23004,523.1175,381.87576,227.25984,4305.122,0.0,128.24576,209.247,90.90394,0.2727118,136.3559,474.121337890625,614.0214233398438,139.90008544921875,430.37005615234375,314.1701354980469,172.1480255126953,178.0640411376953,0.0,100.4839096069336,71.22561645507812,0.2136768400669098,106.83841705322266,501.5956726074219,379.6840290129185,121.9116435945034
44,6,35,10,2026,TERM_LIFE,40,True,86102.44,0.00403,0.047236655,0.9489237,0.94157463,0.662721,0.7462154,0.7835262,0.0,127.62816,9.851083,63.81408,191.44223,201.29332,171.59927,90.202324,0.0,0.5192592,542.5579,743.23004,492.55414,359.5645,229.95943,3444.0974,0.0,127.09988,197.02165,91.98377,0.27595133,137.97565,462.37310791015625,584.5379028320312,122.164794921875,385.9290771484375,281.72821044921875,154.3716278076172,171.59927368164062,0.0,94.84388732910156,68.63970947265625,0.20591913163661957,102.95955657958984,454.56878662109375,352.3809908479452,102.18779577314854
44,7,35,10,2026,TERM_LIFE,41,True,86102.44,0.00434,0.040656965,0.95517945,0.9489237,0.6288716,0.7106813,0.7462154,0.0,134.00957,9.347925,67.00478,201.01434,210.36227,167.00984,86.18623,0.0,0.4692737,542.5579,743.23004,467.39627,341.19928,234.99962,2583.0732,0.0,126.91232,186.95851,93.99985,0.28199956,140.99977,455.1526184082031,561.3961181640625,106.24349975585938,348.7782897949219,254.608154296875,139.51132202148438,167.0098419189453,0.0,90.1942138671875,66.8039321899414,0.2004118114709854,100.20590209960938,415.5822219848633,330.11184979975224,85.47037218511105
44,8,35,10,2026,TERM_LIFE,42,True,86102.44,0.00467,0.034993775,0.96049964,0.95517945,0.60068524,0.67683935,0.7106813,0.0,140.71004,8.9289465,70.35502,211.06506,219.994,163.4801,82.80929,0.0,0.42689577,542.5579,743.23004,446.44733,325.90652,241.53458,1722.0487,0.0,127.52283,178.57893,96.61383,0.2898415,144.92075,451.3123779296875,543.0611572265625,91.748779296875,317.2817687988281,231.6156768798828,126.91271209716797,163.4801025390625,0.0,86.31246948242188,65.39204406738281,0.19617614150047302,98.08806610107422,382.67381286621094,311.50942382216454,71.1643890440464
44,9,35,10,2026,TERM_LIFE,43,True,86102.44,0.00503,0.030119421,0.9650021,0.96049964,0.57695794,0.6446089,0.67683935,0.0,147.74554,8.576249,73.87277,221.61832,230.19456,161.07343,79.94005,0.0,0.39050785,542.5579,743.23004,428.81247,313.0331,249.87775,861.0246,0.0,128.81235,171.525,99.9511,0.29985332,149.92664,450.5638427734375,528.7635498046875,78.19970703125,290.2371520996094,211.8731231689453,116.09486389160156,161.07342529296875,0.0,83.03358459472656,64.42937469482422,0.19328813254833221,96.64404296875,354.6665267944336,295.96577958762646,58.70074720680714
44,10,35,10,2026,TERM_LIFE,44,True,86102.44,0.0054200003,0.025924027,0.96879643,0.9650021,0.5567656,0.61391324,0.6446089,0.0,155.13281,8.276098,77.56641,232.69922,240.97531,159.5123,77.47599,0.0,0.35889608,542.5579,743.23004,413.80493,302.0776,259.82874,0.0,7.8310676,130.68861,165.52197,103.931496,0.31179452,155.89725,460.2507019042969,517.7364501953125,57.485748291015625,266.7423400878906,194.721923828125,106.69693756103516,159.51229858398438,4.807596206665039,80.2314682006836,63.8049201965332,0.19141478836536407,95.70738220214844,330.5472602844238,287.6347989588976,42.91246132552624
45,1,40,10,2026,TERM_LIFE,40,True,52849.66,0.00403,0.1,0.896373,1.0,1.0,0.95238096,1.0,500.0,100.0,13.827655,50.0,650.0,663.82764,202.84203,557.1429,0.0,1.0,504.70944,691.38275,691.38275,504.70944,212.98413,4756.4697,0.0,597.4449,276.5531,85.19366,0.255581,127.790474,1002.0440063476562,776.576416015625,-225.46759033203125,691.3827514648438,504.7094421386719,276.5531005859375,202.84202575683594,0.0,568.9951171875,81.1368179321289,0.24341046810150146,121.70521545410156,772.5195693969727,967.4968436956406,-194.9772742986679
45,2,40,10,2026,TERM_LIFE,41,True,52849.66,0.00434,0.0860708,0.9099628,0.896373,0.896373,0.90702945,0.95238096,0.0,104.99999,12.394736,52.499996,157.49998,169.89471,186.4842,117.03162,0.0,0.85368854,504.70944,691.38275,619.7368,452.4079,205.59885,4227.973,0.0,139.1814,247.89473,82.23954,0.24671863,123.35931,510.68212890625,701.9763793945312,191.29425048828125,590.2255249023438,430.8646545410156,236.09022521972656,186.4842071533203,0.0,126.24162292480469,74.59368133544922,0.2237810641527176,111.8905258178711,664.819206237793,474.44615502655506,190.3730512112379
45,3,40,10,2026,TERM_LIFE,42,True,52849.66,0.00467,0.07408182,0.9215941,0.9099628,0.815666,0.8638376,0.90702945,0.0,110.25,11.2787485,55.125,165.375,176.65375,173.9016,107.891426,0.0,0.7398331,504.70944,691.38275,563.93744,411.67435,201.31284,3699.4763,0.0,133.41597,225.57498,80.52514,0.24157542,120.7877,480.0202331542969,644.4625854492188,164.44235229492188,511.50787353515625,373.4007568359375,204.6031494140625,173.90159606933594,0.0,115.2497329711914,69.5606460571289,0.20868192613124847,104.34095764160156,581.0685195922852,424.4025219529867,156.66599763929844
45,4,40,10,2026,TERM_LIFE,43,True,52849.66,0.00503,0.063762814,0.931528,0.9215941,0.751713,0.82270247,0.8638376,0.0,115.7625,10.394427,57.88125,173.64374,184.03816,164.40123,100.54023,0.0,0.6493579,504.70944,691.38275,519.7214,379.39664,199.83072,3170.98,0.0,129.52269,207.88855,79.93229,0.23979688,119.89843,457.5494689941406,599.6536865234375,142.10421752929688,448.9548645019531,327.7370910644531,179.58193969726562,164.40122985839844,0.0,106.55863952636719,65.76049041748047,0.19728147983551025,98.64073181152344,514.7153549194336,384.97859251499176,129.73676240444183
45,5,40,10,2026,TERM_LIFE,44,True,52849.66,0.0054200003,0.054881163,0.9399963,0.931528,0.7002417,0.7835262,0.82270247,0.0,121.55062,9.6827,60.77531,182.32593,192.00862,157.16035,94.54451,0.0,0.5760906,504.70944,691.38275,484.135,353.41858,200.58086,2642.4832,0.0,127.07353,193.654,80.232346,0.24069704,120.34851,441.3167419433594,564.3673706054688,123.05062866210938,398.299072265625,290.7583312988281,159.3196258544922,157.1603546142578,0.0,99.56543731689453,62.86414337158203,0.18859243392944336,94.29621124267578,461.16321563720703,353.36986684799194,107.79334878921509
45,6,40,10,2026,TERM_LIFE,45,True,52849.66,0.0058500003,0.047236655,0.9471896,0.9399963,0.6582246,0.7462154,0.7835262,0.0,127.62816,9.101702,63.81408,191.44223,200.54393,151.85754,89.59032,0.0,0.5157362,504.70944,691.38275,455.0851,332.21216,203.50363,2113.9863,0.0,125.76756,182.03404,81.40145,0.24420436,122.10218,430.14801025390625,536.486572265625,106.33856201171875,356.57110595703125,260.29693603515625,142.62843322753906,151.8575439453125,0.0,93.84969329833984,60.74301528930664,0.18222905695438385,91.1145248413086,417.3141212463379,327.7748804241419,89.539240822196
45,7,40,10,2026,TERM_LIFE,46,True,52849.66,0.0063300002,0.040656965,0.9532704,0.9471896,0.6234635,0.7106813,0.7462154,0.0,134.00957,8.621038,67.00478,201.01434,209.63538,148.22856,85.44505,0.0,0.46523806,504.70944,691.38275,431.0519,314.6679,208.57246,1585.49,0.0,125.38615,172.42076,83.428986,0.25028697,125.14348,423.2006530761719,514.4808959960938,91.28024291992188,321.6575622558594,234.81004333496094,128.66302490234375,148.2285614013672,0.0,89.10958862304688,59.291419982910156,0.17787426710128784,88.9371337890625,380.94898223876953,306.8876215815544,74.06136065721512
45,8,40,10,2026,TERM_LIFE,47,True,52849.66,0.00686,0.034993775,0.9583863,0.9532704,0.5943293,0.67683935,0.7106813,0.0,140.71004,8.218181,70.35502,211.06506,219.28325,145.84079,81.93306,0.0,0.42237872,504.70944,691.38275,410.90903,299.96362,215.47328,1056.9932,0.0,125.76584,164.36362,86.189316,0.25856796,129.28397,419.6719970703125,497.09832763671875,77.42633056640625,292.0253601074219,213.1785430908203,116.81015014648438,145.84078979492188,0.0,85.1232681274414,58.33631896972656,0.17500896751880646,87.50447845458984,350.36167907714844,289.61290569603443,60.748773381114006
45,9,40,10,2026,TERM_LIFE,48,True,52849.66,0.00745,0.030119421,0.962655,0.9583863,0.56959707,0.6446089,0.67683935,0.0,147.74554,7.8761916,73.87277,221.61832,229.4945,144.56479,78.92016,0.0,0.3855257,504.70944,691.38275,393.8096,287.48102,224.26744,528.49677,0.0,126.7822,157.52385,89.70698,0.26912093,134.56046,419.1356506347656,483.5165710449219,64.38092041015625,266.54583740234375,194.57846069335938,106.61833953857422,144.56478881835938,0.0,81.72493743896484,57.8259162902832,0.17347775399684906,86.7388687133789,324.37175369262695,275.2556234449148,49.116130247712135
45,10,40,10,2026,TERM_LIFE,49,True,52849.66,0.0081001,0.025924027,0.96618587,0.962655,0.5483255,0.61391324,0.6446089,0.0,155.13281,7.5820556,77.56641,232.69922,240.28128,144.10466,76.30151,0.0,0.35345548,504.70944,691.38275,379.10278,276.74506,234.73131,0.0,7.174346,128.33679,151.64111,93.892525,0.28167757,140.83878,428.272705078125,472.99530029296875,44.72259521484375,244.37303161621094,178.392333984375,97.74921417236328,144.1046600341797,4.404426097869873,78.78765869140625,57.64186477661133,0.17292559146881104,86.4627914428711,302.01489639282227,267.5770159959793,34.43788039684296
46,1,21,10,2026,TERM_LIFE,21,True,68491.22,0.00233,0.1,0.89790297,1.0,1.0,0.95238096,1.0,500.0,100.0,10.721457,50.0,650.0,660.72144,151.98529,557.1429,0.0,1.0,391.33316,536.0728,536.0728,391.33316,159.58455,6164.2095,0.0,594.6493,214.42912,63.83382,0.19150147,95.75073,905.0206909179688,599.9066162109375,-305.11407470703125,536.0728149414062,391.3331604003906,214.4291229248047,151.98529052734375,0.0,566.3326416015625,60.79411315917969,0.18238234519958496,91.19117736816406,596.8669281005859,872.1353242397308,-275.2683961391449
46,2,21,10,2026,TERM_LIFE,22,True,68491.22,0.00236,0.0860708,0.9117724,0.89790297,0.89790297,0.90702945,0.95238096,0.0,104.99999,9.626827,52.499996,157.49998,167.12682,131.64297,117.231384,0.0,0.8551457,391.33316,536.0728,481.34137,351.3792,145.13638,5479.298,0.0,137.14757,192.53654,58.054554,0.17416367,87.08183,416.9400939941406,539.3959350585938,122.45584106445312,458.42034912109375,334.6468811035156,183.36813354492188,131.64297485351562,0.0,124.39688110351562,52.657188415527344,0.1579715758562088,78.98578643798828,511.0775375366211,386.908772662282,124.1687648743391
46,3,21,10,2026,TERM_LIFE,23,True,68491.22,0.00239,0.07408182,0.9237052,0.9117724,0.8186831,0.8638376,0.90702945,0.0,110.25,8.777474,55.125,165.375,174.15248,115.765915,108.290504,0.0,0.7425697,391.33316,536.0728,438.87375,320.37784,134.01352,4794.3853,0.0,132.01341,175.5495,53.605408,0.16081622,80.40811,388.1318359375,492.4791564941406,104.34732055664062,398.0714111328125,290.5921325683594,159.2285614013672,115.76591491699219,0.0,114.03814697265625,46.306365966796875,0.13891910016536713,69.45954895019531,444.3777770996094,342.8651764243841,101.51260067522526
46,4,21,10,2026,TERM_LIFE,24,True,68491.22,0.00241,0.063762814,0.9339809,0.9237052,0.75622183,0.82270247,0.8638376,0.0,115.7625,8.107799,57.88125,173.64374,181.75154,102.69373,101.14328,0.0,0.65325284,391.33316,536.0728,405.38995,295.9347,124.824875,4109.4736,0.0,128.68065,162.15599,49.92995,0.14978985,74.89493,365.88134765625,455.3199157714844,89.43856811523438,350.1910705566406,255.63951110839844,140.07644653320312,102.69373321533203,0.0,105.86589050292969,41.077491760253906,0.12323248386383057,61.616241455078125,391.26856231689453,307.68181097507477,83.58675134181976
46,5,21,10,2026,TERM_LIFE,25,True,68491.22,0.00243,0.054881163,0.94282216,0.9339809,0.70629674,0.7835262,0.82270247,0.0,121.55062,7.57253,60.77531,182.32593,189.89845,92.10472,95.362045,0.0,0.5810721,391.33316,536.0728,378.6265,276.39734,117.55156,3424.561,0.0,126.76374,151.4506,47.020626,0.14106189,70.53093,348.8863525390625,425.6471252441406,76.76077270507812,311.4969482421875,227.3927764892578,124.59878540039062,92.10472106933594,0.0,99.32270812988281,36.84189224243164,0.11052568256855011,55.2628288269043,348.33884048461914,279.2948480397463,69.04399244487286
46,6,21,10,2026,TERM_LIFE,26,True,68491.22,0.00246,0.047236655,0.95041955,0.94282216,0.6659122,0.7462154,0.7835262,0.0,127.62816,7.139549,63.81408,191.44223,198.58177,83.724236,90.63668,0.0,0.5217596,391.33316,536.0728,356.97745,260.59354,112.19849,2739.6487,0.0,125.99155,142.79099,44.879395,0.13463819,67.31909,336.23626708984375,401.8568420410156,65.62057495117188,279.701171875,204.18185424804688,111.88047790527344,83.72423553466797,0.0,94.01683044433594,33.48969650268555,0.10046909004449844,50.23454284667969,313.19086837768555,256.23232028633356,56.958548091351986
46,7,21,10,2026,TERM_LIFE,27,True,68491.22,0.00249,0.040656965,0.95695424,0.95041955,0.632896,0.7106813,0.7462154,0.0,134.00957,6.785567,67.00478,201.01434,207.79991,76.70815,86.73777,0.0,0.47227675,391.33316,536.0728,339.27835,247.67319,107.93607,2054.7368,0.0,126.16871,135.71135,43.17443,0.12952329,64.76164,326.771240234375,382.4527893066406,55.681549072265625,253.1747283935547,184.8175506591797,101.2698974609375,76.7081527709961,0.0,89.66574096679688,30.68326187133789,0.09204978495836258,46.0248908996582,283.8579902648926,237.05257911235094,46.80541115254164
46,8,21,10,2026,TERM_LIFE,28,True,68491.22,0.0025300002,0.034993775,0.96256477,0.95695424,0.6056525,0.67683935,0.7106813,0.0,140.71004,6.493477,70.35502,211.06506,217.55853,71.03372,83.494064,0.0,0.4304259,391.33316,536.0728,324.67386,237.01192,104.94916,1369.8243,0.0,127.15393,129.86955,41.979664,0.125939,62.969494,320.1189270019531,366.6535339355469,46.53460693359375,230.73963928222656,168.43994140625,92.29586791992188,71.03372192382812,0.0,86.06278228759766,28.413488388061523,0.08524046838283539,42.62023162841797,259.1531276702881,221.06412230432034,38.08900536596775
46,9,21,10,2026,TERM_LIFE,29,True,68491.22,0.00258,0.030119421,0.9673783,0.96256477,0.58297974,0.6446089,0.67683935,0.0,147.74554,6.2503915,73.87277,221.61832,227.86871,66.405556,80.77439,0.0,0.39458364,391.33316,536.0728,312.5196,228.1393,103.01681,684.91235,0.0,128.8417,125.007835,41.206722,0.12362017,61.810085,315.78326416015625,353.726318359375,37.94305419921875,211.5255584716797,154.4136505126953,84.61022186279297,66.40555572509766,0.0,83.0525131225586,26.562219619750977,0.07968666404485703,39.84333038330078,238.08777809143066,207.5857520326972,30.502026058733463
46,10,21,10,2026,TERM_LIFE,30,True,68491.22,0.00263,0.025924027,0.97151417,0.9673783,0.563962,0.61391324,0.6446089,0.0,155.13281,6.0464935,77.56641,232.69922,238.74571,62.36594,78.477394,0.0,0.36353493,391.33316,536.0728,302.32468,220.69702,101.58755,0.0,5.7213554,131.153,120.92987,40.63502,0.121905066,60.952526,318.878662109375,342.9596862792969,24.081024169921875,194.8811798095703,142.26327514648438,77.95246887207031,62.36594009399414,3.512415885925293,80.51656341552734,24.94637680053711,0.07483913749456406,37.41956329345703,219.82755661010742,199.47585060447454,20.351706005632877
47,1,52,10,2026,TERM_LIFE,52,True,39879.152,0.0104600005,0.1,0.89058596,1.0,1.0,0.95238096,1.0,500.0,100.0,21.535082,50.0,650.0,671.5351,397.27234,557.1429,0.0,1.0,786.0306,1076.7542,1076.7542,786.0306,417.13596,3589.1238,0.0,604.3816,430.70166,166.85439,0.50056314,250.28157,1285.8653564453125,1243.6085205078125,-42.2568359375,1076.754150390625,786.0305786132812,430.70166015625,397.2723388671875,0.0,575.6015014648438,158.908935546875,0.47672680020332336,238.3634033203125,1235.6630859375,1245.1432917416096,-9.480205804109573
47,2,52,10,2026,TERM_LIFE,53,True,39879.152,0.01139,0.0860708,0.9035196,0.89058596,0.89058596,0.90702945,0.95238096,0.0,104.99999,19.178843,52.499996,157.49998,176.67883,366.91617,116.27606,0.0,0.84817713,786.0306,1076.7542,958.94214,700.0278,404.5251,3190.3323,0.0,143.80466,383.57687,161.81004,0.48543015,242.71504,770.5819702148438,1120.752197265625,350.17022705078125,913.2782592773438,666.693115234375,365.3113098144531,366.9161682128906,0.0,130.43505859375,146.7664794921875,0.44029945135116577,220.14968872070312,1060.0447387695312,716.3363565802574,343.70838218927383
47,3,52,10,2026,TERM_LIFE,54,True,39879.152,0.0124,0.07408182,0.9144368,0.9035196,0.80466187,0.8638376,0.90702945,0.0,110.25,17.32846,55.125,165.375,182.70346,343.7266,106.43586,0.0,0.729852,786.0306,1076.7542,866.42303,632.48883,397.9065,2791.5408,0.0,136.1234,346.5692,159.1626,0.4774878,238.7439,721.9140014648438,1025.585693359375,303.67169189453125,785.8712158203125,573.6859741210938,314.3484802246094,343.7265930175781,0.0,117.58850860595703,137.49063110351562,0.4124719202518463,206.2359619140625,923.3618469238281,638.5854226648808,284.7764242589474
47,4,52,10,2026,TERM_LIFE,55,True,39879.152,0.0135,0.063762814,0.92359805,0.9144368,0.7358124,0.82270247,0.8638376,0.0,115.7625,15.845781,57.88125,173.64374,189.48952,325.90393,98.41356,0.0,0.63562244,786.0306,1076.7542,792.28906,578.3711,396.13828,2392.7493,0.0,130.53838,316.91562,158.4553,0.4753659,237.68297,685.6123046875,950.744384765625,265.132080078125,684.4090576171875,499.6186828613281,273.7636413574219,325.9039306640625,0.0,107.39424133300781,130.361572265625,0.3910847008228302,195.5423583984375,814.7706298828125,577.09132578969,237.67930409312248
47,5,52,10,2026,TERM_LIFE,56,True,39879.152,0.01471,0.054881163,0.9312161,0.92359805,0.67959493,0.7835262,0.82270247,0.0,121.55062,14.635133,60.77531,182.32593,196.96106,312.3649,91.75685,0.0,0.55910444,786.0306,1076.7542,731.75665,534.1824,398.66556,1993.9576,0.0,126.50769,292.70267,159.46623,0.4783987,239.19933,658.8880615234375,891.222900390625,232.3348388671875,602.0180053710938,439.47314453125,240.8072052001953,312.3648986816406,0.0,99.12208557128906,124.94596862792969,0.3748379051685333,187.41893005371094,726.9639739990234,527.7230587303638,199.2409152686596
47,6,52,10,2026,TERM_LIFE,57,True,39879.152,0.01604,0.047236655,0.937481,0.9312161,0.63284975,0.7462154,0.7835262,0.0,127.62816,13.628471,63.81408,191.44223,205.07071,302.0752,86.13658,0.0,0.49585435,786.0306,1076.7542,681.4236,497.43927,404.80966,1595.166,0.0,123.64863,272.56943,161.92387,0.48577163,242.88579,639.5896606445312,843.3474731445312,203.7578125,533.9132080078125,389.7566833496094,213.56527709960938,302.0751953125,0.0,92.26850891113281,120.83008575439453,0.3624902665615082,181.2451171875,654.743293762207,487.4413934648037,167.30190029740334
47,7,52,10,2026,TERM_LIFE,58,True,39879.152,0.0175,0.040656965,0.94255453,0.937481,0.5932846,0.7106813,0.7462154,0.0,134.00957,12.776433,67.00478,201.01434,213.79077,294.25372,81.30907,0.0,0.44271812,786.0306,1076.7542,638.82166,466.33984,414.04453,1196.3746,0.0,121.68189,255.52867,165.61781,0.49685344,248.42671,626.1340942382812,804.439453125,178.30535888671875,476.69854736328125,347.9899597167969,190.67942810058594,294.25372314453125,0.0,86.47705078125,117.70148468017578,0.35310447216033936,176.55223083496094,594.400032043457,454.0618141889572,140.33821785449982
47,8,52,10,2026,TERM_LIFE,59,True,39879.152,0.019089999,0.034993775,0.9465843,0.94255453,0.5592031,0.67683935,0.7106813,0.0,140.71004,12.042485,70.35502,211.06506,223.10754,288.14227,77.09064,0.0,0.3974152,786.0306,1076.7542,602.12427,439.55072,425.71738,797.583,0.0,120.39652,240.84972,170.28696,0.51086086,255.43042,617.1875,772.4112548828125,155.2237548828125,427.91845703125,312.3804931640625,171.16738891601562,288.14227294921875,0.0,81.48910522460938,115.25691223144531,0.3457707464694977,172.88536071777344,543.1753692626953,425.88762560486794,117.28774365782738
47,9,52,10,2026,TERM_LIFE,60,True,39879.152,0.0208401,0.030119421,0.94966817,0.9465843,0.5293329,0.6446089,0.67683935,0.0,147.74554,11.399227,73.87277,221.61832,233.01755,283.5769,73.341385,0.0,0.35827333,786.0306,1076.7542,569.96136,416.07184,439.92087,398.79163,6.1738276,119.62881,227.98454,175.96835,0.52790505,263.9525,618.267578125,745.9296875,127.662109375,385.77227783203125,281.6138000488281,154.3089141845703,283.576904296875,3.9797043800354004,77.1137924194336,113.43077087402344,0.3402923047542572,170.14614868164062,499.2030487060547,405.8888519704342,93.3141967356205
47,10,52,10,2026,TERM_LIFE,61,True,39879.152,0.022739898,0.025924027,0.9519256,0.94966817,0.50269055,0.61391324,0.6446089,0.0,155.13281,10.825483,77.56641,232.69922,243.5247,279.86087,69.951256,0.0,0.3240388,786.0306,1076.7542,541.2742,395.13016,455.86386,0.0,10.243364,119.24402,216.50967,182.34555,0.54703665,273.5183,620.0624389648438,723.6197509765625,103.55731201171875,348.91015625,254.7044219970703,139.56407165527344,279.8608703613281,6.28853702545166,73.20548248291016,111.94434356689453,0.33583304286003113,167.91651916503906,460.85449981689453,387.31044337153435,73.54405644536018
48,1,24,10,2026,TERM_LIFE,24,True,123652.68,0.00241,0.1,0.89783096,1.0,1.0,0.95238096,1.0,500.0,100.0,14.564312,50.0,650.0,664.56433,283.81235,557.1429,0.0,1.0,531.5974,728.21564,728.21564,531.5974,298.00296,11128.741,0.0,598.1079,291.28625,119.20119,0.35760355,178.80177,1068.553466796875,847.4168090820312,-221.13665771484375,728.2156372070312,531.597412109375,291.2862548828125,283.8123474121094,0.0,569.6265869140625,113.52494049072266,0.34057480096817017,170.2873992919922,841.7405776977539,1031.5408158898354,-189.80023819208145
48,2,24,10,2026,TERM_LIFE,25,True,123652.68,0.00243,0.0860708,0.91170835,0.89783096,0.89783096,0.90702945,0.95238096,0.0,104.99999,13.076291,52.499996,157.49998,170.57628,244.69539,117.22197,0.0,0.8550771,531.5974,728.21564,653.8146,477.2846,269.77667,9892.215,0.0,139.96704,261.52585,107.91067,0.32373202,161.866,563.6826171875,761.7252197265625,198.0426025390625,622.6805419921875,454.5567626953125,249.07223510742188,244.6953887939453,0.0,126.95423126220703,97.8781509399414,0.29363447427749634,146.81723022460938,720.5586929321289,523.1373310685158,197.42136186361313
48,3,24,10,2026,TERM_LIFE,26,True,123652.68,0.00246,0.07408182,0.92364043,0.91170835,0.81856,0.8638376,0.90702945,0.0,110.25,11.921763,55.125,165.375,177.29677,215.09053,108.274216,0.0,0.74245805,531.5974,728.21564,596.0882,435.14438,248.99417,8655.6875,0.0,134.3767,238.43529,99.59767,0.29879302,149.3965,522.5072631835938,695.6858520507812,173.1785888671875,540.6695556640625,394.6887512207031,216.267822265625,215.0905303955078,0.0,116.07964324951172,86.03621673583984,0.25810864567756653,129.05430603027344,626.7057723999023,461.6598801910877,165.04589220881462
48,4,24,10,2026,TERM_LIFE,27,True,123652.68,0.00249,0.063762814,0.933906,0.92364043,0.7560551,0.82270247,0.8638376,0.0,115.7625,11.011423,57.88125,173.64374,184.65517,191.5134,101.12098,0.0,0.65310884,531.5974,728.21564,550.57117,401.91693,232.78574,7419.1616,0.0,130.7076,220.22847,93.114296,0.2793429,139.67145,490.8868408203125,643.6854858398438,152.79864501953125,475.60406494140625,347.1909484863281,190.24163818359375,191.51339721679688,0.0,107.53346252441406,76.60536193847656,0.22981607913970947,114.90804290771484,552.2094268798828,412.91295969486237,139.29646718502045
48,5,24,10,2026,TERM_LIFE,28,True,123652.68,0.0025300002,0.054881163,0.9427277,0.933906,0.70608443,0.7835262,0.82270247,0.0,121.55062,10.283634,60.77531,182.32593,192.60956,173.07495,95.33339,0.0,0.5808974,531.5974,728.21564,514.1817,375.35266,220.89236,6182.6343,0.0,128.53485,205.67268,88.35695,0.26507086,132.53542,467.00799560546875,602.5386352539062,135.5306396484375,423.0185546875,308.8035583496094,169.20742797851562,173.074951171875,0.0,100.71041870117188,69.22998046875,0.20768995583057404,103.844970703125,492.24853515625,373.9705073386431,118.27802781760693
48,6,24,10,2026,TERM_LIFE,29,True,123652.68,0.00258,0.047236655,0.9503052,0.9427277,0.66564536,0.7462154,0.7835262,0.0,127.62816,9.694667,63.81408,191.44223,201.1369,158.46391,90.60036,0.0,0.5215506,531.5974,728.21564,484.73337,353.85535,212.3568,4946.107,0.0,127.56152,193.89336,84.94272,0.25482816,127.41408,449.123779296875,569.6760864257812,120.55230712890625,379.8013000488281,277.25494384765625,151.92051696777344,158.4639129638672,0.0,95.1883773803711,63.38556671142578,0.1901566982269287,95.0783462524414,443.1868667602539,342.37739729881287,100.80946946144104
48,7,24,10,2026,TERM_LIFE,30,True,123652.68,0.00263,0.040656965,0.95681995,0.9503052,0.6325663,0.7106813,0.7462154,0.0,134.00957,9.212893,67.00478,201.01434,210.22723,146.19759,86.69257,0.0,0.4720307,531.5974,728.21564,460.64465,336.2706,205.71469,3709.5808,0.0,127.57599,184.25786,82.28588,0.24685766,123.42881,435.5094909667969,542.9305419921875,107.42105102539062,343.7401428222656,250.9302978515625,137.4960479736328,146.1975860595703,0.0,90.6658706665039,58.47903823852539,0.17543712258338928,87.71855163574219,402.219181060791,316.0559073984623,86.16327366232872
48,8,24,10,2026,TERM_LIFE,31,True,123652.68,0.00269,0.034993775,0.96241033,0.95681995,0.605252,0.67683935,0.7106813,0.0,140.71004,8.81508,70.35502,211.06506,219.88014,136.26291,83.43885,0.0,0.4301413,531.5974,728.21564,440.754,321.7504,201.32239,2473.0535,0.0,128.42583,176.3016,80.52895,0.24158686,120.793434,425.762451171875,521.282958984375,95.5205078125,313.2356262207031,228.66200256347656,125.29425811767578,136.26290893554688,0.0,86.92365264892578,54.505165100097656,0.16351549327373505,81.75775146484375,367.7407913208008,294.13917772471905,73.60161359608173
48,9,24,10,2026,TERM_LIFE,32,True,123652.68,0.00275,0.030119421,0.96721345,0.96241033,0.5825008,0.6446089,0.67683935,0.0,147.74554,8.483724,73.87277,221.61832,230.10204,127.68182,80.70803,0.0,0.39425948,531.5974,728.21564,424.1862,309.6559,198.07642,1236.5271,0.0,129.99759,169.67448,79.23057,0.2376917,118.84585,418.7556457519531,503.416748046875,84.66110229492188,287.10589599609375,209.58731079101562,114.84236907958984,127.68182373046875,0.0,83.797607421875,51.072731018066406,0.15321819484233856,76.60909271240234,338.17862701416016,275.4022874087095,62.77633960545063
48,10,24,10,2026,TERM_LIFE,33,True,123652.68,0.00282,0.025924027,0.9713291,0.96721345,0.56340265,0.61391324,0.6446089,0.0,155.13281,8.205572,77.56641,232.69922,240.90479,120.60868,78.39957,0.0,0.36317438,531.5974,728.21564,410.27863,299.5034,196.45883,0.0,7.764334,132.20782,164.11145,78.583534,0.2357506,117.8753,422.1946716308594,488.8621520996094,66.66748046875,264.4692687988281,193.06256103515625,105.78770446777344,120.60868072509766,4.766627788543701,81.16413116455078,48.243473052978516,0.14473041892051697,72.36520385742188,312.71274185180664,264.2283976972103,48.48434415459633
49,1,37,10,2026,TERM_LIFE,37,True,43269.195,0.0033,0.1,0.89703,1.0,1.0,0.95238096,1.0,500.0,100.0,11.254749,50.0,650.0,661.25476,135.9889,557.1429,0.0,1.0,410.79837,562.7375,562.7375,410.79837,142.78835,3894.2273,0.0,595.1293,225.095,57.115337,0.17134601,85.673004,906.0685424804688,619.8528442382812,-286.2156982421875,562.7374877929688,410.7983703613281,225.09500122070312,135.98890686035156,0.0,566.789794921875,54.39556121826172,0.1631866693496704,81.59333801269531,617.1330490112305,873.6413208246231,-256.50827181339264
49,2,37,10,2026,TERM_LIFE,38,True,43269.195,0.0035100002,0.0860708,0.91072136,0.89703,0.89703,0.90702945,0.95238096,0.0,104.99999,10.095848,52.499996,157.49998,167.59583,123.57036,117.11741,0.0,0.85431427,410.79837,562.7375,504.79242,368.49847,136.23633,3461.5356,0.0,137.39874,201.91698,54.494534,0.16348359,81.74179,421.2209777832031,559.2869262695312,138.06594848632812,480.75469970703125,350.950927734375,192.3018798828125,123.57035827636719,0.0,124.62470245361328,49.42814636230469,0.1482844352722168,74.1422119140625,530.1828460693359,391.2170786857605,138.96576738357544
49,3,37,10,2026,TERM_LIFE,39,True,43269.195,0.0037500001,0.07408182,0.92244595,0.91072136,0.81694436,0.8638376,0.90702945,0.0,110.25,9.194504,55.125,165.375,174.5695,114.5077,108.06052,0.0,0.7409926,410.79837,562.7375,459.72522,335.59943,132.55698,3028.8435,0.0,132.0485,183.89009,53.022793,0.15906838,79.53418,395.6318359375,512.7479858398438,117.11614990234375,416.98431396484375,304.3985595703125,166.79373168945312,114.50769805908203,0.0,114.06845092773438,45.80308151245117,0.1374092400074005,68.7046127319336,462.7873954772949,349.7042045891285,113.08319088816643
49,4,37,10,2026,TERM_LIFE,40,True,43269.195,0.00403,0.063762814,0.9324642,0.92244595,0.753587,0.82270247,0.8638376,0.0,115.7625,8.481433,57.88125,173.64374,182.12517,108.10856,100.79088,0.0,0.6509768,410.79837,562.7375,424.07166,309.57233,131.40663,2596.1519,0.0,128.4959,169.62866,52.562653,0.15768796,78.84398,377.126220703125,476.6343078613281,99.50808715820312,366.32904052734375,267.42022705078125,146.5316162109375,108.10855865478516,0.0,105.7138900756836,43.24342346191406,0.12973026931285858,64.8651351928711,409.5724639892578,317.24037174880505,92.33209224045277
49,5,37,10,2026,TERM_LIFE,41,True,43269.195,0.00434,0.054881163,0.94101703,0.9324642,0.70269287,0.7835262,0.82270247,0.0,121.55062,7.908632,60.77531,182.32593,190.23456,103.39216,94.87546,0.0,0.5781072,410.79837,562.7375,395.4316,288.66507,131.9575,2163.4597,0.0,126.34014,158.17265,52.783,0.158349,79.1745,363.8456726074219,448.214599609375,84.36892700195312,325.32257080078125,237.48545837402344,130.1290283203125,103.39215850830078,0.0,98.99080657958984,41.35686492919922,0.12407059222459793,62.03529357910156,366.67943572998047,291.2791990712285,75.40023665875196
49,6,37,10,2026,TERM_LIFE,42,True,43269.195,0.00467,0.047236655,0.9483139,0.94101703,0.66124594,0.7462154,0.7835262,0.0,127.62816,7.4421573,63.81408,191.44223,198.88438,99.706375,90.00156,0.0,0.5181035,410.79837,562.7375,372.10788,271.63876,133.61607,1730.7677,0.0,125.29933,148.84315,53.44643,0.1603393,80.16965,354.47247314453125,425.5543212890625,71.08184814453125,291.5562744140625,212.83609008789062,116.62250518798828,99.70637512207031,0.0,93.50028991699219,39.88254928588867,0.11964765191078186,59.82382583618164,331.4388236999512,270.0662685930729,61.37255510687828
49,7,37,10,2026,TERM_LIFE,43,True,43269.195,0.00503,0.040656965,0.95451754,0.9483139,0.6270687,0.7106813,0.7462154,0.0,134.00957,7.057501,67.00478,201.01434,208.07184,96.9922,85.93914,0.0,0.46792832,410.79837,562.7375,352.87506,257.5988,136.47777,1298.0759,0.0,125.17061,141.15002,54.591106,0.16377333,81.88666,348.3710632324219,407.4661560058594,59.0950927734375,263.32080078125,192.22418212890625,105.32832336425781,96.99220275878906,0.0,88.95641326904297,38.796878814697266,0.1163906455039978,58.195316314697266,302.11767959594727,252.59644359350204,49.52123600244522
49,8,37,10,2026,TERM_LIFE,44,True,43269.195,0.0054200003,0.034993775,0.95977587,0.95451754,0.59854805,0.67683935,0.7106813,0.0,140.71004,6.736509,70.35502,211.06506,217.80157,95.00857,82.51466,0.0,0.42537692,410.79837,562.7375,336.82544,245.88257,140.37093,865.38385,0.0,125.802765,134.73018,56.148373,0.16844513,84.22255,344.9239501953125,392.97381591796875,48.04986572265625,239.37554931640625,174.744140625,95.7502212524414,95.0085678100586,0.0,85.14826202392578,38.0034294128418,0.114010289311409,57.00513458251953,277.37897872924805,238.01762814819813,39.36135058104992
49,9,37,10,2026,TERM_LIFE,45,True,43269.195,0.0058500003,0.030119421,0.96420676,0.95977587,0.57447195,0.6446089,0.67683935,0.0,147.74554,6.465538,73.87277,221.61832,228.08386,93.73458,79.5956,0.0,0.3888252,410.79837,562.7375,323.27692,235.99214,145.4131,432.69205,0.0,127.08131,129.31078,58.16524,0.17449573,87.24786,343.814453125,381.4421691894531,37.627716064453125,218.80653381347656,159.72877502441406,87.52262115478516,93.73458099365234,0.0,81.91773986816406,37.493831634521484,0.1124815046787262,56.24074935913086,256.30036544799805,225.7935918867588,30.506773561239243
49,10,37,10,2026,TERM_LIFE,46,True,43269.195,0.0063300002,0.025924027,0.96791005,0.96420676,0.5539097,0.61391324,0.6446089,0.0,155.13281,6.2341146,77.56641,232.69922,238.93333,93.13834,77.07858,0.0,0.35705516,410.79837,562.7375,311.70575,227.54521,151.71255,0.0,5.898888,128.9165,124.682304,60.685024,0.18205507,91.02753,350.7073059082031,372.3907775878906,21.6834716796875,200.9282989501953,146.67767333984375,80.37132263183594,93.13834381103516,3.621405601501465,79.14354705810547,37.255340576171875,0.111766017973423,55.88300323486328,238.1836395263672,219.13104454427958,19.052594982087612
50,1,18,10,2026,TERM_LIFE,18,True,88492.12,0.00219,0.1,0.89802897,1.0,1.0,0.95238096,1.0,500.0,100.0,11.750458,50.0,650.0,661.7505,184.56926,557.1429,0.0,1.0,428.89172,587.5229,587.5229,428.89172,193.79773,7964.2905,0.0,595.57544,235.00916,77.5191,0.2325573,116.27863,947.0957641601562,665.0419921875,-282.05377197265625,587.5228881835938,428.8917236328125,235.0091552734375,184.5692596435547,0.0,567.2147216796875,73.82771301269531,0.22148314118385315,110.7415542602539,661.3506011962891,913.1869143545628,-251.8363131582737
50,2,18,10,2026,TERM_LIFE,19,True,88492.12,0.00224,0.0860708,0.91188204,0.89802897,0.89802897,0.90702945,0.95238096,0.0,104.99999,10.552251,52.499996,157.49998,168.05223,161.45978,117.247826,0.0,0.8552657,428.89172,587.5229,527.61255,385.1572,178.00941,7079.3696,0.0,137.92633,211.04503,71.203766,0.21361129,106.80565,455.9906311035156,598.8162841796875,142.82565307617188,502.4881286621094,366.8163757324219,200.99526977539062,161.45977783203125,0.0,125.10324096679688,64.58391571044922,0.1937517374753952,96.87586975097656,567.0720443725586,423.16813223063946,143.90391214191914
50,3,18,10,2026,TERM_LIFE,20,True,88492.12,0.00229,0.07408182,0.9237978,0.91188204,0.8188965,0.8638376,0.90702945,0.0,110.25,9.622408,55.125,165.375,174.9974,143.35115,108.31873,0.0,0.7427632,428.89172,587.5229,481.12042,351.21793,165.94687,6194.448,0.0,132.68848,192.44817,66.378746,0.19913624,99.56812,424.9039001464844,547.4991455078125,122.59524536132812,436.390380859375,318.56500244140625,174.55615234375,143.3511505126953,0.0,114.62129211425781,57.340457916259766,0.17202137410640717,86.01068878173828,493.73083877563477,375.3601546138525,118.37068416178226
50,4,18,10,2026,TERM_LIFE,21,True,88492.12,0.00233,0.063762814,0.9340558,0.9237978,0.75649476,0.82270247,0.8638376,0.0,115.7625,8.889159,57.88125,173.64374,182.5329,128.3244,101.17979,0.0,0.65348864,428.89172,587.5229,444.45798,324.45435,155.97911,5309.5273,0.0,129.28049,177.78319,62.391644,0.18717495,93.58746,400.8382873535156,506.849609375,106.01132202148438,383.93951416015625,280.2758483886719,153.5758056640625,128.32440185546875,0.0,106.359375,51.32975769042969,0.1539892852306366,76.99463653564453,435.26927185058594,337.08380648493767,98.18546536564827
50,5,18,10,2026,TERM_LIFE,22,True,88492.12,0.00236,0.054881163,0.9428884,0.9340558,0.7066083,0.7835262,0.82270247,0.0,121.55062,8.302971,60.77531,182.32593,190.6289,115.62422,95.40411,0.0,0.5813284,428.89172,587.5229,415.14856,303.05844,147.56906,4424.606,0.0,127.30747,166.05943,59.027626,0.17708288,88.541435,382.0854187011719,474.1761779785156,92.09075927734375,341.5437316894531,249.32693481445312,136.6175079345703,115.62422180175781,0.0,99.74874114990234,46.249691009521484,0.13874907791614532,69.3745346069336,387.7934226989746,305.8795327693224,81.91388992965221
50,6,18,10,2026,TERM_LIFE,23,True,88492.12,0.00239,0.047236655,0.9504862,0.9428884,0.66625273,0.7462154,0.7835262,0.0,127.62816,7.8287745,63.81408,191.44223,199.27101,105.14913,90.68302,0.0,0.5220265,428.89172,587.5229,391.43872,285.75027,140.9099,3539.6846,0.0,126.493484,156.57549,56.36396,0.16909188,84.54594,367.7840270996094,447.80267333984375,80.01864624023438,306.7024841308594,223.892822265625,122.68099212646484,105.14913177490234,0.0,94.39138793945312,42.059654235839844,0.12617896497249603,63.089481353759766,348.7621383666992,280.28804038465023,68.47409798204899
50,7,18,10,2026,TERM_LIFE,24,True,88492.12,0.00241,0.040656965,0.957031,0.9504862,0.633264,0.7106813,0.7462154,0.0,134.00957,7.4411416,67.00478,201.01434,208.45549,95.980125,86.7882,0.0,0.47255135,428.89172,587.5229,372.0571,271.60168,135.05368,2654.7637,0.0,126.64034,148.82285,54.021473,0.16206442,81.03221,356.657470703125,426.0785827636719,69.42111206054688,277.6347351074219,202.67335510253906,111.05390167236328,95.9801254272461,0.0,90.00092315673828,38.392051696777344,0.11517615616321564,57.588077545166016,316.0267868041992,258.7580785304308,57.268708273768425
50,8,18,10,2026,TERM_LIFE,25,True,88492.12,0.00243,0.034993775,0.96266127,0.957031,0.6060533,0.67683935,0.7106813,0.0,140.71004,7.1214037,70.35502,211.06506,218.18646,88.20787,83.54931,0.0,0.43071076,428.89172,587.5229,356.0702,259.93124,130.3232,1769.8423,0.0,127.6053,142.42809,52.12928,0.15638785,78.19392,348.3836975097656,408.199462890625,59.815765380859375,253.05242919921875,184.72828674316406,101.22097778320312,88.20787048339844,0.0,86.3682861328125,35.28314971923828,0.10584945231676102,52.924720764160156,288.33557891845703,240.61983413249254,47.71574478596449
50,9,18,10,2026,TERM_LIFE,26,True,88492.12,0.00246,0.030119421,0.96749467,0.96266127,0.58342403,0.6446089,0.67683935,0.0,147.74554,6.8554993,73.87277,221.61832,228.47382,81.869156,80.835945,0.0,0.39488435,428.89172,587.5229,342.77496,250.22574,127.005936,884.9214,0.0,129.28229,137.10999,50.802376,0.15240712,76.20356,342.74822998046875,393.57733154296875,50.8291015625,232.0035858154297,169.3626251220703,92.80143737792969,81.86915588378906,0.0,83.33651733398438,32.74766540527344,0.09824299067258835,49.12149429321289,264.7512512207031,225.35769199579954,39.39355922490358
50,10,18,10,2026,TERM_LIFE,27,True,88492.12,0.00249,0.025924027,0.97165054,0.96749467,0.5644596,0.61391324,0.6446089,0.0,155.13281,6.6326585,77.56641,232.69922,239.33188,76.35612,78.546646,0.0,0.3638557,428.89172,587.5229,331.63293,242.09206,124.37607,0.0,6.276001,131.59102,132.65318,49.750427,0.14925128,74.62564,345.29510498046875,381.38336181640625,36.0882568359375,213.77354431152344,156.05470275878906,85.5094223022461,76.35611724853516,3.8529200553894043,80.78546905517578,30.54244613647461,0.091627337038517,45.81366729736328,244.31599044799805,216.05310604721308,28.26288440078497
51,1,30,10,2026,TERM_LIFE,30,True,109880.61,0.00263,0.1,0.89763296,1.0,1.0,0.95238096,1.0,500.0,100.0,14.822175,50.0,650.0,664.8222,275.22476,557.1429,0.0,1.0,541.0094,741.10876,741.10876,541.0094,288.986,9889.255,0.0,598.33997,296.4435,115.5944,0.34678322,173.3916,1068.5218505859375,856.7031860351562,-211.81866455078125,741.1087646484375,541.0093994140625,296.4435119628906,275.2247619628906,0.0,569.8475952148438,110.08990478515625,0.3302697241306305,165.13485717773438,851.1986694335938,1031.7562340795994,-180.55756464600563
51,2,30,10,2026,TERM_LIFE,31,True,109880.61,0.00269,0.0860708,0.9114707,0.89763296,0.89763296,0.90702945,0.95238096,0.0,104.99999,13.3048725,52.499996,157.49998,170.80486,240.65422,117.19613,0.0,0.85488856,541.0094,741.10876,665.24365,485.62787,265.3213,8790.449,0.0,140.12369,266.09747,106.12852,0.31838554,159.19278,565.7322998046875,771.3721923828125,205.639892578125,633.5653686523438,462.50274658203125,253.42616271972656,240.6542205810547,0.0,127.0963134765625,96.26168823242188,0.28878507018089294,144.3925323486328,729.8270568847656,525.2037936151028,204.62326326966286
51,3,30,10,2026,TERM_LIFE,32,True,109880.61,0.00275,0.07408182,0.9233719,0.9114707,0.81816614,0.8638376,0.90702945,0.0,110.25,12.127002,55.125,165.375,177.502,213.56366,108.22213,0.0,0.7421008,541.0094,741.10876,606.3501,442.63556,247.22662,7691.643,0.0,134.46751,242.54004,98.89065,0.29667196,148.33597,525.6401977539062,705.24072265625,179.60052490234375,549.9774169921875,401.4834899902344,219.99095153808594,213.56365966796875,0.0,116.15809631347656,85.42546081542969,0.256276398897171,128.13818359375,635.4028778076172,464.54350784420967,170.85936996340752
51,4,30,10,2026,TERM_LIFE,33,True,109880.61,0.00282,0.063762814,0.933597,0.9233719,0.75547165,0.82270247,0.8638376,0.0,115.7625,11.197733,57.88125,173.64374,184.84148,192.58887,101.042946,0.0,0.6526048,541.0094,741.10876,559.88666,408.71725,234.09297,6592.8374,0.0,130.7385,223.95467,93.63719,0.2809116,140.45578,495.4298400878906,653.5238647460938,158.09402465820312,483.6511535644531,353.0653381347656,193.46046447753906,192.5888671875,0.0,107.55888366699219,77.0355453491211,0.23110666871070862,115.55331420898438,560.6866989135742,416.80376902222633,143.88292989134789
51,5,30,10,2026,TERM_LIFE,34,True,109880.61,0.0029000002,0.054881163,0.942378,0.933597,0.7053061,0.7835262,0.82270247,0.0,121.55062,10.454171,60.77531,182.32593,192.7801,176.0963,95.228294,0.0,0.58025706,541.0094,741.10876,522.70856,381.57724,224.74846,5494.031,0.0,128.50685,209.08342,89.89938,0.26969814,134.84908,472.7090148925781,612.60791015625,139.89889526367188,430.03363037109375,313.9245300292969,172.01344299316406,176.09629821777344,0.0,100.68848419189453,70.43852233886719,0.2113155573606491,105.65778350830078,500.47215270996094,378.57102625072,121.90112645924091
51,6,30,10,2026,TERM_LIFE,35,True,109880.61,0.00301,0.047236655,0.9498955,0.942378,0.6646649,0.7462154,0.7835262,0.0,127.62816,9.85178,63.81408,191.44223,201.294,164.04181,90.4669,0.0,0.52078235,541.0094,741.10876,492.589,359.58997,219.83171,4395.224,0.0,127.47312,197.0356,87.932686,0.26379806,131.89902,456.6715087890625,580.5216674804688,123.85015869140625,385.95635986328125,281.7481384277344,154.38255310058594,164.04180908203125,0.0,95.12240600585938,65.6167221069336,0.19685018062591553,98.42507934570312,451.57308197021484,348.12688863277435,103.44619333744049
51,7,30,10,2026,TERM_LIFE,36,True,109880.61,0.0031400002,0.040656965,0.9563307,0.9498955,0.6313622,0.7106813,0.7462154,0.0,134.00957,9.358161,67.00478,201.01434,210.3725,154.81186,86.52756,0.0,0.4711322,541.0094,741.10876,467.90805,341.57288,217.83583,3296.4187,0.0,127.421135,187.16322,87.13433,0.261403,130.7015,445.54730224609375,555.0423583984375,109.49505615234375,349.1601867675781,254.88694763183594,139.66407775878906,154.81185913085938,0.0,90.55581665039062,61.924739837646484,0.18577422201633453,92.88712310791016,411.0849266052246,323.2927917391062,87.79213486611843
51,8,30,10,2026,TERM_LIFE,37,True,109880.61,0.0033,0.034993775,0.9618217,0.9563307,0.60379106,0.67683935,0.7106813,0.0,140.71004,8.949497,70.35502,211.06506,220.01456,148.18604,83.23744,0.0,0.42910302,541.0094,741.10876,447.47485,326.65665,218.93826,2197.612,0.0,128.19414,178.98994,87.57531,0.26272595,131.36295,438.8097229003906,535.0501708984375,96.24044799804688,318.01202392578125,232.14877319335938,127.2048110961914,148.18603515625,0.0,86.76683807373047,59.2744140625,0.1778232604265213,88.91161346435547,377.28643798828125,303.06108589470387,74.22535209357738
51,9,30,10,2026,TERM_LIFE,38,True,109880.61,0.0035100002,0.030119421,0.9664763,0.9618217,0.5807393,0.6446089,0.67683935,0.0,147.74554,8.60782,73.87277,221.61832,230.22614,144.37956,80.46397,0.0,0.3930672,541.0094,741.10876,430.391,314.18542,223.98009,1098.8064,0.0,129.67436,172.1564,89.59203,0.26877612,134.38806,436.48760986328125,519.9830322265625,83.49542236328125,291.3055725097656,212.65306091308594,116.52222442626953,144.3795623779297,0.0,83.58924865722656,57.75182342529297,0.17325548827648163,86.62773895263672,349.0573959350586,286.9124675244093,62.1449284106493
51,10,30,10,2026,TERM_LIFE,39,True,109880.61,0.0037500001,0.025924027,0.97042316,0.9664763,0.5612708,0.61391324,0.6446089,0.0,155.13281,8.319253,77.56641,232.69922,241.01848,141.9815,78.102905,0.0,0.36180013,541.0094,741.10876,415.96268,303.65277,231.27292,0.0,7.8719025,131.76971,166.38507,92.50917,0.2775275,138.76375,445.0679626464844,508.47186279296875,63.403900146484375,268.13323974609375,195.73728942871094,107.25330352783203,141.98150634765625,4.832664966583252,80.89517211914062,56.7926025390625,0.17037780582904816,85.18890380859375,324.92584228515625,278.3404222279787,46.585420057177544
52,1,33,10,2026,TERM_LIFE,33,True,42517.258,0.00282,0.1,0.89746195,1.0,1.0,0.95238096,1.0,500.0,100.0,10.1108265,50.0,650.0,660.11084,114.18921,557.1429,0.0,1.0,369.04517,505.54132,505.54132,369.04517,119.89867,3826.5535,0.0,594.09973,202.21654,47.95947,0.14387842,71.93919,868.3993530273438,553.5007934570312,-314.8985595703125,505.54132080078125,369.045166015625,202.21653747558594,114.189208984375,0.0,565.8092651367188,45.67568588256836,0.1370270699262619,68.51351928710938,551.2170066833496,836.6763489693403,-285.4593422859907
52,2,33,10,2026,TERM_LIFE,34,True,42517.258,0.0029000002,0.0860708,0.91127884,0.89746195,0.89746195,0.90702945,0.95238096,0.0,104.99999,9.074081,52.499996,157.49998,166.57407,100.36926,117.1738,0.0,0.85472566,369.04517,505.54132,453.7041,331.20398,110.65711,3401.3809,0.0,136.62683,181.48164,44.262844,0.13278854,66.39427,384.6355285644531,497.9669494628906,113.3314208984375,432.0991516113281,315.432373046875,172.83966064453125,100.3692626953125,0.0,123.924560546875,40.147701263427734,0.12044311314821243,60.221561431884766,472.24685287475586,357.1062257364392,115.14062713831663
52,3,33,10,2026,TERM_LIFE,35,True,42517.258,0.00301,0.07408182,0.92313117,0.91127884,0.8178381,0.8638376,0.90702945,0.0,110.25,8.269018,55.125,165.375,173.64401,90.41307,108.178734,0.0,0.7418032,369.04517,505.54132,413.45093,301.81918,104.66443,2976.2083,0.0,131.49213,165.38037,41.865772,0.12559733,62.798656,359.7967529296875,455.31671142578125,95.51995849609375,375.0121765136719,273.7588806152344,150.00486755371094,90.41307067871094,0.0,113.58784484863281,36.16522979736328,0.10849569737911224,54.247840881347656,411.17740631103516,317.9490489810705,93.22835732996464
52,4,33,10,2026,TERM_LIFE,36,True,42517.258,0.0031400002,0.063762814,0.93329746,0.92313117,0.7549718,0.82270247,0.8638376,0.0,115.7625,7.6333885,57.88125,173.64374,181.27713,82.921745,100.9761,0.0,0.65217304,369.04517,505.54132,381.66943,278.61868,100.7919,2551.0356,0.0,128.1326,152.66777,40.31676,0.12095029,60.47514,341.3964538574219,421.9862060546875,80.58975219726562,329.7004089355469,240.68128967285156,131.88015747070312,82.92174530029297,0.0,105.41500854492188,33.168697357177734,0.09950610250234604,49.753047943115234,362.8691062927246,287.1477200612426,75.72138623148203
52,5,33,10,2026,TERM_LIFE,37,True,42517.258,0.0033,0.054881163,0.9419999,0.93329746,0.70461327,0.7835262,0.82270247,0.0,121.55062,7.1242223,60.77531,182.32593,189.45015,77.461075,95.13475,0.0,0.57968706,369.04517,505.54132,356.21112,260.03412,98.86214,2125.863,0.0,126.16305,142.48445,39.544857,0.118634574,59.31728,328.0834045410156,395.7559814453125,67.67257690429688,293.0557556152344,213.9307098388672,117.2223129272461,77.46107482910156,0.0,98.85205078125,30.98443031311035,0.09295329451560974,46.47664260864258,324.0401859283447,262.6439596116543,61.396226316690445
52,6,33,10,2026,TERM_LIFE,38,True,42517.258,0.0035100002,0.047236655,0.94941914,0.9419999,0.66374564,0.7462154,0.7835262,0.0,127.62816,6.7110167,63.81408,191.44223,198.15324,73.91598,90.34179,0.0,0.5200621,369.04517,505.54132,335.55084,244.95212,99.054474,1700.6903,0.0,125.31063,134.22034,39.62179,0.11886538,59.432682,319.08251953125,375.1726379394531,56.090118408203125,262.9128723144531,191.9263916015625,105.16514587402344,73.91597747802734,0.0,93.50872039794922,29.566390991210938,0.08869917690753937,44.34958267211914,292.47926330566406,243.11214812099934,49.367115184664726
52,7,33,10,2026,TERM_LIFE,39,True,42517.258,0.0037500001,0.040656965,0.95574546,0.94941914,0.6301728,0.7106813,0.7462154,0.0,134.00957,6.3715672,67.00478,201.01434,207.38591,71.4054,86.36455,0.0,0.47024465,369.04517,505.54132,318.57837,232.56223,100.47458,1275.5178,0.0,125.375534,127.43135,40.18983,0.12056949,60.284748,313.2121887207031,358.7681884765625,45.555999755859375,237.72808837890625,173.54151916503906,95.09123992919922,71.40540313720703,0.0,89.10205078125,28.562162399291992,0.08568648248910904,42.84324264526367,266.29025077819824,227.122219838202,39.16803093999624
52,8,33,10,2026,TERM_LIFE,40,True,42517.258,0.00403,0.034993775,0.96111727,0.95574546,0.6022848,0.67683935,0.7106813,0.0,140.71004,6.089597,70.35502,211.06506,217.15466,69.84862,83.0298,0.0,0.42803255,369.04517,505.54132,304.47986,222.2703,103.19822,850.34515,0.0,126.21216,121.79195,41.27929,0.12383787,61.91893,310.046875,345.7591552734375,35.7122802734375,216.38815307617188,157.96334838867188,86.55525970458984,69.84861755371094,0.0,85.42535400390625,27.9394474029541,0.08381834626197815,41.9091682434082,244.32760047912598,213.97360029816628,30.3540001809597
52,9,33,10,2026,TERM_LIFE,41,True,42517.258,0.00434,0.030119421,0.9656713,0.96111727,0.5788663,0.6446089,0.67683935,0.0,147.74554,5.8528166,73.87277,221.61832,227.47113,68.85406,80.20445,0.0,0.39179948,369.04517,505.54132,292.64084,213.6278,106.81524,425.1727,0.0,127.70938,117.056335,42.726097,0.1281783,64.08914,308.9830322265625,335.366943359375,26.3839111328125,198.07083129882812,144.59170532226562,79.22833251953125,68.85405731201172,0.0,82.3226089477539,27.541622161865234,0.0826248750090599,41.31243133544922,225.61245346069336,202.94599767774343,22.666455782949924
52,10,33,10,2026,TERM_LIFE,42,True,42517.258,0.00467,0.025924027,0.969527,0.9656713,0.5589946,0.61391324,0.6446089,0.0,155.13281,5.6518974,77.56641,232.69922,238.35112,68.13916,77.78617,0.0,0.3603329,369.04517,505.54132,282.59488,206.29425,110.99151,0.0,5.3479776,129.78294,113.03796,44.396603,0.13318981,66.59491,314.89697265625,326.9914855957031,12.094512939453125,182.16317749023438,132.97911071777344,72.86527252197266,68.13916015625,3.2831943035125732,79.67546844482422,27.25566291809082,0.08176698535680771,40.88349533081055,209.4188404083252,196.7891975864768,12.629642821848392
53,1,42,10,2026,TERM_LIFE,42,True,39930.28,0.00467,0.1,0.89579695,1.0,1.0,0.95238096,1.0,500.0,100.0,12.963773,50.0,650.0,662.96375,177.5947,557.1429,0.0,1.0,473.17773,648.18866,648.18866,473.17773,186.47443,3593.725,0.0,596.66736,259.27548,74.589775,0.22376932,111.88465,968.05126953125,722.7784423828125,-245.2728271484375,648.1886596679688,473.177734375,259.2754821777344,177.59469604492188,0.0,568.254638671875,71.03787994384766,0.21311363577842712,106.55680847167969,719.2265396118164,934.3000429570675,-215.07350334525108
53,2,42,10,2026,TERM_LIFE,43,True,39930.28,0.00503,0.0860708,0.90933216,0.89579695,0.89579695,0.90702945,0.95238096,0.0,104.99999,11.612908,52.499996,157.49998,169.1129,163.19293,116.95642,0.0,0.85313994,473.17773,648.18866,580.64545,423.8712,179.92021,3194.4226,0.0,138.45189,232.25818,71.96809,0.21590427,107.952126,478.87811279296875,652.613525390625,173.73541259765625,552.9956665039062,403.6868591308594,221.19827270507812,163.19293212890625,0.0,125.57994079589844,65.27717590332031,0.1958315223455429,97.91575622558594,618.2728424072266,444.88980124890804,173.38304115831852
53,3,42,10,2026,TERM_LIFE,44,True,39930.28,0.0054200003,0.07408182,0.9208996,0.90933216,0.814577,0.8638376,0.90702945,0.0,110.25,10.559991,55.125,165.375,175.935,152.28807,107.747375,0.0,0.7388453,473.17773,648.18866,527.9996,385.4397,176.29248,2795.1196,0.0,132.69574,211.19983,70.51699,0.21155098,105.77549,449.8825988769531,598.5165405273438,148.63394165039062,478.9111633300781,349.60516357421875,191.56446838378906,152.28807067871094,0.0,114.62757110595703,60.91522979736328,0.18274569511413574,91.37284851074219,539.8263931274414,397.7476336956024,142.078759431839
53,4,42,10,2026,TERM_LIFE,45,True,39930.28,0.0058500003,0.063762814,0.9307602,0.9208996,0.75014365,0.82270247,0.8638376,0.0,115.7625,9.724692,57.88125,173.64374,183.36842,144.16025,100.33033,0.0,0.64800227,473.17773,648.18866,486.23462,354.95126,175.22768,2395.817,0.0,128.78192,194.49385,70.09107,0.21027322,105.136604,428.62261962890625,556.32568359375,127.70306396484375,420.0277404785156,306.6202392578125,168.0111083984375,144.16024780273438,0.0,105.94920349121094,57.66409683227539,0.1729923039674759,86.49614715576172,477.691837310791,360.62945134937763,117.06238596141338
53,5,42,10,2026,TERM_LIFE,46,True,39930.28,0.0063300002,0.054881163,0.9391362,0.9307602,0.69820386,0.7835262,0.82270247,0.0,121.55062,9.051356,60.77531,182.32593,191.37729,138.27441,94.26937,0.0,0.574414,473.17773,648.18866,452.5678,330.3745,176.47708,1996.514,0.0,126.287125,181.02713,70.590836,0.21177252,105.886246,413.4122619628906,523.1586303710938,109.74636840820312,372.3286437988281,271.7999267578125,148.9314727783203,138.2744140625,0.0,98.94927215576172,55.30976867675781,0.16592931747436523,82.96464538574219,427.63841247558594,331.0113196372986,96.62709283828735
53,6,42,10,2026,TERM_LIFE,47,True,39930.28,0.00686,0.047236655,0.9462274,0.9391362,0.65570855,0.7462154,0.7835262,0.0,127.62816,8.500457,63.81408,191.44223,199.94269,134.02986,89.24786,0.0,0.5137648,473.17773,648.18866,425.02286,310.2667,179.61282,1597.2112,0.0,124.91121,170.00914,71.84513,0.2155354,107.76769,402.9035949707031,496.86798095703125,93.96438598632812,333.01654052734375,243.10208129882812,133.2066192626953,134.0298614501953,0.0,93.2106704711914,53.611942291259766,0.16083583235740662,80.41791534423828,386.6284828186035,306.9960409104824,79.63244190812111
53,7,42,10,2026,TERM_LIFE,48,True,39930.28,0.00745,0.040656965,0.95219594,0.9462274,0.62044936,0.7106813,0.7462154,0.0,134.00957,8.043365,67.00478,201.01434,209.05771,131.17162,85.03197,0.0,0.46298888,473.17773,648.18866,402.16824,293.58282,184.57164,1197.9084,0.0,124.43612,160.8673,73.82866,0.22148597,110.74298,396.26788330078125,475.99688720703125,79.72900390625,300.1041259765625,219.07601928710938,120.04165649414062,131.17161560058594,0.0,88.4344253540039,52.46864700317383,0.15740594267845154,78.70296478271484,352.5727729797363,287.3364525735378,65.2363204061985
53,8,42,10,2026,TERM_LIFE,49,True,39930.28,0.0081001,0.034993775,0.9571896,0.95219594,0.5907894,0.67683935,0.7106813,0.0,140.71004,7.6588593,70.35502,211.06506,218.72392,129.3335,81.44506,0.0,0.419863,473.17773,648.18866,382.94296,279.54837,191.08449,798.6056,0.0,124.69788,153.17719,76.4338,0.2293014,114.65069,392.75506591796875,459.37677001953125,66.6217041015625,272.1504211425781,198.6697998046875,108.86016082763672,129.33349609375,0.0,84.40043640136719,51.733402252197266,0.15520021319389343,77.60009765625,323.8838233947754,271.0158950984478,52.86792829632759
53,9,42,10,2026,TERM_LIFE,50,True,39930.28,0.00882,0.030119421,0.96132624,0.9571896,0.56549746,0.6446089,0.67683935,0.0,147.74554,7.330981,73.87277,221.61832,228.9493,128.38017,78.35215,0.0,0.38275093,473.17773,648.18866,366.54904,267.5808,199.15977,399.30292,1.2582695,125.57068,146.61961,79.66391,0.23899174,119.495865,393.18341064453125,446.21295166015625,53.029541015625,248.09481811523438,181.10922241210938,99.23792266845703,128.3801727294922,0.8110917806625366,80.94397735595703,51.35206604003906,0.15405620634555817,77.0280990600586,299.44688415527344,258.17514707148075,41.27173708379269
53,10,42,10,2026,TERM_LIFE,51,True,39930.28,0.0096099,0.025924027,0.96471524,0.96132624,0.54362756,0.61391324,0.6446089,0.0,155.13281,7.0474644,77.56641,232.69922,239.74669,128.06477,75.64778,0.0,0.35042718,473.17773,648.18866,352.37323,257.23245,208.60403,0.0,6.668501,126.95415,140.9493,83.44161,0.25032485,125.16242,399.9847106933594,435.8148498535156,35.83013916015625,227.14292907714844,165.8143310546875,90.85717010498047,128.0647735595703,4.093881130218506,77.93883514404297,51.22591018676758,0.15367773175239563,76.8388671875,278.368839263916,249.88243129849434,28.486407965421677
54,1,50,10,2026,TERM_LIFE,50,True,40950.24,0.00882,0.1,0.892062,1.0,1.0,0.95238096,1.0,500.0,100.0,19.501461,50.0,650.0,669.50146,343.982,557.1429,0.0,1.0,711.80334,975.07306,975.07306,711.80334,361.1811,3685.5215,0.0,602.55133,390.02924,144.47244,0.43341735,216.70865,1209.7227783203125,1119.5455322265625,-90.17724609375,975.0730590820312,711.8033447265625,390.02923583984375,343.98199462890625,0.0,573.8583984375,137.59280395507812,0.41277843713760376,206.38919067382812,1112.6658630371094,1170.6896033883095,-58.023740351200104
54,2,50,10,2026,TERM_LIFE,51,True,40950.24,0.0096099,0.0860708,0.9051465,0.892062,0.892062,0.90702945,0.95238096,0.0,104.99999,17.396513,52.499996,157.49998,174.8965,318.4137,116.46877,0.0,0.84958285,711.80334,975.07306,869.8256,634.9727,351.05112,3276.0193,0.0,142.58989,347.93027,140.42046,0.42126137,210.63066,701.5720825195312,1010.24609375,308.67401123046875,828.4053344726562,604.7359008789062,331.3621520996094,318.4136962890625,0.0,129.33322143554688,127.36548614501953,0.38209646940231323,191.0482177734375,955.7708206176758,652.1256877779961,303.6451328396797
54,3,50,10,2026,TERM_LIFE,52,True,40950.24,0.0104600005,0.07408182,0.91623306,0.9051465,0.8074468,0.8638376,0.90702945,0.0,110.25,15.746391,55.125,165.375,181.1214,298.76804,106.80424,0.0,0.732378,711.80334,975.07306,787.3196,574.74335,345.86136,2866.5166,0.0,135.41173,314.92783,138.34454,0.41503364,207.51682,658.2713623046875,925.6641235351562,267.39276123046875,714.1220703125,521.3091430664062,285.6488037109375,298.7680358886719,0.0,116.97373962402344,119.50721740722656,0.3585216701030731,179.26083374023438,833.6292877197266,582.2418987452984,251.38738897442818
54,4,50,10,2026,TERM_LIFE,53,True,40950.24,0.01139,0.063762814,0.9255735,0.91623306,0.73980945,0.82270247,0.8638376,0.0,115.7625,14.427365,57.88125,173.64374,188.0711,283.88525,98.94816,0.0,0.6390752,711.80334,975.07306,721.3683,526.5988,345.0643,2457.0144,0.0,130.26503,288.54733,138.02573,0.4140772,207.03857,626.2650146484375,859.39404296875,233.1290283203125,623.14501953125,454.8958435058594,249.25804138183594,283.88525390625,0.0,107.16936492919922,113.55410766601562,0.3406623303890228,170.33114624023438,736.6991271972656,527.0992148816586,209.59991231560707
54,5,50,10,2026,TERM_LIFE,54,True,40950.24,0.0124,0.054881163,0.9333994,0.9255735,0.68474805,0.7835262,0.82270247,0.0,121.55062,13.353587,60.77531,182.32593,195.67952,272.43472,92.452614,0.0,0.56334394,711.80334,975.07306,667.6794,487.40594,347.7034,2047.512,0.0,126.63758,267.07175,139.08136,0.4172441,208.62204,602.7485961914062,806.7607421875,204.01214599609375,549.3014526367188,400.9900817871094,219.7205810546875,272.4347229003906,0.0,99.22386169433594,108.97388458251953,0.326921671628952,163.46083068847656,658.2753372192383,482.73219510912895,175.54314211010933
54,6,50,10,2026,TERM_LIFE,55,True,40950.24,0.0135,0.047236655,0.93990105,0.9333994,0.6391434,0.7462154,0.7835262,0.0,127.62816,12.464231,63.81408,191.44223,203.90646,263.66516,86.9932,0.0,0.5007856,711.80334,975.07306,623.21155,454.94443,353.33652,1638.0095,0.0,124.169334,249.28462,141.33461,0.42400384,212.0019,585.8798828125,764.546142578125,178.666259765625,488.30255126953125,356.46087646484375,195.32102966308594,263.6651611328125,0.0,92.65706634521484,105.466064453125,0.3163982033729553,158.19908142089844,593.7686157226562,446.4935756325722,147.27504009008408
54,7,50,10,2026,TERM_LIFE,56,True,40950.24,0.01471,0.040656965,0.9452311,0.93990105,0.60073155,0.7106813,0.7462154,0.0,134.00957,11.715142,67.00478,201.01434,212.72949,257.17245,82.32965,0.0,0.44827515,711.80334,975.07306,585.75714,427.60272,361.86746,1228.5072,0.0,122.597626,234.30286,144.747,0.434241,217.12047,574.4552001953125,730.504150390625,156.0489501953125,437.10101318359375,319.083740234375,174.84039306640625,257.1724548339844,0.0,87.12784576416016,102.86898803710938,0.30860695242881775,154.303466796875,539.9700012207031,416.5803125798702,123.3896886408329
54,8,50,10,2026,TERM_LIFE,57,True,40950.24,0.01604,0.034993775,0.9495275,0.9452311,0.56783015,0.67683935,0.7106813,0.0,140.71004,11.073518,70.35502,211.06506,222.13858,252.44385,78.279945,0.0,0.40354627,711.80334,975.07306,553.6759,404.1834,372.97455,819.00476,0.0,121.72298,221.47037,149.18982,0.44756946,223.78473,567.4255981445312,702.86572265625,135.44012451171875,393.48712158203125,287.24560546875,157.3948516845703,252.44384765625,0.0,82.38690185546875,100.9775390625,0.30293262004852295,151.46630859375,494.46466064453125,391.5509947538376,102.91366589069366
54,9,50,10,2026,TERM_LIFE,58,True,40950.24,0.0175,0.030119421,0.9529077,0.9495275,0.5391703,0.6446089,0.67683935,0.0,147.74554,10.514609,73.87277,221.61832,232.13292,249.06732,74.7044,0.0,0.3649317,711.80334,975.07306,525.73047,383.78323,386.38516,409.5025,4.909214,121.38945,210.29219,154.55406,0.46366218,231.8311,568.8856201171875,680.2845458984375,111.39892578125,355.8350830078125,259.75958251953125,142.3340301513672,249.06732177734375,3.164523124694824,78.24871826171875,99.62692260742188,0.29888078570365906,149.44039916992188,455.4620056152344,373.4865514934063,81.97545412182808
54,10,50,10,2026,TERM_LIFE,59,True,40950.24,0.019089999,0.025924027,0.9554809,0.9529077,0.5137795,0.61391324,0.6446089,0.0,155.13281,10.019451,77.56641,232.69922,242.71867,246.57333,71.494316,0.0,0.33118686,711.80334,975.07306,500.97256,365.71,401.642,0.0,9.480676,121.471054,200.38902,160.6568,0.4819704,240.9852,572.8079833984375,661.62939453125,88.8214111328125,322.931396484375,235.7399139404297,129.17254638671875,246.57333374023438,5.8203125,74.57268524169922,98.62933349609375,0.2958880066871643,147.94400024414062,421.56072998046875,357.80543237924576,63.75529760122299
55,1,41,10,2026,TERM_LIFE,41,True,51750.316,0.00434,0.1,0.89609396,1.0,1.0,0.95238096,1.0,500.0,100.0,14.263019,50.0,650.0,664.263,213.9013,557.1429,0.0,1.0,520.6002,713.15094,713.15094,520.6002,224.59637,4657.5283,0.0,597.8367,285.26038,89.838554,0.26951566,134.75781,1018.1243896484375,802.989501953125,-215.1348876953125,713.1509399414062,520.6002197265625,285.2603759765625,213.90130615234375,0.0,569.3682861328125,85.56053161621094,0.2566815912723541,128.3407745361328,798.7114715576172,983.2261182367802,-184.51464667916298
55,2,41,10,2026,TERM_LIFE,42,True,51750.316,0.00467,0.0860708,0.9096612,0.89609396,0.89609396,0.90702945,0.95238096,0.0,104.99999,12.781004,52.499996,157.49998,170.28099,196.42865,116.995186,0.0,0.8534228,520.6002,713.15094,639.05023,466.5067,216.56259,4140.0254,0.0,139.45442,255.6201,86.62504,0.25987512,129.93756,525.27197265625,725.67529296875,200.4033203125,608.6192626953125,444.2921142578125,243.44772338867188,196.42864990234375,0.0,126.48926544189453,78.57145690917969,0.235714390873909,117.85719299316406,687.1907196044922,488.0298962146044,199.1608233898878
55,3,41,10,2026,TERM_LIFE,43,True,51750.316,0.00503,0.07408182,0.92126083,0.9096612,0.8151419,0.8638376,0.90702945,0.0,110.25,11.626384,55.125,165.375,177.00139,183.2932,107.822105,0.0,0.7393577,520.6002,713.15094,581.3192,424.36307,212.18478,3622.5222,0.0,133.59264,232.5277,84.87392,0.25462174,127.31087,493.6858215332031,666.193115234375,172.50729370117188,527.2736206054688,384.9097900390625,210.9094696044922,183.29319763183594,0.0,115.40234375,73.3172836303711,0.2199518382549286,109.97591400146484,600.5909042358398,436.50767919421196,164.08322504162788
55,4,41,10,2026,TERM_LIFE,44,True,51750.316,0.0054200003,0.063762814,0.9311628,0.92126083,0.7509583,0.82270247,0.8638376,0.0,115.7625,10.710933,57.88125,173.64374,184.35468,173.28899,100.43929,0.0,0.648706,520.6002,713.15094,535.54663,390.94907,210.63385,3105.0193,0.0,129.61519,214.21866,84.25354,0.25276062,126.38031,470.4669189453125,619.8001708984375,149.333251953125,462.62530517578125,337.71649169921875,185.0501251220703,173.2889862060547,0.0,106.63473510742188,69.31559753417969,0.2079467922449112,103.97339630126953,531.9409027099609,395.86620332300663,136.0746993869543
55,5,41,10,2026,TERM_LIFE,45,True,51750.316,0.0058500003,0.054881163,0.93958986,0.9311628,0.6992644,0.7835262,0.82270247,0.0,121.55062,9.973621,60.77531,182.32593,192.29955,165.86847,94.41256,0.0,0.57528657,520.6002,713.15094,498.68106,364.0372,211.69487,2587.5159,0.0,127.088455,199.47243,84.67795,0.25403386,127.01692,453.83184814453125,583.3590087890625,129.52716064453125,410.2661437988281,299.4942932128906,164.10646057128906,165.86846923828125,0.0,99.57713317871094,66.3473892211914,0.1990421861410141,99.52108764648438,476.61353302001953,363.4037235826254,113.20980943739414
55,6,41,10,2026,TERM_LIFE,46,True,51750.316,0.0063300002,0.047236655,0.94673234,0.93958986,0.65702176,0.7462154,0.7835262,0.0,127.62816,9.371114,63.81408,191.44223,200.81334,160.60562,89.4266,0.0,0.51479375,520.6002,713.15094,468.5557,342.0457,215.22688,2070.0125,0.0,125.70638,187.42229,86.09075,0.25827226,129.13614,442.5231018066406,554.6464233398438,112.12332153320312,367.1256408691406,268.0017395019531,146.8502655029297,160.60562133789062,0.0,93.80403900146484,64.24224853515625,0.1927267462015152,96.36337280273438,431.3678894042969,337.2104040533304,94.15748535096645
55,7,41,10,2026,TERM_LIFE,47,True,51750.316,0.00686,0.040656965,0.9527619,0.94673234,0.62202376,0.7106813,0.7462154,0.0,134.00957,8.871937,67.00478,201.01434,209.88628,156.93471,85.247734,0.0,0.46416372,520.6002,713.15094,443.59683,323.8257,220.82289,1552.5096,0.0,125.246315,177.43874,88.329155,0.26498747,132.49374,435.4437561035156,531.9259643554688,96.48220825195312,331.018798828125,241.64373779296875,132.4075164794922,156.93470764160156,0.0,89.01021575927734,62.77388000488281,0.18832165002822876,94.16082763671875,393.7926788330078,315.7668815255165,78.0257973074913
55,8,41,10,2026,TERM_LIFE,48,True,51750.316,0.00745,0.034993775,0.95781696,0.9527619,0.5926405,0.67683935,0.7106813,0.0,140.71004,8.452843,70.35502,211.06506,219.51791,154.64867,81.70026,0.0,0.42117855,520.6002,713.15094,422.64215,308.52878,228.48653,1035.0062,0.0,125.54269,169.05687,91.394615,0.27418387,137.09192,431.96563720703125,514.0367431640625,82.07110595703125,300.3638916015625,219.26564025878906,120.14556121826172,154.64866638183594,0.0,84.97222900390625,61.85947036743164,0.18557843565940857,92.7892074584961,362.22336196899414,298.09257611632347,64.13078585267067
55,9,41,10,2026,TERM_LIFE,49,True,51750.316,0.0081001,0.030119421,0.96202445,0.95781696,0.56764114,0.6446089,0.67683935,0.0,147.74554,8.096276,73.87277,221.61832,229.7146,153.3817,78.64916,0.0,0.38420185,520.6002,713.15094,404.8138,295.5141,237.94536,517.5033,0.052948177,126.468025,161.92552,95.17815,0.28553444,142.76721,431.49920654296875,499.991943359375,68.49273681640625,273.9939270019531,200.01556396484375,109.59756469726562,153.38169860839844,0.03413086757063866,81.52241516113281,61.35268020629883,0.1840580403804779,92.02901458740234,335.34660720825195,283.3671833537519,51.979423854500055
55,10,41,10,2026,TERM_LIFE,50,True,51750.316,0.00882,0.025924027,0.9654846,0.96202445,0.54608464,0.61391324,0.6446089,0.0,155.13281,7.788815,77.56641,232.69922,240.48804,153.02013,75.9897,0.0,0.35201102,520.6002,713.15094,389.44077,284.29178,249.25366,0.0,7.369988,127.92231,155.7763,99.70147,0.29910442,149.55219,440.9198913574219,489.1422424316406,48.22235107421875,251.0369873046875,183.25701904296875,100.414794921875,153.02012634277344,4.524533271789551,78.533203125,61.20805358886719,0.18362416326999664,91.81206512451172,312.2450408935547,275.46822060644627,36.77682028710842
56,1,45,10,2026,TERM_LIFE,45,True,147008.72,0.0058500003,0.1,0.894735,1.0,1.0,0.95238096,1.0,500.0,100.0,37.253563,50.0,650.0,687.25354,819.0486,557.1429,0.0,1.0,1359.7551,1862.6782,1862.6782,1359.7551,860.00104,13230.784,0.0,618.5282,745.0713,344.00043,1.0320013,516.0006,1880.632080078125,2206.6787109375,326.046630859375,1862.67822265625,1359.755126953125,745.0712890625,819.048583984375,0.0,589.074462890625,327.61944580078125,0.9828583598136902,491.4291687011719,2190.2976684570312,1826.5577790141106,363.7398894429207
56,2,45,10,2026,TERM_LIFE,46,True,147008.72,0.0063300002,0.0860708,0.90814406,0.894735,0.894735,0.90702945,0.95238096,0.0,104.99999,33.332066,52.499996,157.49998,190.83205,755.2011,116.81777,0.0,0.85212857,1359.7551,1862.6782,1666.6034,1216.6205,832.60925,11760.698,0.0,156.04803,666.64136,333.0437,0.99913114,499.56555,1323.2540283203125,1999.6470947265625,676.39306640625,1587.2413330078125,1158.6861572265625,634.8965454101562,755.2011108398438,0.0,141.5401611328125,302.0804443359375,0.9062413573265076,453.12066650390625,1889.32177734375,1230.4636144042015,658.8581629395485
56,3,45,10,2026,TERM_LIFE,47,True,147008.72,0.00686,0.07408182,0.91956633,0.90814406,0.8125483,0.8638376,0.90702945,0.0,110.25,30.270319,55.125,165.375,195.64532,707.8618,107.47903,0.0,0.73700523,1359.7551,1862.6782,1513.516,1104.8667,819.43854,10290.61,0.0,147.19438,605.40643,327.77542,0.98332626,491.66312,1245.2471923828125,1841.2913818359375,596.044189453125,1372.8035888671875,1002.1466064453125,549.1214599609375,707.86181640625,0.0,127.15203857421875,283.1447448730469,0.8494341969490051,424.7170715332031,1655.9483337402344,1101.8400042653084,554.108329474926
56,4,45,10,2026,TERM_LIFE,48,True,147008.72,0.00745,0.063762814,0.9292623,0.91956633,0.747192,0.82270247,0.8638376,0.0,115.7625,27.835566,57.88125,173.64374,201.47931,673.24695,99.93556,0.0,0.64545256,1359.7551,1862.6782,1391.7783,1015.99817,818.3359,8820.523,0.0,140.94464,556.71136,327.33435,0.98200303,491.00153,1189.6395263671875,1719.1126708984375,529.47314453125,1202.2703857421875,877.6574096679688,480.908203125,673.2469482421875,0.0,115.95550537109375,269.29876708984375,0.8078963160514832,403.94818115234375,1471.5691528320312,1001.619785964489,469.94936686754227
56,5,45,10,2026,TERM_LIFE,49,True,147008.72,0.0081001,0.054881163,0.9374633,0.9292623,0.69433737,0.7835262,0.82270247,0.0,121.55062,25.866543,60.77531,182.32593,208.19247,647.82477,93.74733,0.0,0.5712331,1359.7551,1862.6782,1293.3271,944.1288,826.80676,7350.436,0.0,136.62242,517.3309,330.72272,0.9921682,496.08405,1151.029541015625,1624.0498046875,473.020263671875,1064.0234375,776.737060546875,425.609375,647.8247680664062,0.0,107.0472412109375,259.1299133300781,0.7773897647857666,388.69482421875,1323.1533508300781,922.1288301944733,401.02452063560486
56,6,45,10,2026,TERM_LIFE,50,True,147008.72,0.00882,0.047236655,0.94435996,0.9374633,0.6509158,0.7462154,0.7835262,0.0,127.62816,24.248932,63.81408,191.44223,215.69116,629.7972,88.59553,0.0,0.5100096,1359.7551,1862.6782,1212.4467,885.0861,843.98846,5880.3486,0.0,133.76491,484.97867,337.5954,1.0127863,506.39307,1126.1494140625,1550.0419921875,423.892578125,949.9837036132812,693.4881591796875,379.99346923828125,629.7971801757812,0.0,99.81743621826172,251.91888427734375,0.7557567358016968,377.8782958984375,1201.902587890625,858.4449580907822,343.45762979984283
56,7,45,10,2026,TERM_LIFE,51,True,147008.72,0.0096099,0.040656965,0.95012385,0.94435996,0.6146988,0.7106813,0.7462154,0.0,134.00957,22.899721,67.00478,201.01434,223.91406,617.1621,84.24386,0.0,0.45869774,1359.7551,1862.6782,1144.9861,835.8399,868.4091,4410.2617,0.0,132.0437,457.99445,347.36365,1.042091,521.0455,1112.125732421875,1492.3497314453125,380.2239990234375,854.40625,623.7166137695312,341.76251220703125,617.162109375,0.0,93.84098815917969,246.86485290527344,0.7405946254730225,370.2972717285156,1101.2711029052734,806.6413667201996,294.62973618507385
56,8,45,10,2026,TERM_LIFE,52,True,147008.72,0.0104600005,0.034993775,0.95491225,0.95012385,0.58404,0.67683935,0.7106813,0.0,140.71004,21.75757,70.35502,211.06506,232.82263,607.85913,80.514595,0.0,0.4150663,1359.7551,1862.6782,1087.8785,794.15137,898.08484,2940.1743,0.0,131.21935,435.15143,359.23395,1.0777019,538.8509,1106.2994384765625,1447.112548828125,340.8131103515625,773.1349487304688,564.3885498046875,309.2539978027344,607.859130859375,0.0,88.81441497802734,243.1436767578125,0.7294310927391052,364.7154846191406,1016.2786254882812,763.5133284926414,252.7652969956398
56,9,45,10,2026,TERM_LIFE,53,True,147008.72,0.01139,0.030119421,0.9588337,0.95491225,0.55770695,0.6446089,0.67683935,0.0,147.74554,20.776571,73.87277,221.61832,242.39488,601.96216,77.27274,0.0,0.377478,1359.7551,1862.6782,1038.8286,758.3449,933.8409,1470.0875,0.0,131.11362,415.53146,373.53635,1.120609,560.30457,1108.0703125,1412.364990234375,304.294677734375,703.1200561523438,513.2776489257812,281.248046875,601.962158203125,0.0,84.51700592041016,240.7848663330078,0.7223545908927917,361.17730712890625,943.9049224853516,727.6647145152092,216.24020797014236
56,10,45,10,2026,TERM_LIFE,54,True,147008.72,0.0124,0.025924027,0.96199745,0.9588337,0.5347482,0.61391324,0.6446089,0.0,155.13281,19.921276,77.56641,232.69922,252.6205,598.44073,74.412186,0.0,0.34470347,1359.7551,1862.6782,996.06384,727.1266,974.7969,0.0,18.85005,131.58632,398.42554,389.91876,1.1697563,584.8781,1134.9097900390625,1385.982666015625,251.0728759765625,642.0716552734375,468.7122802734375,256.8286437988281,598.4407348632812,11.572295188903809,80.78258514404297,239.3762969970703,0.7181288599967957,359.0644226074219,881.4479522705078,708.9660755991936,172.48187667131424
57,1,24,10,2026,TERM_LIFE,24,True,86999.74,0.00241,0.1,0.89783096,1.0,1.0,0.95238096,1.0,500.0,100.0,12.13665,50.0,650.0,662.13666,199.68512,557.1429,0.0,1.0,442.98773,606.8325,606.8325,442.98773,209.66937,7829.977,0.0,595.923,242.73302,83.86775,0.25160328,125.80162,964.709228515625,690.7002563476562,-274.00897216796875,606.83251953125,442.98773193359375,242.73301696777344,199.68511962890625,0.0,567.5457153320312,79.8740463256836,0.23962216079235077,119.81106567382812,686.7065658569336,930.3294201344252,-243.62285427749157
57,2,24,10,2026,TERM_LIFE,25,True,86999.74,0.00243,0.0860708,0.91170835,0.89783096,0.89783096,0.90702945,0.95238096,0.0,104.99999,10.89666,52.499996,157.49998,168.39664,172.16316,117.22197,0.0,0.8550771,442.98773,606.8325,544.833,397.7281,189.80989,6959.98,0.0,138.17853,217.93321,75.92396,0.22777188,113.88593,470.2254638671875,620.7569580078125,150.531494140625,518.8886108398438,378.7886657714844,207.55543518066406,172.1631622314453,0.0,125.33199310302734,68.86526489257812,0.20659580826759338,103.29789733886719,587.7538757324219,436.3919214308262,151.3619543015957
57,3,24,10,2026,TERM_LIFE,26,True,86999.74,0.00246,0.07408182,0.92364043,0.91170835,0.81856,0.8638376,0.90702945,0.0,110.25,9.934576,55.125,165.375,175.30957,151.33372,108.274216,0.0,0.74245805,442.98773,606.8325,496.72882,362.61203,175.1877,6089.982,0.0,132.87054,198.69153,70.07508,0.21022524,105.11262,436.8849182128906,566.8038940429688,129.91897583007812,450.54766845703125,328.8997802734375,180.2190704345703,151.33372497558594,0.0,114.77857208251953,60.53348922729492,0.18160046637058258,90.80023193359375,511.0811576843262,385.9794749170542,125.101682767272
57,4,24,10,2026,TERM_LIFE,27,True,86999.74,0.00249,0.063762814,0.933906,0.92364043,0.7560551,0.82270247,0.8638376,0.0,115.7625,9.175977,57.88125,173.64374,182.81972,134.74529,101.12098,0.0,0.65310884,442.98773,606.8325,458.79883,334.92313,163.78374,5219.985,0.0,129.40837,183.51953,65.5135,0.1965405,98.27024,411.3946838378906,524.3123168945312,112.91763305664062,396.3276672363281,289.3191833496094,158.53106689453125,134.7452850341797,0.0,106.46458435058594,53.89811325073242,0.16169436275959015,80.84716796875,450.22578048706055,346.0045135766268,104.22126691043377
57,5,24,10,2026,TERM_LIFE,28,True,86999.74,0.0025300002,0.054881163,0.9427277,0.933906,0.70608443,0.7835262,0.82270247,0.0,121.55062,8.5695,60.77531,182.32593,190.89543,121.77234,95.33339,0.0,0.5808974,442.98773,606.8325,428.475,312.78674,155.41579,4349.9873,0.0,127.39096,171.39,62.166317,0.18649895,93.249466,392.2169189453125,490.6413269042969,98.42440795898438,352.5074462890625,257.3304138183594,141.0029754638672,121.7723388671875,0.0,99.81415557861328,48.70893859863281,0.14612680673599243,73.06340026855469,401.2163848876953,314.02665811777115,87.18972676992416
57,6,24,10,2026,TERM_LIFE,29,True,86999.74,0.00258,0.047236655,0.9503052,0.9427277,0.66564536,0.7462154,0.7835262,0.0,127.62816,8.078705,63.81408,191.44223,199.52094,111.49229,90.60036,0.0,0.5215506,442.98773,606.8325,403.93524,294.87274,149.41032,3479.9897,0.0,126.536674,161.5741,59.76413,0.1792924,89.646194,377.9362487792969,463.6993713378906,85.76312255859375,316.49383544921875,231.04051208496094,126.5975341796875,111.4922866821289,0.0,94.42361450195312,44.5969123840332,0.1337907463312149,66.89537048339844,361.09074783325195,288.0503099113703,73.04043792188168
57,7,24,10,2026,TERM_LIFE,30,True,86999.74,0.00263,0.040656965,0.95681995,0.9503052,0.6325663,0.7106813,0.7462154,0.0,134.00957,7.6772356,67.00478,201.01434,208.69157,102.86192,86.69257,0.0,0.4720307,442.98773,606.8325,383.8618,280.2191,144.73706,2609.9924,0.0,126.64407,153.54472,57.894825,0.17368448,86.84224,367.2047119140625,441.7566223144531,74.55191040039062,286.4435729980469,209.1038055419922,114.57743835449219,102.86192321777344,0.0,90.00357818603516,41.144771575927734,0.12343431264162064,61.71715545654297,327.5883445739746,266.42160630971193,61.166738264262676
57,8,24,10,2026,TERM_LIFE,31,True,86999.74,0.00269,0.034993775,0.96241033,0.95681995,0.605252,0.67683935,0.7106813,0.0,140.71004,7.345732,70.35502,211.06506,218.4108,95.87207,83.43885,0.0,0.4301413,442.98773,606.8325,367.28662,268.11923,141.64671,1739.9949,0.0,127.56763,146.91466,56.658688,0.16997606,84.98802,359.6402893066406,423.9453125,64.30502319335938,261.02374267578125,190.54733276367188,104.40950012207031,95.8720703125,0.0,86.34278869628906,38.34883117675781,0.11504648625850677,57.52323913574219,299.37257385253906,248.39057444036007,50.98199941217899
57,9,24,10,2026,TERM_LIFE,32,True,86999.74,0.00275,0.030119421,0.96721345,0.96241033,0.5825008,0.6446089,0.67683935,0.0,147.74554,7.0696087,73.87277,221.61832,228.68793,89.83458,80.70803,0.0,0.39425948,442.98773,606.8325,353.48044,258.0407,139.36292,869.9977,0.0,129.19867,141.39218,55.745167,0.16723551,83.61775,354.3758544921875,409.2256164550781,54.849761962890625,239.2494659423828,174.652099609375,95.69979095458984,89.83457946777344,0.0,83.2826156616211,35.93383026123047,0.10780149698257446,53.90074920654297,275.1832962036133,232.99095731973648,42.1923388838768
57,10,24,10,2026,TERM_LIFE,33,True,86999.74,0.00282,0.025924027,0.9713291,0.96721345,0.56340265,0.61391324,0.6446089,0.0,155.13281,6.837821,77.56641,232.69922,239.53703,84.85804,78.39957,0.0,0.36317438,442.98773,606.8325,341.89105,249.58046,138.22481,0.0,6.4701304,131.45721,136.75642,55.289925,0.16586977,82.93488,357.7845153808594,397.18096923828125,39.396453857421875,220.38601684570312,160.8817901611328,88.15441131591797,84.85803985595703,3.9720988273620605,80.70332336425781,33.94321823120117,0.1018296480178833,50.91482162475586,254.3292350769043,223.84648478031158,30.482750296592712
58,1,34,10,2026,TERM_LIFE,34,True,50736.73,0.0029000002,0.1,0.89738995,1.0,1.0,0.95238096,1.0,500.0,100.0,11.085428,50.0,650.0,661.08545,140.13004,557.1429,0.0,1.0,404.61813,554.2714,554.2714,404.61813,147.13654,4566.3057,0.0,594.97687,221.70857,58.854614,0.17656386,88.28192,905.1439208984375,613.1260375976562,-292.01788330078125,554.2714233398438,404.6181335449219,221.7085723876953,140.13003540039062,0.0,566.6446533203125,56.0520133972168,0.16815605759620667,84.07801818847656,610.3234367370605,872.5993999540806,-262.27596321702003
58,2,34,10,2026,TERM_LIFE,35,True,50736.73,0.00301,0.0860708,0.9111783,0.89738995,0.89738995,0.90702945,0.95238096,0.0,104.99999,9.947952,52.499996,157.49998,167.44794,124.30584,117.1644,0.0,0.8546571,404.61813,554.2714,497.3976,363.10025,137.0472,4058.9387,0.0,137.33258,198.95905,54.81888,0.16445664,82.22832,418.6844177246094,552.2164916992188,133.53207397460938,473.7120056152344,345.80975341796875,189.48480224609375,124.30583953857422,0.0,124.564697265625,49.72233581542969,0.1491670161485672,74.58350372314453,523.4343414306641,388.78217025101185,134.6521711796522
58,3,34,10,2026,TERM_LIFE,36,True,50736.73,0.0031400002,0.07408182,0.9230108,0.9111783,0.81768227,0.8638376,0.90702945,0.0,110.25,9.064359,55.125,165.375,174.43936,112.530136,108.15812,0.0,0.7416619,404.61813,554.2714,453.21793,330.84906,130.2677,3551.5713,0.0,132.06923,181.28717,52.107082,0.15632126,78.160614,391.67333984375,505.32501220703125,113.65167236328125,411.0820007324219,300.08984375,164.43280029296875,112.53013610839844,0.0,114.08636474609375,45.01205825805664,0.1350361853837967,67.51807403564453,456.0940589904785,346.1722752600908,109.92178373038769
58,4,34,10,2026,TERM_LIFE,37,True,50736.73,0.0033,0.063762814,0.9331476,0.9230108,0.75472957,0.82270247,0.8638376,0.0,115.7625,8.366501,57.88125,173.64374,182.01024,103.96104,100.943695,0.0,0.6519638,404.61813,554.2714,418.32504,305.37726,126.36529,3044.204,0.0,128.60951,167.33002,50.546116,0.15163836,75.81917,371.91033935546875,468.87115478515625,96.9608154296875,361.3648986816406,263.7963562011719,144.54595947265625,103.9610366821289,0.0,105.80736541748047,41.584415435791016,0.12475325167179108,62.376617431640625,402.94931411743164,312.85469557344913,90.0946185439825
58,5,34,10,2026,TERM_LIFE,38,True,50736.73,0.0035100002,0.054881163,0.9418015,0.9331476,0.7042741,0.7835262,0.82270247,0.0,121.55062,7.80718,60.77531,182.32593,190.1331,98.27088,95.08895,0.0,0.57940805,404.61813,554.2714,390.359,284.96207,125.42131,2536.8367,0.0,126.55691,156.1436,50.168526,0.15050559,75.252785,358.10382080078125,440.52752685546875,82.4237060546875,321.1493225097656,234.43899536132812,128.45973205566406,98.27088165283203,0.0,99.16065216064453,39.308353424072266,0.11792507022619247,58.962528228759766,360.4576759338379,286.70083751529455,73.75683841854334
58,6,34,10,2026,TERM_LIFE,39,True,50736.73,0.0037500001,0.047236655,0.94919044,0.9418015,0.6632864,0.7462154,0.7835262,0.0,127.62816,7.3528137,63.81408,191.44223,198.79504,94.1714,90.27928,0.0,0.51970226,404.61813,554.2714,367.6407,268.3777,126.198685,2029.4692,0.0,125.62952,147.05627,50.479473,0.15143842,75.71921,348.5564270019531,418.1201477050781,69.563720703125,288.05609130859375,210.28094482421875,115.22244262695312,94.17140197753906,0.0,93.7466812133789,37.66856002807617,0.11300567537546158,56.502838134765625,325.7246513366699,265.5849676504731,60.139683686196804
58,7,34,10,2026,TERM_LIFE,40,True,50736.73,0.00403,0.040656965,0.9554769,0.94919044,0.6295851,0.7106813,0.7462154,0.0,134.00957,6.9792204,67.00478,201.01434,207.99356,91.48647,86.284004,0.0,0.46980608,404.61813,554.2714,348.96103,254.74155,128.73065,1522.102,0.0,125.625626,139.58441,51.49226,0.15447678,77.23839,342.6029052734375,400.4532775878906,57.850372314453125,260.40008544921875,190.09207153320312,104.1600341796875,91.4864730834961,0.0,89.27978515625,36.59458541870117,0.10978376120328903,54.89188003540039,296.9946708679199,248.44148313254118,48.55318773537874
58,8,34,10,2026,TERM_LIFE,41,True,50736.73,0.00434,0.034993775,0.9608181,0.9554769,0.601554,0.67683935,0.7106813,0.0,140.71004,6.6684833,70.35502,211.06506,217.73355,89.65457,82.92905,0.0,0.42751318,404.61813,554.2714,333.42416,243.39964,132.46063,1014.7346,0.0,126.39506,133.36967,52.984253,0.15895276,79.47638,339.4000549316406,386.4084167480469,47.00836181640625,236.9583282470703,172.97958374023438,94.78333282470703,89.65457153320312,0.0,85.54914855957031,35.8618278503418,0.10758548229932785,53.79273986816406,272.8201560974121,234.23280673474073,38.587349362671375
58,9,34,10,2026,TERM_LIFE,42,True,50736.73,0.00467,0.030119421,0.9653512,0.9608181,0.577984,0.6446089,0.67683935,0.0,147.74554,6.4072003,73.87277,221.61832,228.02551,88.277794,80.0822,0.0,0.3912023,404.61813,554.2714,320.36002,233.8628,136.94783,507.36746,0.0,127.8255,128.14401,54.779133,0.1643374,82.1687,338.30255126953125,375.13916015625,36.83660888671875,216.83226013183594,158.28753662109375,86.73291015625,88.27779388427734,0.0,82.3974609375,35.311119079589844,0.10593335330486298,52.966678619384766,252.14337921142578,222.20298306643963,29.940396144986153
58,10,34,10,2026,TERM_LIFE,43,True,50736.73,0.00503,0.025924027,0.9691764,0.9653512,0.55795753,0.61391324,0.6446089,0.0,155.13281,6.1851983,77.56641,232.69922,238.88441,87.41754,77.64185,0.0,0.3596644,404.61813,554.2714,309.25992,225.75974,142.39397,0.0,5.8526015,129.83202,123.70397,56.95759,0.17087276,85.43638,344.995849609375,366.2174987792969,21.221649169921875,199.35169982910156,145.5267333984375,79.74068450927734,87.41754150390625,3.592989444732666,79.70559692382812,34.967018127441406,0.10490105301141739,52.450523376464844,234.31871795654297,215.5946953073144,18.724022649228573
59,1,43,10,2026,TERM_LIFE,43,True,34720.367,0.00503,0.1,0.895473,1.0,1.0,0.95238096,1.0,500.0,100.0,12.583284,50.0,650.0,662.5833,166.32709,557.1429,0.0,1.0,459.28992,629.16425,629.16425,459.28992,174.64345,3124.833,0.0,596.32495,251.6657,69.85738,0.20957215,104.786064,952.986328125,699.0216064453125,-253.9647216796875,629.1642456054688,459.2899169921875,251.6656951904297,166.32708740234375,0.0,567.9285278320312,66.53084564208984,0.19959253072738647,99.79624938964844,695.6950912475586,919.5900649428368,-223.89497369527817
59,2,43,10,2026,TERM_LIFE,44,True,34720.367,0.0054200003,0.0860708,0.9089757,0.895473,0.895473,0.90702945,0.95238096,0.0,104.99999,11.267992,52.499996,157.49998,168.76797,152.8472,116.91412,0.0,0.8528314,459.28992,629.16425,563.3996,411.2817,168.51404,2777.6296,0.0,138.11954,225.35985,67.40562,0.20221686,101.10842,464.7900390625,630.8052368164062,166.01519775390625,536.571044921875,391.6968688964844,214.62843322753906,152.84719848632812,0.0,125.27848815917969,61.138877868652344,0.18341664969921112,91.70831298828125,597.7099227905273,431.7986510246992,165.91127176582813
59,3,43,10,2026,TERM_LIFE,45,True,34720.367,0.0058500003,0.07408182,0.92050153,0.9089757,0.81396323,0.8638376,0.90702945,0.0,110.25,10.2423315,55.125,165.375,175.61732,142.81607,107.66619,0.0,0.73828864,459.28992,629.16425,512.1166,373.8451,165.32745,2430.4258,0.0,132.35634,204.84663,66.13098,0.19839294,99.19647,436.59783935546875,578.24755859375,141.64971923828125,464.50482177734375,339.0885009765625,185.8019256591797,142.81607055664062,0.0,114.33438110351562,57.126426696777344,0.17137928307056427,85.68964385986328,521.6312484741211,385.99732990562916,135.63391856849194
59,4,43,10,2026,TERM_LIFE,46,True,34720.367,0.0063300002,0.063762814,0.93031085,0.92050153,0.7492544,0.82270247,0.8638376,0.0,115.7625,9.4280815,57.88125,173.64374,183.07182,135.47531,100.2114,0.0,0.64723414,459.28992,629.16425,471.40408,344.125,164.67108,2083.2222,0.0,128.42119,188.56163,65.86843,0.1976053,98.80265,415.9830627441406,537.2725219726562,121.28945922851562,407.2165832519531,297.26812744140625,162.88662719726562,135.47531127929688,0.0,105.65242767333984,54.190120697021484,0.16257037222385406,81.28518676757812,461.4067039489746,349.98681201040745,111.41989193856716
59,5,43,10,2026,TERM_LIFE,47,True,34720.367,0.00686,0.054881163,0.9386353,0.93031085,0.6970395,0.7835262,0.82270247,0.0,121.55062,8.771046,60.77531,182.32593,191.09697,130.08264,94.11217,0.0,0.5734561,459.28992,629.16425,438.5523,320.14322,166.02206,1736.0184,0.0,125.891846,175.42093,66.40883,0.19922648,99.613235,401.125244140625,504.96112060546875,103.83587646484375,360.7980651855469,263.38262939453125,144.31922912597656,130.0826416015625,0.0,98.63955688476562,52.03305435180664,0.15609917044639587,78.04957580566406,412.8311195373535,321.16446098685265,91.66665855050087
59,6,43,10,2026,TERM_LIFE,48,True,34720.367,0.00745,0.047236655,0.94566524,0.9386353,0.6542659,0.7462154,0.7835262,0.0,127.62816,8.232814,63.81408,191.44223,199.67505,126.28712,89.0515,0.0,0.51263446,459.28992,629.16425,411.6407,300.4977,169.23682,1388.8147,0.0,124.46954,164.65628,67.694725,0.20308419,101.54209,390.8710021972656,479.3354187011719,88.46441650390625,322.53125,235.4478302001953,129.01251220703125,126.28711700439453,0.0,92.88108825683594,50.51484680175781,0.15154454112052917,75.77227020263672,373.0460968017578,297.81741520762444,75.22868159413338
59,7,43,10,2026,TERM_LIFE,49,True,34720.367,0.0081001,0.040656965,0.95157224,0.94566524,0.6187165,0.7106813,0.7462154,0.0,134.00957,7.7854857,67.00478,201.01434,208.79984,123.66342,84.79448,0.0,0.46169576,459.28992,629.16425,389.2743,284.17023,174.00685,1041.6111,0.0,123.93551,155.70972,69.602745,0.20880824,104.404106,384.25811767578125,458.8770446777344,74.61892700195312,290.48248291015625,212.0522003173828,116.19298553466797,123.66342163085938,0.0,88.07865142822266,49.465370178222656,0.14839611947536469,74.19805145263672,339.9478530883789,278.6180845350027,61.3297685533762
59,8,43,10,2026,TERM_LIFE,50,True,34720.367,0.00882,0.034993775,0.95649487,0.95157224,0.5887534,0.67683935,0.7106813,0.0,140.71004,7.4084516,70.35502,211.06506,218.47351,122.031494,81.16438,0.0,0.41841605,459.28992,629.16425,370.42258,270.4085,180.2961,694.40735,0.0,124.12588,148.16904,72.11844,0.21635532,108.17766,380.6889343261719,442.541015625,61.852081298828125,263.2524108886719,192.1742706298828,105.30096435546875,122.031494140625,0.0,84.01327514648438,48.812599182128906,0.14643779397010803,73.2188949584961,312.0650100708008,262.6795722544193,49.385437816381454
59,9,43,10,2026,TERM_LIFE,51,True,34720.367,0.0096099,0.030119421,0.96056014,0.95649487,0.5631396,0.6446089,0.67683935,0.0,147.74554,7.086146,73.87277,221.61832,228.70447,121.11993,78.02545,0.0,0.38115504,459.28992,629.16425,354.3073,258.64435,187.89676,347.20377,1.9011424,124.91338,141.72293,75.15871,0.22547612,112.73805,381.5009765625,429.46600341796875,47.96502685546875,239.8091278076172,175.0606689453125,95.92366027832031,121.11992645263672,1.225493311882019,80.52027893066406,48.44797134399414,0.14534391462802887,72.67195129394531,288.2570991516113,250.48672772943974,37.77037142217159
59,10,43,10,2026,TERM_LIFE,52,True,34720.367,0.0104600005,0.025924027,0.9638871,0.96056014,0.5409295,0.61391324,0.6446089,0.0,155.13281,6.8066697,77.56641,232.69922,239.50589,120.604546,75.27235,0.0,0.34868798,459.28992,629.16425,340.3335,248.44347,196.4521,0.0,6.440655,126.1972,136.1334,78.58084,0.23574252,117.87126,386.8782653808594,418.9143371582031,32.03607177734375,219.3820037841797,160.1488800048828,87.7528076171875,120.60454559326172,3.9540035724639893,77.47412872314453,48.241817474365234,0.14472545683383942,72.36272430419922,267.6238212585449,241.68838967382908,25.935431584715843
60,1,46,10,2026,TERM_LIFE,46,True,44487.87,0.0063300002,0.1,0.89430296,1.0,1.0,0.95238096,1.0,500.0,100.0,16.544373,50.0,650.0,666.5444,268.19833,557.1429,0.0,1.0,603.8696,827.2186,827.2186,603.8696,281.60825,4003.9082,0.0,599.8899,330.88745,112.6433,0.3379299,168.96494,1100.0802001953125,939.8619384765625,-160.21826171875,827.2186279296875,603.86962890625,330.887451171875,268.1983337402344,0.0,571.32373046875,107.27933502197266,0.32183799147605896,160.9189910888672,934.4979629516602,1063.4520107209682,-128.9540477693081
60,2,46,10,2026,TERM_LIFE,47,True,44487.87,0.00686,0.0860708,0.90765965,0.89430296,0.89430296,0.90702945,0.95238096,0.0,104.99999,14.795681,52.499996,157.49998,172.29567,247.55507,116.76136,0.0,0.8517171,603.8696,827.2186,739.78406,540.0424,272.92947,3559.0298,0.0,140.82234,295.91364,109.17179,0.32751536,163.75769,600.8211669921875,848.9558715820312,248.13470458984375,704.5562744140625,514.3261108398438,281.822509765625,247.55506896972656,0.0,127.73001098632812,99.02202606201172,0.2970660924911499,148.53305053710938,803.5783004760742,558.3826373815536,245.19566309452057
60,3,46,10,2026,TERM_LIFE,48,True,44487.87,0.00745,0.07408182,0.91902006,0.90765965,0.8117227,0.8638376,0.90702945,0.0,110.25,13.429441,55.125,165.375,178.80444,232.40083,107.36982,0.0,0.73625636,603.8696,827.2186,671.4721,490.17468,269.03302,3114.151,0.0,134.3874,268.58884,107.61321,0.32283962,161.4198,564.7188110351562,779.0853271484375,214.36651611328125,609.0449829101562,444.6028747558594,243.61798095703125,232.4008331298828,0.0,116.0888900756836,92.96034240722656,0.2788810133934021,139.44049072265625,702.0053253173828,499.4262427687645,202.57908254861832
60,4,46,10,2026,TERM_LIFE,49,True,44487.87,0.0081001,0.063762814,0.9286536,0.91902006,0.74598944,0.82270247,0.8638376,0.0,115.7625,12.341928,57.88125,173.64374,185.98567,221.16046,99.77472,0.0,0.6444137,603.8696,827.2186,617.0964,450.48038,268.82193,2669.2725,0.0,129.89668,246.83855,107.52877,0.32258633,161.29315,538.3509521484375,724.6251220703125,186.274169921875,533.071044921875,389.1418762207031,213.22842407226562,221.16046142578125,0.0,106.86631774902344,88.46418762207031,0.26539257168769836,132.69627380371094,621.5352325439453,453.0564081966877,168.4788243472576
60,5,46,10,2026,TERM_LIFE,50,True,44487.87,0.00882,0.054881163,0.9367829,0.9286536,0.6927658,0.7835262,0.82270247,0.0,121.55062,11.461374,60.77531,182.32593,193.78731,212.98555,93.53514,0.0,0.5699401,603.8696,827.2186,573.0687,418.3402,271.82953,2224.3936,0.0,126.88146,229.2275,108.73181,0.32619542,163.09772,519.5328369140625,681.800537109375,162.2677001953125,471.4650573730469,344.1695251464844,188.58602905273438,212.9855499267578,0.0,99.41494750976562,85.19422149658203,0.25558266043663025,127.79132843017578,556.6592788696289,416.0478876531124,140.6113912165165
60,6,46,10,2026,TERM_LIFE,51,True,44487.87,0.0096099,0.047236655,0.9436074,0.9367829,0.64897114,0.7462154,0.7835262,0.0,127.62816,10.73682,63.81408,191.44223,202.17905,207.03802,88.33084,0.0,0.50848585,603.8696,827.2186,536.841,391.89395,277.45074,1779.5148,0.0,125.01051,214.7364,110.9803,0.3329409,166.47044,506.55029296875,647.8212890625,141.27099609375,420.62896728515625,307.0591735839844,168.25160217285156,207.03802490234375,0.0,93.2847671508789,82.8152084350586,0.24844563007354736,124.22280883789062,503.44417572021484,386.00762379169464,117.4365519285202
60,7,46,10,2026,TERM_LIFE,52,True,44487.87,0.0104600005,0.040656965,0.9493083,0.9436074,0.61237395,0.7106813,0.7462154,0.0,134.00957,10.131343,67.00478,201.01434,211.14569,202.5186,83.92524,0.0,0.45696288,603.8696,827.2186,506.56714,369.79404,284.96402,1334.6362,0.0,124.04317,202.62686,113.98561,0.34195685,170.97841,497.9903869628906,620.552734375,122.56234741210938,378.0082092285156,275.9460144042969,151.20327758789062,202.5186004638672,0.0,88.15515899658203,81.0074462890625,0.2430223524570465,121.51116180419922,459.0156555175781,361.1126207411289,97.9030347764492
60,8,46,10,2026,TERM_LIFE,53,True,44487.87,0.01139,0.034993775,0.95401484,0.9493083,0.5813317,0.67683935,0.7106813,0.0,140.71004,9.617767,70.35502,211.06506,220.68283,199.37692,80.141235,0.0,0.41314155,603.8696,827.2186,480.8884,351.04855,294.57053,889.7574,0.0,123.80057,192.35536,117.82821,0.35348463,176.74231,493.2517395019531,598.7166137695312,105.46487426757812,341.7583923339844,249.483642578125,136.703369140625,199.37692260742188,0.0,83.79309844970703,79.75077056884766,0.23925231397151947,119.62615203857422,421.50916290283203,340.36187194287777,81.14729095995426
60,9,46,10,2026,TERM_LIFE,54,True,44487.87,0.0124,0.030119421,0.9578541,0.95401484,0.55459905,0.6446089,0.67683935,0.0,147.74554,9.175493,73.87277,221.61832,230.79381,197.21446,76.842125,0.0,0.37537447,603.8696,827.2186,458.77466,334.90552,305.94437,444.8788,2.6558146,124.1428,183.50987,122.37775,0.36713323,183.56662,494.24224853515625,581.1524047851562,86.91015625,310.5167541503906,226.67723083496094,124.20670318603516,197.21446228027344,1.7119617462158203,80.02355194091797,78.88578796386719,0.23665735125541687,118.32868194580078,389.4025421142578,324.50755617022514,64.89498594403267
60,10,46,10,2026,TERM_LIFE,55,True,44487.87,0.0135,0.025924027,0.960926,0.9578541,0.53122497,0.61391324,0.6446089,0.0,155.13281,8.788783,77.56641,232.69922,241.488,195.86682,73.92192,0.0,0.34243235,603.8696,827.2186,439.43918,320.79062,319.04642,0.0,8.316185,124.95881,175.77568,127.61857,0.3828557,191.42786,500.8613586425781,567.0577392578125,66.19638061523438,283.26641845703125,206.7845001220703,113.30657196044922,195.8668212890625,5.105416297912598,76.7138671875,78.34672546386719,0.23504018783569336,117.52009582519531,361.61314392089844,312.8809914588928,48.732152462005615
61,1,28,10,2026,TERM_LIFE,28,True,13677.463,0.0025300002,0.1,0.897723,1.0,1.0,0.95238096,1.0,500.0,100.0,7.361222,50.0,650.0,657.3612,32.956177,557.1429,0.0,1.0,268.6846,368.0611,368.0611,268.6846,34.603985,1230.9717,0.0,591.62506,147.22444,13.841594,0.041524783,20.76239,759.6533813476562,381.9026794433594,-377.7507019042969,368.06109619140625,268.6846008300781,147.2244415283203,32.9561767578125,0.0,563.4524536132812,13.182470321655273,0.03954741358757019,19.773704528808594,381.2435665130615,730.4901470839977,-349.2465805709362
61,2,28,10,2026,TERM_LIFE,29,True,13677.463,0.00258,0.0860708,0.9115713,0.897723,0.897723,0.90702945,0.95238096,0.0,104.99999,6.6083384,52.499996,157.49998,164.10832,28.733532,117.207886,0.0,0.8549743,268.6846,368.0611,330.41693,241.20435,31.67872,1094.1971,0.0,134.64354,132.16678,12.671489,0.038014468,19.007233,285.8555908203125,343.0884094238281,57.232818603515625,314.68280029296875,229.7184295654297,125.87312316894531,28.733531951904297,0.0,122.12565612792969,11.493413925170898,0.03448024019598961,17.24011993408203,326.17621421813965,265.273379471153,60.90283474698663
61,3,28,10,2026,TERM_LIFE,30,True,13677.463,0.00263,0.07408182,0.923483,0.9115713,0.8183386,0.8638376,0.90702945,0.0,110.25,6.0239716,55.125,165.375,171.39897,25.428833,108.244934,0.0,0.7422572,268.6846,368.0611,301.19858,219.87497,29.437052,957.4224,0.0,129.87149,120.47943,11.774821,0.035324465,17.662231,268.0484924316406,312.973388671875,44.924896240234375,273.19598388671875,199.43307495117188,109.27838897705078,25.4288330078125,0.0,112.18787384033203,10.171533584594727,0.03051460161805153,15.257299423217773,283.3675174713135,236.75407684221864,46.61344062909484
61,4,28,10,2026,TERM_LIFE,31,True,13677.463,0.00269,0.063762814,0.93371874,0.923483,0.75572175,0.82270247,0.8638376,0.0,115.7625,5.563035,57.88125,173.64374,179.20677,22.875074,101.0764,0.0,0.6528209,268.6846,368.0611,278.15176,203.0508,27.804796,820.6478,0.0,126.79504,111.260704,11.121919,0.033365756,16.682877,254.77198791503906,289.273681640625,34.50169372558594,240.2779541015625,175.4029083251953,96.1111831665039,22.87507438659668,0.0,104.31459045410156,9.150030136108398,0.027450090274214745,13.725043296813965,249.4279842376709,214.17826700769365,35.24971722997725
61,5,28,10,2026,TERM_LIFE,32,True,13677.463,0.00275,0.054881163,0.9425198,0.93371874,0.70563155,0.7835262,0.82270247,0.0,121.55062,5.19431,60.77531,182.32593,187.52023,20.795517,95.27224,0.0,0.5805248,268.6846,368.0611,259.7155,189.59233,26.540936,683.87317,0.0,125.05831,103.88621,10.616374,0.031849124,15.9245615,244.9009246826172,270.3318786621094,25.430953979492188,213.66859436035156,155.9780731201172,85.46743774414062,20.795516967773438,0.0,97.98645782470703,8.318206787109375,0.024954622611403465,12.477311134338379,221.98680114746094,195.95616132579744,26.0306398216635
61,6,28,10,2026,TERM_LIFE,33,True,13677.463,0.00282,0.047236655,0.9500765,0.9425198,0.6650717,0.7462154,0.7835262,0.0,127.62816,4.8957405,63.81408,191.44223,196.33797,19.142002,90.52228,0.0,0.5211011,268.6846,368.0611,244.78703,178.69453,25.652113,547.0985,0.0,124.41072,97.91482,10.260845,0.030782536,15.391268,237.74757385253906,255.04788208007812,17.300308227539062,191.7970428466797,140.0118408203125,76.71882629394531,19.14200210571289,0.0,92.83719635009766,7.656800746917725,0.022970402613282204,11.485200881958008,199.4538435935974,181.06419392861426,18.389649664983153
61,7,28,10,2026,TERM_LIFE,34,True,13677.463,0.0029000002,0.040656965,0.9565609,0.9500765,0.631869,0.7106813,0.7462154,0.0,134.00957,4.651328,67.00478,201.01434,205.66566,17.811707,86.597015,0.0,0.47151038,268.6846,368.0611,232.5664,169.77347,25.06286,410.3239,0.0,124.670235,93.026566,10.025145,0.030075435,15.037716,232.76458740234375,242.591552734375,9.82696533203125,173.5446319580078,126.68757629394531,69.41785430908203,17.81170654296875,0.0,88.6008071899414,7.124682903289795,0.0213740486651659,10.687024116516113,180.6693148612976,168.72705966420472,11.94225519709289
61,8,28,10,2026,TERM_LIFE,35,True,13677.463,0.00301,0.034993775,0.9621016,0.9565609,0.6044212,0.67683935,0.7106813,0.0,140.71004,4.4492784,70.35502,211.06506,215.51434,16.842142,83.32432,0.0,0.42955086,268.6846,368.0611,222.46393,162.39867,24.883516,273.54926,0.0,125.7031,88.98557,9.953406,0.02986022,14.93011,229.6486358642578,232.41732788085938,2.7686920166015625,158.1009521484375,115.4136962890625,63.24038314819336,16.84214210510254,0.0,85.08080291748047,6.736856937408447,0.020210573449730873,10.10528564453125,164.83780908584595,158.4466822836548,6.391126802191138
61,9,28,10,2026,TERM_LIFE,36,True,13677.463,0.0031400002,0.030119421,0.9668352,0.9621016,0.5815146,0.6446089,0.67683935,0.0,147.74554,4.280658,73.87277,221.61832,225.89897,16.09875,80.57139,0.0,0.39359197,268.6846,368.0611,214.0329,156.24402,24.974445,136.77467,2.310387,127.40695,85.61316,9.9897785,0.029969335,14.984667,230.3451385498047,224.02267456054688,-6.3224639892578125,144.8658905029297,105.7520980834961,57.946353912353516,16.0987491607666,1.4892959594726562,82.12765502929688,6.439500331878662,0.01931850053369999,9.659250259399414,151.30539083480835,151.24187366105616,0.06351717375218868
61,10,28,10,2026,TERM_LIFE,37,True,13677.463,0.0033,0.025924027,0.9708615,0.9668352,0.5622288,0.61391324,0.6446089,0.0,155.13281,4.138691,77.56641,232.69922,236.8379,15.5789995,78.23621,0.0,0.3624177,268.6846,368.0611,206.93456,151.06223,25.376549,0.0,3.916141,129.70512,82.77383,10.1506195,0.03045186,15.225929,231.6514892578125,217.08517456054688,-14.566314697265625,133.39186096191406,97.37606048583984,53.356746673583984,15.578999519348145,2.4041707515716553,79.62769317626953,6.231599807739258,0.01869479939341545,9.347399711608887,139.62346076965332,144.75470511242747,-5.131244342774153
62,1,39,10,2026,TERM_LIFE,39,True,41908.965,0.0037500001,0.1,0.896625,1.0,1.0,0.95238096,1.0,500.0,100.0,11.8513,50.0,650.0,661.8513,149.67488,557.1429,0.0,1.0,432.57245,592.565,592.565,432.57245,157.15863,3771.8066,0.0,595.6662,237.026,62.863453,0.18859036,94.29518,927.1759643554688,655.428466796875,-271.74749755859375,592.5650024414062,432.57244873046875,237.0260009765625,149.6748809814453,0.0,567.3011474609375,59.869956970214844,0.17960986495018005,89.804931640625,652.4349594116211,894.3116899430752,-241.8767305314541
62,2,39,10,2026,TERM_LIFE,40,True,41908.965,0.00403,0.0860708,0.9102461,0.896625,0.896625,0.90702945,0.95238096,0.0,104.99999,10.626172,52.499996,157.49998,168.12616,137.3549,117.06453,0.0,0.85392857,432.57245,592.565,531.3086,387.85526,151.43379,3352.7173,0.0,137.77127,212.52344,60.573517,0.18172055,90.860275,441.3367004394531,591.882080078125,150.54537963867188,506.0081787109375,369.3859558105469,202.4032745361328,137.3549041748047,0.0,124.96260070800781,54.94196319580078,0.164825901389122,82.41294860839844,560.9501419067383,409.9436497539282,151.0064921528101
62,3,39,10,2026,TERM_LIFE,41,True,41908.965,0.00434,0.07408182,0.9218997,0.9102461,0.81614935,0.8638376,0.90702945,0.0,110.25,9.672431,55.125,165.375,175.04742,128.23259,107.95536,0.0,0.7402715,432.57245,592.565,483.62155,353.04373,148.44525,2933.6274,0.0,132.28116,193.44862,59.3781,0.1781343,89.067154,414.9750671386719,542.9996337890625,128.02456665039062,438.65899658203125,320.2210693359375,175.46359252929688,128.2325897216797,0.0,114.26943969726562,51.29303741455078,0.1538791060447693,76.93955993652344,489.95203399658203,366.8264712691307,123.12556272745132
62,4,39,10,2026,TERM_LIFE,42,True,41908.965,0.00467,0.063762814,0.931865,0.9218997,0.75240785,0.82270247,0.8638376,0.0,115.7625,8.917011,57.88125,173.64374,182.56075,121.149025,100.63317,0.0,0.6499582,432.57245,592.565,445.85056,325.47092,147.2574,2514.538,0.0,128.60167,178.34023,58.90296,0.17670889,88.35444,395.4730224609375,504.7535095214844,109.28048706054688,385.1424865722656,281.1540222167969,154.05699157714844,121.1490249633789,0.0,105.80091094970703,48.45961380004883,0.14537884294986725,72.68941497802734,433.60210037231445,332.6926963478327,100.90940402448177
62,5,39,10,2026,TERM_LIFE,43,True,41908.965,0.00503,0.054881163,0.9403649,0.931865,0.70114255,0.7835262,0.82270247,0.0,121.55062,8.30945,60.77531,182.32593,190.63538,115.80699,94.666145,0.0,0.5768317,432.57245,592.565,415.47253,303.29495,147.80232,2095.4482,0.0,126.32702,166.18901,59.12093,0.1773628,88.6814,381.37481689453125,474.5934753417969,93.21865844726562,341.8102722167969,249.52149963378906,136.72410583496094,115.80699157714844,0.0,98.98052978515625,46.32279586791992,0.13896839320659637,69.48419952392578,388.1330680847168,305.32780353724957,82.80526454746723
62,6,39,10,2026,TERM_LIFE,44,True,41908.965,0.0054200003,0.047236655,0.9475993,0.9403649,0.65932983,0.7462154,0.7835262,0.0,127.62816,7.8139153,63.81408,191.44223,199.25615,111.7566,89.74075,0.0,0.51660216,432.57245,592.565,390.69577,285.20792,149.76453,1676.3585,0.0,125.16978,156.2783,59.90581,0.17971744,89.85872,371.4865417480469,450.6015930175781,79.11505126953125,306.120361328125,223.46786499023438,122.4481430053711,111.75659942626953,0.0,93.40361785888672,44.702640533447266,0.13410791754722595,67.05396270751953,350.82300186157227,283.03983148932457,67.7831703722477
62,7,39,10,2026,TERM_LIFE,45,True,41908.965,0.0058500003,0.040656965,0.9537308,0.9475993,0.6247805,0.7106813,0.7462154,0.0,134.00957,7.404461,67.00478,201.01434,208.41881,108.85921,85.625534,0.0,0.46622083,432.57245,592.565,370.22305,270.26282,153.17584,1257.269,0.0,124.92181,148.08922,61.270336,0.18381101,91.9055,365.1003112792969,431.4933776855469,66.39306640625,276.2661437988281,201.6742706298828,110.50645446777344,108.85920715332031,0.0,88.77959442138672,43.54368209838867,0.13063104450702667,65.31552124023438,319.8098258972168,264.73220117390156,55.07762472331524
62,8,39,10,2026,TERM_LIFE,46,True,41908.965,0.0063300002,0.034993775,0.9588977,0.9537308,0.5958724,0.67683935,0.7106813,0.0,140.71004,7.0618625,70.35502,211.06506,218.12692,106.99156,82.1458,0.0,0.42347538,432.57245,592.565,353.09314,257.758,158.07527,838.17926,0.0,125.427475,141.23726,63.23011,0.18969034,94.84516,361.6995849609375,416.3232421875,54.6236572265625,250.9366912841797,183.1837921142578,100.37467956542969,106.99156188964844,0.0,84.89424896240234,42.796627044677734,0.1283898800611496,64.19493865966797,293.7333183288574,249.59225706756115,44.14106126129627
62,9,39,10,2026,TERM_LIFE,47,True,41908.965,0.00686,0.030119421,0.9632272,0.9588977,0.5713807,0.6446089,0.67683935,0.0,147.74554,6.771604,73.87277,221.61832,228.38992,105.889496,79.16729,0.0,0.38673294,432.57245,592.565,338.5802,247.16354,164.26936,419.08975,0.23203255,126.56708,135.43208,65.70775,0.19712326,98.561615,360.9898986816406,404.2879638671875,43.298065185546875,229.16439819335938,167.29000854492188,91.66576385498047,105.88949584960938,0.1495702564716339,81.58626556396484,42.35580062866211,0.1270674169063568,63.533695220947266,271.5201988220215,237.06236231327057,34.457836508750916
62,10,39,10,2026,TERM_LIFE,48,True,41908.965,0.00745,0.025924027,0.9668191,0.9632272,0.55036944,0.61391324,0.6446089,0.0,155.13281,6.522593,77.56641,232.69922,239.22182,105.49322,76.585945,0.0,0.35477304,432.57245,592.565,326.12967,238.07466,171.83734,0.0,6.1718535,128.24721,130.45187,68.73494,0.20620482,103.1024,368.1795349121094,394.8646240234375,26.685089111328125,210.22608947753906,153.4650421142578,84.09043884277344,105.49321746826172,3.788982629776001,78.73265838623047,42.197288513183594,0.12659186124801636,63.295928955078125,252.42337799072266,230.03460067510605,22.388777315616608
63,1,45,10,2026,TERM_LIFE,45,True,13958.658,0.0058500003,0.1,0.894735,1.0,1.0,0.95238096,1.0,500.0,100.0,9.326106,50.0,650.0,659.3261,77.76968,557.1429,0.0,1.0,340.4029,466.30533,466.30533,340.4029,81.65816,1256.2792,0.0,593.3935,186.52214,32.663265,0.0979898,48.994892,829.0084838867188,498.9685974121094,-330.0398864746094,466.3053283691406,340.40289306640625,186.5221405029297,77.7696762084961,0.0,565.1366577148438,31.107872009277344,0.09332361817359924,46.661800384521484,497.41320037841797,798.4139222204685,-301.00072184205055
63,2,45,10,2026,TERM_LIFE,46,True,13958.658,0.0063300002,0.0860708,0.90814406,0.894735,0.894735,0.90702945,0.95238096,0.0,104.99999,8.344394,52.499996,157.49998,165.84438,71.70727,116.81777,0.0,0.85212857,340.4029,466.30533,417.2197,304.57037,79.05727,1116.6927,0.0,135.615,166.88788,31.622908,0.09486873,47.434357,350.0321350097656,448.84259033203125,98.81045532226562,397.3520812988281,290.0670166015625,158.9408416748047,71.70726776123047,0.0,123.00680541992188,28.68290901184082,0.08604872971773148,43.024356842041016,426.03499031066895,325.0580526664853,100.97693764418364
63,3,45,10,2026,TERM_LIFE,47,True,13958.658,0.00686,0.07408182,0.91956633,0.90814406,0.8125483,0.8638376,0.90702945,0.0,110.25,7.577912,55.125,165.375,172.95291,67.21235,107.47903,0.0,0.73700523,340.4029,466.30533,378.8956,276.59378,77.806694,977.1061,0.0,130.12167,151.55824,31.122679,0.09336804,46.684013,328.4573059082031,410.0182800292969,81.56097412109375,343.6694641113281,250.8787078857422,137.46778869628906,67.21234893798828,0.0,112.40399169921875,26.884939193725586,0.0806548222899437,40.32740783691406,370.5544033050537,290.2798430547118,80.27456025034189
63,4,45,10,2026,TERM_LIFE,48,True,13958.658,0.00745,0.063762814,0.9292623,0.91956633,0.747192,0.82270247,0.8638376,0.0,115.7625,6.9683924,57.88125,173.64374,180.61214,63.925625,99.93556,0.0,0.64545256,340.4029,466.30533,348.41962,254.34633,77.701996,837.51953,0.0,126.34703,139.36784,31.0808,0.09324239,46.621197,312.4292907714844,379.50042724609375,67.07113647460938,300.97796630859375,219.71392822265625,120.39118194580078,63.92562484741211,0.0,103.94601440429688,25.570249557495117,0.07671074569225311,38.35537338256836,326.54821586608887,262.76928047835827,63.7789353877306
63,5,45,10,2026,TERM_LIFE,49,True,13958.658,0.0081001,0.054881163,0.9374633,0.9292623,0.69433737,0.7835262,0.82270247,0.0,121.55062,6.4754643,60.77531,182.32593,188.80139,61.511753,93.74733,0.0,0.5712331,340.4029,466.30533,323.77322,236.35445,78.50632,697.9329,0.0,123.89739,129.5093,31.402527,0.09420758,47.10379,300.6047058105469,355.1757507324219,54.571044921875,266.3690185546875,194.4493865966797,106.54761505126953,61.51175308227539,0.0,97.07685089111328,24.60470199584961,0.07381410151720047,36.90705108642578,290.9737205505371,240.6053311303258,50.368389420211315
63,6,45,10,2026,TERM_LIFE,50,True,13958.658,0.00882,0.047236655,0.94435996,0.9374633,0.6509158,0.7462154,0.7835262,0.0,127.62816,6.07051,63.81408,191.44223,197.51274,59.80002,88.59553,0.0,0.5100096,340.4029,466.30533,303.5255,221.57362,80.13774,558.3463,0.0,122.49122,121.41021,32.055096,0.09616529,48.082645,292.0802307128906,335.5805969238281,43.5003662109375,237.8201904296875,173.60873413085938,95.1280746459961,59.800018310546875,0.0,91.40483093261719,23.920005798339844,0.07176002115011215,35.88001251220703,261.74019622802734,222.48467811197042,39.25551811605692
63,7,45,10,2026,TERM_LIFE,51,True,13958.658,0.0096099,0.040656965,0.95012385,0.94435996,0.6146988,0.7106813,0.7462154,0.0,134.00957,5.7327466,67.00478,201.01434,206.74709,58.600304,84.24386,0.0,0.45869774,340.4029,466.30533,286.63733,209.24525,82.45651,418.75977,0.0,121.920204,114.65493,32.982605,0.09894782,49.473907,286.1479797363281,319.61993408203125,33.471954345703125,213.8931884765625,156.14202880859375,85.5572738647461,58.600303649902344,0.0,86.64640808105469,23.440120697021484,0.07032036781311035,35.16018295288086,237.33330917358398,207.43418526649475,29.899123907089233
63,8,45,10,2026,TERM_LIFE,52,True,13958.658,0.0104600005,0.034993775,0.95491225,0.95012385,0.58404,0.67683935,0.7106813,0.0,140.71004,5.446819,70.35502,211.06506,216.51189,57.716976,80.514595,0.0,0.4150663,340.4029,466.30533,272.34094,198.8089,85.27426,279.17316,1.2513989,122.02658,108.93638,34.109707,0.10232912,51.164555,283.4812316894531,306.4506530761719,22.96942138671875,193.54762268066406,141.28976440429688,77.41905212402344,57.716976165771484,0.846996009349823,82.59239196777344,23.0867919921875,0.069260373711586,34.630184173583984,216.63441467285156,195.55788464844227,21.076530024409294
63,9,45,10,2026,TERM_LIFE,53,True,13958.658,0.01139,0.030119421,0.9588337,0.95491225,0.55770695,0.6446089,0.67683935,0.0,147.74554,5.201235,73.87277,221.61832,226.81955,57.157043,77.27274,0.0,0.377478,340.4029,466.30533,260.06174,189.84506,88.669334,139.58662,3.3732736,122.688774,104.0247,35.467735,0.10640321,53.2016,283.3947448730469,295.52947998046875,12.134735107421875,176.02001953125,128.49461364746094,70.40800476074219,57.15704345703125,2.1744422912597656,79.0862808227539,22.862817764282227,0.06858845800161362,34.29422378540039,198.88283729553223,186.03154011815786,12.851297177374363
63,10,45,10,2026,TERM_LIFE,54,True,13958.658,0.0124,0.025924027,0.96199745,0.9588337,0.5347482,0.61391324,0.6446089,0.0,155.13281,4.9871182,77.56641,232.69922,237.68634,56.822678,74.412186,0.0,0.34470347,340.4029,466.30533,249.35593,182.02983,92.55816,0.0,4.7189465,123.807335,99.74237,37.023266,0.1110698,55.534893,283.91461181640625,286.3791809082031,2.464569091796875,160.737060546875,117.33805084228516,64.2948226928711,56.82267761230469,2.8970236778259277,76.00696563720703,22.72907257080078,0.06818722188472748,34.093605041503906,183.46613311767578,177.3606042712927,6.105528846383095
64,1,32,10,2026,TERM_LIFE,32,True,99204.24,0.00275,0.1,0.897525,1.0,1.0,0.95238096,1.0,500.0,100.0,14.666061,50.0,650.0,664.6661,259.82065,557.1429,0.0,1.0,535.3113,733.3031,733.3031,535.3113,272.81168,8928.382,0.0,598.19946,293.32126,109.12467,0.32737404,163.68701,1055.53515625,842.4277954101562,-213.10736083984375,733.3031005859375,535.311279296875,293.3212585449219,259.8206481933594,0.0,569.7138061523438,103.92826080322266,0.3117848038673401,155.89239501953125,837.2313613891602,1019.2392445206642,-182.00788313150406
64,2,32,10,2026,TERM_LIFE,33,True,99204.24,0.00282,0.0860708,0.9113519,0.897525,0.897525,0.90702945,0.95238096,0.0,104.99999,13.163157,52.499996,157.49998,170.66315,227.7442,117.18203,0.0,0.85478574,535.3113,733.3031,658.1579,480.45526,251.08798,7936.34,0.0,139.9906,263.26315,100.435196,0.3013056,150.65279,554.2078247070312,758.5930786132812,204.38525390625,626.8170776367188,457.5764465332031,250.726806640625,227.74420166015625,0.0,126.97560119628906,91.0976791381836,0.27329304814338684,136.64651489257812,717.9147567749023,514.6222157776356,203.29254099726677
64,3,32,10,2026,TERM_LIFE,34,True,99204.24,0.0029000002,0.07408182,0.923233,0.9113519,0.81796116,0.8638376,0.90702945,0.0,110.25,11.996269,55.125,165.375,177.37128,203.27925,108.195015,0.0,0.74191487,535.3113,733.3031,599.8135,437.86383,235.32114,6944.2974,0.0,134.33482,239.9254,94.128456,0.28238538,141.19269,515.7353515625,693.9419555664062,178.20660400390625,544.0484619140625,397.1553955078125,217.61940002441406,203.2792510986328,0.0,116.04347229003906,81.31169891357422,0.24393510818481445,121.9675521850586,625.3601608276367,455.87435960769653,169.48580121994019
64,4,32,10,2026,TERM_LIFE,35,True,99204.24,0.00301,0.063762814,0.93341917,0.923233,0.75516874,0.82270247,0.8638376,0.0,115.7625,11.075352,57.88125,173.64374,184.71909,185.51694,101.00243,0.0,0.65234315,535.3113,733.3031,553.7676,404.25034,225.497,5952.255,0.0,130.59955,221.50703,90.1988,0.2705964,135.29819,487.6753845214844,643.9663696289062,156.29098510742188,478.3652648925781,349.2066345214844,191.34609985351562,185.51693725585938,0.0,107.44457244873047,74.20677185058594,0.22262033820152283,111.31015014648438,552.5720367431641,410.323442786932,142.24859395623207
64,5,32,10,2026,TERM_LIFE,36,True,99204.24,0.0031400002,0.054881163,0.9421512,0.93341917,0.704889,0.7835262,0.82270247,0.0,121.55062,10.337945,60.77531,182.32593,192.66388,172.04187,95.17198,0.0,0.5799139,535.3113,733.3031,516.8973,377.33502,219.57387,4960.2124,0.0,128.35342,206.75891,87.82955,0.26348865,131.74432,467.1201477050781,604.726806640625,137.60665893554688,425.2526550292969,310.4344482421875,170.10105895996094,172.0418701171875,0.0,100.56826782226562,68.8167495727539,0.20645025372505188,103.22512817382812,494.0694046020508,374.10090520977974,119.96849939227104
64,6,32,10,2026,TERM_LIFE,37,True,99204.24,0.0033,0.047236655,0.9496192,0.9421512,0.66411203,0.7462154,0.7835262,0.0,127.62816,9.739908,63.81408,191.44223,201.18214,162.23694,90.391655,0.0,0.52034914,535.3113,733.3031,486.99542,355.50665,217.41301,3968.1697,0.0,127.2963,194.79817,86.9652,0.2608956,130.44781,452.8031921386719,573.9606323242188,121.15744018554688,381.57366943359375,278.54876708984375,152.6294708251953,162.2369384765625,0.0,94.99046325683594,64.894775390625,0.19468432664871216,97.34217071533203,446.46844482421875,345.156789124012,101.31165570020676
64,7,32,10,2026,TERM_LIFE,38,True,99204.24,0.0035100002,0.040656965,0.9559757,0.9496192,0.6306535,0.7106813,0.7462154,0.0,134.00957,9.249204,67.00478,201.01434,210.26355,156.06413,86.43043,0.0,0.47060335,535.3113,733.3031,462.46017,337.59595,219.5979,2976.1274,0.0,127.21218,184.98407,87.839165,0.2635175,131.75873,444.218505859375,550.29931640625,106.080810546875,345.09490966796875,251.91929626464844,138.0379638671875,156.0641326904297,0.0,90.40731811523438,62.425655364990234,0.1872769594192505,93.63846588134766,407.520565032959,322.2710248231888,85.2495402097702
64,8,32,10,2026,TERM_LIFE,39,True,99204.24,0.0037500001,0.034993775,0.96138746,0.9559757,0.6028894,0.67683935,0.7106813,0.0,140.71004,8.842013,70.35502,211.06506,219.90707,151.80455,83.11315,0.0,0.42846224,535.3113,733.3031,442.10068,322.73352,224.28445,1984.0848,0.0,127.940186,176.84027,89.71378,0.26914135,134.57068,439.6202697753906,531.814453125,92.19418334960938,314.19268798828125,229.36068725585938,125.67707824707031,151.80455017089844,0.0,86.59495544433594,60.72181701660156,0.1821654587984085,91.08273315429688,374.9145050048828,303.53693230450153,71.37757270038128
64,9,32,10,2026,TERM_LIFE,40,True,99204.24,0.00403,0.030119421,0.96597195,0.96138746,0.57961035,0.6446089,0.67683935,0.0,147.74554,8.500601,73.87277,221.61832,230.11891,149.37149,80.30754,0.0,0.39230308,535.3113,733.3031,425.03006,310.27194,231.72421,992.0427,0.0,129.36198,170.01202,92.68969,0.27806908,139.03452,438.68658447265625,517.7197265625,79.03314208984375,287.67706298828125,210.00425720214844,115.07083129882812,149.37149047851562,0.0,83.38788604736328,59.748600006103516,0.17924579977989197,89.62288665771484,347.42566299438477,288.26084980368614,59.164813190698624
64,10,32,10,2026,TERM_LIFE,41,True,99204.24,0.00434,0.025924027,0.9698485,0.96597195,0.55988735,0.61391324,0.6446089,0.0,155.13281,8.211343,77.56641,232.69922,240.91057,147.98839,77.9104,0.0,0.3609084,535.3113,733.3031,410.56714,299.71402,241.0575,0.0,7.769794,131.38608,164.22685,96.423,0.289269,144.63449,448.3064880371094,506.9901428222656,58.68365478515625,264.6552429199219,193.19833374023438,105.86209106445312,147.98838806152344,4.769979476928711,80.65965270996094,59.19535446166992,0.17758606374263763,88.79302978515625,323.8505973815918,280.26233910024166,43.588258281350136
65,1,45,10,2026,TERM_LIFE,45,True,26230.312,0.0058500003,0.1,0.894735,1.0,1.0,0.95238096,1.0,500.0,100.0,11.901951,50.0,650.0,661.902,146.14032,557.1429,0.0,1.0,434.4212,595.09753,595.09753,434.4212,153.44734,2360.728,0.0,595.7118,238.03902,61.378937,0.18413682,92.068405,926.0033569335938,656.4764404296875,-269.52691650390625,595.0975341796875,434.42120361328125,238.0390167236328,146.14031982421875,0.0,567.3445434570312,58.45613098144531,0.17536839842796326,87.68419647216797,653.5536651611328,893.24312505126,-239.68945989012718
65,2,45,10,2026,TERM_LIFE,46,True,26230.312,0.0063300002,0.0860708,0.90814406,0.894735,0.894735,0.90702945,0.95238096,0.0,104.99999,10.649092,52.499996,157.49998,168.14908,134.74821,116.81777,0.0,0.85212857,434.4212,595.09753,532.4546,388.69183,148.5599,2098.425,0.0,137.49962,212.98184,59.42396,0.17827189,89.13594,439.7956848144531,591.8785400390625,152.08285522460938,507.099609375,370.1827087402344,202.83984375,134.7482147216797,0.0,124.71620178222656,53.89928436279297,0.1616978496313095,80.84892272949219,560.998893737793,408.56666611135006,152.4322276264429
65,3,45,10,2026,TERM_LIFE,47,True,26230.312,0.00686,0.07408182,0.91956633,0.90814406,0.8125483,0.8638376,0.90702945,0.0,110.25,9.670909,55.125,165.375,175.04591,126.3016,107.47903,0.0,0.73700523,434.4212,595.09753,483.54547,352.9882,146.20988,1836.1218,0.0,131.69635,193.4182,58.483955,0.17545186,87.72593,413.0158996582031,542.0294189453125,129.01351928710938,438.5899963378906,320.1706848144531,175.43600463867188,126.30159759521484,0.0,113.7642593383789,50.5206413269043,0.1515619158744812,75.78095245361328,489.1106376647949,365.13277834653854,123.97785931825638
65,4,45,10,2026,TERM_LIFE,48,True,26230.312,0.00745,0.063762814,0.9292623,0.91956633,0.747192,0.82270247,0.8638376,0.0,115.7625,8.893043,57.88125,173.64374,182.53677,120.12538,99.93556,0.0,0.64545256,434.4212,595.09753,444.65213,324.59607,146.01315,1573.8188,0.0,127.69341,177.86086,58.405262,0.1752158,87.607895,393.3373718261719,503.0574035644531,109.72003173828125,384.10723876953125,280.3982849121094,153.6428985595703,120.12538146972656,0.0,105.0536880493164,48.05015182495117,0.14415046572685242,72.07523345947266,432.1573905944824,330.9159705340862,101.2414200603962
65,5,45,10,2026,TERM_LIFE,49,True,26230.312,0.0081001,0.054881163,0.9374633,0.9292623,0.69433737,0.7835262,0.82270247,0.0,121.55062,8.263968,60.77531,182.32593,190.58989,115.58937,93.74733,0.0,0.5712331,434.4212,595.09753,413.19846,301.6349,147.52458,1311.5156,0.0,125.07106,165.27939,59.009834,0.1770295,88.51475,379.042236328125,472.2082824707031,93.16604614257812,339.93939208984375,248.15576171875,135.9757537841797,115.58937072753906,0.0,97.99645233154297,46.235748291015625,0.1387072503566742,69.35362243652344,386.1751403808594,303.46453580260277,82.7106045782566
65,6,45,10,2026,TERM_LIFE,50,True,26230.312,0.00882,0.047236655,0.94435996,0.9374633,0.6509158,0.7462154,0.7835262,0.0,127.62816,7.7471676,63.81408,191.44223,199.18939,112.372765,88.59553,0.0,0.5100096,434.4212,595.09753,387.3584,282.77164,150.59026,1049.2124,0.0,123.53102,154.94336,60.236103,0.18070832,90.35416,369.0092468261719,447.5945129394531,78.58526611328125,303.50543212890625,221.55897521972656,121.40217590332031,112.37276458740234,0.0,92.18074798583984,44.9491081237793,0.13484732806682587,67.42366027832031,348.45454025268555,281.1414314955473,67.31310875713825
65,7,45,10,2026,TERM_LIFE,51,True,26230.312,0.0096099,0.040656965,0.95012385,0.94435996,0.6146988,0.7106813,0.7462154,0.0,134.00957,7.316115,67.00478,201.01434,208.33046,110.11833,84.24386,0.0,0.45869774,434.4212,595.09753,365.80576,267.0382,154.94756,786.9094,0.0,122.853935,146.32231,61.979023,0.18593706,92.96854,362.3307189941406,427.7847900390625,65.45407104492188,272.9698791503906,199.2680206298828,109.1879653930664,110.11833190917969,0.0,87.30999755859375,44.047332763671875,0.13214199244976044,66.07099914550781,317.0172119140625,262.70110408961773,54.31610782444477
65,8,45,10,2026,TERM_LIFE,52,True,26230.312,0.0104600005,0.034993775,0.95491225,0.95012385,0.58404,0.67683935,0.7106813,0.0,140.71004,6.9512153,70.35502,211.06506,218.01628,108.458435,80.514595,0.0,0.4150663,434.4212,595.09753,347.56076,253.71936,160.24251,524.6062,0.0,122.87446,139.0243,64.09701,0.19229102,96.1455,358.2365417480469,411.65777587890625,53.421234130859375,247.00494384765625,180.31361389160156,98.8019790649414,108.45843505859375,0.0,83.16626739501953,43.38337707519531,0.13015012443065643,65.07505798339844,290.38832092285156,247.17345456779003,43.21486635506153
65,9,45,10,2026,TERM_LIFE,53,True,26230.312,0.01139,0.030119421,0.9588337,0.95491225,0.55770695,0.6446089,0.67683935,0.0,147.74554,6.6378007,73.87277,221.61832,228.25612,107.40625,77.27274,0.0,0.377478,434.4212,595.09753,331.89005,242.27972,166.62234,262.3032,2.8912058,123.46583,132.75603,66.64894,0.19994684,99.973404,359.28643798828125,398.53900146484375,39.2525634765625,224.63624572753906,163.9844512939453,89.85449981689453,107.40625,1.8636970520019531,79.58717346191406,42.962501525878906,0.12888751924037933,64.4437484741211,267.59874725341797,235.87800632417202,31.72074092924595
65,10,45,10,2026,TERM_LIFE,54,True,26230.312,0.0124,0.025924027,0.96199745,0.9588337,0.5347482,0.61391324,0.6446089,0.0,155.13281,6.3645463,77.56641,232.69922,239.06377,106.77793,74.412186,0.0,0.34470347,434.4212,595.09753,318.22733,232.30595,173.93001,0.0,6.022306,124.52481,127.29093,69.57201,0.20871602,104.358,362.4047546386719,387.79931640625,25.394561767578125,205.13217163085938,149.74649047851562,82.05287170410156,106.7779312133789,3.6971733570098877,76.44743347167969,42.71117401123047,0.12813352048397064,64.06675720214844,247.84334564208984,226.39236925542355,21.450976386666298
66,1,25,10,2026,TERM_LIFE,25,True,64002.152,0.00243,0.1,0.89781296,1.0,1.0,0.95238096,1.0,500.0,100.0,10.685765,50.0,650.0,660.6858,148.11928,557.1429,0.0,1.0,390.03043,534.28827,534.28827,390.03043,155.52524,5760.194,0.0,594.6172,213.71532,62.210094,0.1866303,93.31514,901.8342895507812,596.4983520507812,-305.3359375,534.2882690429688,390.0304260253906,213.71531677246094,148.11927795410156,0.0,566.3020629882812,59.24770736694336,0.17774313688278198,88.8715591430664,593.5359764099121,869.0666820406914,-275.53070563077927
66,2,25,10,2026,TERM_LIFE,26,True,64002.152,0.00246,0.0860708,0.91168094,0.89781296,0.89781296,0.90702945,0.95238096,0.0,104.99999,9.593819,52.499996,157.49998,167.09381,128.21446,117.219635,0.0,0.85506,390.03043,534.28827,479.69095,350.17438,141.35645,5120.1724,0.0,137.10674,191.87639,56.54258,0.16962776,84.813866,413.96661376953125,536.2335205078125,122.26690673828125,456.8485107421875,333.4994201660156,182.7394256591797,128.21446228027344,0.0,124.35984802246094,51.28578567504883,0.15385736525058746,76.92867279052734,508.1342964172363,384.18180383741856,123.95249257981777
66,3,25,10,2026,TERM_LIFE,27,True,64002.152,0.00249,0.07408182,0.92361265,0.91168094,0.81851894,0.8638376,0.90702945,0.0,110.25,8.746501,55.125,165.375,174.1215,112.68205,108.26879,0.0,0.7424208,390.03043,534.28827,437.32507,319.24728,130.44356,4480.151,0.0,131.96347,174.93004,52.177425,0.15653227,78.26613,385.316162109375,489.50250244140625,104.18634033203125,396.6667175292969,289.5666809082031,158.6667022705078,112.68205261230469,0.0,113.99501037597656,45.07282257080078,0.13521845638751984,67.60922241210938,441.73954010009766,340.40615351498127,101.33338658511639
66,4,25,10,2026,TERM_LIFE,28,True,64002.152,0.0025300002,0.063762814,0.9338685,0.92361265,0.75599444,0.82270247,0.8638376,0.0,115.7625,8.078379,57.88125,173.64374,181.72212,100.71091,101.11287,0.0,0.65305644,390.03043,534.28827,403.91895,294.86084,122.41474,3840.1294,0.0,128.62112,161.56758,48.965897,0.14689769,73.448845,363.78448486328125,452.88482666015625,89.100341796875,348.9203796386719,254.71188354492188,139.56814575195312,100.71090698242188,0.0,105.8169174194336,40.28436279296875,0.12085308879613876,60.426544189453125,389.2047424316406,305.932460449636,83.27228198200464
66,5,25,10,2026,TERM_LIFE,29,True,64002.152,0.00258,0.054881163,0.9426805,0.9338685,0.70599943,0.7835262,0.82270247,0.0,121.55062,7.544144,60.77531,182.32593,189.87007,91.34235,95.32191,0.0,0.5808275,390.03043,534.28827,377.2072,275.36127,116.57855,3200.1077,0.0,126.691444,150.88289,46.63142,0.13989426,69.94713,347.661376953125,423.838623046875,76.17724609375,310.3293151855469,226.54039001464844,124.13172149658203,91.34234619140625,0.0,99.26606750488281,36.53693771362305,0.10961081832647324,54.80540466308594,346.8662528991699,278.31280448287725,68.55344841629267
66,6,25,10,2026,TERM_LIFE,30,True,64002.152,0.00263,0.047236655,0.95025754,0.9426805,0.6655319,0.7462154,0.7835262,0.0,127.62816,7.111717,63.81408,191.44223,198.55396,83.5956,90.58491,0.0,0.52146167,390.03043,534.28827,355.58588,259.57767,112.02609,2560.086,0.0,125.90194,142.23436,44.810436,0.13443132,67.21565,335.4863586425781,400.39630126953125,64.90994262695312,278.61083984375,203.38589477539062,111.44434356689453,83.59559631347656,0.0,93.94996643066406,33.438236236572266,0.10031472146511078,50.15735626220703,312.04907608032227,255.65198098123074,56.39709509909153
66,7,25,10,2026,TERM_LIFE,31,True,64002.152,0.00269,0.040656965,0.9567624,0.95025754,0.6324267,0.7106813,0.7462154,0.0,134.00957,6.757963,67.00478,201.01434,207.77231,77.38058,86.67345,0.0,0.47192654,390.03043,534.28827,337.89816,246.66565,108.88224,1920.0647,0.0,126.058395,135.15927,43.5529,0.1306587,65.329346,326.6776428222656,381.4510498046875,54.773406982421875,252.1448211669922,184.06570434570312,100.8579330444336,77.38057708740234,0.0,89.58734893798828,30.95223045349121,0.09285669773817062,46.4283447265625,283.0970516204834,236.96648340672255,46.13056821376085
66,8,25,10,2026,TERM_LIFE,32,True,64002.152,0.00275,0.034993775,0.9623525,0.9567624,0.60508204,0.67683935,0.7106813,0.0,140.71004,6.4657645,70.35502,211.06506,217.53082,72.08205,83.41542,0.0,0.4300205,390.03043,534.28827,323.28824,236.0004,106.49802,1280.043,0.0,127.01798,129.31529,42.59921,0.12779763,63.898808,320.3598937988281,365.887451171875,45.527557373046875,229.75491333007812,167.7210693359375,91.90196228027344,72.08204650878906,0.0,85.97077178955078,28.832820892333984,0.08649846911430359,43.24922561645508,258.5877342224121,221.2084581553936,37.37927606701851
66,9,25,10,2026,TERM_LIFE,33,True,64002.152,0.00282,0.030119421,0.9671455,0.9623525,0.5823022,0.6446089,0.67683935,0.0,147.74554,6.222345,73.87277,221.61832,227.84067,67.74674,80.68051,0.0,0.39412504,390.03043,534.28827,311.11725,227.11559,105.097435,640.02167,0.0,128.67612,124.4469,42.038975,0.12611693,63.05846,316.3075866699219,353.1562194824219,36.8486328125,210.57640075683594,153.72076416015625,84.23056030273438,67.74674224853516,0.0,82.94577026367188,27.098697662353516,0.08129610121250153,40.64804458618164,237.67509841918945,207.9056712538004,29.76942716538906
66,10,25,10,2026,TERM_LIFE,34,True,64002.152,0.0029000002,0.025924027,0.97125113,0.9671455,0.56317097,0.61391324,0.6446089,0.0,155.13281,6.0179124,77.56641,232.69922,238.71713,64.17116,78.36732,0.0,0.36302504,390.03043,534.28827,300.89563,219.65381,104.52805,0.0,5.6943116,130.95337,120.35825,41.811222,0.12543367,62.71683,319.8481750488281,342.70684814453125,22.858673095703125,193.9600067138672,141.59080505371094,77.58399963378906,64.17115783691406,3.4958133697509766,80.39400482177734,25.6684627532959,0.07700538635253906,38.50269317626953,219.6284694671631,200.05351638793945,19.574953079223633
67,1,33,10,2026,TERM_LIFE,33,True,94586.164,0.00282,0.1,0.89746195,1.0,1.0,0.95238096,1.0,500.0,100.0,14.683272,50.0,650.0,664.6833,254.03143,557.1429,0.0,1.0,535.93945,734.16364,734.16364,535.93945,266.733,8512.754,0.0,598.21497,293.66547,106.6932,0.3200796,160.0398,1052.240234375,840.8568115234375,-211.3834228515625,734.1636352539062,535.939453125,293.66546630859375,254.03143310546875,0.0,569.728515625,101.6125717163086,0.304837703704834,152.41885375976562,835.7762069702148,1016.1176733970642,-180.34146642684937
67,2,33,10,2026,TERM_LIFE,34,True,94586.164,0.0029000002,0.0860708,0.91127884,0.89746195,0.89746195,0.90702945,0.95238096,0.0,104.99999,13.177678,52.499996,157.49998,170.67766,223.28682,117.1738,0.0,0.85472566,535.93945,734.16364,658.8839,480.98526,246.17372,7566.893,0.0,139.99266,263.55356,98.46949,0.2954085,147.70422,551.5458984375,757.3533935546875,205.8074951171875,627.5084838867188,458.0812072753906,251.00338745117188,223.2868194580078,0.0,126.97746276855469,89.31472778320312,0.26794418692588806,133.97207641601562,716.8232116699219,512.2208708226681,204.6023408472538
67,3,33,10,2026,TERM_LIFE,35,True,94586.164,0.00301,0.07408182,0.92313117,0.91127884,0.8178381,0.8638376,0.90702945,0.0,110.25,12.00854,55.125,165.375,177.38354,201.13774,108.178734,0.0,0.7418032,535.93945,734.16364,600.427,438.31168,232.84207,6621.0312,0.0,134.3239,240.1708,93.13683,0.2794105,139.70523,514.4793701171875,693.5638427734375,179.08447265625,544.60498046875,397.56158447265625,217.8419952392578,201.1377410888672,0.0,116.0340347290039,80.4551010131836,0.24136529862880707,120.68263244628906,625.0600814819336,454.8000277131796,170.260053768754
67,4,33,10,2026,TERM_LIFE,36,True,94586.164,0.0031400002,0.063762814,0.93329746,0.92313117,0.7549718,0.82270247,0.8638376,0.0,115.7625,11.085456,57.88125,173.64374,184.72919,184.47215,100.9761,0.0,0.65217304,535.93945,734.16364,554.2728,404.61917,224.22705,5675.17,0.0,130.57263,221.70914,89.69082,0.26907247,134.53622,487.0870666503906,643.963623046875,156.87655639648438,478.80169677734375,349.5252685546875,191.52069091796875,184.47215270996094,0.0,107.42242431640625,73.78885650634766,0.22136658430099487,110.68328094482422,552.5905532836914,409.8477627635002,142.7427905201912
67,5,33,10,2026,TERM_LIFE,37,True,94586.164,0.0033,0.054881163,0.9419999,0.93329746,0.70461327,0.7835262,0.82270247,0.0,121.55062,10.346029,60.77531,182.32593,192.67195,172.32404,95.13475,0.0,0.57968706,535.93945,734.16364,517.30145,377.63004,219.93399,4729.308,0.0,128.3086,206.92058,87.973595,0.26392078,131.96039,467.4534912109375,605.2750244140625,137.821533203125,425.5851745605469,310.6771545410156,170.23406982421875,172.32403564453125,0.0,100.53314208984375,68.92961120605469,0.2067888379096985,103.39441680908203,494.51478576660156,374.36841756105423,120.14636820554733
67,6,33,10,2026,TERM_LIFE,38,True,94586.164,0.0035100002,0.047236655,0.94941914,0.9419999,0.66374564,0.7462154,0.7835262,0.0,127.62816,9.745958,63.81408,191.44223,201.18819,164.43742,90.34179,0.0,0.5200621,535.93945,734.16364,487.2979,355.72748,220.36188,3783.4463,0.0,127.229904,194.91917,88.14475,0.26443425,132.21713,454.6306457519531,575.4426879882812,120.81204223632812,381.8106689453125,278.7218017578125,152.72427368164062,164.4374237060547,0.0,94.94091796875,65.77497100830078,0.19732490181922913,98.66246032714844,447.5856399536133,346.5249768793583,101.06066307425499
67,7,33,10,2026,TERM_LIFE,39,True,94586.164,0.0037500001,0.040656965,0.95574546,0.94941914,0.6301728,0.7106813,0.7462154,0.0,134.00957,9.252998,67.00478,201.01434,210.26733,158.85228,86.36455,0.0,0.47024465,535.93945,734.16364,462.64993,337.73447,223.52112,2837.585,0.0,127.11751,185.05998,89.40845,0.26822534,134.11267,446.5583801269531,552.058349609375,105.49996948242188,345.23651123046875,252.0226593017578,138.0946044921875,158.85227966308594,0.0,90.34003448486328,63.54091262817383,0.1906227469444275,95.31137084960938,408.7774238586426,323.9366325736046,84.840791285038
67,8,33,10,2026,TERM_LIFE,40,True,94586.164,0.00403,0.034993775,0.96111727,0.95574546,0.6022848,0.67683935,0.7106813,0.0,140.71004,8.843512,70.35502,211.06506,219.90857,155.38896,83.0298,0.0,0.42803255,535.93945,734.16364,442.1756,322.78818,229.58028,1891.7231,0.0,127.81275,176.87024,91.832115,0.27549636,137.74817,442.7066345214844,534.0076904296875,91.30105590820312,314.2459411621094,229.39952087402344,125.69837188720703,155.3889617919922,0.0,86.50869750976562,62.15559005737305,0.186466783285141,93.23338317871094,376.4015312194824,305.62691935896873,70.77461186051369
67,9,33,10,2026,TERM_LIFE,41,True,94586.164,0.00434,0.030119421,0.9656713,0.96111727,0.5788663,0.6446089,0.67683935,0.0,147.74554,8.499651,73.87277,221.61832,230.11797,153.1764,80.20445,0.0,0.39179948,535.93945,734.16364,424.98257,310.2373,237.62689,945.8618,0.0,129.1954,169.99303,95.05076,0.2851523,142.57614,442.04974365234375,520.0333251953125,77.98358154296875,287.6449279785156,209.98081970214844,115.05796813964844,153.17640686035156,0.0,83.28050994873047,61.270565032958984,0.1838117092847824,91.90585327148438,348.9154930114746,290.42814306914806,58.487349942326546
67,10,33,10,2026,TERM_LIFE,42,True,94586.164,0.00467,0.025924027,0.969527,0.9656713,0.5589946,0.61391324,0.6446089,0.0,155.13281,8.20787,77.56641,232.69922,240.90709,151.58601,77.78617,0.0,0.3603329,535.93945,734.16364,410.3935,299.58725,246.91765,0.0,7.766508,131.17468,164.1574,98.76706,0.2963012,148.15059,451.5455017089844,509.1605529785156,57.61505126953125,264.5433044433594,193.11660766601562,105.81732177734375,151.5860137939453,4.7679619789123535,80.52987670898438,60.63440704345703,0.18190321326255798,90.95160675048828,325.1777114868164,282.2486704289913,42.92904105782509
68,1,18,10,2026,TERM_LIFE,18,True,91916.0,0.00219,0.1,0.89802897,1.0,1.0,0.95238096,1.0,500.0,100.0,11.958505,50.0,650.0,661.9585,191.71051,557.1429,0.0,1.0,436.4854,597.92523,597.92523,436.4854,201.29604,8272.44,0.0,595.76263,239.17009,80.51842,0.24155524,120.77762,955.9519653320312,678.4436645507812,-277.50830078125,597.9252319335938,436.48541259765625,239.1700897216797,191.71051025390625,0.0,567.3930053710938,76.6842041015625,0.2300526201725006,115.02630615234375,674.6094360351562,921.8194538652897,-247.21001783013344
68,2,18,10,2026,TERM_LIFE,19,True,91916.0,0.00224,0.0860708,0.91188204,0.89802897,0.89802897,0.90702945,0.95238096,0.0,104.99999,10.739083,52.499996,157.49998,168.23907,167.7069,117.247826,0.0,0.8552657,436.4854,597.92523,536.95416,391.97653,184.89685,7353.281,0.0,138.07968,214.78166,73.95874,0.22187622,110.93811,464.02130126953125,610.9129028320312,146.8916015625,511.3849182128906,373.31097412109375,204.55397033691406,167.70689392089844,0.0,125.24234008789062,67.08275604248047,0.20124825835227966,100.62413024902344,578.4676742553711,430.6216889321804,147.8459853231907
68,3,18,10,2026,TERM_LIFE,20,True,91916.0,0.00229,0.07408182,0.9237978,0.91188204,0.8188965,0.8638376,0.90702945,0.0,110.25,9.792777,55.125,165.375,175.16777,148.8976,108.31873,0.0,0.7427632,436.4854,597.92523,489.63885,357.43637,172.36758,6434.12,0.0,132.81766,195.85555,68.94704,0.20684111,103.42055,432.30059814453125,558.5858764648438,126.2852783203125,444.1168518066406,324.205322265625,177.64674377441406,148.89759826660156,0.0,114.7328872680664,59.559043884277344,0.17867712676525116,89.33855438232422,503.67589569091797,381.89686255156994,121.77903313934803
68,4,18,10,2026,TERM_LIFE,21,True,91916.0,0.00233,0.063762814,0.9340558,0.9237978,0.75649476,0.82270247,0.8638376,0.0,115.7625,9.046546,57.88125,173.64374,182.69028,133.28944,101.17979,0.0,0.65348864,436.4854,597.92523,452.3273,330.1989,162.01416,5514.9604,0.0,129.39195,180.93092,64.805664,0.194417,97.208496,407.7257995605469,517.1329345703125,109.40713500976562,390.7373352050781,285.2382507324219,156.29493713378906,133.28944396972656,0.0,106.45108032226562,53.31578063964844,0.15994735062122345,79.97367095947266,444.05311584472656,342.87963576614857,101.173480078578
68,5,18,10,2026,TERM_LIFE,22,True,91916.0,0.00236,0.054881163,0.9428884,0.9340558,0.7066083,0.7835262,0.82270247,0.0,121.55062,8.449979,60.77531,182.32593,190.77591,120.097885,95.40411,0.0,0.5813284,436.4854,597.92523,422.49893,308.42422,153.27872,4595.8003,0.0,127.40565,168.99957,61.31149,0.18393448,91.967224,388.5563659667969,483.8104248046875,95.25405883789062,347.5909118652344,253.74136352539062,139.03636169433594,120.09788513183594,0.0,99.8256607055664,48.03915786743164,0.14411747455596924,72.05873107910156,395.630069732666,311.0648709535599,84.56519877910614
68,6,18,10,2026,TERM_LIFE,23,True,91916.0,0.00239,0.047236655,0.9504862,0.9428884,0.66625273,0.7462154,0.7835262,0.0,127.62816,7.9673862,63.81408,191.44223,199.40962,109.2175,90.68302,0.0,0.5220265,436.4854,597.92523,398.36932,290.8096,146.3619,3676.6401,0.0,126.581474,159.34773,58.544758,0.17563426,87.81714,373.9219665527344,456.9140930175781,82.99212646484375,312.1327819824219,227.85693359375,124.85311889648438,109.21749877929688,0.0,94.45704650878906,43.6870002746582,0.13106098771095276,65.53050231933594,355.8197822570801,284.9717287123203,70.84805354475975
68,7,18,10,2026,TERM_LIFE,24,True,91916.0,0.00241,0.040656965,0.957031,0.9504862,0.633264,0.7106813,0.7462154,0.0,134.00957,7.5728903,67.00478,201.01434,208.58723,99.69373,86.7882,0.0,0.47255135,436.4854,597.92523,378.64453,276.4105,140.2791,2757.4802,0.0,126.720375,151.45781,56.11164,0.16833493,84.16746,362.51397705078125,434.75616455078125,72.2421875,282.5503845214844,206.2617645263672,113.02014923095703,99.69373321533203,0.0,90.05780029296875,39.87749481201172,0.11963248997926712,59.81623840332031,322.4278793334961,263.01382041722536,59.41405891627073
68,8,18,10,2026,TERM_LIFE,25,True,91916.0,0.00243,0.034993775,0.96266127,0.957031,0.6060533,0.67683935,0.7106813,0.0,140.71004,7.247491,70.35502,211.06506,218.31256,91.62074,83.54931,0.0,0.43071076,436.4854,597.92523,362.37454,264.53342,135.36557,1838.3201,0.0,127.67905,144.94981,54.14623,0.16243869,81.219345,354.0106506347656,416.5207824707031,62.5101318359375,257.5328063964844,187.99896240234375,103.01312255859375,91.62074279785156,0.0,86.41820526123047,36.64830017089844,0.1099448949098587,54.972450256347656,294.1811065673828,244.51372297108173,49.66738359630108
68,9,18,10,2026,TERM_LIFE,26,True,91916.0,0.00246,0.030119421,0.96749467,0.96266127,0.58342403,0.6446089,0.67683935,0.0,147.74554,6.976879,73.87277,221.61832,228.5952,85.03679,80.835945,0.0,0.39488435,436.4854,597.92523,348.84396,254.65608,131.91997,919.1603,0.0,129.35097,139.53758,52.767986,0.15830396,79.15198,348.1988220214844,401.6119384765625,53.413116455078125,236.111328125,172.3612518310547,94.44452667236328,85.03678894042969,0.0,83.38078308105469,34.014713287353516,0.10204414278268814,51.022071838378906,270.1260414123535,228.94942573457956,41.17661567777395
68,10,18,10,2026,TERM_LIFE,27,True,91916.0,0.00249,0.025924027,0.97165054,0.96749467,0.5644596,0.61391324,0.6446089,0.0,155.13281,6.7500925,77.56641,232.69922,239.44931,79.31044,78.546646,0.0,0.3638557,436.4854,597.92523,337.50464,246.37839,129.18835,0.0,6.38712,131.6556,135.00186,51.675343,0.15502603,77.513016,350.7126159667969,389.17999267578125,38.467376708984375,217.55850219726562,158.8177032470703,87.02340698242188,79.31044006347656,3.9211373329162598,80.82511138916016,31.72417640686035,0.09517253190279007,47.586265563964844,249.28267860412598,219.45109380036592,29.83158480376005
69,1,18,10,2026,TERM_LIFE,18,True,48194.973,0.00219,0.1,0.89802897,1.0,1.0,0.95238096,1.0,500.0,100.0,9.301869,50.0,650.0,659.3019,100.52094,557.1429,0.0,1.0,339.51825,465.09348,465.09348,339.51825,105.54699,4337.548,0.0,593.3717,186.0374,42.218796,0.1266564,63.328194,842.8639526367188,507.312255859375,-335.55169677734375,465.0934753417969,339.51824951171875,186.0373992919922,100.52094268798828,0.0,565.1159057617188,40.208377838134766,0.12062513828277588,60.312564849853516,505.30185317993164,811.5864950418472,-306.2846418619156
69,2,18,10,2026,TERM_LIFE,19,True,48194.973,0.00224,0.0860708,0.91188204,0.89802897,0.89802897,0.90702945,0.95238096,0.0,104.99999,8.353348,52.499996,157.49998,165.85333,87.93495,117.247826,0.0,0.8552657,339.51825,465.09348,417.66742,304.89722,96.94829,3855.5981,0.0,136.12163,167.06697,38.779316,0.11633795,58.168972,361.4739074707031,456.4467468261719,94.97283935546875,397.77850341796875,290.3782958984375,159.1114044189453,87.93495178222656,0.0,123.46632385253906,35.173980712890625,0.10552194714546204,52.76097106933594,432.9524841308594,335.4442212879658,97.5082628428936
69,3,18,10,2026,TERM_LIFE,20,True,48194.973,0.00229,0.07408182,0.9237978,0.91188204,0.8188965,0.8638376,0.90702945,0.0,110.25,7.617268,55.125,165.375,172.99226,78.07255,108.31873,0.0,0.7427632,339.51825,465.09348,380.8634,278.0303,90.37873,3373.6482,0.0,131.16812,152.34537,36.151493,0.10845448,54.227238,337.84918212890625,417.014892578125,79.16571044921875,345.4543151855469,252.18167114257812,138.18173217773438,78.07254791259766,0.0,113.30795288085938,31.229019165039062,0.09368705749511719,46.843528747558594,376.68333435058594,298.42690086364746,78.25643348693848
69,4,18,10,2026,TERM_LIFE,21,True,48194.973,0.00233,0.063762814,0.9340558,0.9237978,0.75649476,0.82270247,0.8638376,0.0,115.7625,7.0368156,57.88125,173.64374,180.68056,69.88861,101.17979,0.0,0.65348864,339.51825,465.09348,351.8408,256.84378,84.95004,2891.6987,0.0,127.96855,140.73631,33.98002,0.10194006,50.970024,319.77679443359375,385.82080078125,66.04400634765625,303.93328857421875,221.87130737304688,121.57331848144531,69.88861083984375,0.0,105.28004455566406,27.9554443359375,0.08386633545160294,41.93316650390625,331.88873291015625,268.8703958764672,63.01833703368902
69,5,18,10,2026,TERM_LIFE,22,True,48194.973,0.00236,0.054881163,0.9428884,0.9340558,0.7066083,0.7835262,0.82270247,0.0,121.55062,6.572778,60.77531,182.32593,188.89871,62.97178,95.40411,0.0,0.5813284,339.51825,465.09348,328.63892,239.90642,80.36972,2409.7488,0.0,126.152,131.45557,32.14789,0.09644367,48.221832,305.92584228515625,360.78680419921875,54.8609619140625,270.3720397949219,197.37159729003906,108.14881896972656,62.971778869628906,0.0,98.84339904785156,25.188711166381836,0.0755661353468895,37.7830696105957,295.5607509613037,244.85085376352072,50.70989719778299
69,6,18,10,2026,TERM_LIFE,23,True,48194.973,0.00239,0.047236655,0.9504862,0.9428884,0.66625273,0.7462154,0.7835262,0.0,127.62816,6.1973963,63.81408,191.44223,197.63963,57.26679,90.68302,0.0,0.5220265,339.51825,465.09348,309.8698,226.20496,76.74297,1927.799,0.0,125.45792,123.94793,30.69719,0.09209157,46.045784,295.5437316894531,340.5670166015625,45.023284912109375,242.79110717773438,177.2375030517578,97.11644744873047,57.266788482666016,0.0,93.6186294555664,22.906715393066406,0.06872014701366425,34.36007308959961,265.6978225708008,225.16387014091015,40.53395242989063
69,7,18,10,2026,TERM_LIFE,24,True,48194.973,0.00241,0.040656965,0.957031,0.9504862,0.633264,0.7106813,0.7462154,0.0,134.00957,5.8905387,67.00478,201.01434,206.90488,52.273125,86.7882,0.0,0.47255135,339.51825,465.09348,294.52695,215.00468,73.553535,1445.8494,0.0,125.69832,117.81078,29.421415,0.08826425,44.13212,287.7294921875,323.9483642578125,36.2188720703125,219.78054809570312,160.43980407714844,87.91222381591797,52.27312469482422,0.0,89.3314437866211,20.909250259399414,0.06272775679826736,31.363872528076172,240.68979835510254,208.6702678874135,32.01953046768904
69,8,18,10,2026,TERM_LIFE,25,True,48194.973,0.00243,0.034993775,0.96266127,0.957031,0.6060533,0.67683935,0.7106813,0.0,140.71004,5.6374283,70.35502,211.06506,216.70248,48.040157,83.54931,0.0,0.43071076,339.51825,465.09348,281.87143,205.76616,70.977196,963.8995,0.0,126.737404,112.74857,28.390879,0.08517264,42.58632,282.157470703125,310.2622985839844,28.104827880859375,200.3207550048828,146.23416137695312,80.12830352783203,48.040157318115234,0.0,85.7808609008789,19.216064453125,0.0576481930911541,28.8240966796875,219.5368194580078,194.7909093014896,24.74591015651822
69,9,18,10,2026,TERM_LIFE,26,True,48194.973,0.00246,0.030119421,0.96749467,0.96266127,0.58342403,0.6446089,0.67683935,0.0,147.74554,5.4269342,73.87277,221.61832,227.04526,44.587948,80.835945,0.0,0.39488435,339.51825,465.09348,271.3467,198.0831,69.17054,481.94986,0.0,128.47392,108.53869,27.668217,0.08300465,41.502323,278.5979309082031,299.0149230957031,20.4169921875,183.6581268310547,134.0704345703125,73.4632568359375,44.587947845458984,0.0,82.81543731689453,17.83517837524414,0.053505539894104004,26.75276756286621,201.49330520629883,183.08496725559235,18.408337950706482
69,10,18,10,2026,TERM_LIFE,27,True,48194.973,0.00249,0.025924027,0.97165054,0.96749467,0.5644596,0.61391324,0.6446089,0.0,155.13281,5.25053,77.56641,232.69922,237.94975,41.585407,78.546646,0.0,0.3638557,339.51825,465.09348,262.5265,191.64435,67.73825,0.0,4.968193,130.8311,105.0106,27.0953,0.0812859,40.642952,281.5341491699219,289.6217956542969,8.087646484375,169.22691345214844,123.53565216064453,67.69076538085938,41.58540725708008,3.050039529800415,80.3189468383789,16.63416290283203,0.04990249127149582,24.95124626159668,185.86107635498047,176.06090050190687,9.800175853073597
70,1,24,10,2026,TERM_LIFE,24,True,63977.67,0.00241,0.1,0.89783096,1.0,1.0,0.95238096,1.0,500.0,100.0,10.611813,50.0,650.0,660.6118,146.844,557.1429,0.0,1.0,387.33118,530.59064,530.59064,387.33118,154.18619,5757.99,0.0,594.5506,212.23625,61.674477,0.18502343,92.51171,899.4835815429688,592.26513671875,-307.21844482421875,530.5906372070312,387.3311767578125,212.2362518310547,146.843994140625,0.0,566.2386474609375,58.73759841918945,0.17621278762817383,88.10639190673828,589.3282356262207,866.7575039863586,-277.42926836013794
70,2,24,10,2026,TERM_LIFE,25,True,63977.67,0.00243,0.0860708,0.91170835,0.89783096,0.89783096,0.90702945,0.95238096,0.0,104.99999,9.527614,52.499996,157.49998,167.0276,126.60494,117.22197,0.0,0.8550771,387.33118,530.59064,476.3807,347.75793,139.58195,5118.214,0.0,137.05516,190.55229,55.832783,0.16749835,83.749176,411.5241394042969,532.2135009765625,120.68936157226562,453.6959228515625,331.1980285644531,181.47837829589844,126.60494232177734,0.0,124.31306457519531,50.6419792175293,0.1519259363412857,75.96296691894531,504.3379020690918,381.90633572638035,122.43156634271145
70,3,24,10,2026,TERM_LIFE,26,True,63977.67,0.00246,0.07408182,0.92364043,0.91170835,0.81856,0.8638376,0.90702945,0.0,110.25,8.686405,55.125,165.375,174.0614,111.287445,108.274216,0.0,0.74245805,387.33118,530.59064,434.32028,317.0538,128.82913,4478.437,0.0,131.92455,173.72812,51.531654,0.15459497,77.29748,383.104736328125,485.8519287109375,102.7471923828125,393.9412841796875,287.5771484375,157.57652282714844,111.28744506835938,0.0,113.96138000488281,44.51498031616211,0.1335449516773224,66.77246856689453,438.4562644958496,338.4439163506031,100.0123481452465
70,4,24,10,2026,TERM_LIFE,27,True,63977.67,0.00249,0.063762814,0.933906,0.92364043,0.7560551,0.82270247,0.8638376,0.0,115.7625,8.023115,57.88125,173.64374,181.66685,99.088684,101.12098,0.0,0.65310884,387.33118,530.59064,401.15576,292.84372,120.44292,3838.6604,0.0,128.59233,160.46231,48.177166,0.1445315,72.26575,361.46490478515625,449.3329162597656,87.86801147460938,346.5334167480469,252.96942138671875,138.61337280273438,99.08868408203125,0.0,105.79322814941406,39.635475158691406,0.1189064234495163,59.453208923339844,386.1688919067383,303.9787162989378,82.19017560780048
70,5,24,10,2026,TERM_LIFE,28,True,63977.67,0.0025300002,0.054881163,0.9427277,0.933906,0.70608443,0.7835262,0.82270247,0.0,121.55062,7.4928355,60.77531,182.32593,189.81876,89.54867,95.33339,0.0,0.5808974,387.33118,530.59064,374.64178,273.48853,114.28931,3198.8835,0.0,126.672455,149.85672,45.715725,0.13714717,68.57358,345.2398986816406,420.3575134277344,75.11761474609375,308.2187194824219,224.9996795654297,123.28749084472656,89.54866790771484,0.0,99.25118255615234,35.81946563720703,0.10745839774608612,53.72919464111328,344.0381851196289,276.3753264397383,67.66285867989063
70,6,24,10,2026,TERM_LIFE,29,True,63977.67,0.00258,0.047236655,0.9503052,0.9427277,0.66564536,0.7462154,0.7835262,0.0,127.62816,7.063704,63.81408,191.44223,198.50594,81.988945,90.60036,0.0,0.5215506,387.33118,530.59064,353.1852,257.8252,109.873024,2559.1067,0.0,125.89296,141.2741,43.94921,0.13184763,65.92381,333.22271728515625,397.1344299316406,63.911712646484375,276.7298583984375,202.01278686523438,110.69194793701172,81.98894500732422,0.0,93.94326782226562,32.79557800292969,0.0983867347240448,49.193363189697266,309.5254364013672,253.92696568369865,55.59847071766853
70,7,24,10,2026,TERM_LIFE,30,True,63977.67,0.00263,0.040656965,0.95681995,0.9503052,0.6325663,0.7106813,0.7462154,0.0,134.00957,6.7126746,67.00478,201.01434,207.72702,75.642365,86.69257,0.0,0.4720307,387.33118,530.59064,335.63373,245.01263,106.43641,1919.3302,0.0,126.05874,134.2535,42.574566,0.1277237,63.861843,324.3017883300781,378.2082824707031,53.906494140625,250.45506286621094,182.8321990966797,100.18202209472656,75.64236450195312,0.0,89.58759307861328,30.256948471069336,0.09077084064483643,45.38541793823242,280.7120113372803,235.2458039522171,45.46620738506317
70,8,24,10,2026,TERM_LIFE,31,True,63977.67,0.00269,0.034993775,0.96241033,0.95681995,0.605252,0.67683935,0.7106813,0.0,140.71004,6.422821,70.35502,211.06506,217.48788,70.50219,83.43885,0.0,0.4301413,387.33118,530.59064,321.14105,234.43298,104.16384,1279.5533,0.0,127.02858,128.45642,41.66554,0.124996625,62.498302,318.1083068847656,362.80657958984375,44.698272705078125,228.22894287109375,166.60714721679688,91.29158020019531,70.50218963623047,0.0,85.97794342041016,28.200876235961914,0.08460263162851334,42.30131149291992,256.42981910705566,219.6554377451539,36.77438136190176
70,9,24,10,2026,TERM_LIFE,32,True,63977.67,0.00275,0.030119421,0.96721345,0.96241033,0.5825008,0.6446089,0.67683935,0.0,147.74554,6.18139,73.87277,221.61832,227.79971,66.06234,80.70803,0.0,0.39425948,387.33118,530.59064,309.0695,225.62073,102.484375,639.77686,0.0,128.69687,123.6278,40.99375,0.12298126,61.490623,313.93829345703125,350.063232421875,36.12493896484375,209.19039916992188,152.708984375,83.67616271972656,66.06233978271484,0.0,82.95915222167969,26.424938201904297,0.07927481830120087,39.63740539550781,235.61533737182617,206.35199515521526,29.26334221661091
70,10,24,10,2026,TERM_LIFE,33,True,63977.67,0.00282,0.025924027,0.9713291,0.96721345,0.56340265,0.61391324,0.6446089,0.0,155.13281,5.9787235,77.56641,232.69922,238.67795,62.402706,78.39957,0.0,0.36317438,387.33118,530.59064,298.9362,218.22342,101.64744,0.0,5.6572294,130.98575,119.57448,40.658978,0.121976934,60.98846,317.3279113769531,339.59515380859375,22.267242431640625,192.69692993164062,140.66876220703125,77.07877349853516,62.402706146240234,3.473047971725464,80.41388702392578,24.961084365844727,0.07488325238227844,37.44162368774414,217.65801429748535,198.48221543431282,19.17579886317253
71,1,37,10,2026,TERM_LIFE,37,True,23699.307,0.0033,0.1,0.89703,1.0,1.0,0.95238096,1.0,500.0,100.0,9.050324,50.0,650.0,659.05035,74.483536,557.1429,0.0,1.0,330.33685,452.51624,452.51624,330.33685,78.20771,2132.9375,0.0,593.1453,181.0065,31.283085,0.09384926,46.924625,821.1702880859375,483.79931640625,-337.3709716796875,452.5162353515625,330.33685302734375,181.00650024414062,74.48353576660156,0.0,564.9003295898438,29.793415069580078,0.08938024193048477,44.690120697021484,482.3096504211426,790.6863307729363,-308.37668035179377
71,2,37,10,2026,TERM_LIFE,38,True,23699.307,0.0035100002,0.0860708,0.91072136,0.89703,0.89703,0.90702945,0.95238096,0.0,104.99999,8.118412,52.499996,157.49998,165.6184,67.68168,117.11741,0.0,0.85431427,330.33685,452.51624,405.92062,296.32205,74.61906,1895.9446,0.0,135.77759,162.36826,29.847624,0.089542866,44.77143,343.0068054199219,435.76824951171875,92.76144409179688,386.591064453125,282.21148681640625,154.6364288330078,67.68167877197266,0.0,123.1542739868164,27.072673797607422,0.08121801912784576,40.609004974365234,413.6637382507324,318.4809258133173,95.18281243741512
71,3,37,10,2026,TERM_LIFE,39,True,23699.307,0.0037500001,0.07408182,0.92244595,0.91072136,0.81694436,0.8638376,0.90702945,0.0,110.25,7.3936114,55.125,165.375,172.76862,62.717896,108.06052,0.0,0.7409926,330.33685,452.51624,369.68057,269.86682,72.603806,1658.9514,0.0,130.68626,147.87224,29.041523,0.08712457,43.562283,322.2079162597656,398.72210693359375,76.51419067382812,335.3111572265625,244.77716064453125,134.12448120117188,62.7178955078125,0.0,112.89170837402344,25.087160110473633,0.07526148110628128,37.6307373046875,360.39831733703613,284.7221883609891,75.67612897604704
71,4,37,10,2026,TERM_LIFE,40,True,23699.307,0.00403,0.063762814,0.9324642,0.92244595,0.753587,0.82270247,0.8638376,0.0,115.7625,6.8202066,57.88125,173.64374,180.46394,59.212975,100.79088,0.0,0.6509768,330.33685,452.51624,341.01035,248.93756,71.97374,1421.9585,0.0,127.323845,136.40414,28.789495,0.08636849,43.184242,306.99859619140625,369.7998352050781,62.801239013671875,294.5775451660156,215.0416259765625,117.8310317993164,59.212974548339844,0.0,104.74964141845703,23.68518829345703,0.071055568754673,35.52778244018555,318.26273345947266,258.17951122671366,60.083222232759
71,5,37,10,2026,TERM_LIFE,41,True,23699.307,0.00434,0.054881163,0.94101703,0.9324642,0.70269287,0.7835262,0.82270247,0.0,121.55062,6.359598,60.77531,182.32593,188.68553,56.62972,94.87546,0.0,0.5781072,330.33685,452.51624,317.97992,232.12535,72.27547,1184.9653,0.0,125.31139,127.19197,28.910187,0.08673056,43.36528,295.95538330078125,346.8901062011719,50.934722900390625,261.6028747558594,190.9700927734375,104.64115142822266,56.62971878051758,0.0,98.18476104736328,22.651887893676758,0.06795566529035568,33.97783279418945,284.25476264953613,236.87170093506575,47.38306171447039
71,6,37,10,2026,TERM_LIFE,42,True,23699.307,0.00467,0.047236655,0.9483139,0.94101703,0.66124594,0.7462154,0.7835262,0.0,127.62816,5.9844904,63.81408,191.44223,197.42673,54.610954,90.00156,0.0,0.5181035,330.33685,452.51624,299.22452,218.4339,73.1839,947.9722,0.0,124.38099,119.68981,29.27356,0.08782068,43.91034,288.0689697265625,328.4980773925781,40.429107666015625,234.4502410888672,171.148681640625,93.78009796142578,54.61095428466797,0.0,92.81501007080078,21.84438133239746,0.06553314626216888,32.766571044921875,256.29462242126465,219.4272122234106,36.86741019785404
71,7,37,10,2026,TERM_LIFE,43,True,23699.307,0.00503,0.040656965,0.95451754,0.9483139,0.6270687,0.7106813,0.7462154,0.0,134.00957,5.675175,67.00478,201.01434,206.68951,53.12435,85.93914,0.0,0.46792832,330.33685,452.51624,283.75876,207.1439,74.7513,710.97925,0.0,124.339035,113.5035,29.900518,0.089701556,44.850777,282.78302001953125,313.6592712402344,30.876251220703125,211.7451629638672,154.573974609375,84.69805908203125,53.124351501464844,0.0,88.36543273925781,21.249740600585938,0.06374921649694443,31.874608993530273,232.99490356445312,205.00185003131628,27.993053533136845
71,8,37,10,2026,TERM_LIFE,44,True,23699.307,0.0054200003,0.034993775,0.95977587,0.95451754,0.59854805,0.67683935,0.7106813,0.0,140.71004,5.417054,70.35502,211.06506,216.48212,52.037876,82.51466,0.0,0.42537692,330.33685,452.51624,270.85272,197.72247,76.883644,473.9861,0.0,125.04064,108.34109,30.753458,0.092260376,46.130188,279.60418701171875,301.6061706542969,22.001983642578125,192.48997497558594,140.51766967773438,76.99598693847656,52.03787612915039,0.0,84.6324234008789,20.81515121459961,0.06244545429944992,31.222726821899414,213.30512619018555,192.91358261555433,20.391543574631214
71,9,37,10,2026,TERM_LIFE,45,True,23699.307,0.0058500003,0.030119421,0.96420676,0.95977587,0.57447195,0.6446089,0.67683935,0.0,147.74554,5.1991577,73.87277,221.61832,226.81747,51.34009,79.5956,0.0,0.3888252,330.33685,452.51624,259.9579,189.76926,79.64533,236.99312,1.6151044,126.37571,103.983154,31.858133,0.0955744,47.7872,279.85675048828125,291.8160095214844,11.959259033203125,175.94972229003906,128.44329833984375,70.37989044189453,51.340091705322266,1.0411107540130615,81.46290588378906,20.53603744506836,0.06160810962319374,30.80405616760254,196.48575973510742,183.7495713569224,12.736188378185034
71,10,37,10,2026,TERM_LIFE,46,True,23699.307,0.0063300002,0.025924027,0.96791005,0.96420676,0.5539097,0.61391324,0.6446089,0.0,155.13281,5.0130625,77.56641,232.69922,237.71228,51.013523,77.07858,0.0,0.35705516,330.33685,452.51624,250.65314,182.97679,83.09566,0.0,4.743495,128.25769,100.26125,33.238262,0.09971479,49.857395,283.21954345703125,283.8913879394531,0.671844482421875,161.5732421875,117.94847106933594,64.6292953491211,51.01352310180664,2.9120943546295166,78.73909759521484,20.40540885925293,0.06121623143553734,30.60811424255371,181.97865104675293,176.9498177729547,5.028833273798227
72,1,45,10,2026,TERM_LIFE,45,True,127530.4,0.0058500003,0.1,0.894735,1.0,1.0,0.95238096,1.0,500.0,100.0,33.165028,50.0,650.0,683.16504,710.52655,557.1429,0.0,1.0,1210.5236,1658.2515,1658.2515,1210.5236,746.05286,11477.735,0.0,614.8485,663.3006,298.42114,0.8952635,447.6317,1726.676025390625,1956.672607421875,229.99658203125,1658.25146484375,1210.5235595703125,663.3005981445312,710.5265502929688,0.0,585.5700073242188,284.2106018066406,0.8526319265365601,426.31591796875,1942.4620666503906,1676.0391553640366,266.42291128635406
72,2,45,10,2026,TERM_LIFE,46,True,127530.4,0.0063300002,0.0860708,0.90814406,0.894735,0.894735,0.90702945,0.95238096,0.0,104.99999,29.67391,52.499996,157.49998,187.17389,655.1387,116.81777,0.0,0.85212857,1210.5236,1658.2515,1483.6956,1083.0978,722.2904,10202.433,0.0,153.05667,593.4782,288.91617,0.8667485,433.37424,1180.77587890625,1772.6116943359375,591.8358154296875,1413.0433349609375,1031.521728515625,565.2173461914062,655.138671875,0.0,138.826904296875,262.05548095703125,0.7861664295196533,393.08319091796875,1675.0988159179688,1097.9136078357697,577.1852080821991
72,3,45,10,2026,TERM_LIFE,47,True,127530.4,0.00686,0.07408182,0.91956633,0.90814406,0.8125483,0.8638376,0.90702945,0.0,110.25,26.948189,55.125,165.375,192.32318,614.0718,107.47903,0.0,0.73700523,1210.5236,1658.2515,1347.4094,983.6088,710.8648,8927.128,0.0,144.69496,538.9638,284.34592,0.8530378,426.5189,1111.03076171875,1631.75537109375,520.724609375,1222.1400146484375,892.1621704101562,488.8560485839844,614.07177734375,0.0,124.99295043945312,245.62869262695312,0.7368860840797424,368.44305419921875,1467.7687072753906,983.028939306736,484.73976796865463
72,4,45,10,2026,TERM_LIFE,48,True,127530.4,0.00745,0.063762814,0.9292623,0.91956633,0.747192,0.82270247,0.8638376,0.0,115.7625,24.780643,57.88125,173.64374,198.42438,584.0433,99.93556,0.0,0.64545256,1210.5236,1658.2515,1239.0322,904.4935,709.90826,7651.824,0.0,138.80757,495.61288,283.96332,0.85189,425.94495,1061.21728515625,1522.99560546875,461.7783203125,1070.3226318359375,781.3355102539062,428.1290588378906,584.0432739257812,0.0,114.19733428955078,233.61732482910156,0.7008520364761353,350.42596435546875,1303.939956665039,893.4532095193863,410.48674714565277
72,5,45,10,2026,TERM_LIFE,49,True,127530.4,0.0081001,0.054881163,0.9374633,0.9292623,0.69433737,0.7835262,0.82270247,0.0,121.55062,23.02772,60.77531,182.32593,205.35365,561.98944,93.74733,0.0,0.5712331,1210.5236,1658.2515,1151.386,840.5117,717.2567,6376.52,0.0,134.7595,460.5544,286.90268,0.86070806,430.35403,1026.5286865234375,1438.2886962890625,411.760009765625,947.2481079101562,691.4910888671875,378.8992614746094,561.9894409179688,0.0,105.58760070800781,224.79576110839844,0.6743872761726379,337.19366455078125,1172.0438690185547,822.3549140095711,349.6889550089836
72,6,45,10,2026,TERM_LIFE,50,True,127530.4,0.00882,0.047236655,0.94435996,0.9374633,0.6509158,0.7462154,0.7835262,0.0,127.62816,21.58764,63.81408,191.44223,213.02988,546.3505,88.59553,0.0,0.5100096,1210.5236,1658.2515,1079.3821,787.9489,732.1619,5101.216,0.0,132.11446,431.75284,292.86478,0.87859434,439.29715,1004.0430297851562,1372.246826171875,368.20379638671875,845.72412109375,617.3786010742188,338.2896423339844,546.3505249023438,0.0,98.58584594726562,218.5402069091797,0.6556206345558167,327.810302734375,1064.2643280029297,765.3414116501808,298.92291635274887
72,7,45,10,2026,TERM_LIFE,51,True,127530.4,0.0096099,0.040656965,0.95012385,0.94435996,0.6146988,0.7106813,0.7462154,0.0,134.00957,20.386505,67.00478,201.01434,221.40085,535.3895,84.24386,0.0,0.45869774,1210.5236,1658.2515,1019.32526,744.1074,753.34686,3825.912,0.0,130.56163,407.7301,301.33875,0.90401626,452.00812,991.203857421875,1320.6640625,329.460205078125,760.63623046875,555.264404296875,304.2544860839844,535.3895263671875,0.0,92.78771209716797,214.15582275390625,0.6424674391746521,321.2337341308594,974.7920532226562,718.9183997511864,255.87365347146988
72,8,45,10,2026,TERM_LIFE,52,True,127530.4,0.0104600005,0.034993775,0.95491225,0.95012385,0.58404,0.67683935,0.7106813,0.0,140.71004,19.369703,70.35502,211.06506,230.43477,527.3192,80.514595,0.0,0.4150663,1210.5236,1658.2515,968.48517,706.99414,779.09064,2550.608,0.0,129.87355,387.39407,311.63626,0.9349088,467.45438,985.656982421875,1280.1214599609375,294.4644775390625,688.2843017578125,502.4475402832031,275.313720703125,527.3192138671875,0.0,87.90352630615234,210.9276885986328,0.632783055305481,316.3915100097656,899.2119903564453,680.2415400743484,218.97045028209686
72,9,45,10,2026,TERM_LIFE,53,True,127530.4,0.01139,0.030119421,0.9588337,0.95491225,0.55770695,0.6446089,0.67683935,0.0,147.74554,18.496367,73.87277,221.61832,240.11469,522.20355,77.27274,0.0,0.377478,1210.5236,1658.2515,924.81836,675.11743,810.1091,1275.3043,0.0,129.88023,369.92734,324.04364,0.97213095,486.06543,986.8451538085938,1248.862060546875,262.01690673828125,625.9534301757812,456.946044921875,250.38137817382812,522.2035522460938,0.0,83.72195434570312,208.8814239501953,0.6266442537307739,313.3221130371094,834.8348541259766,648.0520898103714,186.78276431560516
72,10,45,10,2026,TERM_LIFE,54,True,127530.4,0.0124,0.025924027,0.96199745,0.9588337,0.5347482,0.61391324,0.6446089,0.0,155.13281,17.73494,77.56641,232.69922,250.43416,519.1487,74.412186,0.0,0.34470347,1210.5236,1658.2515,886.747,647.3253,845.6385,0.0,16.781279,130.44748,354.69882,338.2554,1.0147662,507.3831,1010.325439453125,1225.00244140625,214.677001953125,571.6050415039062,417.27166748046875,228.64202880859375,519.148681640625,10.30224895477295,80.08343505859375,207.6594696044922,0.6229783892631531,311.48919677734375,779.2645111083984,631.1398879885674,148.12462311983109
73,1,38,10,2026,TERM_LIFE,38,True,29357.021,0.0035100002,0.1,0.896841,1.0,1.0,0.95238096,1.0,500.0,100.0,9.937041,50.0,650.0,659.937,98.13634,557.1429,0.0,1.0,362.70203,496.85208,496.85208,362.70203,103.04315,2642.1318,0.0,593.9433,198.74083,41.217262,0.12365179,61.82589,854.6336669921875,538.0693359375,-316.5643310546875,496.8520812988281,362.7020263671875,198.74082946777344,98.13633728027344,0.0,565.6602783203125,39.25453567504883,0.11776360869407654,58.88180160522461,536.106616973877,823.4006730020046,-287.29405602812767
73,2,38,10,2026,TERM_LIFE,39,True,29357.021,0.0037500001,0.0860708,0.91050196,0.896841,0.896841,0.90702945,0.95238096,0.0,104.99999,8.911946,52.499996,157.49998,166.41193,89.55299,117.09272,0.0,0.85413426,362.70203,496.85208,445.59732,325.28604,98.73218,2348.5618,0.0,136.3994,178.23894,39.49287,0.11847861,59.239307,373.99609375,485.0901794433594,111.09408569335938,424.3783874511719,309.7962341308594,169.75137329101562,89.55299377441406,0.0,123.71826934814453,35.821197509765625,0.10746359080076218,53.73179626464844,460.1995849609375,347.30890249460936,112.89068246632814
73,3,38,10,2026,TERM_LIFE,40,True,29357.021,0.00403,0.07408182,0.92218673,0.91050196,0.81657547,0.8638376,0.90702945,0.0,110.25,8.114345,55.125,165.375,173.48935,83.45367,108.01173,0.0,0.740658,362.70203,496.85208,405.71722,296.17358,96.608055,2054.9915,0.0,131.17218,162.2869,38.643223,0.11592967,57.964832,351.5398254394531,444.3604431152344,92.82061767578125,367.9974670410156,268.6381530761719,147.19898986816406,83.45366668701172,0.0,113.31146240234375,33.3814697265625,0.1001444086432457,50.072200775146484,401.3789367675781,310.68279745429754,90.69613931328058
73,4,38,10,2026,TERM_LIFE,41,True,29357.021,0.00434,0.063762814,0.93217397,0.92218673,0.75303507,0.82270247,0.8638376,0.0,115.7625,7.4829407,57.88125,173.64374,181.12668,78.933205,100.717064,0.0,0.6505,362.70203,496.85208,374.14703,273.12735,95.9438,1761.4214,0.0,127.69784,149.65881,38.37752,0.11513256,57.56628,335.0380554199219,412.5245666503906,77.48651123046875,323.2022705078125,235.9376678466797,129.28091430664062,78.9332046508789,0.0,105.05732727050781,31.57328224182129,0.09471984207630157,47.359920501708984,354.7755527496338,281.7928819209337,72.98267082870007
73,5,38,10,2026,TERM_LIFE,42,True,29357.021,0.00467,0.054881163,0.9407051,0.93217397,0.70195967,0.7835262,0.82270247,0.0,121.55062,6.975402,60.77531,182.32593,189.30133,75.40403,94.776474,0.0,0.577504,362.70203,496.85208,348.7701,254.60219,96.23677,1467.8511,0.0,125.589195,139.50804,38.49471,0.11548413,57.74206,322.95477294921875,387.26483154296875,64.31005859375,286.93402099609375,209.46185302734375,114.77361297607422,75.4040298461914,0.0,98.40242004394531,30.161611557006836,0.09048484265804291,45.24241638183594,317.0956325531006,258.5089342445135,58.586698308587074
73,6,38,10,2026,TERM_LIFE,43,True,29357.021,0.00503,0.047236655,0.9479709,0.9407051,0.66033703,0.7462154,0.7835262,0.0,127.62816,6.561796,63.81408,191.44223,198.00403,72.76287,89.87784,0.0,0.5173913,362.70203,496.85208,328.0898,239.50558,97.50921,1174.2808,0.0,124.57323,131.23593,39.003685,0.11701106,58.505524,314.43170166015625,367.093505859375,52.66180419921875,257.06695556640625,187.6588897705078,102.82678985595703,72.76287078857422,0.0,92.95845794677734,29.10515022277832,0.08731545507907867,43.65772247314453,286.17210578918457,239.53028573095798,46.641820058226585
73,7,38,10,2026,TERM_LIFE,44,True,29357.021,0.0054200003,0.040656965,0.95414335,0.9479709,0.6259803,0.7106813,0.7462154,0.0,134.00957,6.220392,67.00478,201.01434,207.23474,70.78592,85.78997,0.0,0.46711615,362.70203,496.85208,311.01962,227.04433,99.6029,880.7107,0.0,124.450645,124.40785,39.84116,0.11952349,59.761738,308.7397766113281,350.86077880859375,42.121002197265625,232.08763122558594,169.42398071289062,92.83505249023438,70.78591918945312,0.0,88.44474792480469,28.314367294311523,0.08494310826063156,42.47154998779297,260.40199851989746,223.83629351109266,36.5657050088048
73,8,38,10,2026,TERM_LIFE,45,True,29357.021,0.0058500003,0.034993775,0.95936096,0.95414335,0.59727496,0.67683935,0.7106813,0.0,140.71004,5.935146,70.35502,211.06506,217.00021,69.4269,82.33915,0.0,0.42447215,362.70203,496.85208,296.7573,216.63284,102.57516,587.1404,0.0,125.073296,118.70292,41.030064,0.123090185,61.545094,305.44439697265625,337.787353515625,32.34295654296875,210.89987182617188,153.9569091796875,84.35994720458984,69.4269027709961,0.0,84.65452575683594,27.770761489868164,0.08331228047609329,41.6561393737793,238.67063331604004,210.75392461568117,27.916708700358868
73,9,38,10,2026,TERM_LIFE,46,True,29357.021,0.0063300002,0.030119421,0.96374124,0.95936096,0.5730023,0.6446089,0.67683935,0.0,147.74554,5.693948,73.87277,221.61832,227.31227,68.63859,79.39197,0.0,0.3878305,362.70203,496.85208,284.6974,207.82909,106.48098,293.57028,1.19311,126.32738,113.87896,42.592392,0.12777717,63.888588,305.4158020019531,327.289794921875,21.873992919921875,192.69439697265625,140.66690063476562,77.0777587890625,68.63858795166016,0.7690893411636353,81.43175506591797,27.455434799194336,0.08236630260944366,41.18315505981445,220.1498317718506,200.544124558568,19.605707213282585
73,10,38,10,2026,TERM_LIFE,47,True,29357.021,0.00686,0.025924027,0.9673938,0.96374124,0.55222595,0.61391324,0.6446089,0.0,155.13281,5.487492,77.56641,232.69922,238.1867,68.27472,76.844284,0.0,0.35596976,362.70203,496.85208,274.3746,200.29347,111.212326,0.0,5.1924133,128.12302,109.74984,44.484932,0.1334548,66.727394,309.9261169433594,318.8595275878906,8.93341064453125,176.86431884765625,129.1109619140625,70.7457275390625,68.27471923828125,3.1876912117004395,78.65641784667969,27.30988883972168,0.08192966878414154,40.9648323059082,204.17420768737793,193.63659857213497,10.537609115242958
74,1,30,10,2026,TERM_LIFE,30,True,51208.375,0.00263,0.1,0.89763296,1.0,1.0,0.95238096,1.0,500.0,100.0,10.312108,50.0,650.0,660.31213,128.26479,557.1429,0.0,1.0,376.39197,515.6054,515.6054,376.39197,134.67802,4608.7534,0.0,594.2809,206.24217,53.871212,0.16161363,80.80681,881.4915161132812,569.4766235351562,-312.014892578125,515.6054077148438,376.3919677734375,206.24217224121094,128.26478576660156,0.0,565.9818115234375,51.30591583251953,0.15391774475574493,76.9588623046875,566.9113235473633,849.3367638140917,-282.4254402667284
74,2,30,10,2026,TERM_LIFE,31,True,51208.375,0.00269,0.0860708,0.9114707,0.89763296,0.89763296,0.90702945,0.95238096,0.0,104.99999,9.256488,52.499996,157.49998,166.75647,112.15366,117.19613,0.0,0.85488856,376.39197,515.6054,462.8244,337.86185,123.649414,4096.67,0.0,136.8025,185.12976,49.459766,0.1483793,74.18965,396.2702941894531,512.2841796875,116.01388549804688,440.78515625,321.773193359375,176.31405639648438,112.1536636352539,0.0,124.08390045166016,44.86146545410156,0.13458439707756042,67.29219818115234,485.64662170410156,367.82473942637444,117.82188227772713
74,3,30,10,2026,TERM_LIFE,32,True,51208.375,0.00275,0.07408182,0.9233719,0.9114707,0.81816614,0.8638376,0.90702945,0.0,110.25,8.437017,55.125,165.375,173.81201,99.528465,108.22213,0.0,0.7421008,376.39197,515.6054,421.8509,307.95117,115.21664,3584.5862,0.0,131.67213,168.74036,46.086655,0.13825996,69.12998,369.6807556152344,467.93756103515625,98.25680541992188,382.6311950683594,279.3207702636719,153.05247497558594,99.5284652709961,0.0,113.74333953857422,39.81138610839844,0.11943415552377701,59.717079162597656,422.4425811767578,326.6323278322816,95.81025334447622
74,4,30,10,2026,TERM_LIFE,33,True,51208.375,0.00282,0.063762814,0.933597,0.9233719,0.75547165,0.82270247,0.8638376,0.0,115.7625,7.7905054,57.88125,173.64374,181.43425,89.75344,101.042946,0.0,0.6526048,376.39197,515.6054,389.52527,284.35345,109.09587,3072.5027,0.0,128.32857,155.8101,43.638348,0.13091505,65.45752,349.72711181640625,433.1636047363281,83.43649291992188,336.486572265625,245.6352081298828,134.59461975097656,89.7534408569336,0.0,105.57623291015625,35.90137481689453,0.10770413279533386,53.8520622253418,372.38794708251953,294.13061901926994,78.25732806324959
74,5,30,10,2026,TERM_LIFE,34,True,51208.375,0.0029000002,0.054881163,0.942378,0.933597,0.7053061,0.7835262,0.82270247,0.0,121.55062,7.2731924,60.77531,182.32593,189.59912,82.06731,95.228294,0.0,0.58025706,376.39197,515.6054,363.65964,265.47156,104.74099,2560.4187,0.0,126.38641,145.46385,41.896397,0.1256892,62.844593,334.820556640625,405.5560302734375,70.7354736328125,299.1836853027344,218.4040985107422,119.67346954345703,82.06730651855469,0.0,99.02706146240234,32.82692337036133,0.09848077595233917,49.24038314819336,332.0106086730957,268.0393949300051,63.97121374309063
74,6,30,10,2026,TERM_LIFE,35,True,51208.375,0.00301,0.047236655,0.9498955,0.942378,0.6646649,0.7462154,0.7835262,0.0,127.62816,6.8540964,63.81408,191.44223,198.29633,76.44947,90.4669,0.0,0.52078235,376.39197,515.6054,342.70483,250.17455,102.4496,2048.3347,0.0,125.57479,137.08194,40.97984,0.12293952,61.46976,324.2494201660156,383.6846618652344,59.43524169921875,268.5182189941406,196.018310546875,107.40728759765625,76.44947052001953,0.0,93.70584106445312,30.579788208007812,0.09173936396837234,45.86968231201172,299.09800720214844,247.07455033808947,52.02345686405897
74,7,30,10,2026,TERM_LIFE,36,True,51208.375,0.0031400002,0.040656965,0.9563307,0.9498955,0.6313622,0.7106813,0.7462154,0.0,134.00957,6.510675,67.00478,201.01434,207.52502,72.14797,86.52756,0.0,0.4711322,376.39197,515.6054,325.53375,237.63966,101.51945,1536.2513,0.0,125.69644,130.2135,40.60778,0.12182335,60.911667,316.94342041015625,366.14154052734375,49.1981201171875,242.91830444335938,177.33038330078125,97.16732025146484,72.1479721069336,0.0,89.33011627197266,28.85919189453125,0.08657757937908173,43.28878402709961,271.7774963378906,229.8727981299162,41.904698207974434
74,8,30,10,2026,TERM_LIFE,37,True,51208.375,0.0033,0.034993775,0.9618217,0.9563307,0.60379106,0.67683935,0.7106813,0.0,140.71004,6.2263584,70.35502,211.06506,217.29143,69.0601,83.23744,0.0,0.42910302,376.39197,515.6054,311.31793,227.2621,102.03322,1024.1674,0.0,126.60748,124.527176,40.81329,0.12243987,61.21993,312.4770202636719,352.1312255859375,39.654205322265625,221.24783325195312,161.51092529296875,88.49913787841797,69.06009674072266,0.0,85.69292449951172,27.624040603637695,0.08287212252616882,41.436058044433594,248.87187385559082,215.71099254488945,33.16088131070137
74,9,30,10,2026,TERM_LIFE,38,True,51208.375,0.0035100002,0.030119421,0.9664763,0.9618217,0.5807393,0.6446089,0.67683935,0.0,147.74554,5.9886465,73.87277,221.61832,227.60696,67.28615,80.46397,0.0,0.3930672,376.39197,515.6054,299.43234,218.58562,104.3829,512.08386,0.0,128.19913,119.77294,41.75316,0.12525947,62.629738,310.7270812988281,341.18548583984375,30.458404541015625,202.66758728027344,147.9473419189453,81.0670394897461,67.28614807128906,0.0,82.63829803466797,26.914457321166992,0.08074337244033813,40.37168884277344,229.58204460144043,204.15776973962784,25.42427486181259
74,10,30,10,2026,TERM_LIFE,39,True,51208.375,0.0037500001,0.025924027,0.97042316,0.9664763,0.5612708,0.61391324,0.6446089,0.0,155.13281,5.787885,77.56641,232.69922,238.4871,66.168564,78.102905,0.0,0.36180013,376.39197,515.6054,289.39426,211.25781,107.781624,0.0,5.476653,130.38576,115.757706,43.11265,0.12933795,64.668976,316.4184265136719,332.50689697265625,16.088470458984375,186.54611206054688,136.1786651611328,74.61844635009766,66.16856384277344,3.362189769744873,80.04553985595703,26.46742820739746,0.07940228283405304,39.701141357421875,213.01354026794434,197.8067196160555,15.206820651888847
75,1,49,10,2026,TERM_LIFE,49,True,67632.23,0.0081001,0.1,0.8927099,1.0,1.0,0.95238096,1.0,500.0,100.0,26.263979,50.0,650.0,676.264,521.7407,557.1429,0.0,1.0,958.6353,1313.199,1313.199,958.6353,547.82776,6086.9004,0.0,608.6376,525.2796,219.1311,0.6573933,328.69666,1463.2711181640625,1532.330078125,69.0589599609375,1313.198974609375,958.6353149414062,525.2796020507812,521.74072265625,0.0,579.6548461914062,208.6962890625,0.6260888576507568,313.04443359375,1521.895263671875,1418.6049706935883,103.29029297828674
75,2,49,10,2026,TERM_LIFE,50,True,67632.23,0.00882,0.0860708,0.90586835,0.8927099,0.8927099,0.90702945,0.95238096,0.0,104.99999,23.446115,52.499996,157.49998,180.9461,483.0077,116.55337,0.0,0.85019994,958.6353,1313.199,1172.3058,855.78326,532.516,5410.578,0.0,147.62917,468.92233,213.0064,0.63901913,319.50958,936.7000732421875,1385.3121337890625,448.612060546875,1116.481689453125,815.0316772460938,446.59271240234375,483.0076904296875,0.0,133.9040069580078,193.2030792236328,0.5796091556549072,289.8045959472656,1309.6847686767578,870.8809244632721,438.8038442134857
75,3,49,10,2026,TERM_LIFE,51,True,67632.23,0.0096099,0.07408182,0.9170202,0.90586835,0.8086777,0.8638376,0.90702945,0.0,110.25,21.239094,55.125,165.375,186.61409,454.0254,106.96705,0.0,0.73349446,958.6353,1313.199,1061.9547,775.227,525.5911,4734.256,0.0,139.73091,424.7819,210.23645,0.6307094,315.35468,880.4981689453125,1272.191162109375,391.6929931640625,963.2241821289062,703.1536865234375,385.2896728515625,454.025390625,0.0,120.70481872558594,181.6101531982422,0.5448305010795593,272.41522216796875,1144.8343353271484,778.9545442461967,365.8797910809517
75,4,49,10,2026,TERM_LIFE,52,True,67632.23,0.0104600005,0.063762814,0.9264442,0.9170202,0.74157375,0.82270247,0.8638376,0.0,115.7625,19.476677,57.88125,173.64374,193.12042,431.6011,99.18413,0.0,0.6405993,958.6353,1313.199,973.83386,710.8988,524.61383,4057.9338,0.0,134.08138,389.53354,209.84554,0.62953657,314.7683,839.0126953125,1183.679443359375,344.666748046875,841.2343139648438,614.1011352539062,336.49371337890625,431.6011047363281,0.0,110.30907440185547,172.64044189453125,0.5179212689399719,258.9606628417969,1013.874755859375,706.2813718914986,307.59338396787643
75,5,49,10,2026,TERM_LIFE,53,True,67632.23,0.01139,0.054881163,0.93435395,0.9264442,0.6870267,0.7835262,0.82270247,0.0,121.55062,18.044054,60.77531,182.32593,200.36998,414.6718,92.76026,0.0,0.56521857,958.6353,1313.199,902.20276,658.60803,529.238,3381.6113,0.0,130.10461,360.8811,211.69519,0.6350856,317.5428,809.16357421875,1113.89794921875,304.734375,742.2444458007812,541.8384399414062,296.89776611328125,414.67181396484375,0.0,101.94036865234375,165.8687286376953,0.49760618805885315,248.80308532714844,908.1131744384766,648.1388262808323,259.9743481576443
75,6,49,10,2026,TERM_LIFE,54,True,67632.23,0.0124,0.047236655,0.9409491,0.93435395,0.6419261,0.7462154,0.7835262,0.0,127.62816,16.859533,63.81408,191.44223,208.30176,401.72107,87.37195,0.0,0.5029659,958.6353,1313.199,842.9767,615.37305,538.34467,2705.2888,0.0,127.398125,337.19067,215.33788,0.6460136,323.00677,788.2415771484375,1058.3145751953125,270.072998046875,660.4943237304688,482.160888671875,264.1977233886719,401.7210693359375,0.0,95.06644439697266,160.68844604492188,0.4820653200149536,241.03262329101562,821.1827697753906,600.7788563966751,220.40391337871552
75,7,49,10,2026,TERM_LIFE,55,True,67632.23,0.0135,0.040656965,0.9463919,0.9409491,0.60401976,0.7106813,0.7462154,0.0,134.00957,15.863962,67.00478,201.01434,216.87831,391.93454,82.7803,0.0,0.45072886,958.6353,1313.199,793.1981,579.03467,551.4913,2028.9669,0.0,125.67277,317.27927,220.59651,0.66178954,330.89478,774.5086059570312,1013.7946166992188,239.2860107421875,591.8966674804688,432.0845947265625,236.75868225097656,391.9345397949219,0.0,89.31328582763672,156.77381896972656,0.4703214466571808,235.16073608398438,748.6704864501953,561.7030256092548,186.96746084094048
75,8,49,10,2026,TERM_LIFE,56,True,67632.23,0.01471,0.034993775,0.95081097,0.9463919,0.5716394,0.67683935,0.7106813,0.0,140.71004,15.013525,70.35502,211.06506,226.07858,384.92322,78.805084,0.0,0.40625346,958.6353,1313.199,750.6763,547.9937,568.7069,1352.6444,0.0,124.713,300.2705,227.48277,0.6824483,341.22412,766.8900756835938,978.1590576171875,211.26898193359375,533.4915771484375,389.4488830566406,213.39663696289062,384.9232177734375,0.0,84.4106674194336,153.96929931640625,0.46190789341926575,230.95391845703125,687.4608764648438,529.2231307327747,158.23774573206902
75,9,49,10,2026,TERM_LIFE,57,True,67632.23,0.01604,0.030119421,0.95432365,0.95081097,0.54352105,0.6446089,0.67683935,0.0,147.74554,14.275025,73.87277,221.61832,235.89334,380.07623,75.30721,0.0,0.36787644,958.6353,1313.199,713.7513,521.03845,589.623,676.32245,4.6216135,124.351295,285.50052,235.8492,0.7075476,353.7738,768.9547119140625,949.6004638671875,180.645751953125,483.0949401855469,352.6593322753906,193.2379913330078,380.07623291015625,2.979133367538452,80.15795135498047,152.03050231933594,0.4560914933681488,228.04574584960938,635.1254425048828,504.87691339850426,130.24852910637856
75,10,49,10,2026,TERM_LIFE,58,True,67632.23,0.0175,0.025924027,0.95702964,0.95432365,0.518695,0.61391324,0.6446089,0.0,155.13281,13.622994,77.56641,232.69922,246.32222,376.88666,72.17832,0.0,0.3343554,958.6353,1313.199,681.1497,497.23935,613.9087,0.0,12.890447,124.45389,272.4599,245.56348,0.7366904,368.3452,778.8861083984375,926.7131958007812,147.82708740234375,439.0751953125,320.52490234375,175.6300811767578,376.88665771484375,7.913615703582764,76.40389251708984,150.75466918945312,0.4522639811038971,226.1320037841797,589.8298645019531,486.531857162714,103.29800733923912
76,1,39,10,2026,TERM_LIFE,39,True,81697.26,0.0037500001,0.1,0.896625,1.0,1.0,0.95238096,1.0,500.0,100.0,17.042368,50.0,650.0,667.04236,291.7759,557.1429,0.0,1.0,622.04645,852.1184,852.1184,622.04645,306.36472,7352.7534,0.0,600.33813,340.84738,122.54589,0.36763766,183.81882,1125.3720703125,974.664306640625,-150.707763671875,852.118408203125,622.0464477539062,340.8473815917969,291.7759094238281,0.0,571.7506103515625,116.71037292480469,0.3501311242580414,175.06553649902344,968.8287811279297,1088.0136595666409,-119.18487843871117
76,2,39,10,2026,TERM_LIFE,40,True,81697.26,0.00403,0.0860708,0.9102461,0.896625,0.896625,0.90702945,0.95238096,0.0,104.99999,15.280612,52.499996,157.49998,172.7806,267.75943,117.06453,0.0,0.85392857,622.04645,852.1184,764.03064,557.7424,295.20477,6535.781,0.0,141.58536,305.61227,118.08191,0.35424572,177.12286,624.6747436523438,882.112548828125,257.43780517578125,727.6482543945312,531.1832275390625,291.0592956542969,267.7594299316406,0.0,128.42208862304688,107.10376739501953,0.3213112950325012,160.65565490722656,834.7520217895508,580.4583504796028,254.29367130994797
76,3,39,10,2026,TERM_LIFE,41,True,81697.26,0.00434,0.07408182,0.9218997,0.9102461,0.81614935,0.8638376,0.90702945,0.0,110.25,13.909117,55.125,165.375,179.28412,249.97638,107.95536,0.0,0.7402715,622.04645,852.1184,695.4559,507.6828,289.3789,5718.808,0.0,135.48277,278.18234,115.751564,0.3472547,173.62735,587.6397094726562,811.2074584960938,223.5677490234375,630.7989501953125,460.4832458496094,252.319580078125,249.97637939453125,0.0,117.03511047363281,99.99055480957031,0.29997166991233826,149.98583984375,730.7895050048828,519.6405020654202,211.14900293946266
76,4,39,10,2026,TERM_LIFE,42,True,81697.26,0.00467,0.063762814,0.931865,0.9218997,0.75240785,0.82270247,0.8638376,0.0,115.7625,12.822811,57.88125,173.64374,186.46655,236.16771,100.63317,0.0,0.6499582,622.04645,852.1184,641.14056,468.03262,287.06332,4901.836,0.0,131.35306,256.45624,114.82533,0.344476,172.23799,560.3917846679688,755.9658813476562,195.5740966796875,553.84130859375,404.3041687011719,221.5365447998047,236.16770935058594,0.0,108.06448364257812,94.46708679199219,0.2834012806415558,141.70062255859375,648.3083953857422,471.5850522816181,176.72334310412407
76,5,39,10,2026,TERM_LIFE,43,True,81697.26,0.00503,0.054881163,0.9403649,0.931865,0.70114255,0.7835262,0.82270247,0.0,121.55062,11.949129,60.77531,182.32593,194.27505,225.7539,94.666145,0.0,0.5768317,622.04645,852.1184,597.4565,436.14322,288.12555,4084.863,0.0,128.73889,238.98259,115.25022,0.34575066,172.87534,540.9425659179688,712.7067260742188,171.76416015625,491.5289306640625,358.81610107421875,196.611572265625,225.75390625,0.0,100.87029266357422,90.30156707763672,0.27090469002723694,135.4523468017578,581.8304977416992,433.20511642098427,148.62538132071495
76,6,39,10,2026,TERM_LIFE,44,True,81697.26,0.0054200003,0.047236655,0.9475993,0.9403649,0.65932983,0.7462154,0.7835262,0.0,127.62816,11.236542,63.81408,191.44223,202.67877,217.8581,89.74075,0.0,0.51660216,622.04645,852.1184,561.8271,410.1338,291.95068,3267.8901,0.0,127.31982,224.73083,116.78027,0.3503408,175.17041,527.5714111328125,678.6073608398438,151.03594970703125,440.20623779296875,321.3505554199219,176.08248901367188,217.85809326171875,0.0,95.00801086425781,87.14324188232422,0.26142969727516174,130.71485900878906,527.349479675293,402.0667885839939,125.28269109129906
76,7,39,10,2026,TERM_LIFE,45,True,81697.26,0.0058500003,0.040656965,0.9537308,0.9475993,0.6247805,0.7106813,0.7462154,0.0,134.00957,10.647739,67.00478,201.01434,211.66208,212.20993,85.625534,0.0,0.46622083,622.04645,852.1184,532.38696,388.6425,298.60068,2450.918,0.0,126.86575,212.95479,119.44027,0.35832083,179.1604,519.3392944335938,651.8272094726562,132.4879150390625,397.2753601074219,290.0110168457031,158.91014099121094,212.20993041992188,0.0,90.16111755371094,84.88396453857422,0.2546519339084625,127.3259506225586,482.1593246459961,376.65186110138893,105.50746354460716
76,8,39,10,2026,TERM_LIFE,46,True,81697.26,0.0063300002,0.034993775,0.9588977,0.9537308,0.5958724,0.67683935,0.7106813,0.0,140.71004,10.155077,70.35502,211.06506,221.22014,208.56915,82.1458,0.0,0.42347538,622.04645,852.1184,507.75385,370.6603,308.15164,1633.9451,0.0,127.20614,203.10155,123.26066,0.36978197,184.89099,515.5684814453125,631.0145263671875,115.446044921875,360.8511657714844,263.4213562011719,144.34046936035156,208.56915283203125,0.0,86.0981216430664,83.42766571044922,0.25028300285339355,125.1415023803711,444.2788314819336,355.83037638664246,88.44845509529114
76,9,39,10,2026,TERM_LIFE,47,True,81697.26,0.00686,0.030119421,0.9632272,0.9588977,0.5713807,0.6446089,0.67683935,0.0,147.74554,9.7376795,73.87277,221.61832,231.356,206.42079,79.16729,0.0,0.38673294,622.04645,852.1184,486.884,355.42532,320.2264,816.9728,0.0,128.2108,194.7536,128.09056,0.3842717,192.13585,515.4844970703125,614.9745483398438,99.49005126953125,329.5422668457031,240.5658416748047,131.81689453125,206.42079162597656,0.0,82.64582824707031,82.56832122802734,0.24770496785640717,123.85247802734375,412.11058807373047,338.56290577352047,73.54768230021
76,10,39,10,2026,TERM_LIFE,48,True,81697.26,0.00745,0.025924027,0.9668191,0.9632272,0.55036944,0.61391324,0.6446089,0.0,155.13281,9.379599,77.56641,232.69922,242.07881,205.64827,76.585945,0.0,0.35477304,622.04645,852.1184,468.97992,342.35535,334.97937,0.0,8.875229,129.77885,187.59196,133.99174,0.40197524,200.98763,527.6356811523438,602.9716796875,75.33599853515625,302.3086242675781,220.685302734375,120.92345428466797,205.6482696533203,5.448620319366455,79.67295837402344,82.25930786132812,0.24677792191505432,123.38896179199219,384.56793212890625,329.6807726919651,54.88715943694115
77,1,23,10,2026,TERM_LIFE,23,True,78974.625,0.00239,0.1,0.89784896,1.0,1.0,0.95238096,1.0,500.0,100.0,11.527285,50.0,650.0,661.5273,179.76129,557.1429,0.0,1.0,420.74594,576.36426,576.36426,420.74594,188.74936,7107.716,0.0,595.3745,230.5457,75.49975,0.22649926,113.24961,939.3963623046875,651.864013671875,-287.5323486328125,576.3642578125,420.7459411621094,230.5457000732422,179.76129150390625,0.0,567.0233764648438,71.90452575683594,0.21571357548236847,107.85677337646484,648.2687835693359,905.6415634900331,-257.3727799206972
77,2,23,10,2026,TERM_LIFE,24,True,78974.625,0.00241,0.0860708,0.91172665,0.89784896,0.89784896,0.90702945,0.95238096,0.0,104.99999,10.34976,52.499996,157.49998,167.84975,154.99913,117.22433,0.0,0.85509425,420.74594,576.36426,517.48804,377.7663,170.88655,6317.97,0.0,137.73253,206.99522,68.35462,0.20506386,102.53193,447.46478271484375,585.8426513671875,138.37786865234375,492.84576416015625,359.7774353027344,197.1383056640625,154.99913024902344,0.0,124.92745971679688,61.999656677246094,0.18599896132946014,92.99948120117188,554.8454208374023,415.2512455433607,139.59417529404163
77,3,23,10,2026,TERM_LIFE,25,True,78974.625,0.00243,0.07408182,0.92366815,0.91172665,0.81859285,0.8638376,0.90702945,0.0,110.25,9.436152,55.125,165.375,174.81116,135.70439,108.27857,0.0,0.74248785,420.74594,576.36426,471.80765,344.41962,157.0948,5528.2236,0.0,132.49812,188.72307,62.83792,0.18851377,94.25688,415.6665954589844,534.6455688476562,118.97897338867188,427.94342041015625,312.39874267578125,171.17738342285156,135.7043914794922,0.0,114.45686340332031,54.28175735473633,0.16284528374671936,81.42263793945312,482.2251777648926,367.2197300493717,115.00544771552086
77,4,23,10,2026,TERM_LIFE,26,True,78974.625,0.00246,0.063762814,0.9339341,0.92366815,0.75610816,0.82270247,0.8638376,0.0,115.7625,8.715875,57.88125,173.64374,182.35962,120.85077,101.128075,0.0,0.6531547,420.74594,576.36426,435.79373,318.12946,146.89487,4738.4775,0.0,129.09175,174.31749,58.757946,0.17627384,88.13692,391.722412109375,494.5516662597656,102.82925415039062,376.45501708984375,274.81219482421875,150.58200073242188,120.85076904296875,0.0,106.2041015625,48.34030532836914,0.14502091705799103,72.51045989990234,424.7953224182129,329.4415831118822,95.35373930633068
77,5,23,10,2026,TERM_LIFE,27,True,78974.625,0.00249,0.054881163,0.94276553,0.9339341,0.7061552,0.7835262,0.82270247,0.0,121.55062,8.140052,60.77531,182.32593,190.46597,108.80293,95.34293,0.0,0.5809556,420.74594,576.36426,407.0026,297.11194,138.86317,3948.7312,0.0,127.117096,162.80104,55.54527,0.16663581,83.3179,373.40264892578125,462.5478515625,89.14520263671875,334.842041015625,244.43472290039062,133.9368133544922,108.80293273925781,0.0,99.59957122802734,43.52117156982422,0.13056352734565735,65.2817611694336,378.3632125854492,298.9487092792988,79.41450330615044
77,6,23,10,2026,TERM_LIFE,28,True,78974.625,0.0025300002,0.047236655,0.95035285,0.94276553,0.66573876,0.7462154,0.7835262,0.0,127.62816,7.6741605,63.81408,191.44223,199.1164,99.26044,90.61307,0.0,0.52162373,420.74594,576.36426,383.70804,280.10687,133.01848,3158.9849,0.0,126.29783,153.48322,53.207394,0.15962218,79.81108,359.7517395019531,436.9154357910156,77.1636962890625,300.6452941894531,219.4710693359375,120.25811767578125,99.26043701171875,0.0,94.2453842163086,39.70417785644531,0.119112528860569,59.55625915527344,340.34947204589844,274.17887357622385,66.17059846967459
77,7,23,10,2026,TERM_LIFE,29,True,78974.625,0.00258,0.040656965,0.95686793,0.95035285,0.63268673,0.7106813,0.7462154,0.0,134.00957,7.2931604,67.00478,201.01434,208.30751,91.61591,86.70908,0.0,0.47212058,420.74594,576.36426,364.65802,266.20038,128.9128,2369.2388,0.0,126.435074,145.8632,51.56512,0.15469536,77.34767,349.8006286621094,416.22314453125,66.42251586914062,272.1134338378906,198.642822265625,108.84536743164062,91.61591339111328,0.0,89.85504150390625,36.646366119384766,0.1099391058087349,54.96954345703125,308.7597999572754,253.77989149838686,54.97990845888853
77,8,23,10,2026,TERM_LIFE,30,True,78974.625,0.00263,0.034993775,0.96246827,0.95686793,0.60539764,0.67683935,0.7106813,0.0,140.71004,6.978591,70.35502,211.06506,218.04366,85.10786,83.45892,0.0,0.4302448,420.74594,576.36426,348.92957,254.7186,125.743065,1579.4924,0.0,127.38383,139.57182,50.297226,0.15089168,75.44584,342.5523681640625,399.226806640625,56.6744384765625,247.97772216796875,181.02374267578125,99.19108581542969,85.10785675048828,0.0,86.2183837890625,34.04314041137695,0.10212942212820053,51.06471252441406,282.0208625793457,236.57631155103445,45.44455102831125
77,9,23,10,2026,TERM_LIFE,31,True,78974.625,0.00269,0.030119421,0.96727157,0.96246827,0.582676,0.6446089,0.67683935,0.0,147.74554,6.7166724,73.87277,221.61832,228.33499,79.792725,80.73231,0.0,0.39437804,420.74594,576.36426,335.83362,245.15855,123.784706,789.7464,0.0,129.03807,134.33345,49.51388,0.14854164,74.27083,337.7908630371094,385.3475036621094,47.556640625,227.30540466308594,165.93295288085938,90.92216491699219,79.792724609375,0.0,83.17909240722656,31.917089462280273,0.09575127065181732,47.87563705444336,259.2224941253662,222.07264564931393,37.149848476052284
77,10,23,10,2026,TERM_LIFE,32,True,78974.625,0.00275,0.025924027,0.9713973,0.96727157,0.5636059,0.61391324,0.6446089,0.0,155.13281,6.4968457,77.56641,232.69922,239.19606,75.14547,78.42784,0.0,0.3633054,420.74594,576.36426,324.8423,237.1349,122.40405,0.0,6.1474915,131.31743,129.93692,48.96162,0.14688486,73.44243,340.99114990234375,373.80389404296875,32.812744140625,209.396240234375,152.85926818847656,83.75849914550781,75.14546966552734,3.774026393890381,80.61750793457031,30.05818748474121,0.09017455577850342,45.0872802734375,239.4544277191162,213.3274883031845,26.1269394159317
78,1,23,10,2026,TERM_LIFE,23,True,16365.516,0.00239,0.1,0.89784896,1.0,1.0,0.95238096,1.0,500.0,100.0,7.442044,50.0,650.0,657.442,37.25103,557.1429,0.0,1.0,271.6346,372.1022,372.1022,271.6346,39.113583,1472.8965,0.0,591.6978,148.84088,15.645433,0.0469363,23.46815,764.0537719726562,387.7476501464844,-376.3061218261719,372.1022033691406,271.6346130371094,148.84088134765625,37.25102996826172,0.0,563.521728515625,14.900412559509277,0.044701237231492996,22.350618362426758,387.0026159286499,734.7579294629395,-347.7553135342896
78,2,23,10,2026,TERM_LIFE,24,True,16365.516,0.00241,0.0860708,0.91172665,0.89784896,0.89784896,0.90702945,0.95238096,0.0,104.99999,6.6818314,52.499996,157.49998,164.18182,32.119694,117.22433,0.0,0.85509425,271.6346,372.1022,334.09158,243.88686,35.411964,1309.2413,0.0,134.72275,133.63664,14.164786,0.04249436,21.247177,289.6490478515625,348.2563781738281,58.607330322265625,318.1824645996094,232.273193359375,127.27299499511719,32.119693756103516,0.0,122.19750213623047,12.847878456115723,0.038543637841939926,19.27181625366211,331.0303430557251,268.7808570228517,62.24948603287339
78,3,23,10,2026,TERM_LIFE,25,True,16365.516,0.00243,0.07408182,0.92366815,0.91172665,0.81859285,0.8638376,0.90702945,0.0,110.25,6.092004,55.125,165.375,171.46701,28.12134,108.27857,0.0,0.74248785,271.6346,372.1022,304.6002,222.35815,32.553967,1145.5862,0.0,129.96342,121.84008,13.021586,0.03906476,19.53238,271.37493896484375,317.62176513671875,46.246826171875,276.2813415527344,201.68539428710938,110.51254272460938,28.121339797973633,0.0,112.26729583740234,11.248536109924316,0.03374560922384262,16.872802734375,287.5298776626587,239.68638690561056,47.84349075704813
78,4,23,10,2026,TERM_LIFE,26,True,16365.516,0.00246,0.063762814,0.9339341,0.92366815,0.75610816,0.82270247,0.8638376,0.0,115.7625,5.6269903,57.88125,173.64374,179.27072,25.043299,101.128075,0.0,0.6531547,271.6346,372.1022,281.34952,205.38515,30.440287,981.931,0.0,126.905136,112.53981,12.176115,0.036528345,18.264172,257.7456359863281,293.525634765625,35.779998779296875,243.04029846191406,177.41941833496094,97.21611785888672,25.043298721313477,0.0,104.40516662597656,10.017319679260254,0.030051959678530693,15.025979042053223,253.05761814117432,216.67731548659503,36.38030265457928
78,5,23,10,2026,TERM_LIFE,27,True,16365.516,0.00249,0.054881163,0.94276553,0.9339341,0.7061552,0.7835262,0.82270247,0.0,121.55062,5.255238,60.77531,182.32593,187.58116,22.546686,95.34293,0.0,0.5809556,271.6346,372.1022,262.7619,191.8162,28.775919,818.2758,0.0,125.191765,105.10476,11.510367,0.0345311,17.265553,247.5966033935547,274.27227783203125,26.675674438476562,216.17486572265625,157.80764770507812,86.4699478149414,22.54668617248535,0.0,98.09102630615234,9.01867389678955,0.027056021615862846,13.5280122756958,225.1935396194458,198.1160424184054,27.077497201040387
78,6,23,10,2026,TERM_LIFE,28,True,16365.516,0.0025300002,0.047236655,0.95035285,0.94276553,0.66573876,0.7462154,0.7835262,0.0,127.62816,4.954457,63.81408,191.44223,196.39668,20.569242,90.61307,0.0,0.52162373,271.6346,372.1022,247.72285,180.83769,27.564753,654.6206,0.0,124.57274,99.08914,11.025901,0.033077702,16.538853,240.2338104248047,258.7487487792969,18.514938354492188,194.0973358154297,141.69107055664062,77.6389389038086,20.569242477416992,0.0,92.95809936523438,8.227697372436523,0.024683089926838875,12.341547012329102,202.3250331878662,182.9632683712989,19.3617648165673
78,7,23,10,2026,TERM_LIFE,29,True,16365.516,0.00258,0.040656965,0.95686793,0.95035285,0.63268673,0.7106813,0.7462154,0.0,134.00957,4.7084827,67.00478,201.01434,205.72282,18.985107,86.70908,0.0,0.47212058,271.6346,372.1022,235.42413,171.85962,26.713953,490.9655,0.0,124.866264,94.169655,10.685581,0.032056745,16.028372,235.0963592529297,246.10971069335938,11.013351440429688,175.67710876464844,128.24429321289062,70.27084350585938,18.985107421875,0.0,88.74011993408203,7.594042778015137,0.022782130166888237,11.391064643859863,183.27115154266357,170.42481021396816,12.846341328695416
78,8,23,10,2026,TERM_LIFE,30,True,16365.516,0.00263,0.034993775,0.96246827,0.95686793,0.60539764,0.67683935,0.7106813,0.0,140.71004,4.505396,70.35502,211.06506,215.57047,17.636475,83.45892,0.0,0.4302448,271.6346,372.1022,225.26979,164.44696,26.057106,327.3103,0.0,125.93896,90.10792,10.422843,0.03126853,15.634263,231.71241760253906,235.692626953125,3.9802093505859375,160.09503173828125,116.869384765625,64.03801727294922,17.636474609375,0.0,85.24044036865234,7.054590225219727,0.02116377092897892,10.581884384155273,167.14962196350098,159.88150579668581,7.268116166815162
78,9,23,10,2026,TERM_LIFE,31,True,16365.516,0.00269,0.030119421,0.96727157,0.96246827,0.582676,0.6446089,0.67683935,0.0,147.74554,4.3363004,73.87277,221.61832,225.95462,16.535046,80.73231,0.0,0.39437804,271.6346,372.1022,216.81502,158.27496,25.651283,163.6552,1.895024,127.692856,86.726006,10.260513,0.030781541,15.39077,231.7354278564453,227.07553100585938,-4.6598968505859375,146.74893188476562,107.12672424316406,58.6995735168457,16.535045623779297,1.2215492725372314,82.31195068359375,6.614018440246582,0.019842056557536125,9.921027183532715,153.3629503250122,152.17394271306694,1.1890076119452715
78,10,23,10,2026,TERM_LIFE,32,True,16365.516,0.00275,0.025924027,0.9713973,0.96727157,0.5636059,0.61391324,0.6446089,0.0,155.13281,4.19438,77.56641,232.69922,236.8936,15.57202,78.42784,0.0,0.3633054,271.6346,372.1022,209.719,153.09488,25.36518,0.0,3.9688356,130.05339,83.887596,10.146071,0.030438215,15.219108,233.1593780517578,219.8650665283203,-13.2943115234375,135.18673706054688,98.68632507324219,54.07469177246094,15.572019577026367,2.43652081489563,79.84149932861328,6.22880744934082,0.01868642307817936,9.34321117401123,141.4155445098877,145.71460951305926,-4.299065003171563
79,1,22,10,2026,TERM_LIFE,22,True,43176.36,0.00236,0.1,0.89787596,1.0,1.0,0.95238096,1.0,500.0,100.0,9.151903,50.0,650.0,659.1519,97.04401,557.1429,0.0,1.0,334.04446,457.59515,457.59515,334.04446,101.89621,3885.8726,0.0,593.2367,183.03807,40.758484,0.12227545,61.137726,837.5347290039062,498.3536376953125,-339.18109130859375,457.59515380859375,334.0444641113281,183.03807067871094,97.04400634765625,0.0,564.9873046875,38.817604064941406,0.11645280569791794,58.22640609741211,496.41275787353516,806.368234269321,-309.9554763957858
79,2,22,10,2026,TERM_LIFE,23,True,43176.36,0.00239,0.0860708,0.9117449,0.89787596,0.89787596,0.90702945,0.95238096,0.0,104.99999,8.217274,52.499996,157.49998,165.71725,84.03916,117.22785,0.0,0.85511994,334.04446,457.59515,410.86368,299.93048,92.653175,3454.1091,0.0,135.98677,164.34547,37.06127,0.111183815,55.591904,356.0353088378906,447.9249572753906,91.8896484375,391.2987365722656,285.6480712890625,156.51950073242188,84.0391616821289,0.0,123.34400939941406,33.615665435791016,0.10084699094295502,50.423492431640625,424.91440200805664,330.3878495544195,94.52655245363712
79,3,22,10,2026,TERM_LIFE,24,True,43176.36,0.00241,0.07408182,0.9236867,0.9117449,0.81863385,0.8638376,0.90702945,0.0,110.25,7.4920573,55.125,165.375,172.86705,73.58424,108.284,0.0,0.74252504,334.04446,457.59515,374.60287,273.4601,85.18296,3022.3452,0.0,131.03114,149.84116,34.073185,0.10221955,51.109776,332.08428955078125,408.6760559082031,76.59176635742188,339.7758483886719,248.036376953125,135.91033935546875,73.58424377441406,0.0,113.18962860107422,29.433698654174805,0.08830109238624573,44.15054702758789,369.2095470428467,293.3388160765171,75.87073096632957
79,4,22,10,2026,TERM_LIFE,25,True,43176.36,0.00243,0.063762814,0.93396217,0.9236867,0.7561612,0.82270247,0.8638376,0.0,115.7625,6.9203143,57.88125,173.64374,180.56406,65.26938,101.13517,0.0,0.6532005,334.04446,457.59515,346.01572,252.59146,79.33534,2590.5818,0.0,127.82964,138.4063,31.734137,0.09520241,47.601204,313.932373046875,377.7498474121094,63.817474365234375,298.9013977050781,218.197998046875,119.56056213378906,65.26937866210938,0.0,105.16576385498047,26.107751846313477,0.07832325994968414,39.16162872314453,325.0091495513916,263.96627797186375,61.042871579527855
79,5,22,10,2026,TERM_LIFE,26,True,43176.36,0.00246,0.054881163,0.94279385,0.93396217,0.706226,0.7835262,0.82270247,0.0,121.55062,6.4633117,60.77531,182.32593,188.78925,58.773067,95.35249,0.0,0.58101386,334.04446,457.59515,323.1656,235.91089,75.01098,2158.818,0.0,126.01068,129.26624,30.004393,0.090013176,45.006584,300.37353515625,353.16998291015625,52.79644775390625,265.869140625,194.08447265625,106.34764862060547,58.773067474365234,0.0,98.732666015625,23.509227752685547,0.07052768021821976,35.26383590698242,289.37836837768555,240.4146782234311,48.96369015425444
79,6,22,10,2026,TERM_LIFE,27,True,43176.36,0.00249,0.047236655,0.95039093,0.94279385,0.66582555,0.7462154,0.7835262,0.0,127.62816,6.09357,63.81408,191.44223,197.5358,53.415836,90.62488,0.0,0.52169174,334.04446,457.59515,304.67853,222.41534,71.58233,1727.0544,0.0,125.3116,121.871414,28.632933,0.0858988,42.949394,290.2182922363281,333.31146240234375,43.093170166015625,238.72360229492188,174.26824951171875,95.48944091796875,53.415836334228516,0.0,93.50944519042969,21.366334915161133,0.06409900635480881,32.04949951171875,260.089937210083,221.112484626472,38.97745258361101
79,7,22,10,2026,TERM_LIFE,28,True,43176.36,0.0025300002,0.040656965,0.9569159,0.95039093,0.63279456,0.7106813,0.7462154,0.0,134.00957,5.791274,67.00478,201.01434,206.80562,49.12519,86.72386,0.0,0.47220105,334.04446,457.59515,289.56372,211.38152,69.12408,1295.2909,0.0,125.544876,115.82549,27.649632,0.0829489,41.474445,282.9277648925781,317.2133483886719,34.28558349609375,216.076904296875,157.73614501953125,86.4307632446289,49.12519073486328,0.0,89.22239685058594,19.650075912475586,0.058950234204530716,29.475112915039062,235.7269802093506,205.18722324445844,30.53975696489215
79,8,22,10,2026,TERM_LIFE,29,True,43176.36,0.00258,0.034993775,0.96251655,0.9569159,0.60553116,0.67683935,0.7106813,0.0,140.71004,5.5417624,70.35502,211.06506,216.60683,45.654945,83.47733,0.0,0.4303397,334.04446,457.59515,277.08813,202.27434,67.45315,863.5272,0.0,126.57233,110.83526,26.98126,0.08094378,40.471886,277.9604187011719,304.06939697265625,26.108978271484375,196.92135620117188,143.75259399414062,78.76854705810547,45.654945373535156,0.0,85.66912841796875,18.261978149414062,0.05478593334555626,27.39296531677246,215.18333435058594,191.88542672619224,23.2979076243937
79,9,22,10,2026,TERM_LIFE,30,True,43176.36,0.00263,0.030119421,0.9673298,0.96251655,0.58283377,0.6446089,0.67683935,0.0,147.74554,5.334038,73.87277,221.61832,226.95236,42.66215,80.75416,0.0,0.39448482,334.04446,457.59515,266.7019,194.6924,66.183,431.76373,0.0,128.29143,106.68076,26.4732,0.079419605,39.7098,274.7613830566406,293.17510986328125,18.413726806640625,180.51434326171875,131.77548217773438,72.20574188232422,42.66215133666992,0.0,82.69779968261719,17.064861297607422,0.05119458585977554,25.597291946411133,197.57920455932617,180.55202809721231,17.027176462113857
79,10,22,10,2026,TERM_LIFE,31,True,43176.36,0.00269,0.025924027,0.9714557,0.9673298,0.56379247,0.61391324,0.6446089,0.0,155.13281,5.159774,77.56641,232.69922,237.859,40.199863,78.453804,0.0,0.36342564,334.04446,457.59515,257.9887,188.33176,65.481346,0.0,4.8823175,130.62662,103.19549,26.19254,0.07857762,39.288807,278.0718078613281,284.1812438964844,6.10943603515625,166.30181884765625,121.40032958984375,66.5207290649414,40.19986343383789,2.997319459915161,80.19341278076172,16.079946517944336,0.04823984205722809,24.119918823242188,182.3817653656006,173.8796199709177,8.502145394682884
80,1,25,10,2026,TERM_LIFE,25,True,235740.73,0.00243,0.1,0.89781296,1.0,1.0,0.95238096,1.0,500.0,100.0,22.25431,50.0,650.0,672.25433,545.5715,557.1429,0.0,1.0,812.2824,1112.7156,1112.7156,812.2824,572.85004,21216.666,0.0,605.0289,445.08624,229.14001,0.68742007,343.71002,1394.5125732421875,1341.8555908203125,-52.656982421875,1112.715576171875,812.2824096679688,445.08624267578125,545.5714721679688,0.0,576.2179565429688,218.2285919189453,0.6546857953071594,327.3428649902344,1330.9441680908203,1349.3017500042915,-18.357581913471222
80,2,25,10,2026,TERM_LIFE,26,True,235740.73,0.00246,0.0860708,0.91168094,0.89781296,0.89781296,0.90702945,0.95238096,0.0,104.99999,19.98021,52.499996,157.49998,177.4802,472.25552,117.219635,0.0,0.85506,812.2824,1112.7156,999.0105,729.27765,520.66174,18859.26,0.0,145.62915,399.60422,208.2647,0.62479407,312.39703,858.2551879882812,1207.275146484375,349.01995849609375,951.4385986328125,694.5501708984375,380.575439453125,472.2555236816406,0.0,132.08993530273438,188.90220642089844,0.5667065978050232,283.3533020019531,1140.340805053711,796.5853833556175,343.7554216980934
80,3,25,10,2026,TERM_LIFE,27,True,235740.73,0.00249,0.07408182,0.92361265,0.91168094,0.81851894,0.8638376,0.90702945,0.0,110.25,18.215574,55.125,165.375,183.59058,415.04465,108.26879,0.0,0.7424208,812.2824,1112.7156,910.77875,664.8685,480.46606,16501.852,0.0,139.13991,364.3115,192.18643,0.5765593,288.27963,792.3076171875,1102.9652099609375,310.6575927734375,826.1031494140625,603.0553588867188,330.4412536621094,415.0446472167969,0.0,120.19428253173828,166.0178680419922,0.4980536103248596,249.0267791748047,992.1210174560547,700.1603689789772,291.9606484770775
80,4,25,10,2026,TERM_LIFE,28,True,235740.73,0.0025300002,0.063762814,0.9338685,0.92361265,0.75599444,0.82270247,0.8638376,0.0,115.7625,16.824135,57.88125,173.64374,190.46786,370.95102,101.11287,0.0,0.65305644,812.2824,1112.7156,841.2068,614.081,450.89328,14144.445,0.0,134.81128,336.48273,180.35732,0.54107195,270.53595,742.3710327148438,1021.5640869140625,279.19305419921875,726.6660766601562,530.4662475585938,290.66644287109375,370.9510192871094,0.0,110.9095687866211,148.38040161132812,0.4451412260532379,222.57058715820312,875.0464782714844,624.5917400419712,250.45473822951317
80,5,25,10,2026,TERM_LIFE,29,True,235740.73,0.00258,0.054881163,0.9426805,0.9338685,0.70599943,0.7835262,0.82270247,0.0,121.55062,15.711531,60.77531,182.32593,198.03746,336.44354,95.32191,0.0,0.5808275,812.2824,1112.7156,785.57654,573.47095,429.3967,11787.037,0.0,132.14116,314.23062,171.75868,0.5152761,257.638,704.5250244140625,957.335205078125,252.8101806640625,646.2957763671875,471.79595947265625,258.518310546875,336.44354248046875,0.0,103.53605651855469,134.57742309570312,0.4037322998046875,201.86611938476562,780.8731994628906,564.32421875,216.54898071289062
80,6,25,10,2026,TERM_LIFE,30,True,235740.73,0.00263,0.047236655,0.95025754,0.9426805,0.6655319,0.7462154,0.7835262,0.0,127.62816,14.810953,63.81408,191.44223,206.25319,307.90976,90.58491,0.0,0.52146167,812.2824,1112.7156,740.54767,540.59985,412.6285,9429.629,0.0,130.78398,296.2191,165.0514,0.49515423,247.5771,675.0753784179688,905.5990600585938,230.523681640625,580.2384643554688,423.5741271972656,232.0954132080078,307.9097595214844,0.0,97.593017578125,123.16390228271484,0.36949172616004944,184.745849609375,703.4023666381836,514.8037721216679,188.59859451651573
80,7,25,10,2026,TERM_LIFE,31,True,235740.73,0.00269,0.040656965,0.9567624,0.95025754,0.6324267,0.7106813,0.7462154,0.0,134.00957,14.07422,67.00478,201.01434,215.08856,285.0178,86.67345,0.0,0.47192654,812.2824,1112.7156,703.711,513.70905,401.04868,7072.2227,0.0,130.49727,281.4844,160.41948,0.48125845,240.6292,653.0921020507812,864.1304931640625,211.03839111328125,525.1199951171875,383.3376159667969,210.04800415039062,285.0177917480469,0.0,92.74197387695312,114.00712585449219,0.3420214056968689,171.01068115234375,639.1271209716797,474.14268058538437,164.98444038629532
80,8,25,10,2026,TERM_LIFE,32,True,235740.73,0.00275,0.034993775,0.9623525,0.9567624,0.60508204,0.67683935,0.7106813,0.0,140.71004,13.465683,70.35502,211.06506,224.53075,265.50162,83.41542,0.0,0.4300205,812.2824,1112.7156,673.2842,491.4975,392.2668,4714.8145,0.0,131.10529,269.3137,156.90672,0.4707202,235.36009,636.249755859375,830.19091796875,193.941162109375,478.490478515625,349.298095703125,191.39620971679688,265.5016174316406,0.0,88.73721313476562,106.20064544677734,0.31860196590423584,159.3009796142578,584.6911239624023,439.75300443172455,144.9381195306778
80,9,25,10,2026,TERM_LIFE,33,True,235740.73,0.00282,0.030119421,0.9671455,0.9623525,0.5823022,0.6446089,0.67683935,0.0,147.74554,12.958735,73.87277,221.61832,234.57706,249.5333,80.68051,0.0,0.39412504,812.2824,1112.7156,647.93677,472.99384,387.10803,2357.408,0.0,132.48059,259.1747,154.84322,0.46452966,232.26482,624.3847045898438,802.7799682617188,178.395263671875,438.5491027832031,320.1408386230469,175.41964721679688,249.53329467773438,0.0,85.3981704711914,99.81331634521484,0.2994399666786194,149.719970703125,538.362419128418,410.8372283577919,127.52519077062607
80,10,25,10,2026,TERM_LIFE,34,True,235740.73,0.0029000002,0.025924027,0.97125113,0.9671455,0.56317097,0.61391324,0.6446089,0.0,155.13281,12.532982,77.56641,232.69922,245.23221,236.36324,78.36732,0.0,0.36302504,812.2824,1112.7156,626.6491,457.45386,385.0108,0.0,11.859047,134.52734,250.65965,154.00432,0.46201295,231.00648,628.5145874023438,780.6534423828125,152.13885498046875,403.943603515625,294.87884521484375,161.57745361328125,236.3632354736328,7.280426025390625,82.58811950683594,94.5452880859375,0.28363585472106934,141.81793212890625,498.4888916015625,393.54756712913513,104.94132447242737
81,1,31,10,2026,TERM_LIFE,31,True,13121.893,0.00269,0.1,0.89757895,1.0,1.0,0.95238096,1.0,500.0,100.0,7.425157,50.0,650.0,657.4252,33.61704,557.1429,0.0,1.0,271.01825,371.25787,371.25787,271.01825,35.29789,1180.9703,0.0,591.6826,148.50316,14.119156,0.042357467,21.178734,761.4068603515625,385.37701416015625,-376.02984619140625,371.25787353515625,271.01824951171875,148.50315856933594,33.61703872680664,0.0,563.5072631835938,13.446815490722656,0.040340445935726166,20.170223236083984,384.7046890258789,732.2209854349494,-347.5162964090705
81,2,31,10,2026,TERM_LIFE,32,True,13121.893,0.00275,0.0860708,0.91141593,0.89757895,0.89757895,0.90702945,0.95238096,0.0,104.99999,6.6646647,52.499996,157.49998,164.16464,29.378067,117.18907,0.0,0.8548371,271.01825,371.25787,333.23325,243.26028,32.38932,1049.7515,0.0,134.66814,133.2933,12.955729,0.038867187,19.433592,287.43389892578125,346.18896484375,58.75506591796875,317.364990234375,231.6764678955078,126.94600677490234,29.378067016601562,0.0,122.14796447753906,11.751227378845215,0.03525368124246597,17.626840591430664,329.1162176132202,266.75606552511454,62.36015208810568
81,3,31,10,2026,TERM_LIFE,33,True,13121.893,0.00282,0.07408182,0.92330706,0.91141593,0.8180678,0.8638376,0.90702945,0.0,110.25,6.074282,55.125,165.375,171.44928,26.149717,108.209114,0.0,0.74201155,271.01825,371.25787,303.7141,221.7113,30.271566,918.53253,0.0,129.86662,121.48565,12.108626,0.03632588,18.162941,269.5515441894531,315.8227233886719,46.27117919921875,275.4776306152344,201.0986785888672,110.1910629272461,26.149717330932617,0.0,112.18367004394531,10.45988655090332,0.03137965872883797,15.689831733703613,285.9375171661377,238.09594436362386,47.84157280251384
81,4,31,10,2026,TERM_LIFE,34,True,13121.893,0.0029000002,0.063762814,0.9335221,0.92330706,0.75532776,0.82270247,0.8638376,0.0,115.7625,5.6084275,57.88125,173.64374,179.25217,23.64682,101.0237,0.0,0.65248054,271.01825,371.25787,280.4214,204.70761,28.742859,787.31366,0.0,126.76103,112.16856,11.497144,0.03449143,17.245716,256.20977783203125,291.91851806640625,35.708740234375,242.23854064941406,176.83413696289062,96.89541625976562,23.646820068359375,0.0,104.28661346435547,9.458728790283203,0.02837618626654148,14.188093185424805,251.69726943969727,215.39849909581244,36.298770343884826
81,5,31,10,2026,TERM_LIFE,35,True,13121.893,0.00301,0.054881163,0.94227403,0.9335221,0.70511514,0.7835262,0.82270247,0.0,121.55062,5.235591,60.77531,182.32593,187.56152,21.821095,95.20251,0.0,0.58009994,271.01825,371.25787,261.77954,191.09908,27.849861,656.09467,0.0,124.9943,104.711815,11.139945,0.033419836,16.709915,246.449462890625,272.91949462890625,26.47003173828125,215.36666870117188,157.21768188476562,86.14666748046875,21.821094512939453,0.0,97.93630981445312,8.728438377380371,0.02618531696498394,13.092656135559082,224.09510707855225,197.20181874744594,26.893288331106305
81,6,31,10,2026,TERM_LIFE,36,True,13121.893,0.0031400002,0.047236655,0.94977164,0.94227403,0.66441166,0.7462154,0.7835262,0.0,127.62816,4.933361,63.81408,191.44223,196.3756,20.428082,90.43244,0.0,0.5205839,271.01825,371.25787,246.66806,180.06769,27.375584,524.8757,0.0,124.311066,98.66723,10.950233,0.0328507,16.42535,239.43650817871094,257.6182861328125,18.181777954101562,193.27088928222656,141.08775329589844,77.30835723876953,20.428081512451172,0.0,92.76283264160156,8.171233177185059,0.024513699114322662,12.25684928894043,201.44212245941162,182.35255286842585,19.089569590985775
81,7,31,10,2026,TERM_LIFE,37,True,13121.893,0.0033,0.040656965,0.9561772,0.94977164,0.6310394,0.7106813,0.7462154,0.0,134.00957,4.6855664,67.00478,201.01434,205.6999,19.419668,86.483315,0.0,0.4708913,271.01825,371.25787,234.27834,171.0232,27.325424,393.65683,0.0,124.52727,93.711334,10.93017,0.03279051,16.395254,234.66664123535156,245.20851135253906,10.5418701171875,174.8220977783203,127.6201400756836,69.92884063720703,19.419668197631836,0.0,88.49919891357422,7.767867565155029,0.023303603753447533,11.651801109313965,182.58996534347534,170.10314426384866,12.48682107962668
81,8,31,10,2026,TERM_LIFE,38,True,13121.893,0.0035100002,0.034993775,0.9616191,0.9561772,0.60338545,0.67683935,0.7106813,0.0,140.71004,4.480232,70.35502,211.06506,215.54529,18.809793,83.18153,0.0,0.42881477,271.01825,371.25787,224.0116,163.52847,27.790632,262.43784,0.18117316,125.505714,89.60464,11.116253,0.03334876,16.67438,231.999267578125,235.1278533935547,3.1285858154296875,159.2008514404297,116.21662902832031,63.68034362792969,18.80979347229004,0.12262512743473053,84.94720458984375,7.523917198181152,0.022571753710508347,11.285876274108887,166.72476863861084,160.05862137302756,6.666147265583277
81,9,31,10,2026,TERM_LIFE,39,True,13121.893,0.0037500001,0.030119421,0.9662435,0.9616191,0.58022696,0.6446089,0.67683935,0.0,147.74554,4.3082767,73.87277,221.61832,225.92659,18.404413,80.39298,0.0,0.39272043,271.01825,371.25787,215.41383,157.25209,28.551287,131.21896,2.4431465,127.14039,86.165535,11.420515,0.034261543,17.130772,232.9141082763672,226.8343505859375,-6.0797576904296875,145.80055236816406,106.43440246582031,58.32022476196289,18.4044132232666,1.5748740434646606,81.95582580566406,7.3617658615112305,0.022085295990109444,11.042648315429688,153.1623182296753,152.9156582225114,0.24666000716388226
81,10,31,10,2026,TERM_LIFE,40,True,13121.893,0.00403,0.025924027,0.9701505,0.9662435,0.5606405,0.61391324,0.6446089,0.0,155.13281,4.162844,77.56641,232.69922,236.86206,18.200907,78.0152,0.0,0.36139387,271.01825,371.25787,208.14221,151.94382,29.64736,0.0,3.9389954,129.3519,83.25689,11.858944,0.03557683,17.788416,234.37179565429688,220.00115966796875,-14.370635986328125,134.17031860351562,97.9443359375,53.66813278198242,18.20090675354004,2.418201446533203,79.41084289550781,7.280362606048584,0.02184108830988407,10.920543670654297,141.4506812095642,146.43956188298762,-4.9888806734234095
82,1,50,10,2026,TERM_LIFE,50,True,102096.05,0.00882,0.1,0.892062,1.0,1.0,0.95238096,1.0,500.0,100.0,39.04314,50.0,650.0,689.04315,857.6068,557.1429,0.0,1.0,1425.0747,1952.1571,1952.1571,1425.0747,900.4871,9188.644,0.0,620.1388,780.86285,360.19485,1.0805846,540.29224,1942.37451171875,2312.35205078125,369.9775390625,1952.1571044921875,1425.07470703125,780.8628540039062,857.6068115234375,0.0,590.6083984375,343.042724609375,1.0291281938552856,514.5640258789062,2295.1998291015625,1887.0644065141678,408.1354225873947
82,2,50,10,2026,TERM_LIFE,51,True,102096.05,0.0096099,0.0860708,0.9051465,0.892062,0.892062,0.90702945,0.95238096,0.0,104.99999,34.828903,52.499996,157.49998,192.32889,793.8606,116.46877,0.0,0.84958285,1425.0747,1952.1571,1741.4452,1271.255,875.2313,8167.6836,0.0,156.80219,696.57806,350.09253,1.0502776,525.1388,1379.5693359375,2091.53759765625,711.96826171875,1658.519287109375,1210.7191162109375,663.4076538085938,793.860595703125,0.0,142.2241973876953,317.5442199707031,0.9526327252388,476.31634521484375,1976.0635070800781,1282.9008291363716,693.1626779437065
82,3,50,10,2026,TERM_LIFE,52,True,102096.05,0.0104600005,0.07408182,0.91623306,0.9051465,0.8074468,0.8638376,0.90702945,0.0,110.25,31.525259,55.125,165.375,196.90025,744.88055,106.80424,0.0,0.732378,1425.0747,1952.1571,1576.263,1150.672,862.29236,7146.723,0.0,147.20847,630.5052,344.91696,1.0347509,517.37537,1296.1239013671875,1921.179931640625,625.0560302734375,1429.7169189453125,1043.693359375,571.8867797851562,744.8805541992188,0.0,127.1642074584961,297.9522399902344,0.8938567638397217,446.92828369140625,1727.6691589355469,1146.8731276988983,580.7960312366486
82,4,50,10,2026,TERM_LIFE,53,True,102096.05,0.01139,0.063762814,0.9255735,0.91623306,0.73980945,0.82270247,0.8638376,0.0,115.7625,28.884483,57.88125,173.64374,202.52823,707.7752,98.94816,0.0,0.6390752,1425.0747,1952.1571,1444.2242,1054.2837,860.3052,6125.7627,0.0,140.27858,577.6897,344.12207,1.0323662,516.1831,1235.1837158203125,1788.3463134765625,553.16259765625,1247.5751953125,910.7299194335938,499.03009033203125,707.7752075195312,0.0,115.40753173828125,283.1100769042969,0.8493301868438721,424.66510009765625,1530.6852722167969,1039.9520523548126,490.73321986198425
82,5,50,10,2026,TERM_LIFE,54,True,102096.05,0.0124,0.054881163,0.9333994,0.9255735,0.68474805,0.7835262,0.82270247,0.0,121.55062,26.734715,60.77531,182.32593,209.06064,679.227,92.452614,0.0,0.56334394,1425.0747,1952.1571,1336.7357,975.81714,866.8849,5104.8022,0.0,135.29741,534.6943,346.75397,1.0402619,520.1309,1191.162841796875,1683.48974609375,492.326904296875,1099.7357177734375,802.8071899414062,439.894287109375,679.2269897460938,0.0,106.00906372070312,271.6908264160156,0.8150724172592163,407.53619384765625,1371.4265441894531,954.2546170949936,417.17192709445953
82,6,50,10,2026,TERM_LIFE,55,True,102096.05,0.0135,0.047236655,0.93990105,0.9333994,0.6391434,0.7462154,0.7835262,0.0,127.62816,24.954166,63.81408,191.44223,216.3964,657.363,86.9932,0.0,0.5007856,1425.0747,1952.1571,1247.7084,910.8271,880.92926,4083.8416,0.0,131.7751,499.08334,352.3717,1.0571151,528.55756,1160.47314453125,1600.080078125,439.60693359375,977.6121826171875,713.6568603515625,391.04486083984375,657.3629760742188,0.0,98.33261108398438,262.9451904296875,0.7888355255126953,394.41778564453125,1240.557373046875,884.5840930938721,355.97327995300293
82,7,50,10,2026,TERM_LIFE,56,True,102096.05,0.01471,0.040656965,0.9452311,0.93990105,0.60073155,0.7106813,0.7462154,0.0,134.00957,23.454447,67.00478,201.01434,224.4688,641.17554,82.32965,0.0,0.44827515,1425.0747,1952.1571,1172.7224,856.08734,902.19836,3062.8813,0.0,129.36307,469.08896,360.87936,1.0826381,541.319,1140.8536376953125,1533.601806640625,392.7481689453125,875.103515625,638.8255615234375,350.0414123535156,641.175537109375,0.0,91.9359130859375,256.47021484375,0.7694107294082642,384.7052917480469,1131.57373046875,827.4520279169083,304.12170255184174
82,8,50,10,2026,TERM_LIFE,57,True,102096.05,0.01604,0.034993775,0.9495275,0.9452311,0.56783015,0.67683935,0.7106813,0.0,140.71004,22.169872,70.35502,211.06506,233.23494,629.3863,78.279945,0.0,0.40354627,1425.0747,1952.1571,1108.4937,809.2004,929.89026,2041.9208,0.0,127.80333,443.39746,371.95612,1.1158683,557.93414,1130.2508544921875,1480.44970703125,350.1988525390625,787.7857055664062,575.0836181640625,315.1142883300781,629.3862915039062,0.0,86.5023193359375,251.75453186035156,0.75526362657547,377.63177490234375,1039.5402374267578,780.0036461949348,259.53659123182297
82,9,50,10,2026,TERM_LIFE,58,True,102096.05,0.0175,0.030119421,0.9529077,0.9495275,0.5391703,0.6446089,0.67683935,0.0,147.74554,21.050903,73.87277,221.61832,242.66922,620.9681,74.7044,0.0,0.3649317,1425.0747,1952.1571,1052.5452,768.358,963.32526,1020.9607,6.5626087,126.89921,421.01807,385.3301,1.1559904,577.9951,1133.631103515625,1437.875244140625,304.244140625,712.4039916992188,520.054931640625,284.96160888671875,620.9680786132812,4.230316162109375,81.80036163330078,248.38722229003906,0.7451617121696472,372.580810546875,960.7912139892578,744.3182589411736,216.47295504808426
82,10,50,10,2026,TERM_LIFE,59,True,102096.05,0.019089999,0.025924027,0.9554809,0.9529077,0.5137795,0.61391324,0.6446089,0.0,155.13281,20.059566,77.56641,232.69922,252.75879,614.7501,71.494316,0.0,0.33118686,1425.0747,1952.1571,1002.97833,732.1742,1001.36316,0.0,18.980904,126.49573,401.19135,400.54526,1.2016358,600.8179,1148.6875,1403.5235595703125,254.8360595703125,646.5287475585938,471.96600341796875,258.61151123046875,614.7501220703125,11.652627944946289,77.65740203857422,245.90003967285156,0.7377001643180847,368.85003662109375,892.4287872314453,717.5092779994011,174.91950923204422
83,1,53,10,2026,TERM_LIFE,53,True,47396.152,0.01139,0.1,0.889749,1.0,1.0,0.95238096,1.0,500.0,100.0,25.988598,50.0,650.0,675.9886,514.1354,557.1429,0.0,1.0,948.58386,1299.4299,1299.4299,948.58386,539.84216,4265.654,0.0,608.3897,519.772,215.93687,0.64781064,323.90527,1452.7147216796875,1515.3668212890625,62.652099609375,1299.429931640625,948.5838623046875,519.77197265625,514.1353759765625,0.0,579.4187622070312,205.65415954589844,0.6169624924659729,308.481201171875,1505.0840911865234,1408.2888985276222,96.79519265890121
83,2,53,10,2026,TERM_LIFE,54,True,47396.152,0.0124,0.0860708,0.90259653,0.889749,0.889749,0.90702945,0.95238096,0.0,104.99999,23.12333,52.499996,157.49998,180.62332,474.30063,116.16679,0.0,0.84738,948.58386,1299.4299,1156.1665,844.0015,522.91644,3791.6921,0.0,146.87704,462.4666,209.16658,0.62749976,313.74988,923.7210083007812,1365.3331298828125,441.61212158203125,1101.1109619140625,803.8109741210938,440.44439697265625,474.3006286621094,0.0,133.2218017578125,189.72024536132812,0.5691607594490051,284.58038330078125,1290.8312072753906,858.815742790699,432.0154644846916
83,3,53,10,2026,TERM_LIFE,55,True,47396.152,0.0135,0.07408182,0.9134183,0.90259653,0.8030844,0.8638376,0.90702945,0.0,110.25,20.871037,55.125,165.375,186.24603,443.88467,106.2272,0.0,0.72842115,948.58386,1299.4299,1043.5519,761.79285,513.852,3317.7307,0.0,138.49077,417.42075,205.5408,0.61662245,308.3112,864.8392944335938,1249.0926513671875,384.25335693359375,946.5322875976562,690.9685668945312,378.6129150390625,443.8846740722656,0.0,119.63352966308594,177.5538787841797,0.5326616764068604,266.330810546875,1124.086166381836,765.1099169254303,358.97624945640564
83,4,53,10,2026,TERM_LIFE,56,True,47396.152,0.01471,0.063762814,0.92246515,0.9134183,0.733552,0.82270247,0.8638376,0.0,115.7625,19.063988,57.88125,173.64374,192.70773,420.75516,98.11123,0.0,0.6336698,948.58386,1299.4299,953.1994,695.8356,511.4305,2843.7693,0.0,132.34756,381.27975,204.5722,0.6137166,306.8583,821.0993041992188,1157.7716064453125,336.67230224609375,823.4094848632812,601.0889282226562,329.3638000488281,420.7551574707031,0.0,108.8826675415039,168.30206298828125,0.504906177520752,252.4530792236328,991.7115478515625,691.2044529914856,300.5070948600769
83,5,53,10,2026,TERM_LIFE,57,True,47396.152,0.01604,0.054881163,0.9299591,0.92246515,0.67667615,0.7835262,0.82270247,0.0,121.55062,17.585865,60.77531,182.32593,199.91179,403.07123,91.36276,0.0,0.55670315,948.58386,1299.4299,879.2933,641.8841,514.4324,2369.8076,0.0,127.851456,351.71732,205.77295,0.61731887,308.65942,788.845458984375,1085.066162109375,296.220703125,723.396728515625,528.0796508789062,289.35870361328125,403.07122802734375,0.0,100.17496490478516,161.22850036621094,0.4836854934692383,241.84274291992188,884.6252288818359,631.8600969314575,252.76513195037842
83,6,53,10,2026,TERM_LIFE,58,True,47396.152,0.0175,0.047236655,0.93609,0.9299591,0.62928116,0.7462154,0.7835262,0.0,127.62816,16.354136,63.81408,191.44223,207.79637,389.4844,85.650856,0.0,0.49305826,948.58386,1299.4299,817.7068,596.92596,521.94635,1895.846,0.0,124.58556,327.08273,208.77855,0.6263357,313.1678,765.46240234375,1026.4853515625,261.02294921875,640.6947021484375,467.7071228027344,256.27789306640625,389.4844055175781,0.0,92.96766662597656,155.79376220703125,0.4673813283443451,233.6906280517578,796.4884643554688,583.403569072485,213.08489528298378
83,7,53,10,2026,TERM_LIFE,59,True,47396.152,0.019089999,0.040656965,0.94102913,0.93609,0.5890638,0.7106813,0.7462154,0.0,134.00957,15.308943,67.00478,201.01434,216.32329,378.7793,80.730606,0.0,0.4395685,948.58386,1299.4299,765.44714,558.7764,532.9805,1421.8846,0.0,122.247375,306.17886,213.19221,0.6395766,319.78833,748.8541870117188,978.6393432617188,229.78515625,571.1884765625,416.96759033203125,228.4753875732422,378.779296875,0.0,86.8789291381836,151.51171875,0.4545351564884186,227.26759338378906,722.7001953125,543.0764452517033,179.62375006079674
83,8,53,10,2026,TERM_LIFE,60,True,47396.152,0.0208401,0.034993775,0.9448954,0.94102913,0.55432624,0.67683935,0.7106813,0.0,140.71004,14.406162,70.35502,211.06506,225.47122,370.59015,76.41833,0.0,0.3939493,948.58386,1299.4299,720.3081,525.82495,547.53046,947.923,0.012819897,120.61093,288.12326,219.01219,0.6570366,328.51825,737.9223022460938,939.3203125,201.39801025390625,511.9095153808594,373.6939697265625,204.76382446289062,370.59014892578125,0.008677011355757713,81.63422393798828,148.23606872558594,0.4447082281112671,222.3540802001953,660.1455841064453,509.20551384054124,150.94007026590407
83,9,53,10,2026,TERM_LIFE,61,True,47396.152,0.022739898,0.030119421,0.9478256,0.9448954,0.5237803,0.6446089,0.67683935,0.0,147.74554,13.612315,73.87277,221.61832,235.23064,363.8958,72.572044,0.0,0.3545151,948.58386,1299.4299,680.6158,496.84952,564.52185,473.96164,7.4876204,119.49818,272.2463,225.80875,0.6774262,338.7131,738.6226196289062,906.424560546875,167.80194091796875,460.66754150390625,336.28729248046875,184.2670135498047,363.89581298828125,4.826586723327637,77.02958679199219,145.55833435058594,0.43667498230934143,218.33749389648438,606.2258758544922,484.8973559439182,121.32851991057396
83,10,53,10,2026,TERM_LIFE,62,True,47396.152,0.02481,0.025924027,0.94990915,0.9478256,0.49645236,0.61391324,0.6446089,0.0,155.13281,12.902101,77.56641,232.69922,245.60132,358.3888,69.08318,0.0,0.3200176,948.58386,1299.4299,645.10504,470.9267,583.7776,0.0,12.208317,118.768456,258.04202,233.51103,0.7005331,350.26654,739.9859008789062,878.6160888671875,138.63018798828125,415.8404541015625,303.56353759765625,166.336181640625,358.3887939453125,7.494847297668457,72.91352844238281,143.3555145263672,0.4300665259361267,215.03326416015625,559.1959686279297,462.20788806676865,96.98808056116104
84,1,19,10,2026,TERM_LIFE,19,True,58572.6,0.00224,0.1,0.89798397,1.0,1.0,0.95238096,1.0,500.0,100.0,9.988198,50.0,650.0,659.9882,124.954895,557.1429,0.0,1.0,364.56927,499.40994,499.40994,364.56927,131.20264,5271.534,0.0,593.9894,199.76398,52.481056,0.15744317,78.72158,872.6323852539062,551.8909912109375,-320.74139404296875,499.4099426269531,364.56927490234375,199.76397705078125,124.95489501953125,0.0,565.7041625976562,49.98196029663086,0.14994587004184723,74.97293090820312,549.391902923584,840.5910164266825,-291.1991135030985
84,2,19,10,2026,TERM_LIFE,20,True,58572.6,0.00229,0.0860708,0.9118363,0.89798397,0.89798397,0.90702945,0.95238096,0.0,104.99999,8.969242,52.499996,157.49998,166.46922,109.249626,117.24196,0.0,0.8552228,364.56927,499.40994,448.46213,327.37735,120.447716,4685.808,0.0,136.62025,179.38486,48.17909,0.14453727,72.26863,388.41827392578125,496.6412048339844,108.22293090820312,427.1067810058594,311.7879638671875,170.8427276611328,109.24962615966797,0.0,123.91859436035156,43.699851989746094,0.13109956681728363,65.54977416992188,470.80663299560547,360.44219575822353,110.36443723738194
84,3,19,10,2026,TERM_LIFE,21,True,58572.6,0.00233,0.07408182,0.9237608,0.9118363,0.8188144,0.8638376,0.90702945,0.0,110.25,8.178481,55.125,165.375,173.55348,96.531265,108.30787,0.0,0.7426888,364.56927,499.40994,408.92404,298.51456,111.74701,4100.082,0.0,131.58046,163.56963,44.698803,0.13409641,67.0482,362.3323974609375,453.6228332519531,91.29043579101562,370.9061584472656,270.7615051269531,148.3624725341797,96.53126525878906,0.0,113.66414642333984,38.61250686645508,0.11583752185106277,57.918758392333984,409.5186653137207,320.0612148717046,89.45745044201612
84,4,19,10,2026,TERM_LIFE,22,True,58572.6,0.00236,0.063762814,0.93402773,0.9237608,0.7563886,0.82270247,0.8638376,0.0,115.7625,7.55496,57.88125,173.64374,181.1987,86.01898,101.16558,0.0,0.6533969,364.56927,499.40994,377.748,275.75604,104.55661,3514.3562,0.0,128.31752,151.0992,41.822643,0.12546793,62.733967,342.2761535644531,419.57061767578125,77.29446411132812,326.31292724609375,238.20843505859375,130.52516174316406,86.01898193359375,0.0,105.567138671875,34.4075927734375,0.10322277247905731,51.61138916015625,360.72052001953125,287.80691234767437,72.91360767185688
84,5,19,10,2026,TERM_LIFE,23,True,58572.6,0.00239,0.054881163,0.94286,0.93402773,0.70648795,0.7835262,0.82270247,0.0,121.55062,7.0565424,60.77531,182.32593,189.38248,77.4909,95.38786,0.0,0.5812294,364.56927,499.40994,352.82712,257.5638,98.9002,2928.6301,0.0,126.45354,141.13084,39.56008,0.118680246,59.34012,327.0431823730469,392.38720703125,65.34402465820312,290.271728515625,211.89837646484375,116.10869598388672,77.49089813232422,0.0,99.07965850830078,30.99635887145996,0.09298907965421677,46.494537353515625,321.26808738708496,261.77588092535734,59.49220646172762
84,6,19,10,2026,TERM_LIFE,24,True,58572.6,0.00241,0.047236655,0.95046717,0.94286,0.6661192,0.7462154,0.7835262,0.0,127.62816,6.6533313,63.81408,191.44223,198.09557,70.16616,90.664856,0.0,0.5219219,364.56927,499.40994,332.66656,242.8466,94.029366,2342.904,0.0,125.72214,133.06664,37.611748,0.11283524,56.417618,315.3192138671875,370.2783203125,54.9591064453125,260.6529541015625,190.27667236328125,104.26119232177734,70.1661605834961,0.0,93.8157958984375,28.066465377807617,0.08419939875602722,42.09969711303711,288.7194194793701,240.26088473200798,48.45853474736214
84,7,19,10,2026,TERM_LIFE,25,True,58572.6,0.00243,0.040656965,0.9570118,0.95046717,0.6331245,0.7106813,0.7462154,0.0,134.00957,6.323773,67.00478,201.01434,207.33812,64.041985,86.76907,0.0,0.47244725,364.56927,499.40994,316.18866,230.81773,90.11351,1757.1781,0.0,125.93376,126.475464,36.045406,0.10813622,54.068104,306.58544921875,352.23406982421875,45.64862060546875,235.94485473632812,172.23974609375,94.37793731689453,64.04198455810547,0.0,89.49877166748047,25.616796493530273,0.07685039192438126,38.42518997192383,261.5616512298584,222.3787493482232,39.18290188163519
84,8,19,10,2026,TERM_LIFE,26,True,58572.6,0.00246,0.034993775,0.9626323,0.9570118,0.6059076,0.67683935,0.7106813,0.0,140.71004,6.0519257,70.35502,211.06506,217.11699,59.09104,83.529236,0.0,0.43060723,364.56927,499.40994,302.59628,220.8953,87.30438,1171.452,0.0,126.94931,121.03851,34.921753,0.104765266,52.38263,300.4752197265625,337.5180358886719,37.042816162109375,215.04953002929688,156.9861602783203,86.01981353759766,59.091041564941406,0.0,85.92428588867188,23.636417388916016,0.07090925425291061,35.45462417602539,238.6859474182129,207.46963285654783,31.216314561665058
84,9,19,10,2026,TERM_LIFE,27,True,58572.6,0.00249,0.030119421,0.9674656,0.9626323,0.58326626,0.6446089,0.67683935,0.0,147.74554,5.8257794,73.87277,221.61832,227.44409,54.8349,80.81409,0.0,0.39477757,364.56927,499.40994,291.28897,212.64096,85.066925,585.72614,0.0,128.66481,116.51559,34.02677,0.10208032,51.040154,296.3226318359375,325.31573486328125,28.99310302734375,197.1558380126953,143.92376708984375,78.86233520507812,54.83489990234375,0.0,82.93848419189453,21.9339599609375,0.06580188870429993,32.900936126708984,219.0897979736328,194.76755741238594,24.322240561246872
84,10,19,10,2026,TERM_LIFE,28,True,58572.6,0.0025300002,0.025924027,0.97161156,0.9674656,0.56429005,0.61391324,0.6446089,0.0,155.13281,5.6362414,77.56641,232.69922,238.33546,51.33629,78.52305,0.0,0.3637464,364.56927,499.40994,281.81207,205.72281,83.62141,0.0,5.3331637,131.0038,112.72483,33.448563,0.10034569,50.172844,299.3349914550781,315.2606201171875,15.925628662109375,181.6585693359375,132.6107635498047,72.6634292602539,51.33628845214844,3.274099826812744,80.42496490478516,20.534515380859375,0.06160354986786842,30.801773071289062,202.19308471679688,187.22587061300874,14.967214103788137
85,1,55,10,2026,TERM_LIFE,55,True,19869.877,0.0135,0.1,0.88785,1.0,1.0,0.95238096,1.0,500.0,100.0,16.171478,50.0,650.0,666.1715,255.46985,557.1429,0.0,1.0,590.259,808.5739,808.5739,590.259,268.24335,1788.2888,0.0,599.5543,323.42957,107.29734,0.32189202,160.94601,1084.2518310546875,915.8712768554688,-168.38055419921875,808.5739135742188,590.2589721679688,323.4295654296875,255.4698486328125,0.0,571.0040893554688,102.18794250488281,0.3065638244152069,153.28192138671875,910.7618560791016,1048.0221399962902,-137.26028391718864
85,2,55,10,2026,TERM_LIFE,56,True,19869.877,0.01471,0.0860708,0.90048534,0.88785,0.88785,0.90702945,0.95238096,0.0,104.99999,14.357846,52.499996,157.49998,171.85783,235.3796,115.91885,0.0,0.8455714,590.259,808.5739,717.89233,524.0614,259.506,1589.5902,0.0,139.45096,287.15695,103.80241,0.31140724,155.70361,582.6229248046875,821.6947631835938,239.07183837890625,683.7069702148438,499.1061096191406,273.4828186035156,235.3795928955078,0.0,126.48612976074219,94.15184020996094,0.28245553374290466,141.22776794433594,777.8588104248047,541.4791718423367,236.37963858246803
85,3,55,10,2026,TERM_LIFE,57,True,19869.877,0.01604,0.07408182,0.9110664,0.90048534,0.7994959,0.8638376,0.90702945,0.0,110.25,12.92903,55.125,165.375,178.30403,220.1141,105.75254,0.0,0.7251663,590.259,808.5739,646.45154,471.9096,254.80959,1390.8914,0.0,131.99272,258.58063,101.923836,0.30577153,152.88574,543.764892578125,748.3753662109375,204.6104736328125,586.3505859375,428.0359191894531,234.5402374267578,220.11410522460938,0.0,114.02027893066406,88.04563903808594,0.26413694024086,132.06845092773438,674.3962249755859,480.8931042253971,193.50312075018883
85,4,55,10,2026,TERM_LIFE,58,True,19869.877,0.0175,0.063762814,0.9198531,0.9110664,0.72839385,0.82270247,0.8638376,0.0,115.7625,11.779205,57.88125,173.64374,185.42294,208.37341,97.42134,0.0,0.629214,590.259,808.5739,588.96027,429.941,253.27919,1192.1926,0.0,126.44907,235.5841,101.311676,0.30393502,151.96751,514.3046875,690.27197265625,175.96728515625,508.7660217285156,371.3992004394531,203.50640869140625,208.3734130859375,0.0,104.02996826171875,83.349365234375,0.25004810094833374,125.0240478515625,592.1153869628906,432.81047290563583,159.3049140572548
85,5,55,10,2026,TERM_LIFE,59,True,19869.877,0.019089999,0.054881163,0.9270765,0.9198531,0.67001534,0.7835262,0.82270247,0.0,121.55062,10.835137,60.77531,182.32593,193.16107,199.1312,90.46344,0.0,0.5512233,590.259,808.5739,541.7569,395.48257,254.14748,993.49384,0.0,122.31811,216.70276,101.65899,0.30497697,152.4885,491.8143310546875,643.4158935546875,151.6015625,445.7047424316406,325.364501953125,178.28189086914062,199.13119506835938,0.0,95.83943939208984,79.65248107910156,0.23895743489265442,119.47872924804688,525.3572235107422,393.83901694417,131.5182065665722
85,6,55,10,2026,TERM_LIFE,60,True,19869.877,0.0208401,0.047236655,0.93290764,0.9270765,0.6211555,0.7462154,0.7835262,0.0,127.62816,10.045002,63.81408,191.44223,201.48723,191.93736,84.54488,0.0,0.4866916,590.259,808.5739,502.25012,366.6426,257.21442,794.79504,0.0,119.243,200.90005,102.885765,0.3086573,154.32864,474.7803649902344,605.1358642578125,130.35549926757812,393.526123046875,287.2740783691406,157.4104461669922,191.93736267089844,0.0,88.98095703125,76.77494049072266,0.23032481968402863,115.16241455078125,470.30106353759766,361.78414256870747,108.51692096889019
85,7,55,10,2026,TERM_LIFE,61,True,19869.877,0.022739898,0.040656965,0.93752766,0.93290764,0.5794807,0.7106813,0.7462154,0.0,134.00957,9.371059,67.00478,201.01434,210.3854,186.07909,79.41725,0.0,0.43241742,590.259,808.5739,468.55298,342.0437,261.83197,596.0963,0.0,116.95762,187.42119,104.73279,0.31419837,157.09918,461.79217529296875,573.2857666015625,111.49359130859375,349.6414489746094,255.23828125,139.85658264160156,186.07908630371094,0.0,83.11959838867188,74.43163299560547,0.2232949137687683,111.64745330810547,424.07308197021484,334.8469292521477,89.22615271806717
85,8,55,10,2026,TERM_LIFE,62,True,19869.877,0.02481,0.034993775,0.9410644,0.93752766,0.5432792,0.67683935,0.7106813,0.0,140.71004,8.785627,70.35502,211.06506,219.8507,181.27194,74.8954,0.0,0.38609836,590.259,808.5739,439.28137,320.6754,267.82123,397.39752,3.6665642,115.260635,175.71255,107.128494,0.32138547,160.69273,455.65386962890625,546.4098510742188,90.7559814453125,312.1890563964844,227.8980255126953,124.8756332397461,181.27194213867188,2.481674909591675,78.01293182373047,72.50878143310547,0.21752633154392242,108.76316833496094,384.69783782958984,314.3509346395731,70.34690319001675
85,9,55,10,2026,TERM_LIFE,63,True,19869.877,0.027069999,0.030119421,0.9436259,0.9410644,0.5112607,0.6446089,0.67683935,0.0,147.74554,8.267841,73.87277,221.61832,229.88615,177.26463,70.8374,0.0,0.34604135,590.259,808.5739,413.39206,301.7762,274.99564,198.69882,6.0295863,113.99176,165.35683,109.99825,0.32999477,164.99738,450.7055358886719,523.3903198242188,72.68478393554688,279.8000183105469,204.25401306152344,111.92000579833984,177.26463317871094,3.8867251873016357,73.4801025390625,70.90585327148438,0.21271756291389465,106.35877990722656,350.70587158203125,295.85833099484444,54.84754058718681
85,10,55,10,2026,TERM_LIFE,64,True,19869.877,0.029539999,0.025924027,0.9453018,0.9436259,0.48243883,0.61391324,0.6446089,0.0,155.13281,7.801749,77.56641,232.69922,240.50096,173.84209,67.13315,0.0,0.31098437,590.259,808.5739,390.08746,284.76385,283.17044,0.0,7.3822255,113.01912,156.03499,113.26818,0.33980453,169.90225,446.6783752441406,503.35565185546875,56.677276611328125,251.453857421875,183.5613250732422,100.58154296875,173.8420867919922,4.532045841217041,69.3839340209961,69.53683471679688,0.20861050486564636,104.30524444580078,320.9906921386719,279.01137778162956,41.97931435704231
86,1,21,10,2026,TERM_LIFE,21,True,131735.9,0.00233,0.1,0.89790297,1.0,1.0,0.95238096,1.0,500.0,100.0,14.735962,50.0,650.0,664.73596,292.32825,557.1429,0.0,1.0,537.8626,736.7981,736.7981,537.8626,306.94467,11856.231,0.0,598.2623,294.71924,122.77787,0.3683336,184.16681,1077.5167236328125,859.5759887695312,-217.94073486328125,736.798095703125,537.8626098632812,294.71923828125,292.3282470703125,0.0,569.7736206054688,116.93130493164062,0.3507939279079437,175.39695739746094,853.7294006347656,1040.2406102120876,-186.511209577322
86,2,21,10,2026,TERM_LIFE,22,True,131735.9,0.00236,0.0860708,0.9117724,0.89790297,0.89790297,0.90702945,0.95238096,0.0,104.99999,13.231463,52.499996,157.49998,170.73145,253.20192,117.231384,0.0,0.8551457,537.8626,736.7981,661.5732,482.94843,279.15512,10538.873,0.0,140.10559,264.62927,111.66205,0.33498615,167.49307,572.5628662109375,773.2352294921875,200.67236328125,630.0697021484375,459.9508972167969,252.0278778076172,253.20191955566406,0.0,127.07989501953125,101.28076934814453,0.30384230613708496,151.921142578125,731.350471496582,531.3327577114105,200.0177137851715
86,3,21,10,2026,TERM_LIFE,23,True,131735.9,0.00239,0.07408182,0.9237052,0.9117724,0.8186831,0.8638376,0.90702945,0.0,110.25,12.064083,55.125,165.375,177.43909,222.664,108.290504,0.0,0.7425697,537.8626,736.7981,603.20416,440.33902,257.7614,9221.514,0.0,134.50478,241.28166,103.10457,0.3093137,154.65685,530.7526245117188,706.3087158203125,175.55609130859375,547.1239624023438,399.40045166015625,218.84957885742188,222.66400146484375,0.0,116.1902847290039,89.06560516357422,0.26719680428504944,133.59840393066406,636.189567565918,468.9054643213749,167.28410324454308
86,4,21,10,2026,TERM_LIFE,24,True,131735.9,0.00241,0.063762814,0.9339809,0.9237052,0.75622183,0.82270247,0.8638376,0.0,115.7625,11.143656,57.88125,173.64374,184.7874,197.52097,101.14328,0.0,0.65325284,537.8626,736.7981,557.1828,406.74344,240.08797,7904.155,0.0,130.83005,222.87312,96.03519,0.28810555,144.05278,498.0440368652344,653.218017578125,155.17398071289062,481.3154602050781,351.36029052734375,192.52618408203125,197.52096557617188,0.0,107.63420104980469,79.00838470458984,0.23702514171600342,118.51258087158203,560.323844909668,418.909991145134,141.413853764534
86,5,21,10,2026,TERM_LIFE,25,True,131735.9,0.00243,0.054881163,0.94282216,0.9339809,0.70629674,0.7835262,0.82270247,0.0,121.55062,10.407961,60.77531,182.32593,192.73389,177.1541,95.362045,0.0,0.5810721,537.8626,736.7981,520.3981,379.8906,226.0985,6586.7954,0.0,128.6565,208.15923,90.4394,0.2713182,135.65909,472.7461242675781,610.8374633789062,138.09133911132812,428.1327819824219,312.53692626953125,171.25311279296875,177.1540985107422,0.0,100.80573272705078,70.86164093017578,0.21258491277694702,106.29244995117188,498.99442291259766,378.56388038396835,120.4305425286293
86,6,21,10,2026,TERM_LIFE,26,True,131735.9,0.00246,0.047236655,0.95041955,0.94282216,0.6659122,0.7462154,0.7835262,0.0,127.62816,9.812857,63.81408,191.44223,201.25508,161.03508,90.63668,0.0,0.5217596,537.8626,736.7981,490.64285,358.16928,215.8024,5269.436,0.0,127.687645,196.25714,86.32096,0.2589629,129.48145,453.6852111816406,576.9638061523438,123.27859497070312,384.4315185546875,280.635009765625,153.77261352539062,161.0350799560547,0.0,95.28248596191406,64.41403198242188,0.19324210286140442,96.62104797363281,448.8455505371094,345.8693895637989,102.97616097331047
86,7,21,10,2026,TERM_LIFE,27,True,131735.9,0.00249,0.040656965,0.95695424,0.95041955,0.632896,0.7106813,0.7462154,0.0,134.00957,9.326331,67.00478,201.01434,210.34067,147.54034,86.73777,0.0,0.47227675,537.8626,736.7981,466.31656,340.4111,207.60408,3952.0774,0.0,127.711365,186.52663,83.04163,0.2491249,124.56245,439.0495300292969,549.3582153320312,110.30868530273438,347.97259521484375,254.02000427246094,139.1890411376953,147.54034423828125,0.0,90.7620849609375,59.016136169433594,0.17704841494560242,88.52420043945312,406.98873138427734,318.65237495303154,88.3363564312458
86,8,21,10,2026,TERM_LIFE,28,True,131735.9,0.0025300002,0.034993775,0.96256477,0.95695424,0.6056525,0.67683935,0.7106813,0.0,140.71004,8.924872,70.35502,211.06506,219.98993,136.62614,83.494064,0.0,0.4304259,537.8626,736.7981,446.24362,325.75784,201.85905,2634.718,0.0,128.57498,178.49745,80.74362,0.24223088,121.11543,428.4300842285156,526.9872436523438,98.55715942382812,317.1369934082031,231.510009765625,126.85480499267578,136.6261444091797,0.0,87.02460479736328,54.65045928955078,0.16395139694213867,81.97569274902344,371.7874526977539,296.01905393600464,75.76839876174927
86,9,21,10,2026,TERM_LIFE,29,True,131735.9,0.00258,0.030119421,0.9673783,0.96256477,0.58297974,0.6446089,0.67683935,0.0,147.74554,8.590767,73.87277,221.61832,230.20908,127.72434,80.77439,0.0,0.39458364,537.8626,736.7981,429.53836,313.56302,198.14238,1317.3594,0.0,130.165,171.81535,79.25695,0.23777084,118.88543,421.1035461425781,508.7953186035156,87.6917724609375,290.72845458984375,212.23179626464844,116.29138946533203,127.7243423461914,0.0,83.905517578125,51.08973693847656,0.1532692015171051,76.63460540771484,341.8181915283203,276.984781652689,64.83340987563133
86,10,21,10,2026,TERM_LIFE,30,True,131735.9,0.00263,0.025924027,0.97151417,0.9673783,0.563962,0.61391324,0.6446089,0.0,155.13281,8.310522,77.56641,232.69922,241.00974,119.95456,78.477394,0.0,0.36353493,537.8626,736.7981,415.52612,303.33408,195.39334,0.0,7.8636403,132.39673,166.21045,78.15734,0.23447204,117.236,423.9412841796875,493.6834716796875,69.7421875,267.8518371582031,195.53184509277344,107.14073944091797,119.95455932617188,4.827592849731445,81.28010559082031,47.98182678222656,0.14394548535346985,71.97273254394531,315.8336639404297,265.3651159107685,50.46854802966118
87,1,22,10,2026,TERM_LIFE,22,True,28723.623,0.00236,0.1,0.89787596,1.0,1.0,0.95238096,1.0,500.0,100.0,8.2220545,50.0,650.0,658.22205,64.55976,557.1429,0.0,1.0,300.105,411.10275,411.10275,300.105,67.78775,2585.126,0.0,592.39984,164.4411,27.1151,0.081345305,40.67265,797.594970703125,438.2178649902344,-359.3771057128906,411.1027526855469,300.1050109863281,164.44110107421875,64.55976104736328,0.0,564.1903076171875,25.82390594482422,0.07747171819210052,38.73585510253906,436.9266586303711,767.4447355121374,-330.5180768817663
87,2,22,10,2026,TERM_LIFE,23,True,28723.623,0.00239,0.0860708,0.9117449,0.89787596,0.89787596,0.90702945,0.95238096,0.0,104.99999,7.3823857,52.499996,157.49998,164.88237,55.90812,117.22785,0.0,0.85511994,300.105,411.10275,369.1193,269.45706,61.638702,2297.89,0.0,135.30167,147.64772,24.655481,0.07396644,36.983223,320.006591796875,393.7747802734375,73.7681884765625,351.54217529296875,256.6257629394531,140.61688232421875,55.908119201660156,0.0,122.72259521484375,22.36324691772461,0.06708974391222,33.54487228393555,373.90542221069336,296.95143956691027,76.95398264378309
87,3,22,10,2026,TERM_LIFE,24,True,28723.623,0.00241,0.07408182,0.9236867,0.9117449,0.81863385,0.8638376,0.90702945,0.0,110.25,6.7308526,55.125,165.375,172.10585,48.952854,108.284,0.0,0.74252504,300.105,411.10275,336.54263,245.67612,56.66905,2010.6536,0.0,130.45416,134.61705,22.66762,0.068002865,34.001427,299.140625,359.21026611328125,60.06964111328125,305.25408935546875,222.83547973632812,122.10163116455078,48.95285415649414,0.0,112.69120788574219,19.58114242553711,0.0587434321641922,29.37171173095703,324.83523178100586,264.2232942134142,60.61193756759167
87,4,22,10,2026,TERM_LIFE,25,True,28723.623,0.00243,0.063762814,0.93396217,0.9236867,0.7561612,0.82270247,0.8638376,0.0,115.7625,6.217199,57.88125,173.64374,179.86093,43.42129,101.13517,0.0,0.6532005,300.105,411.10275,310.85995,226.92776,52.77885,1723.4175,0.0,127.33187,124.34399,21.11154,0.06333462,31.66731,283.406494140625,331.97149658203125,48.56500244140625,268.53253173828125,196.0287322998047,107.41300964355469,43.42129135131836,0.0,104.75624084472656,17.368515014648438,0.05210554972290993,26.05277442932129,285.9010467529297,238.27413046732545,47.62691628560424
87,5,22,10,2026,TERM_LIFE,26,True,28723.623,0.00246,0.054881163,0.94279385,0.93396217,0.706226,0.7835262,0.82270247,0.0,121.55062,5.8066287,60.77531,182.32593,188.13255,39.099533,95.35249,0.0,0.58101386,300.105,411.10275,290.33145,211.94196,49.90201,1436.1812,0.0,125.57236,116.13258,19.960806,0.05988242,29.941206,271.7060241699219,310.2922668457031,38.58624267578125,238.8563995361328,174.36517333984375,95.54256439208984,39.09953308105469,0.0,98.38922882080078,15.639814376831055,0.04691944643855095,23.459718704223633,254.49621391296387,217.4384313635528,37.05778254941106
87,6,22,10,2026,TERM_LIFE,27,True,28723.623,0.00249,0.047236655,0.95039093,0.94279385,0.66582555,0.7462154,0.7835262,0.0,127.62816,5.4744544,63.81408,191.44223,196.91669,35.535564,90.62488,0.0,0.52169174,300.105,411.10275,273.72272,199.81758,47.621056,1148.9448,0.0,124.91885,109.48909,19.048422,0.057145264,28.572634,263.0377502441406,292.7711486816406,29.7333984375,214.4689178466797,156.5623016357422,85.78756713867188,35.53556442260742,0.0,93.21636962890625,14.214225769042969,0.04264267534017563,21.321338653564453,228.68314361572266,200.36791809648275,28.315225519239902
87,7,22,10,2026,TERM_LIFE,28,True,28723.623,0.0025300002,0.040656965,0.9569159,0.95039093,0.63279456,0.7106813,0.7462154,0.0,134.00957,5.202872,67.00478,201.01434,206.21721,32.681156,86.72386,0.0,0.47220105,300.105,411.10275,260.1436,189.90482,45.985672,861.70874,0.0,125.187675,104.057434,18.39427,0.05518281,27.591402,256.8916931152344,278.537841796875,21.646148681640625,194.12315368652344,141.70989990234375,77.64926147460938,32.681156158447266,0.0,88.96854400634766,13.072463989257812,0.03921739384531975,19.608694076538086,207.19561767578125,186.26571695134044,20.929900724440813
87,8,22,10,2026,TERM_LIFE,29,True,28723.623,0.00258,0.034993775,0.96251655,0.9569159,0.60553116,0.67683935,0.7106813,0.0,140.71004,4.9787107,70.35502,211.06506,216.04378,30.372536,83.47733,0.0,0.4303397,300.105,411.10275,248.93553,181.72293,44.87407,574.4724,0.0,126.24331,99.57421,17.949629,0.05384889,26.92444,252.7958221435547,266.8851623535156,14.089340209960938,176.91383361816406,129.1470947265625,70.76553344726562,30.372535705566406,0.0,85.44644165039062,12.149015426635742,0.03644704818725586,18.223520278930664,189.0628490447998,174.47194242477417,14.590906620025635
87,9,22,10,2026,TERM_LIFE,30,True,28723.623,0.00263,0.030119421,0.9673298,0.96251655,0.58283377,0.6446089,0.67683935,0.0,147.74554,4.7920914,73.87277,221.61832,226.4104,28.38154,80.75416,0.0,0.39448482,300.105,411.10275,239.60457,174.91133,44.029083,287.2363,0.2259053,127.98508,95.84183,17.611633,0.052834902,26.41745,250.52310180664062,257.2161865234375,6.693084716796875,162.17379760742188,118.38687133789062,64.86952209472656,28.381540298461914,0.14562056958675385,82.50032043457031,11.352615356445312,0.034057848155498505,17.02892303466797,173.5264129638672,164.5784439817071,8.947968982160091
87,10,22,10,2026,TERM_LIFE,31,True,28723.623,0.00269,0.025924027,0.9714557,0.9673298,0.56379247,0.61391324,0.6446089,0.0,155.13281,4.635533,77.56641,232.69922,237.33475,26.743471,78.453804,0.0,0.36342564,300.105,411.10275,231.77664,169.19695,43.562298,0.0,4.386266,130.33871,92.710655,17.42492,0.05227476,26.137379,253.62530517578125,249.20156860351562,-4.423736572265625,149.40528869628906,109.06585693359375,59.762115478515625,26.743471145629883,2.692786931991577,80.01666259765625,10.697388648986816,0.03209216892719269,16.046083450317383,160.10267734527588,158.54974062740803,1.5529367178678513
88,1,26,10,2026,TERM_LIFE,26,True,216648.8,0.00246,0.1,0.89778596,1.0,1.0,0.95238096,1.0,500.0,100.0,21.25812,50.0,650.0,671.2581,507.5772,557.1429,0.0,1.0,775.9214,1062.906,1062.906,775.9214,532.95605,19498.393,0.0,604.13226,425.1624,213.18242,0.6395473,319.77362,1349.7078857421875,1276.08837890625,-73.6195068359375,1062.906005859375,775.92138671875,425.16241455078125,507.57720947265625,0.0,575.3640747070312,203.03086853027344,0.609092652797699,304.5462951660156,1265.9368743896484,1305.6818770766258,-39.74500268697739
88,2,26,10,2026,TERM_LIFE,27,True,216648.8,0.00249,0.0860708,0.9116536,0.89778596,0.89778596,0.90702945,0.95238096,0.0,104.99999,19.085241,52.499996,157.49998,176.58522,439.28848,117.2161,0.0,0.85503423,775.9214,1062.906,954.2621,696.6113,484.31558,17331.904,0.0,144.89044,381.70483,193.72624,0.5811787,290.58936,817.7658081054688,1147.98828125,330.22247314453125,908.821044921875,663.4393920898438,363.5284118652344,439.2884826660156,0.0,131.41989135742188,175.7154083251953,0.5271462202072144,263.5730895996094,1084.5364532470703,759.0485390424728,325.4879142045975
88,3,26,10,2026,TERM_LIFE,28,True,216648.8,0.0025300002,0.07408182,0.9235756,0.9116536,0.81846976,0.8638376,0.90702945,0.0,110.25,17.399128,55.125,165.375,182.77412,387.53558,108.26229,0.0,0.7423762,775.9214,1062.906,869.9564,635.0682,448.62088,15165.416,0.0,138.51282,347.98257,179.44835,0.53834504,269.17255,756.206298828125,1049.40478515625,293.198486328125,789.0761108398438,576.0255126953125,315.63043212890625,387.53558349609375,0.0,119.65258026123047,155.0142364501953,0.46504268050193787,232.5213623046875,944.0903472900391,668.2694173753262,275.8209299147129
88,4,26,10,2026,TERM_LIFE,29,True,216648.8,0.00258,0.063762814,0.93382174,0.9235756,0.7559187,0.82270247,0.8638376,0.0,115.7625,16.06941,57.88125,173.64374,189.71315,347.6113,101.10274,0.0,0.652991,775.9214,1062.906,803.4705,586.53345,422.5237,12998.929,0.0,134.26364,321.3882,169.00949,0.50702846,253.51422,709.673095703125,972.47998046875,262.806884765625,694.0680541992188,506.6696472167969,277.6272277832031,347.6112976074219,0.0,110.45903015136719,139.04452514648438,0.4171335697174072,208.5667724609375,833.1125793457031,597.0701639652252,236.0424153804779
88,5,26,10,2026,TERM_LIFE,30,True,216648.8,0.00263,0.054881163,0.9426332,0.93382174,0.7058933,0.7835262,0.82270247,0.0,121.55062,15.005964,60.77531,182.32593,197.3319,315.14078,95.30757,0.0,0.58074015,775.9214,1062.906,750.2982,547.7177,402.20834,10832.44,0.0,131.65057,300.1193,160.88335,0.48265004,241.325,673.5775146484375,911.1815795898438,237.60406494140625,617.272216796875,450.60870361328125,246.9088897705078,315.1407775878906,0.0,103.15167236328125,126.05631256103516,0.3781689405441284,189.08445739746094,743.3285293579102,539.5231884717941,203.80534088611603
88,6,26,10,2026,TERM_LIFE,31,True,216648.8,0.00269,0.047236655,0.9502004,0.9426332,0.6653984,0.7462154,0.7835262,0.0,127.62816,14.14512,63.81408,191.44223,205.58736,289.3707,90.56674,0.0,0.52135706,775.9214,1062.906,707.256,516.2969,387.7844,8665.952,0.0,130.33565,282.9024,155.11375,0.4653413,232.67064,646.3740234375,862.3697509765625,215.9957275390625,554.153564453125,404.5321044921875,221.66143798828125,289.3706970214844,0.0,97.25846862792969,115.74827575683594,0.34724485874176025,173.62242126464844,669.9018402099609,492.88957273960114,177.0122674703598
88,7,26,10,2026,TERM_LIFE,32,True,216648.8,0.00275,0.040656965,0.95670485,0.9502004,0.6322618,0.7106813,0.7462154,0.0,134.00957,13.440697,67.00478,201.01434,214.45505,267.70767,86.65085,0.0,0.47180352,775.9214,1062.906,672.03485,490.58545,376.6916,6499.4644,0.0,130.07898,268.81393,150.67664,0.4520299,226.01495,625.35986328125,822.7114868164062,197.35162353515625,501.4827575683594,366.0824279785156,200.5930938720703,267.7076721191406,0.0,92.4447021484375,107.08306884765625,0.32124921679496765,160.62460327148438,608.5658264160156,453.98364850878716,154.58217790722847
88,8,26,10,2026,TERM_LIFE,33,True,216648.8,0.00282,0.034993775,0.9622849,0.95670485,0.60488796,0.67683935,0.7106813,0.0,140.71004,12.85878,70.35502,211.06506,223.92384,250.13011,83.388664,0.0,0.4298826,775.9214,1062.906,642.939,469.34552,369.5561,4332.976,0.0,130.70897,257.17563,147.82243,0.4434673,221.73366,610.061767578125,790.761474609375,180.69970703125,456.92474365234375,333.5550842285156,182.76991271972656,250.13011169433594,0.0,88.4689712524414,100.05204010009766,0.3001561164855957,150.07806396484375,556.9767837524414,421.6171040534973,135.3596796989441
88,9,26,10,2026,TERM_LIFE,34,True,216648.8,0.0029000002,0.030119421,0.9670679,0.9622849,0.5820746,0.6446089,0.67683935,0.0,147.74554,12.373811,73.87277,221.61832,233.99213,235.7378,80.64897,0.0,0.393971,775.9214,1062.906,618.69055,451.6441,365.7067,2166.4885,0.0,132.09857,247.47623,146.28268,0.43884808,219.42401,599.4376220703125,764.9732666015625,165.53564453125,418.7541198730469,305.69049072265625,167.50164794921875,235.73779296875,0.0,85.15191650390625,94.29512023925781,0.2828853726387024,141.4426727294922,513.0492401123047,394.3791225552559,118.6701175570488
88,10,26,10,2026,TERM_LIFE,35,True,216648.8,0.00301,0.025924027,0.971144,0.9670679,0.56290567,0.61391324,0.6446089,0.0,155.13281,11.966315,77.56641,232.69922,244.66553,225.35406,78.330414,0.0,0.362854,775.9214,1062.906,598.3158,436.77054,367.07803,0.0,11.322851,134.15326,239.32632,146.83122,0.44049367,220.24681,605.4896850585938,745.1470336914062,139.6573486328125,385.6796875,281.5461730957031,154.27188110351562,225.35406494140625,6.9512481689453125,82.35845947265625,90.14163208007812,0.27042490243911743,135.21243286132812,475.8213195800781,379.06444650888443,96.7568730711937
89,1,40,10,2026,TERM_LIFE,40,True,38197.133,0.00403,0.1,0.896373,1.0,1.0,0.95238096,1.0,500.0,100.0,11.764241,50.0,650.0,661.7642,146.60423,557.1429,0.0,1.0,429.39484,588.2121,588.2121,429.39484,153.93445,3437.742,0.0,595.58777,235.28484,61.57378,0.18472135,92.36067,923.41796875,649.785888671875,-273.632080078125,588.2120971679688,429.39483642578125,235.2848358154297,146.60423278808594,0.0,567.2264404296875,58.64169692993164,0.1759250909090042,87.9625473022461,646.8537940979004,890.6497486382723,-243.7959545403719
89,2,40,10,2026,TERM_LIFE,41,True,38197.133,0.00434,0.0860708,0.9099628,0.896373,0.896373,0.90702945,0.95238096,0.0,104.99999,10.545149,52.499996,157.49998,168.04514,134.7816,117.03162,0.0,0.85368854,429.39484,588.2121,527.25745,384.89792,148.59673,3055.7708,0.0,137.66618,210.90298,59.43869,0.17831607,89.158035,437.905517578125,586.6961669921875,148.7906494140625,502.14996337890625,366.5694580078125,200.8599853515625,134.78160095214844,0.0,124.86727905273438,53.91264343261719,0.16173793375492096,80.86896514892578,556.0626068115234,406.7579674869776,149.30463932454586
89,3,40,10,2026,TERM_LIFE,42,True,38197.133,0.00467,0.07408182,0.9215941,0.9099628,0.815666,0.8638376,0.90702945,0.0,110.25,9.595692,55.125,165.375,174.97069,125.687515,107.891426,0.0,0.7398331,429.39484,588.2121,479.7846,350.24277,145.49901,2673.7993,0.0,132.14485,191.91385,58.199604,0.17459881,87.29941,411.5326843261719,537.9841918945312,126.45150756835938,435.17877197265625,317.6805114746094,174.07151794433594,125.68751525878906,0.0,114.15169525146484,50.27500534057617,0.15082502365112305,75.41251373291016,485.4537773132324,363.78655195236206,121.66722536087036
89,4,40,10,2026,TERM_LIFE,43,True,38197.133,0.00503,0.063762814,0.931528,0.9215941,0.751713,0.82270247,0.8638376,0.0,115.7625,8.843333,57.88125,173.64374,182.48708,118.821106,100.54023,0.0,0.6493579,429.39484,588.2121,442.16666,322.78168,144.4278,2291.8281,0.0,128.43106,176.86667,57.77112,0.17331335,86.65668,392.1277160644531,499.9377746582031,107.81005859375,381.9601745605469,278.8309631347656,152.78407287597656,118.82110595703125,0.0,105.66055297851562,47.5284423828125,0.14258532226085663,71.29266357421875,429.4886169433594,329.8798747509718,99.60874219238758
89,5,40,10,2026,TERM_LIFE,44,True,38197.133,0.0054200003,0.054881163,0.9399963,0.931528,0.7002417,0.7835262,0.82270247,0.0,121.55062,8.237812,60.77531,182.32593,190.56374,113.58777,94.54451,0.0,0.5760906,429.39484,588.2121,411.89062,300.68018,144.96997,1909.8567,0.0,126.11729,164.75626,57.987988,0.17396396,86.98198,378.02947998046875,469.87860107421875,91.84912109375,338.8634338378906,247.3703155517578,135.54537963867188,113.5877685546875,0.0,98.81619262695312,45.43510818481445,0.1363053172826767,68.15265655517578,384.2985420227051,302.65053413808346,81.64800788462162
89,6,40,10,2026,TERM_LIFE,45,True,38197.133,0.0058500003,0.047236655,0.9471896,0.9399963,0.6582246,0.7462154,0.7835262,0.0,127.62816,7.743513,63.81408,191.44223,199.18575,109.755165,89.59032,0.0,0.5157362,429.39484,588.2121,387.17566,282.63824,147.08241,1527.8853,0.0,124.9158,154.87027,58.832966,0.1764989,88.24945,368.2120361328125,446.0086364746094,77.79660034179688,303.3622741699219,221.4544677734375,121.34490966796875,109.75516510009766,0.0,93.21409606933594,43.90206527709961,0.13170620799064636,65.85309600830078,347.2643394470215,280.5438079535961,66.72053149342537
89,7,40,10,2026,TERM_LIFE,46,True,38197.133,0.0063300002,0.040656965,0.9532704,0.9471896,0.6234635,0.7106813,0.7462154,0.0,134.00957,7.3345757,67.00478,201.01434,208.34892,107.1323,85.44505,0.0,0.46523806,429.39484,588.2121,366.7288,267.712,150.74591,1145.9141,0.0,124.6167,146.69151,60.298367,0.1808951,90.44754,361.9366455078125,427.02716064453125,65.09051513671875,273.6586608886719,199.7708282470703,109.46346282958984,107.1323013305664,0.0,88.56275939941406,42.85292434692383,0.12855876982212067,64.27938079833984,316.5115852355957,262.43416179716587,54.07742343842983
89,8,40,10,2026,TERM_LIFE,47,True,38197.133,0.00686,0.034993775,0.9583863,0.9532704,0.5943293,0.67683935,0.7106813,0.0,140.71004,6.991833,70.35502,211.06506,218.0569,105.406555,81.93306,0.0,0.42237872,429.39484,588.2121,349.59167,255.20193,155.73349,763.9426,0.0,125.06249,139.83667,62.293396,0.18688019,93.440094,358.5261535644531,411.88507080078125,53.358917236328125,248.44827270507812,181.36724853515625,99.37931060791016,105.40655517578125,0.0,84.647216796875,42.162620544433594,0.1264878660440445,63.24393081665039,290.6108932495117,247.3969460874796,43.21394716203213
89,9,40,10,2026,TERM_LIFE,48,True,38197.133,0.00745,0.030119421,0.962655,0.9583863,0.56959707,0.6446089,0.67683935,0.0,147.74554,6.7008777,73.87277,221.61832,228.3192,104.484314,78.92016,0.0,0.3855257,429.39484,588.2121,335.04388,244.58203,162.08946,381.97144,0.81359273,126.13291,134.01756,64.835785,0.19450735,97.25368,358.4122619628906,399.8796691894531,41.4674072265625,226.77088928222656,165.54273986816406,90.70835876464844,104.48431396484375,0.5244491100311279,81.306396484375,41.793724060058594,0.12538117170333862,62.69058609008789,268.56461334228516,235.3551716208458,33.20944172143936
89,10,40,10,2026,TERM_LIFE,49,True,38197.133,0.0081001,0.025924027,0.96618587,0.962655,0.5483255,0.61391324,0.6446089,0.0,155.13281,6.4506335,77.56641,232.69922,239.14986,104.15176,76.30151,0.0,0.35345548,429.39484,588.2121,322.53168,235.44814,169.65224,0.0,6.1037636,127.73249,129.01268,67.86089,0.20358267,101.79134,364.8438415527344,390.392578125,25.548736572265625,207.90679931640625,151.77197265625,83.16272735595703,104.1517562866211,3.7471811771392822,78.41666412353516,41.660701751708984,0.12498209625482559,62.49105453491211,249.56750106811523,227.9426092877984,21.62489178031683
90,1,41,10,2026,TERM_LIFE,41,True,112919.695,0.00434,0.1,0.89609396,1.0,1.0,0.95238096,1.0,500.0,100.0,23.572548,50.0,650.0,673.5726,466.73474,557.1429,0.0,1.0,860.3981,1178.6274,1178.6274,860.3981,490.07147,10162.772,0.0,606.2153,471.451,196.0286,0.5880858,294.04288,1372.29736328125,1374.656005859375,2.358642578125,1178.62744140625,860.3980712890625,471.45098876953125,466.7347412109375,0.0,577.347900390625,186.6938934326172,0.5600816607475281,280.04083251953125,1365.3213348388672,1329.399803340435,35.92153149843216
90,2,41,10,2026,TERM_LIFE,42,True,112919.695,0.00467,0.0860708,0.9096612,0.89609396,0.89609396,0.90702945,0.95238096,0.0,104.99999,21.123217,52.499996,157.49998,178.6232,428.60922,116.995186,0.0,0.8534228,860.3981,1178.6274,1056.1609,770.9975,472.5417,9033.576,0.0,146.2864,422.46436,189.01668,0.56705004,283.52502,852.8428344726562,1245.1776123046875,392.33477783203125,1005.8674926757812,734.2833251953125,402.3470153808594,428.6092224121094,0.0,132.6860809326172,171.44369506835938,0.5143311023712158,257.1655578613281,1177.3111877441406,792.7129852771759,384.5982024669647
90,3,41,10,2026,TERM_LIFE,43,True,112919.695,0.00503,0.07408182,0.92126083,0.9096612,0.8151419,0.8638376,0.90702945,0.0,110.25,19.214973,55.125,165.375,184.58997,399.94754,107.822105,0.0,0.7393577,860.3981,1178.6274,960.74866,701.34656,462.98926,7904.379,0.0,139.32014,384.29947,185.19571,0.5555872,277.79355,801.9688110351562,1145.9443359375,343.97552490234375,871.4273071289062,636.1419677734375,348.5709228515625,399.9475402832031,0.0,120.3499755859375,159.97901916503906,0.4799370765686035,239.968505859375,1031.4063262939453,709.3693413734436,322.0369849205017
90,4,41,10,2026,TERM_LIFE,44,True,112919.695,0.0054200003,0.063762814,0.9311628,0.92126083,0.7509583,0.82270247,0.8638376,0.0,115.7625,17.702002,57.88125,173.64374,191.34573,378.11826,100.43929,0.0,0.648706,860.3981,1178.6274,885.1001,646.1231,459.6051,6775.182,0.0,134.53043,354.04004,183.84204,0.5515261,275.76306,764.885009765625,1068.942138671875,304.05712890625,764.582763671875,558.1454467773438,305.8330993652344,378.1182556152344,0.0,110.67851257324219,151.24729919433594,0.4537419080734253,226.87095642089844,915.8300628662109,643.8363102674484,271.9937525987625
90,5,41,10,2026,TERM_LIFE,45,True,112919.695,0.0058500003,0.054881163,0.93958986,0.9311628,0.6992644,0.7835262,0.82270247,0.0,121.55062,16.483444,60.77531,182.32593,198.80937,361.9266,94.41256,0.0,0.57528657,860.3981,1178.6274,824.17224,601.64575,461.92026,5645.985,0.0,131.39072,329.6689,184.76811,0.55430436,277.15216,738.76611328125,1008.9403686523438,270.17425537109375,678.0485229492188,494.9754333496094,271.21942138671875,361.9266052246094,0.0,102.94806671142578,144.77066040039062,0.43431198596954346,217.15597534179688,822.8191833496094,591.757775425911,231.06140792369843
90,6,41,10,2026,TERM_LIFE,46,True,112919.695,0.0063300002,0.047236655,0.94673234,0.93958986,0.65702176,0.7462154,0.7835262,0.0,127.62816,15.487677,63.81408,191.44223,206.9299,350.443,89.4266,0.0,0.51479375,860.3981,1178.6274,774.38385,565.30023,469.62714,4516.7876,0.0,129.53526,309.75354,187.85086,0.5635526,281.77628,721.6286010742188,962.2347412109375,240.60614013671875,606.75,442.9275207519531,242.70001220703125,350.4429931640625,0.0,96.66120910644531,140.1772003173828,0.42053163051605225,210.2657928466797,746.9272003173828,550.0475457906723,196.8796545267105
90,7,41,10,2026,TERM_LIFE,47,True,112919.695,0.00686,0.040656965,0.9527619,0.94673234,0.62202376,0.7106813,0.7462154,0.0,134.00957,14.662685,67.00478,201.01434,215.67703,342.43304,85.247734,0.0,0.46416372,860.3981,1178.6274,733.1343,535.18805,481.8377,3387.591,0.0,128.70186,293.25372,192.73509,0.5782053,289.1026,711.6363525390625,925.869384765625,214.2330322265625,547.0761108398438,399.3655700683594,218.8304443359375,342.43304443359375,0.0,91.46600341796875,136.97323608398438,0.4109196960926056,205.45982360839844,684.0493469238281,516.1671910583973,167.88215586543083
90,8,41,10,2026,TERM_LIFE,48,True,112919.695,0.00745,0.034993775,0.95781696,0.9527619,0.5926405,0.67683935,0.7106813,0.0,140.71004,13.970047,70.35502,211.06506,225.03511,337.44492,81.70026,0.0,0.42117855,860.3981,1178.6274,698.5024,509.90677,498.55984,2258.3938,0.0,128.69798,279.40097,199.42393,0.59827185,299.13593,707.8331298828125,897.9263305664062,190.09320068359375,496.41259765625,362.3812255859375,198.56504821777344,337.4449157714844,0.0,87.10785675048828,134.97796630859375,0.4049339294433594,202.4669647216797,631.3905639648438,488.54480361938477,142.84576034545898
90,9,41,10,2026,TERM_LIFE,49,True,112919.695,0.0081001,0.030119421,0.96202445,0.95781696,0.56764114,0.6446089,0.67683935,0.0,147.74554,13.380748,73.87277,221.61832,234.99907,334.68036,78.64916,0.0,0.38420185,860.3981,1178.6274,669.0374,488.39734,519.1991,1129.1973,0.0,129.37737,267.61496,207.67964,0.6230389,311.51947,709.1348876953125,876.717041015625,167.5821533203125,452.8308410644531,330.5665283203125,181.13233947753906,334.68035888671875,0.0,83.3978042602539,133.8721466064453,0.4016164243221283,200.8082275390625,586.7029876708984,465.7399877011776,120.96299996972084
90,10,41,10,2026,TERM_LIFE,50,True,112919.695,0.00882,0.025924027,0.9654846,0.96202445,0.54608464,0.61391324,0.6446089,0.0,155.13281,12.872607,77.56641,232.69922,245.57182,333.8914,75.9897,0.0,0.35201102,860.3981,1178.6274,643.6304,469.85016,543.8739,0.0,12.1804085,130.62651,257.45215,217.54956,0.6526487,326.32434,727.236083984375,861.179931640625,133.94384765625,414.8898620605469,302.8695983886719,165.95594787597656,333.8913879394531,7.4777140617370605,80.19334411621094,133.55654907226562,0.400669664144516,200.3348388671875,548.4464111328125,454.3625145852566,94.08389654755592
91,1,30,10,2026,TERM_LIFE,30,True,71315.516,0.00263,0.1,0.89763296,1.0,1.0,0.95238096,1.0,500.0,100.0,11.85772,50.0,650.0,661.8577,178.62839,557.1429,0.0,1.0,432.80682,592.88605,592.88605,432.80682,187.5598,6418.3965,0.0,595.67194,237.15442,75.02392,0.22507177,112.53588,945.5873413085938,667.9099731445312,-277.6773681640625,592.8860473632812,432.80682373046875,237.1544189453125,178.62838745117188,0.0,567.3065795898438,71.45134735107422,0.21435406804084778,107.17703247070312,664.3373947143555,911.8523850739002,-247.51499035954475
91,2,30,10,2026,TERM_LIFE,31,True,71315.516,0.00269,0.0860708,0.9114707,0.89763296,0.89763296,0.90702945,0.95238096,0.0,104.99999,10.643881,52.499996,157.49998,168.14386,156.19118,117.19613,0.0,0.85488856,432.80682,592.88605,532.19403,388.50168,172.20078,5705.2417,0.0,137.94069,212.87761,68.88031,0.20664093,103.320465,454.34539794921875,601.0743408203125,146.72894287109375,506.8514709472656,370.0015869140625,202.74058532714844,156.19117736816406,0.0,125.11626434326172,62.476470947265625,0.18742941319942474,93.71470642089844,569.3279418945312,421.758985504508,147.56895639002323
91,3,30,10,2026,TERM_LIFE,32,True,71315.516,0.00275,0.07408182,0.9233719,0.9114707,0.81816614,0.8638376,0.90702945,0.0,110.25,9.701586,55.125,165.375,175.07658,138.60864,108.22213,0.0,0.7421008,432.80682,592.88605,485.07928,354.10788,160.45683,4992.086,0.0,132.63013,194.03172,64.18273,0.1925482,96.2741,423.1285095214844,549.2620239257812,126.13351440429688,439.981201171875,321.186279296875,175.99249267578125,138.608642578125,0.0,114.57089233398438,55.443458557128906,0.16633038222789764,83.16519165039062,495.4246597290039,373.89490704238415,121.52975268661976
91,4,30,10,2026,TERM_LIFE,33,True,71315.516,0.00282,0.063762814,0.933597,0.9233719,0.75547165,0.82270247,0.8638376,0.0,115.7625,8.958172,57.88125,173.64374,182.60191,124.99543,101.042946,0.0,0.6526048,432.80682,592.88605,447.9086,326.9733,151.93272,4278.931,0.0,129.15445,179.16344,60.77309,0.18231927,91.15964,399.65985107421875,508.68170166015625,109.0218505859375,386.9202880859375,282.45184326171875,154.7681121826172,124.99542999267578,0.0,106.25568389892578,49.998172760009766,0.14999450743198395,74.99726104736328,436.91846084594727,336.17105163633823,100.74740920960903
91,5,30,10,2026,TERM_LIFE,34,True,71315.516,0.0029000002,0.054881163,0.942378,0.933597,0.7053061,0.7835262,0.82270247,0.0,121.55062,8.363323,60.77531,182.32593,190.68925,114.29131,95.228294,0.0,0.58025706,432.80682,592.88605,418.16617,305.2613,145.86789,3565.776,0.0,127.11309,167.26646,58.347157,0.17504147,87.52074,382.0753173828125,476.5133361816406,94.43801879882812,344.0263366699219,251.13922119140625,137.61053466796875,114.29131317138672,0.0,99.596435546875,45.71652603149414,0.13714957237243652,68.57479095458984,389.742862701416,305.91891074180603,83.82395195960999
91,6,30,10,2026,TERM_LIFE,35,True,71315.516,0.00301,0.047236655,0.9498955,0.942378,0.6646649,0.7462154,0.7835262,0.0,127.62816,7.881411,63.81408,191.44223,199.32364,106.46762,90.4669,0.0,0.52078235,432.80682,592.88605,394.07056,287.6715,142.67679,2852.6206,0.0,126.22535,157.62822,57.070717,0.17121215,85.60607,369.630859375,451.1412658691406,81.51040649414062,308.76458740234375,225.39816284179688,123.5058364868164,106.46762084960938,0.0,94.19129943847656,42.5870475769043,0.1277611404657364,63.88056945800781,351.35163497924805,281.7054665237665,69.64616845548153
91,7,30,10,2026,TERM_LIFE,36,True,71315.516,0.0031400002,0.040656965,0.9563307,0.9498955,0.6313622,0.7106813,0.7462154,0.0,134.00957,7.4865165,67.00478,201.01434,208.50085,100.47713,86.52756,0.0,0.4711322,432.80682,592.88605,374.32584,273.25787,141.38141,2139.4656,0.0,126.28749,149.73033,56.552563,0.16965768,84.82884,361.0163269042969,430.8783874511719,69.862060546875,279.32769775390625,203.90924072265625,111.7310791015625,100.47712707519531,0.0,89.75016021728516,40.19084930419922,0.1205725446343422,60.28627395629883,319.51854705810547,261.8880858197808,57.63046123832464
91,8,30,10,2026,TERM_LIFE,37,True,71315.516,0.0033,0.034993775,0.9618217,0.9563307,0.60379106,0.67683935,0.7106813,0.0,140.71004,7.159586,70.35502,211.06506,218.22466,96.17678,83.23744,0.0,0.42910302,432.80682,592.88605,357.9793,261.3249,142.09691,1426.3103,0.0,127.15124,143.19173,56.838764,0.1705163,85.25815,355.7716369628906,414.8180847167969,59.04644775390625,254.40921020507812,185.71871948242188,101.76368713378906,96.1767807006836,0.0,86.06095886230469,38.47071075439453,0.115412138402462,57.70606994628906,292.87992095947266,245.64612808078527,47.23379287868738
91,9,30,10,2026,TERM_LIFE,38,True,71315.516,0.0035100002,0.030119421,0.9664763,0.9618217,0.5807393,0.6446089,0.67683935,0.0,147.74554,6.8862443,73.87277,221.61832,228.50456,93.706276,80.46397,0.0,0.3930672,432.80682,592.88605,344.31223,251.34795,145.36919,713.15533,0.0,128.7047,137.7249,58.147675,0.17444304,87.22151,353.8255615234375,402.45989990234375,48.63433837890625,233.0440673828125,170.12217712402344,93.2176284790039,93.7062759399414,0.0,82.96419525146484,37.48250961303711,0.11244753748178482,56.22376251220703,270.5265769958496,232.51803378015757,38.00854321569204
91,10,30,10,2026,TERM_LIFE,39,True,71315.516,0.0037500001,0.025924027,0.97042316,0.9664763,0.5612708,0.61391324,0.6446089,0.0,155.13281,6.655392,77.56641,232.69922,239.35461,92.14987,78.102905,0.0,0.36180013,432.80682,592.88605,332.76962,242.92181,150.10243,0.0,6.297512,130.86005,133.10785,60.040974,0.18012293,90.06146,360.5069885253906,392.81060791015625,32.303619384765625,214.5062713623047,156.58956909179688,85.80250549316406,92.14987182617188,3.86612606048584,80.33671569824219,36.859947204589844,0.11057984828948975,55.28992462158203,251.36621856689453,225.4058517217636,25.96036684513092
92,1,35,10,2026,TERM_LIFE,35,True,56114.266,0.00301,0.1,0.897291,1.0,1.0,0.95238096,1.0,500.0,100.0,11.909067,50.0,650.0,661.90906,160.8609,557.1429,0.0,1.0,434.68097,595.45337,595.45337,434.68097,168.90395,5050.284,0.0,595.71814,238.18135,67.56158,0.20268473,101.34237,935.4445190429688,663.0149536132812,-272.4295654296875,595.453369140625,434.68096923828125,238.1813507080078,160.86090087890625,0.0,567.3505859375,64.3443603515625,0.19303308427333832,96.51654052734375,659.7977294921875,902.2415102571249,-242.4437807649374
92,2,35,10,2026,TERM_LIFE,36,True,56114.266,0.0031400002,0.0860708,0.9110595,0.897291,0.897291,0.90702945,0.95238096,0.0,104.99999,10.685898,52.499996,157.49998,168.18588,143.4028,117.15148,0.0,0.8545629,434.68097,595.45337,534.2949,390.0353,158.1016,4489.1416,0.0,137.92259,213.71797,63.24064,0.18972191,94.860954,446.6912536621094,597.5355834960938,150.84432983398438,508.852294921875,371.4621887207031,203.54092407226562,143.40280151367188,0.0,125.099853515625,57.361122131347656,0.17208336293697357,86.04167938232422,566.2134170532227,414.8545403331518,151.35887672007084
92,3,35,10,2026,TERM_LIFE,37,True,56114.266,0.0033,0.07408182,0.92286265,0.9110595,0.8174855,0.8638376,0.90702945,0.0,110.25,9.73549,55.125,165.375,175.11049,130.76736,108.1321,0.0,0.74148345,434.68097,595.45337,486.7745,355.3454,151.37958,3927.9988,0.0,132.54546,194.70981,60.55183,0.1816555,90.82774,418.2646484375,547.3263549804688,129.06170654296875,441.518798828125,322.3087463378906,176.60752868652344,130.76736450195312,0.0,114.49774932861328,52.306949615478516,0.15692085027694702,78.46041870117188,493.8257484436035,369.72261756658554,124.10313087701797
92,4,35,10,2026,TERM_LIFE,38,True,56114.266,0.0035100002,0.063762814,0.93295103,0.92286265,0.75442684,0.82270247,0.8638376,0.0,115.7625,8.98452,57.88125,173.64374,182.62827,122.247604,100.903206,0.0,0.6517023,434.68097,595.45337,449.226,327.935,148.59273,3366.8562,0.0,128.99445,179.69041,59.43709,0.17831127,89.15564,398.0188293457031,508.6631164550781,110.644287109375,388.0583190917969,283.2825927734375,155.2233428955078,122.24760437011719,0.0,106.1240463256836,48.89904022216797,0.14669711887836456,73.34856414794922,436.95735931396484,334.842650488019,102.11470882594585
92,5,35,10,2026,TERM_LIFE,39,True,56114.266,0.0037500001,0.054881163,0.94157463,0.93295103,0.7038433,0.7835262,0.82270247,0.0,121.55062,8.382117,60.77531,182.32593,190.70804,116.047035,95.03079,0.0,0.57905364,434.68097,595.45337,419.10587,305.9473,148.10869,2805.7134,0.0,126.86195,167.64235,59.243477,0.17773044,88.86521,383.5472412109375,478.3493347167969,94.80209350585938,344.7994384765625,251.70359802246094,137.91976928710938,116.04703521728516,0.0,99.39966583251953,46.41881561279297,0.13925644755363464,69.62821960449219,391.21825408935547,307.0869111716747,84.13134291768074
92,6,35,10,2026,TERM_LIFE,40,True,56114.266,0.00403,0.047236655,0.9489237,0.94157463,0.662721,0.7462154,0.7835262,0.0,127.62816,7.892389,63.81408,191.44223,199.33463,111.833855,90.202324,0.0,0.5192592,434.68097,595.45337,394.61945,288.0722,149.86806,2244.5706,0.0,125.86312,157.84778,59.947224,0.17984167,89.92084,373.81158447265625,454.5666809082031,80.75509643554688,309.1946716308594,225.7121124267578,123.67786407470703,111.83385467529297,0.0,93.9209976196289,44.733543395996094,0.13420061767101288,67.10031127929688,353.92821502685547,284.8333735913038,69.09484143555164
92,7,35,10,2026,TERM_LIFE,41,True,56114.266,0.00434,0.040656965,0.95517945,0.9489237,0.6288716,0.7106813,0.7462154,0.0,134.00957,7.489274,67.00478,201.01434,208.50362,108.84284,86.18623,0.0,0.4692737,434.68097,595.45337,374.4637,273.35852,153.15282,1683.4281,0.0,125.790985,149.78549,61.261127,0.18378338,91.89169,367.6519470214844,435.724853515625,68.07290649414062,279.43060302734375,203.98434448242188,111.7722396850586,108.84284210205078,0.0,89.39730072021484,43.537139892578125,0.13061141967773438,65.30570983886719,322.9677429199219,266.60586166381836,56.361881256103516
92,8,35,10,2026,TERM_LIFE,42,True,56114.266,0.00467,0.034993775,0.96049964,0.95517945,0.60068524,0.67683935,0.7106813,0.0,140.71004,7.1536007,70.35502,211.06506,218.21866,106.542465,82.80929,0.0,0.42689577,434.68097,595.45337,357.68005,261.10645,157.41174,1122.2853,0.0,126.49372,143.07202,62.9647,0.1888941,94.447044,364.2016906738281,420.6447448730469,56.44305419921875,254.196533203125,185.5634765625,101.6786117553711,106.54246520996094,0.0,85.61592864990234,42.61698532104492,0.1278509497642517,63.92547607421875,296.8135185241699,251.34786742925644,45.46565109491348
92,9,35,10,2026,TERM_LIFE,43,True,56114.266,0.00503,0.030119421,0.9650021,0.96049964,0.57695794,0.6446089,0.67683935,0.0,147.74554,6.871031,73.87277,221.61832,228.48935,104.974,79.94005,0.0,0.39050785,434.68097,595.45337,343.55154,250.79263,162.84912,561.1428,0.0,127.85815,137.42062,65.13965,0.19541894,97.70947,363.18365478515625,408.6911926269531,45.507537841796875,232.52920532226562,169.74632263183594,93.01168823242188,104.9739990234375,0.0,82.41850280761719,41.98959732055664,0.1259687840938568,62.984397888183594,274.51880264282227,238.5405577123165,35.97824493050575
92,10,35,10,2026,TERM_LIFE,44,True,56114.266,0.0054200003,0.025924027,0.96879643,0.9650021,0.5567656,0.61391324,0.6446089,0.0,155.13281,6.630559,77.56641,232.69922,239.32977,103.95658,77.47599,0.0,0.35889608,434.68097,595.45337,331.52795,242.01541,169.33432,0.0,6.274014,129.79619,132.61119,67.73373,0.20320117,101.60059,370.48516845703125,399.2616882324219,28.776519775390625,213.70587158203125,156.0052947998047,85.48235321044922,103.95658111572266,3.8517003059387207,79.68360137939453,41.5826301574707,0.12474789470434189,62.37395095825195,255.28850173950195,231.51635374873877,23.772147990763187
93,1,28,10,2026,TERM_LIFE,28,True,51066.652,0.0025300002,0.1,0.897723,1.0,1.0,0.95238096,1.0,500.0,100.0,10.056758,50.0,650.0,660.05676,123.046326,557.1429,0.0,1.0,367.0717,502.83792,502.83792,367.0717,129.19864,4595.999,0.0,594.0511,201.13518,51.679455,0.15503837,77.51918,872.8604736328125,554.5173950195312,-318.34307861328125,502.8379211425781,367.0716857910156,201.1351776123047,123.04632568359375,0.0,565.762939453125,49.218528747558594,0.14765559136867523,73.82778930664062,552.0564498901367,840.873561963439,-288.81711207330227
93,2,28,10,2026,TERM_LIFE,29,True,51066.652,0.00258,0.0860708,0.9115713,0.897723,0.897723,0.90702945,0.95238096,0.0,104.99999,9.028183,52.499996,157.49998,166.52817,107.28052,117.207886,0.0,0.8549743,367.0717,502.83792,451.40918,329.52872,118.27677,4085.3325,0.0,136.62892,180.56367,47.31071,0.14193213,70.966064,388.30059814453125,498.7198791503906,110.41928100585938,429.91351318359375,313.8368835449219,171.9654083251953,107.280517578125,0.0,123.92645263671875,42.912208557128906,0.12873661518096924,64.3683090209961,472.82572174072266,360.3889065980911,112.43681514263153
93,3,28,10,2026,TERM_LIFE,30,True,51066.652,0.00263,0.07408182,0.923483,0.9115713,0.8183386,0.8638376,0.90702945,0.0,110.25,8.229834,55.125,165.375,173.60483,94.94197,108.244934,0.0,0.7422572,367.0717,502.83792,411.49167,300.38892,109.907196,3574.6658,0.0,131.54291,164.59666,43.96288,0.13188864,65.94432,362.2157897949219,455.4545593261719,93.23876953125,373.2350769042969,272.4615783691406,149.2940216064453,94.94197082519531,0.0,113.63170623779297,37.97678756713867,0.1139303669333458,56.96518325805664,411.21186447143555,320.00484146922827,91.20702300220728
93,4,28,10,2026,TERM_LIFE,31,True,51066.652,0.00269,0.063762814,0.93371874,0.923483,0.75572175,0.82270247,0.8638376,0.0,115.7625,7.600111,57.88125,173.64374,181.24385,85.40717,101.0764,0.0,0.6528209,367.0717,502.83792,380.00555,277.40405,103.81296,3063.9995,0.0,128.23634,152.00223,41.525185,0.12457556,62.287773,342.6509094238281,421.5307312011719,78.87982177734375,328.2630920410156,239.63204956054688,131.30523681640625,85.40717315673828,0.0,105.50035858154297,34.162872314453125,0.10248862206935883,51.24430465698242,362.42596435546875,288.152388677001,74.27357567846775
93,5,28,10,2026,TERM_LIFE,32,True,51066.652,0.00275,0.054881163,0.9425198,0.93371874,0.70563155,0.7835262,0.82270247,0.0,121.55062,7.096366,60.77531,182.32593,189.42229,77.64287,95.27224,0.0,0.5805248,367.0717,502.83792,354.8183,259.01736,99.09416,2553.3328,0.0,126.326805,141.92732,39.637665,0.118912995,59.456497,327.8295593261719,394.4559631347656,66.62640380859375,291.9098815917969,213.09422302246094,116.76396179199219,77.64286804199219,0.0,98.98036193847656,31.057147979736328,0.09317144751548767,46.585723876953125,322.9670295715332,262.42321905493736,60.54381051659584
93,6,28,10,2026,TERM_LIFE,33,True,51066.652,0.00282,0.047236655,0.9500765,0.9425198,0.6650717,0.7462154,0.7835262,0.0,127.62816,6.6884656,63.81408,191.44223,198.13069,71.469246,90.52228,0.0,0.5211011,367.0717,502.83792,334.42328,244.129,95.77563,2042.6661,0.0,125.54669,133.76932,38.310253,0.114930764,57.465374,316.89630126953125,372.7335205078125,55.83721923828125,262.0293884277344,191.28146362304688,104.81175994873047,71.46924591064453,0.0,93.68487548828125,28.58770179748535,0.0857631042599678,42.88154602050781,290.6170902252197,241.4639445617795,49.15314566344023
93,7,28,10,2026,TERM_LIFE,34,True,51066.652,0.0029000002,0.040656965,0.9565609,0.9500765,0.631869,0.7106813,0.7462154,0.0,134.00957,6.3545537,67.00478,201.01434,207.3689,66.50241,86.597015,0.0,0.47151038,367.0717,502.83792,317.7277,231.94122,93.57557,1531.9998,0.0,125.7027,127.09108,37.43023,0.112290695,56.14534,309.0514221191406,355.1579284667969,46.10650634765625,237.09329223632812,173.07810974121094,94.83731842041016,66.50241088867188,0.0,89.33455657958984,26.60096549987793,0.07980290055274963,39.90144348144531,263.69425773620605,224.15312138199806,39.54113635420799
93,8,28,10,2026,TERM_LIFE,35,True,51066.652,0.00301,0.034993775,0.9621016,0.9565609,0.6044212,0.67683935,0.7106813,0.0,140.71004,6.078518,70.35502,211.06506,217.14359,62.882416,83.32432,0.0,0.42955086,367.0717,502.83792,303.9259,221.8659,92.90597,1021.33307,0.0,126.6534,121.570366,37.162388,0.111487165,55.74358,304.0788269042969,341.0882873535156,37.00946044921875,215.9944610595703,157.6759490966797,86.39778900146484,62.882415771484375,0.0,85.72400665283203,25.152965545654297,0.07545889914035797,37.72945022583008,241.1474266052246,209.9267047792673,31.2207218259573
93,9,28,10,2026,TERM_LIFE,36,True,51066.652,0.0031400002,0.030119421,0.9668352,0.9621016,0.5815146,0.6446089,0.67683935,0.0,147.74554,5.8481517,73.87277,221.61832,227.46646,60.10685,80.57139,0.0,0.39359197,367.0717,502.83792,292.4076,213.45755,93.24545,510.6667,0.0,128.29102,116.963036,37.298183,0.11189455,55.94727,301.313232421875,329.7057800292969,28.392547607421875,197.9129638671875,144.47647094726562,79.1651840209961,60.106849670410156,0.0,82.6975326538086,24.042741775512695,0.07212822139263153,36.064109802246094,221.9557056427002,197.9989546984434,23.956750944256783
93,10,28,10,2026,TERM_LIFE,37,True,51066.652,0.0033,0.025924027,0.9708615,0.9668352,0.5622288,0.61391324,0.6446089,0.0,155.13281,5.654199,77.56641,232.69922,238.35342,58.166294,78.23621,0.0,0.3624177,367.0717,502.83792,282.70996,206.37827,94.746765,0.0,5.350156,130.5351,113.083984,37.89871,0.11369613,56.848057,305.9309997558594,320.6086730957031,14.67767333984375,182.23736572265625,133.03326416015625,72.89494323730469,58.16629409790039,3.284531593322754,80.13722229003906,23.26651954650879,0.06979955732822418,34.899776458740234,205.50388526916504,191.28627313673496,14.217612132430077
94,1,22,10,2026,TERM_LIFE,22,True,33911.977,0.00236,0.1,0.89787596,1.0,1.0,0.95238096,1.0,500.0,100.0,8.55586,50.0,650.0,658.55585,76.22121,557.1429,0.0,1.0,312.28888,427.79297,427.79297,312.28888,80.032265,3052.078,0.0,592.70026,171.11719,32.012905,0.096038714,48.01936,811.9328002929688,459.8058776855469,-352.1269226074219,427.79296875,312.28887939453125,171.1171875,76.22120666503906,0.0,564.4764404296875,30.488481521606445,0.09146544337272644,45.732723236083984,458.28145027160645,781.4178166091442,-323.13636633753777
94,2,22,10,2026,TERM_LIFE,23,True,33911.977,0.00239,0.0860708,0.9117449,0.89787596,0.89787596,0.90702945,0.95238096,0.0,104.99999,7.6821,52.499996,157.49998,165.18208,66.00681,117.22785,0.0,0.85511994,312.28888,427.79297,384.105,280.39667,72.772514,2712.9583,0.0,135.5476,153.64201,29.109007,0.087327026,43.663506,332.94049072265625,413.2140197753906,80.27352905273438,365.8143005371094,267.04443359375,146.3257293701172,66.0068130493164,0.0,122.94567108154297,26.402727127075195,0.07920818775892258,39.60408401489258,392.21702766418457,308.95469265431166,83.26233500987291
94,3,22,10,2026,TERM_LIFE,24,True,33911.977,0.00241,0.07408182,0.9236867,0.9117449,0.81863385,0.8638376,0.90702945,0.0,110.25,7.004116,55.125,165.375,172.37912,57.79522,108.284,0.0,0.74252504,312.28888,427.79297,350.2058,255.65025,66.90519,2373.8384,0.0,130.6613,140.08232,26.762075,0.08028623,40.143112,310.9670104980469,376.9678955078125,66.00088500976562,317.64697265625,231.88230895996094,127.05879211425781,57.79521942138672,0.0,112.87014770507812,23.118087768554688,0.06935425847768784,34.677127838134766,340.7650604248047,274.6754219159484,66.0896385088563
94,4,22,10,2026,TERM_LIFE,25,True,33911.977,0.00243,0.063762814,0.93396217,0.9236867,0.7561612,0.82270247,0.8638376,0.0,115.7625,6.469609,57.88125,173.64374,180.11334,51.264484,101.13517,0.0,0.6532005,312.28888,427.79297,323.48044,236.14073,62.3123,2034.7188,0.0,127.51057,129.39218,24.924921,0.074774764,37.387383,294.3648986816406,348.4053649902344,54.04046630859375,279.4345703125,203.98724365234375,111.77383422851562,51.26448440551758,0.0,104.90325927734375,20.505794525146484,0.061517383903265,30.758691787719727,299.9403648376465,247.49730267748237,52.44306216016412
94,5,22,10,2026,TERM_LIFE,26,True,33911.977,0.00246,0.054881163,0.94279385,0.93396217,0.706226,0.7835262,0.82270247,0.0,121.55062,6.04237,60.77531,182.32593,188.3683,46.162086,95.35249,0.0,0.58101386,312.28888,427.79297,302.1185,220.54652,58.91582,1695.5989,0.0,125.72971,120.847404,23.566328,0.070698984,35.349495,281.997314453125,325.684814453125,43.6875,248.5536346435547,181.4441680908203,99.42145538330078,46.162086486816406,0.0,98.51251983642578,18.464834213256836,0.055394504219293594,27.697254180908203,267.0184688568115,225.68662390485406,41.331844951957464
94,6,22,10,2026,TERM_LIFE,27,True,33911.977,0.00249,0.047236655,0.95039093,0.94279385,0.66582555,0.7462154,0.7835262,0.0,127.62816,5.6967096,63.81408,191.44223,197.13895,41.954365,90.62488,0.0,0.52169174,312.28888,427.79297,284.83548,207.92992,56.22286,1356.479,0.0,125.05985,113.9342,22.489143,0.06746743,33.733715,272.79522705078125,307.3246154785156,34.529388427734375,223.17605590820312,162.9185333251953,89.27042388916016,41.95436477661133,0.0,93.32158660888672,16.78174591064453,0.05034523457288742,25.172616958618164,239.95780181884766,207.81497269123793,32.14282912760973
94,7,22,10,2026,TERM_LIFE,28,True,33911.977,0.0025300002,0.040656965,0.9569159,0.95039093,0.63279456,0.7106813,0.7462154,0.0,134.00957,5.4141016,67.00478,201.01434,206.42845,38.584362,86.72386,0.0,0.47220105,312.28888,427.79297,270.70508,197.6147,54.292072,1017.3594,0.0,125.31591,108.282036,21.71683,0.06515049,32.57524,266.23834228515625,292.4219055175781,26.183563232421875,202.00430297851562,147.463134765625,80.80171966552734,38.5843620300293,0.0,89.05967712402344,15.433744430541992,0.04630123823881149,23.150615692138672,217.43804740905762,193.05831371992826,24.379733689129353
94,8,22,10,2026,TERM_LIFE,29,True,33911.977,0.00258,0.034993775,0.96251655,0.9569159,0.60553116,0.67683935,0.7106813,0.0,140.71004,5.180839,70.35502,211.06506,216.2459,35.85873,83.47733,0.0,0.4303397,312.28888,427.79297,259.04196,189.10065,52.97968,678.2395,0.0,126.36142,103.61678,21.191872,0.06357562,31.787807,261.82958984375,280.23382568359375,18.40423583984375,184.09628295898438,134.3903045654297,73.63851165771484,35.85873031616211,0.0,85.52638244628906,14.34349250793457,0.04303048178553581,21.515239715576172,198.43977546691895,180.7231643013656,17.71661116555333
94,9,22,10,2026,TERM_LIFE,30,True,33911.977,0.00263,0.030119421,0.9673298,0.96251655,0.58283377,0.6446089,0.67683935,0.0,147.74554,4.986644,73.87277,221.61832,226.60497,33.508102,80.75416,0.0,0.39448482,312.28888,427.79297,249.33218,182.0125,51.982067,339.11984,0.0,128.09506,99.73287,20.792828,0.062378485,31.18924,259.0795593261719,270.125,11.045440673828125,168.75782775878906,123.19322204589844,67.50313568115234,33.50810241699219,0.0,82.57122039794922,13.403242111206055,0.040209729224443436,20.104862213134766,182.16106986999512,170.21942802146077,11.941641848534346
94,10,22,10,2026,TERM_LIFE,31,True,33911.977,0.00269,0.025924027,0.9714557,0.9673298,0.56379247,0.61391324,0.6446089,0.0,155.13281,4.823729,77.56641,232.69922,237.52295,31.57415,78.453804,0.0,0.36342564,312.28888,427.79297,241.18645,176.06612,51.430965,0.0,4.564343,130.44206,96.47458,20.572386,0.061717156,30.85858,262.4012756347656,261.7588195800781,-0.6424560546875,155.47093200683594,113.49378967285156,62.18837356567383,31.57415008544922,2.8021106719970703,80.08010864257812,12.629659652709961,0.03788897767663002,18.944490432739258,168.1005916595459,164.0529722906649,4.047619368880987
95,1,26,10,2026,TERM_LIFE,26,True,30313.434,0.00246,0.1,0.89778596,1.0,1.0,0.95238096,1.0,500.0,100.0,8.457169,50.0,650.0,658.45715,71.02005,557.1429,0.0,1.0,308.68668,422.85846,422.85846,308.68668,74.57105,2728.209,0.0,592.61145,169.14339,29.82842,0.089485265,44.74263,806.5869140625,452.6868896484375,-353.9000244140625,422.85845947265625,308.6866760253906,169.1433868408203,71.02005004882812,0.0,564.391845703125,28.40802001953125,0.08522406220436096,42.612030029296875,451.2664794921875,776.2324866354465,-324.96600714325905
95,2,26,10,2026,TERM_LIFE,27,True,30313.434,0.00249,0.0860708,0.9116536,0.89778596,0.89778596,0.90702945,0.95238096,0.0,104.99999,7.5927277,52.499996,157.49998,165.09271,61.465115,117.2161,0.0,0.85503423,308.68668,422.85846,379.63638,277.13455,67.76529,2425.075,0.0,135.4607,151.85455,27.106115,0.08131835,40.659172,328.0557556152344,406.74249267578125,78.68673706054688,361.5584716796875,263.93768310546875,144.62338256835938,61.46511459350586,0.0,122.86683654785156,24.586044311523438,0.07375814020633698,36.879066467285156,386.14451599121094,304.44304372370243,81.7014722675085
95,3,26,10,2026,TERM_LIFE,28,True,30313.434,0.0025300002,0.07408182,0.9235756,0.9116536,0.81846976,0.8638376,0.90702945,0.0,110.25,6.921937,55.125,165.375,172.29694,54.22386,108.26229,0.0,0.7423762,308.68668,422.85846,346.09686,252.65071,62.770897,2121.9404,0.0,130.57283,138.43875,25.108358,0.07532508,37.662537,306.74945068359375,371.2052307128906,64.45578002929688,313.9200439453125,229.16163635253906,125.56802368164062,54.22386169433594,0.0,112.79371643066406,21.689544677734375,0.06506863236427307,32.53431701660156,335.6095886230469,270.9611257612705,64.64846286177635
95,4,26,10,2026,TERM_LIFE,29,True,30313.434,0.00258,0.063762814,0.93382174,0.9235756,0.7559187,0.82270247,0.8638376,0.0,115.7625,6.392932,57.88125,173.64374,180.03667,48.63767,101.10274,0.0,0.652991,308.68668,422.85846,319.6466,233.34203,59.11939,1818.8062,0.0,127.415405,127.85864,23.647757,0.070943266,35.471634,290.8166198730469,343.29437255859375,52.477752685546875,276.1227722167969,201.56961059570312,110.44910430908203,48.63766860961914,0.0,104.82496643066406,19.455068588256836,0.05836519971489906,29.182600021362305,295.5778408050537,244.5150359608233,51.06280484423041
95,5,26,10,2026,TERM_LIFE,30,True,30313.434,0.00263,0.054881163,0.9426332,0.93382174,0.7058933,0.7835262,0.82270247,0.0,121.55062,5.9698586,60.77531,182.32593,188.29579,44.094402,95.30757,0.0,0.58074015,308.68668,422.85846,298.49295,217.89986,56.27687,1515.6718,0.0,125.622116,119.39718,22.510748,0.06753225,33.76612,278.85296630859375,321.0036926269531,42.150726318359375,245.57089233398438,179.26675415039062,98.22835540771484,44.09440231323242,0.0,98.42821502685547,17.637760162353516,0.05291328579187393,26.456640243530273,263.2086524963379,223.16612396389246,40.04252853244543
95,6,26,10,2026,TERM_LIFE,31,True,30313.434,0.00269,0.047236655,0.9502004,0.9426332,0.6653984,0.7462154,0.7835262,0.0,127.62816,5.627387,63.81408,191.44223,197.06961,40.48866,90.56674,0.0,0.52135706,308.68668,422.85846,281.36935,205.39963,54.258675,1212.5374,0.0,124.93568,112.547745,21.70347,0.065110415,32.555206,270.103759765625,303.07281494140625,32.96905517578125,220.4602508544922,160.9359893798828,88.1841049194336,40.4886589050293,0.0,93.22892761230469,16.195463180541992,0.048586394637823105,24.293195724487305,236.65571403503418,205.7548146508634,30.90089938417077
95,7,26,10,2026,TERM_LIFE,32,True,30313.434,0.00275,0.040656965,0.95670485,0.9502004,0.6322618,0.7106813,0.7462154,0.0,134.00957,5.347145,67.00478,201.01434,206.36148,37.457577,86.65085,0.0,0.47180352,308.68668,422.85846,267.35727,195.17079,52.706573,909.4031,0.0,125.169785,106.94291,21.08263,0.06324789,31.623943,263.7998962402344,288.4399108886719,24.6400146484375,199.50611877441406,145.6394500732422,79.80244445800781,37.457576751708984,0.0,88.95582580566406,14.983031272888184,0.04494909197092056,22.474546432495117,214.48915004730225,191.2777657881379,23.211384259164333
95,8,26,10,2026,TERM_LIFE,33,True,30313.434,0.00282,0.034993775,0.9622849,0.95670485,0.60488796,0.67683935,0.7106813,0.0,140.71004,5.1156397,70.35502,211.06506,216.18071,34.998127,83.388664,0.0,0.4298826,308.68668,422.85846,255.782,186.72086,51.70817,606.2687,0.0,126.18914,102.3128,20.68327,0.06204981,31.024902,259.5888977050781,276.46527099609375,16.876373291015625,181.77947998046875,132.6990203857422,72.7117919921875,34.99812698364258,0.0,85.40977478027344,13.999250411987305,0.0419977530837059,20.99887466430664,195.77873039245605,179.16243918985128,16.61629120260477
95,9,26,10,2026,TERM_LIFE,34,True,30313.434,0.0029000002,0.030119421,0.9670679,0.9622849,0.5820746,0.6446089,0.67683935,0.0,147.74554,4.9227033,73.87277,221.61832,226.54102,32.98436,80.64897,0.0,0.393971,308.68668,422.85846,246.13516,179.67867,51.16957,303.13443,0.097340584,127.892105,98.45406,20.467829,0.061403487,30.701742,257.2066650390625,266.6029968261719,9.396331787109375,166.59396362304688,121.61359405517578,66.63758087158203,32.98435974121094,0.06274660676717758,82.44039154052734,13.193744659423828,0.039581235498189926,19.790616989135742,179.7877082824707,168.97091724351048,10.816791038960218
95,10,26,10,2026,TERM_LIFE,35,True,30313.434,0.00301,0.025924027,0.971144,0.9670679,0.56290567,0.61391324,0.6446089,0.0,155.13281,4.760588,77.56641,232.69922,237.45981,31.531471,78.330414,0.0,0.362854,308.68668,422.85846,238.02942,173.76147,51.361446,0.0,4.504597,130.20227,95.21177,20.544579,0.061633736,30.816868,260.7971496582031,258.5740051269531,-2.22314453125,153.43588256835938,112.00819396972656,61.37435531616211,31.531471252441406,2.7654318809509277,79.93289947509766,12.612588882446289,0.037837766110897064,18.918882369995117,166.04847145080566,163.0294068083167,3.0190646424889565
96,1,43,10,2026,TERM_LIFE,43,True,42118.742,0.00503,0.1,0.895473,1.0,1.0,0.95238096,1.0,500.0,100.0,13.902737,50.0,650.0,663.9027,201.76884,557.1429,0.0,1.0,507.44992,695.13684,695.13684,507.44992,211.85728,3790.687,0.0,597.51245,278.05475,84.74291,0.25422874,127.11437,1002.935791015625,779.8797607421875,-223.0560302734375,695.1368408203125,507.4499206542969,278.05474853515625,201.7688446044922,0.0,569.0595092773438,80.70753479003906,0.2421226054430008,121.06130981445312,775.8443756103516,968.4176902323961,-192.57331462204456
96,2,43,10,2026,TERM_LIFE,44,True,42118.742,0.0054200003,0.0860708,0.9089757,0.895473,0.895473,0.90702945,0.95238096,0.0,104.99999,12.449525,52.499996,157.49998,169.94951,185.41658,116.91412,0.0,0.8528314,507.44992,695.13684,622.47626,454.4077,204.42178,3369.4998,0.0,139.0865,248.99051,81.768715,0.24530615,122.65307,510.9753723144531,704.2449951171875,193.26962280273438,592.8345336914062,432.7692565917969,237.13381958007812,185.4165802001953,0.0,126.15555572509766,74.16663360595703,0.22249990701675415,111.24994659423828,667.0011672973633,474.7618218064308,192.23934549093246
96,3,43,10,2026,TERM_LIFE,45,True,42118.742,0.0058500003,0.07408182,0.92050153,0.9089757,0.81396323,0.8638376,0.90702945,0.0,110.25,11.316317,55.125,165.375,176.69131,173.24797,107.66619,0.0,0.73828864,507.44992,695.13684,565.81586,413.0456,200.55618,2948.312,0.0,133.16577,226.32634,80.22247,0.24066742,120.33371,480.06646728515625,646.038330078125,165.97186279296875,513.211669921875,374.64453125,205.28465270996094,173.2479705810547,0.0,115.03359985351562,69.29918670654297,0.20789755880832672,103.94878387451172,582.510856628418,424.4749339967966,158.03592263162136
96,4,43,10,2026,TERM_LIFE,46,True,42118.742,0.0063300002,0.063762814,0.93031085,0.92050153,0.7492544,0.82270247,0.8638376,0.0,115.7625,10.416687,57.88125,173.64374,184.06042,164.34302,100.2114,0.0,0.64723414,507.44992,695.13684,520.83435,380.20908,199.75996,2527.1248,0.0,129.11469,208.33374,79.903984,0.23971196,119.85598,457.54412841796875,600.7383422851562,143.1942138671875,449.9162902832031,328.43890380859375,179.96652221679688,164.343017578125,0.0,106.22296905517578,65.7372055053711,0.1972116231918335,98.6058120727539,515.6534957885742,384.9925149679184,130.66098082065582
96,5,43,10,2026,TERM_LIFE,47,True,42118.742,0.00686,0.054881163,0.9386353,0.93031085,0.6970395,0.7835262,0.82270247,0.0,121.55062,9.690756,60.77531,182.32593,192.01668,157.80124,94.11217,0.0,0.5734561,507.44992,695.13684,484.5378,353.71265,201.3988,2105.9373,0.0,126.49774,193.81512,80.559525,0.24167858,120.83928,441.3938293457031,565.0973510742188,123.70352172851562,398.6304626464844,291.0002746582031,159.45217895507812,157.80123901367188,0.0,99.11429595947266,63.1204948425293,0.18936149775981903,94.68074035644531,461.7509574890137,353.4365767687559,108.31438072025776
96,6,43,10,2026,TERM_LIFE,48,True,42118.742,0.00745,0.047236655,0.94566524,0.9386353,0.6542659,0.7462154,0.7835262,0.0,127.62816,9.0960865,63.81408,191.44223,200.53831,153.19696,89.0515,0.0,0.51263446,507.44992,695.13684,454.80432,332.00717,205.29857,1684.7498,0.0,125.00767,181.92174,82.11943,0.24635829,123.17914,430.3548889160156,536.9237670898438,106.56887817382812,356.3511047363281,260.1363220214844,142.5404510498047,153.19696044921875,0.0,93.28264617919922,61.278785705566406,0.18383635580539703,91.91816711425781,417.62989044189453,327.9251006990671,89.70478974282742
96,7,43,10,2026,TERM_LIFE,49,True,42118.742,0.0081001,0.040656965,0.95157224,0.94566524,0.6187165,0.7106813,0.7462154,0.0,134.00957,8.601852,67.00478,201.01434,209.6162,150.01419,84.79448,0.0,0.46169576,507.44992,695.13684,430.09262,313.96762,211.08504,1263.5624,0.0,124.420074,172.03705,84.43401,0.25330204,126.651024,423.3614501953125,514.526611328125,91.1651611328125,320.9417419433594,234.2874755859375,128.37669372558594,150.01419067382812,0.0,88.42301940917969,60.00567626953125,0.18001702427864075,90.00851440429688,380.9474182128906,306.98824456334114,73.95917364954948
96,8,43,10,2026,TERM_LIFE,50,True,42118.742,0.00882,0.034993775,0.95649487,0.95157224,0.5887534,0.67683935,0.7106813,0.0,140.71004,8.185284,70.35502,211.06506,219.25035,148.03453,81.16438,0.0,0.41841605,507.44992,695.13684,409.2642,298.76288,218.71442,842.3749,0.0,124.56724,163.70567,87.48577,0.2624573,131.22864,419.76397705078125,496.7499694824219,76.98599243164062,290.8564147949219,212.3251953125,116.34256744384766,148.03453063964844,0.0,84.31201171875,59.21381378173828,0.17764143645763397,88.82070922851562,350.07022857666016,289.6529298275709,60.41729874908924
96,9,43,10,2026,TERM_LIFE,51,True,42118.742,0.0096099,0.030119421,0.96056014,0.95649487,0.5631396,0.6446089,0.67683935,0.0,147.74554,7.829182,73.87277,221.61832,229.4475,146.92871,78.02545,0.0,0.38115504,507.44992,695.13684,391.4591,285.76517,227.93466,421.18756,1.4631337,125.319214,156.58365,91.17387,0.2735216,136.7608,420.40032958984375,482.6329650878906,62.232635498046875,264.9549255371094,193.4171142578125,105.98197174072266,146.9287109375,0.9431490302085876,80.7818832397461,58.771488189697266,0.17631445825099945,88.15723419189453,323.72641372680664,276.04055266082287,47.68586106598377
96,10,43,10,2026,TERM_LIFE,52,True,42118.742,0.0104600005,0.025924027,0.9638871,0.96056014,0.5409295,0.61391324,0.6446089,0.0,155.13281,7.5204,77.56641,232.69922,240.21962,146.30351,75.27235,0.0,0.34868798,507.44992,695.13684,376.02002,274.49463,238.31302,0.0,7.1160064,126.573265,150.408,95.32521,0.28597564,142.98781,427.3710632324219,471.34521484375,43.974151611328125,242.3858642578125,176.94168090820312,96.95433807373047,146.3035125732422,4.368610382080078,77.70500183105469,58.52140808105469,0.1755642294883728,87.78211212158203,300.9072723388672,266.98562663793564,33.92164570093155
97,1,50,10,2026,TERM_LIFE,50,True,29136.373,0.00882,0.1,0.892062,1.0,1.0,0.95238096,1.0,500.0,100.0,15.72585,50.0,650.0,665.7258,244.74554,557.1429,0.0,1.0,573.9936,786.29254,786.29254,573.9936,256.98282,2622.2737,0.0,599.15326,314.51703,102.79313,0.30837938,154.1897,1068.1683349609375,889.085693359375,-179.0826416015625,786.2925415039062,573.9935913085938,314.51702880859375,244.74554443359375,0.0,570.6221313476562,97.8982162475586,0.2936946451663971,146.8473358154297,884.1907577514648,1032.280190616846,-148.08943286538124
97,2,50,10,2026,TERM_LIFE,51,True,29136.373,0.0096099,0.0860708,0.9051465,0.892062,0.892062,0.90702945,0.95238096,0.0,104.99999,14.028434,52.499996,157.49998,171.52841,226.55351,116.46877,0.0,0.84958285,573.9936,786.29254,701.4217,512.0379,249.77525,2330.91,0.0,139.84395,280.5687,99.9101,0.2997303,149.86514,570.5775756835938,801.331787109375,230.75421142578125,668.0206909179688,487.6551513671875,267.2082824707031,226.5535125732422,0.0,126.84258270263672,90.62140655517578,0.2718642055988312,135.93209838867188,758.6420974731445,530.2548277676105,228.38726970553398
97,3,50,10,2026,TERM_LIFE,52,True,29136.373,0.0104600005,0.07408182,0.91623306,0.9051465,0.8074468,0.8638376,0.90702945,0.0,110.25,12.697788,55.125,165.375,178.07278,212.57549,106.80424,0.0,0.732378,573.9936,786.29254,634.8894,463.46927,246.0827,2039.5461,0.0,133.13249,253.95576,98.43308,0.29529926,147.64963,535.0331420898438,733.322509765625,198.28936767578125,575.8634033203125,420.3802795410156,230.34535217285156,212.5754852294922,0.0,115.00485229492188,85.03019714355469,0.255090594291687,127.54530334472656,660.8936004638672,473.1505984067917,187.7430020570755
97,4,50,10,2026,TERM_LIFE,53,True,29136.373,0.01139,0.063762814,0.9255735,0.91623306,0.73980945,0.82270247,0.8638376,0.0,115.7625,11.634133,57.88125,173.64374,185.27788,201.98628,98.94816,0.0,0.6390752,573.9936,786.29254,581.70667,424.64587,245.5156,1748.1825,0.0,128.33034,232.68266,98.20624,0.29461873,147.30936,508.61700439453125,679.9129028320312,171.2958984375,502.5000915527344,366.8250732421875,201.00003051757812,201.9862823486328,0.0,105.57768249511719,80.79451751708984,0.24238355457782745,121.1917724609375,583.2946090698242,428.01186902821064,155.28274004161358
97,5,50,10,2026,TERM_LIFE,54,True,29136.373,0.0124,0.054881163,0.9333994,0.9255735,0.68474805,0.7835262,0.82270247,0.0,121.55062,10.768246,60.77531,182.32593,193.09418,193.83916,92.452614,0.0,0.56334394,573.9936,786.29254,538.4123,393.041,247.39334,1456.8187,0.0,124.964424,215.36491,98.95734,0.29687202,148.436,489.06219482421875,637.36962890625,148.30743408203125,442.953125,323.35577392578125,177.18124389648438,193.8391571044922,0.0,97.91289520263672,77.5356674194336,0.23260700702667236,116.30349731445312,520.4887924194336,391.6302434206009,128.8585489988327
97,6,50,10,2026,TERM_LIFE,55,True,29136.373,0.0135,0.047236655,0.93990105,0.9333994,0.6391434,0.7462154,0.7835262,0.0,127.62816,10.051073,63.81408,191.44223,201.4933,187.59955,86.9932,0.0,0.5007856,573.9936,786.29254,502.55368,366.86423,251.40134,1165.455,0.0,122.69983,201.02147,100.56054,0.3016816,150.84079,474.86376953125,603.1141967773438,128.25042724609375,393.76397705078125,287.4477233886719,157.50558471679688,187.59954833984375,0.0,91.56050109863281,75.03982543945312,0.2251194566488266,112.55972290039062,468.8038024902344,361.85092817246914,106.95287431776524
97,7,50,10,2026,TERM_LIFE,56,True,29136.373,0.01471,0.040656965,0.9452311,0.93990105,0.60073155,0.7106813,0.7462154,0.0,134.00957,9.447015,67.00478,201.01434,210.46136,182.97995,82.32965,0.0,0.44827515,573.9936,786.29254,472.35074,344.81607,257.47116,874.09125,0.0,121.29048,188.94029,102.988464,0.30896538,154.4827,465.0224609375,575.3392333984375,110.3167724609375,352.47540283203125,257.30706787109375,140.9901580810547,182.97994995117188,0.0,86.19888305664062,73.19197845458984,0.2195759266614914,109.7879638671875,425.6673812866211,337.1965809315443,88.47080035507679
97,8,50,10,2026,TERM_LIFE,57,True,29136.373,0.01604,0.034993775,0.9495275,0.9452311,0.56783015,0.67683935,0.7106813,0.0,140.71004,8.929612,70.35502,211.06506,219.99467,179.61552,78.279945,0.0,0.40354627,573.9936,786.29254,446.48062,325.93088,265.37393,582.7275,0.0,120.5482,178.59225,106.149574,0.31844872,159.22437,458.68328857421875,552.6301879882812,93.9468994140625,317.3054504394531,231.6329803466797,126.92218017578125,179.6155242919922,0.0,81.59176635742188,71.84620666503906,0.2155386209487915,107.76931762695312,389.1516571044922,316.49880278110504,72.65285432338715
97,9,50,10,2026,TERM_LIFE,58,True,29136.373,0.0175,0.030119421,0.9529077,0.9495275,0.5391703,0.6446089,0.67683935,0.0,147.74554,8.478912,73.87277,221.61832,230.09723,177.2131,74.7044,0.0,0.3649317,573.9936,786.29254,423.94562,309.48032,274.91568,291.3638,4.589766,120.32493,169.57825,109.96627,0.3298988,164.9494,459.7722473144531,533.911865234375,74.13961791992188,286.9430847167969,209.4684600830078,114.77722930908203,177.21310424804688,2.958604097366333,77.5625228881836,70.88523864746094,0.212655708193779,106.3278579711914,357.8283233642578,301.83886997401714,55.98945339024067
97,10,50,10,2026,TERM_LIFE,59,True,29136.373,0.019089999,0.025924027,0.9554809,0.9529077,0.5137795,0.61391324,0.6446089,0.0,155.13281,8.07962,77.56641,232.69922,240.77884,175.43861,71.494316,0.0,0.33118686,573.9936,786.29254,403.98102,294.90616,285.77103,0.0,7.645155,120.500244,161.5924,114.30841,0.34292522,171.46262,461.5433654785156,518.2894287109375,56.746063232421875,260.4097595214844,190.09913635253906,104.16390991210938,175.43861389160156,4.693461894989014,73.97669219970703,70.17544555664062,0.21052633225917816,105.26316833496094,330.585205078125,288.30775867402554,42.277446404099464
98,1,53,10,2026,TERM_LIFE,53,True,188975.2,0.01139,0.1,0.889749,1.0,1.0,0.95238096,1.0,500.0,100.0,84.41413,50.0,650.0,734.4141,2049.931,557.1429,0.0,1.0,3081.116,4220.7065,4220.7065,3081.116,2152.4275,17007.77,0.0,660.9727,1688.2826,860.971,2.582913,1291.4565,3643.294921875,5081.677734375,1438.3828125,4220.70654296875,3081.115966796875,1688.2825927734375,2049.930908203125,0.0,629.497802734375,819.972412109375,2.4599170684814453,1229.9586181640625,5040.678955078125,3550.1989307403564,1490.4800243377686
98,2,53,10,2026,TERM_LIFE,54,True,188975.2,0.0124,0.0860708,0.90259653,0.889749,0.889749,0.90702945,0.95238096,0.0,104.99999,75.10738,52.499996,157.49998,232.60736,1891.1039,116.16679,0.0,0.84738,3081.116,4220.7065,3755.3694,2741.42,2084.9421,15118.018,0.0,189.14877,1502.1478,833.97687,2.5019307,1250.9653,2944.763916015625,4589.34619140625,1644.582275390625,3576.542236328125,2610.876220703125,1430.616943359375,1891.1038818359375,0.0,171.56350708007812,756.4415893554688,2.269324779510498,1134.662353515625,4332.983825683594,2739.1121287345886,1593.8716969490051
98,3,53,10,2026,TERM_LIFE,55,True,188975.2,0.0135,0.07408182,0.9134183,0.90259653,0.8030844,0.8638376,0.90702945,0.0,110.25,67.79167,55.125,165.375,233.16667,1769.8314,106.2272,0.0,0.72842115,3081.116,4220.7065,3389.5835,2474.396,2048.801,13228.265,0.0,173.38051,1355.8334,819.52045,2.4585614,1229.2805,2760.952880859375,4209.10400390625,1448.151123046875,3074.4521484375,2244.35009765625,1229.78076171875,1769.8314208984375,0.0,149.77259826660156,707.9325561523438,2.12379789352417,1061.898681640625,3782.3847045898438,2443.5758395195007,1338.808865070343
98,4,53,10,2026,TERM_LIFE,56,True,188975.2,0.01471,0.063762814,0.92246515,0.9134183,0.733552,0.82270247,0.8638376,0.0,115.7625,61.922153,57.88125,173.64374,235.56589,1677.6106,98.11123,0.0,0.6336698,3081.116,4220.7065,3096.1077,2260.1587,2039.1462,11338.514,0.0,161.78163,1238.4431,815.6585,2.4469755,1223.4878,2626.159423828125,3911.76611328125,1285.606689453125,2674.5341796875,1952.4100341796875,1069.813720703125,1677.610595703125,0.0,133.09814453125,671.0442504882812,2.0131328105926514,1006.56640625,3345.5784301757812,2211.4914042949677,1134.0870258808136
98,5,53,10,2026,TERM_LIFE,57,True,188975.2,0.01604,0.054881163,0.9299591,0.92246515,0.67667615,0.7835262,0.82270247,0.0,121.55062,57.12103,60.77531,182.32593,239.44696,1607.1023,91.36276,0.0,0.55670315,3081.116,4220.7065,2856.0515,2084.9177,2051.115,9448.761,0.0,153.13576,1142.4207,820.446,2.4613378,1230.669,2528.686767578125,3676.49755859375,1147.810791015625,2349.6806640625,1715.2669677734375,939.872314453125,1607.102294921875,0.0,119.98587799072266,642.8408813476562,1.9285225868225098,964.2613525390625,2992.5215454101562,2026.0480675697327,966.4734778404236
98,6,53,10,2026,TERM_LIFE,58,True,188975.2,0.0175,0.047236655,0.93609,0.9299591,0.62928116,0.7462154,0.7835262,0.0,127.62816,53.120224,63.81408,191.44223,244.56245,1552.9297,85.650856,0.0,0.49305826,3081.116,4220.7065,2656.0112,1938.8882,2081.0742,7559.0083,0.0,146.62889,1062.4045,832.4297,2.4972892,1248.6445,2460.17529296875,3488.44091796875,1028.265625,2081.054443359375,1519.169677734375,832.4217529296875,1552.9296875,0.0,109.41674041748047,621.171875,1.8635156154632568,931.7578125,2702.226318359375,1875.4598214626312,826.7664968967438
98,7,53,10,2026,TERM_LIFE,59,True,188975.2,0.019089999,0.040656965,0.94102913,0.93609,0.5890638,0.7106813,0.7462154,0.0,134.00957,49.72531,67.00478,201.01434,250.73965,1510.247,80.730606,0.0,0.4395685,3081.116,4220.7065,2486.2656,1814.974,2125.069,5669.257,0.0,141.69655,994.5063,850.02765,2.5500832,1275.0415,2413.79443359375,3336.293212890625,922.498779296875,1855.2896728515625,1354.361572265625,742.1159057617188,1510.2469482421875,0.0,100.70108795166016,604.0987548828125,1.8122965097427368,906.148193359375,2459.388427734375,1750.7774835824966,708.6109441518784
98,8,53,10,2026,TERM_LIFE,60,True,188975.2,0.0208401,0.034993775,0.9448954,0.94102913,0.55432624,0.67683935,0.7106813,0.0,140.71004,46.79297,70.35502,211.06506,257.85803,1477.5958,76.41833,0.0,0.3939493,3081.116,4220.7065,2339.6484,1707.9434,2183.082,3779.5042,0.0,137.93555,935.8594,873.23285,2.6196985,1309.8491,2386.263671875,3212.88134765625,826.61767578125,1662.744384765625,1213.803466796875,665.0977783203125,1477.5958251953125,0.0,93.3602066040039,591.038330078125,1.7731150388717651,886.5574340820312,2253.78271484375,1646.7885340452194,606.9941807985306
98,9,53,10,2026,TERM_LIFE,61,True,188975.2,0.022739898,0.030119421,0.9478256,0.9448954,0.5237803,0.6446089,0.67683935,0.0,147.74554,44.21446,73.87277,221.61832,265.83276,1450.9043,72.572044,0.0,0.3545151,3081.116,4220.7065,2210.723,1613.8278,2250.8289,1889.7526,18.794899,135.04419,884.2892,900.33154,2.7009945,1350.4973,2391.326416015625,3111.054443359375,719.72802734375,1496.30419921875,1092.3021240234375,598.521728515625,1450.904296875,12.11535930633545,87.05068969726562,580.3617553710938,1.741085171699524,870.5426025390625,2076.6659545898438,1569.971465229988,506.69448935985565
98,10,53,10,2026,TERM_LIFE,62,True,188975.2,0.02481,0.025924027,0.94990915,0.9478256,0.49645236,0.61391324,0.6446089,0.0,155.13281,41.907593,77.56641,232.69922,274.6068,1428.9473,69.08318,0.0,0.3200176,3081.116,4220.7065,2095.3796,1529.6273,2327.6045,0.0,39.6541,132.795,838.15186,931.0418,2.7931256,1396.5627,2409.956787109375,3026.42138671875,616.464599609375,1350.700439453125,986.0114135742188,540.2801513671875,1428.947265625,24.344175338745117,81.52460479736328,571.5789184570312,1.714736819267273,857.3683471679688,1922.2793579101562,1505.232015490532,417.04734241962433
99,1,32,10,2026,TERM_LIFE,32,True,86225.88,0.00275,0.1,0.897525,1.0,1.0,0.95238096,1.0,500.0,100.0,13.5816,50.0,650.0,663.5816,225.82968,557.1429,0.0,1.0,495.72842,679.08,679.08,495.72842,237.12117,7760.3296,0.0,597.22345,271.63202,94.84847,0.28454542,142.2727,1011.4127197265625,773.928466796875,-237.4842529296875,679.0800170898438,495.7284240722656,271.63201904296875,225.82968139648438,0.0,568.7842407226562,90.33187866210938,0.2709956467151642,135.49781799316406,769.4118957519531,976.1850734055042,-206.7731776535511
99,2,32,10,2026,TERM_LIFE,33,True,86225.88,0.00282,0.0860708,0.9113519,0.897525,0.897525,0.90702945,0.95238096,0.0,104.99999,12.189825,52.499996,157.49998,169.6898,197.94965,117.18203,0.0,0.85478574,495.72842,679.08,609.4913,444.92865,218.23949,6898.0713,0.0,139.1922,243.79651,87.2958,0.2618874,130.9437,514.1942749023438,696.7870483398438,182.5927734375,580.4678955078125,423.7415771484375,232.18714904785156,197.94964599609375,0.0,126.25142669677734,79.17986297607422,0.23753958940505981,118.76979064941406,659.6477584838867,477.44590598344803,182.2018525004387
99,3,32,10,2026,TERM_LIFE,34,True,86225.88,0.0029000002,0.07408182,0.923233,0.9113519,0.81796116,0.8638376,0.90702945,0.0,110.25,11.1092205,55.125,165.375,176.48422,176.68532,108.195015,0.0,0.74191487,495.72842,679.08,555.46106,405.4866,204.53534,6035.812,0.0,133.663,222.18443,81.81414,0.24544244,122.7212,478.8140563964844,637.2752075195312,158.46115112304688,503.8195495605469,367.7882995605469,201.52781677246094,176.68531799316406,0.0,115.46311950683594,70.67413330078125,0.21202240884304047,106.01118469238281,574.4936828613281,423.2141433805227,151.2795394808054
99,4,32,10,2026,TERM_LIFE,35,True,86225.88,0.00301,0.063762814,0.93341917,0.923233,0.75516874,0.82270247,0.8638376,0.0,115.7625,10.2564,57.88125,173.64374,183.90013,161.24677,101.00243,0.0,0.65234315,495.72842,679.08,512.82,374.3586,195.99644,5173.5537,0.0,130.02054,205.128,78.39858,0.23519574,117.59786,452.9815979003906,591.2185668945312,138.23696899414062,442.9931945800781,323.3850402832031,177.19728088378906,161.24676513671875,0.0,106.96821594238281,64.49871063232422,0.19349612295627594,96.74805450439453,507.49190521240234,381.1070474535227,126.38485775887966
99,5,32,10,2026,TERM_LIFE,36,True,86225.88,0.0031400002,0.054881163,0.9421512,0.93341917,0.704889,0.7835262,0.82270247,0.0,121.55062,9.573521,60.77531,182.32593,191.89944,149.53456,95.17198,0.0,0.5799139,495.72842,679.08,478.67603,349.4335,190.8482,4311.2944,0.0,127.84415,191.47041,76.33929,0.22901787,114.50892,434.052490234375,555.0153198242188,120.96282958984375,393.8079528808594,287.47979736328125,157.52317810058594,149.53456115722656,0.0,100.16923522949219,59.8138313293457,0.17944149672985077,89.72073364257812,453.6217842102051,347.5925884693861,106.02919574081898
99,6,32,10,2026,TERM_LIFE,37,True,86225.88,0.0033,0.047236655,0.9496192,0.9421512,0.66411203,0.7462154,0.7835262,0.0,127.62816,9.019704,63.81408,191.44223,200.46193,141.01234,90.391655,0.0,0.52034914,495.72842,679.08,450.9852,329.2192,188.97003,3449.0354,0.0,126.8406,180.39409,75.58801,0.22676404,113.38202,420.8434753417969,526.5732421875,105.72976684570312,353.35870361328125,257.9518737792969,141.34349060058594,141.01234436035156,0.0,94.65040588378906,56.404937744140625,0.16921481490135193,84.60740661621094,409.7636413574219,320.7705179154873,88.99312344193459
99,7,32,10,2026,TERM_LIFE,38,True,86225.88,0.0035100002,0.040656965,0.9559757,0.9496192,0.6306535,0.7106813,0.7462154,0.0,134.00957,8.565284,67.00478,201.01434,209.57962,135.6471,86.43043,0.0,0.47060335,495.72842,679.08,428.2642,312.63287,190.86908,2586.7769,0.0,126.7984,171.30568,76.34763,0.2290429,114.52145,412.8545837402344,504.61181640625,91.75723266601562,319.57733154296875,233.2914581298828,127.83094024658203,135.6470947265625,0.0,90.1132583618164,54.25883865356445,0.16277651488780975,81.38825225830078,373.8361701965332,299.49522738158703,74.34094281494617
99,8,32,10,2026,TERM_LIFE,39,True,86225.88,0.0037500001,0.034993775,0.96138746,0.9559757,0.6028894,0.67683935,0.7106813,0.0,140.71004,8.188203,70.35502,211.06506,219.25327,131.94476,83.11315,0.0,0.42846224,495.72842,679.08,409.41016,298.86942,194.94252,1724.5177,0.0,127.55981,163.76407,77.97701,0.23393105,116.96551,408.5232849121094,487.3871765136719,78.8638916015625,290.96014404296875,212.40090942382812,116.38406372070312,131.94476318359375,0.0,86.33749389648438,52.77791213989258,0.15833373367786407,79.16685485839844,343.7380561828613,282.0467462092638,61.69130997359753
99,9,32,10,2026,TERM_LIFE,40,True,86225.88,0.00403,0.030119421,0.96597195,0.96138746,0.57961035,0.6446089,0.67683935,0.0,147.74554,7.872036,73.87277,221.61832,229.49036,129.83003,80.30754,0.0,0.39230308,495.72842,679.08,393.6018,287.3293,201.40898,862.2591,0.0,129.00865,157.44072,80.56359,0.24169077,120.84539,407.53643798828125,474.1654052734375,66.62896728515625,266.4051818847656,194.4757843017578,106.56207275390625,129.8300323486328,0.0,83.16012573242188,51.932010650634766,0.15579602122306824,77.89801788330078,318.3371925354004,267.776012390852,50.561180144548416
99,10,32,10,2026,TERM_LIFE,41,True,86225.88,0.00434,0.025924027,0.9698485,0.96597195,0.55988735,0.61391324,0.6446089,0.0,155.13281,7.604166,77.56641,232.69922,240.30339,128.62787,77.9104,0.0,0.3609084,495.72842,679.08,380.2083,277.55206,209.52124,0.0,7.195267,131.05495,152.08333,83.808495,0.2514255,125.712746,416.2976989746094,464.0168151855469,47.7191162109375,245.08566284179688,178.91253662109375,98.03427124023438,128.62786865234375,4.417269706726074,80.45636749267578,51.45114517211914,0.15435343980789185,77.17671966552734,296.536808013916,260.23898154497147,36.29782646894455
100,1,37,10,2026,TERM_LIFE,37,True,54623.03,0.0033,0.1,0.89703,1.0,1.0,0.95238096,1.0,500.0,100.0,12.533689,50.0,650.0,662.5337,171.67238,557.1429,0.0,1.0,457.47964,626.68445,626.68445,457.47964,180.256,4916.0728,0.0,596.28033,250.67378,72.1024,0.21630721,108.153595,955.3240356445312,698.786865234375,-256.53717041015625,626.6844482421875,457.4796447753906,250.6737823486328,171.67237854003906,0.0,567.8860473632812,68.66895294189453,0.20600686967372894,103.00342559814453,695.353401184082,921.7692621797323,-226.4158609956503
100,2,37,10,2026,TERM_LIFE,38,True,54623.03,0.0035100002,0.0860708,0.91072136,0.89703,0.89703,0.90702945,0.95238096,0.0,104.99999,11.243094,52.499996,157.49998,168.74307,155.99522,117.11741,0.0,0.85431427,457.47964,626.68445,562.1547,410.37296,171.98474,4369.843,0.0,138.33928,224.8619,68.7939,0.20638171,103.19084,466.5984191894531,630.9486083984375,164.35018920898438,535.3854370117188,390.8313903808594,214.15419006347656,155.99522399902344,0.0,125.47779846191406,62.398094177246094,0.18719428777694702,93.59712982177734,597.7835311889648,433.4163126349449,164.36721855401993
100,3,37,10,2026,TERM_LIFE,39,True,54623.03,0.0037500001,0.07408182,0.92244595,0.91072136,0.81694436,0.8638376,0.90702945,0.0,110.25,10.2393265,55.125,165.375,175.61432,144.55452,108.06052,0.0,0.7409926,457.47964,626.68445,511.96634,373.7354,167.33992,3823.6123,0.0,132.83882,204.78654,66.93597,0.2008079,100.40395,438.2301025390625,578.9022827148438,140.67218017578125,464.3685607910156,338.989013671875,185.74742126464844,144.5545196533203,0.0,114.75116729736328,57.82180404663086,0.17346541583538055,86.73271179199219,522.1903648376465,387.4047657698393,134.7855990678072
100,4,37,10,2026,TERM_LIFE,40,True,54623.03,0.00403,0.063762814,0.9324642,0.92244595,0.753587,0.82270247,0.8638376,0.0,115.7625,9.445225,57.88125,173.64374,183.08896,136.47624,100.79088,0.0,0.6509768,457.47964,626.68445,472.26126,344.7507,165.88773,3277.382,0.0,129.17589,188.90451,66.355095,0.19906528,99.53263,417.8121032714844,538.6163330078125,120.80422973632812,407.95703125,297.8086242675781,163.1828155517578,136.4762420654297,0.0,106.27332305908203,54.59049987792969,0.16377149522304535,81.8857421875,462.5475311279297,351.5056522935629,111.0418788343668
100,5,37,10,2026,TERM_LIFE,41,True,54623.03,0.00434,0.054881163,0.94101703,0.9324642,0.70269287,0.7835262,0.82270247,0.0,121.55062,8.807334,60.77531,182.32593,191.13326,130.52226,94.87546,0.0,0.5781072,457.47964,626.68445,440.3667,321.46768,166.58315,2731.1516,0.0,126.937,176.14668,66.63326,0.1998998,99.94988,403.23345947265625,506.9999694824219,103.76651000976562,362.290771484375,264.4722595214844,144.9163055419922,130.5222625732422,0.0,99.45845794677734,52.20890426635742,0.15662671625614166,78.31334686279297,414.4996757507324,322.84473706781864,91.65493868291378
100,6,37,10,2026,TERM_LIFE,42,True,54623.03,0.00467,0.047236655,0.9483139,0.94101703,0.66124594,0.7462154,0.7835262,0.0,127.62816,8.28785,63.81408,191.44223,199.73009,125.86933,90.00156,0.0,0.5181035,457.47964,626.68445,414.39255,302.50656,168.67694,2184.9211,0.0,125.83213,165.75702,67.47078,0.20241234,101.20616,392.99774169921875,481.86334228515625,88.8656005859375,324.6874084472656,237.0218048095703,129.87496948242188,125.86933135986328,0.0,93.89787292480469,50.34773635864258,0.15104320645332336,75.52159881591797,375.0351448059082,299.44548442959785,75.58966037631035
100,7,37,10,2026,TERM_LIFE,43,True,54623.03,0.00503,0.040656965,0.95451754,0.9483139,0.6270687,0.7106813,0.7462154,0.0,134.00957,7.859484,67.00478,201.01434,208.87383,122.442955,85.93914,0.0,0.46792832,457.47964,626.68445,392.9742,286.87115,172.28954,1638.691,0.0,125.65306,157.18968,68.91582,0.20674746,103.37372,386.4232177734375,461.8900146484375,75.466796875,293.243408203125,214.0676727294922,117.29736328125,122.44295501708984,0.0,89.29928588867188,48.9771842956543,0.14693155884742737,73.46576690673828,342.2205924987793,280.2093476355076,62.01124486327171
100,8,37,10,2026,TERM_LIFE,44,True,54623.03,0.0054200003,0.034993775,0.95977587,0.95451754,0.59854805,0.67683935,0.7106813,0.0,140.71004,7.502015,70.35502,211.06506,218.56708,119.93881,82.51466,0.0,0.42537692,457.47964,626.68445,375.10077,273.82355,177.20425,1092.4606,0.0,126.24492,150.04031,70.88171,0.21264513,106.32255,382.8204345703125,445.98248291015625,63.16204833984375,266.5771179199219,194.6012725830078,106.63085174560547,119.93881225585938,0.0,85.4475326538086,47.975528717041016,0.14392659068107605,71.96328735351562,314.5526466369629,264.18559834361076,50.36704829335213
100,9,37,10,2026,TERM_LIFE,45,True,54623.03,0.0058500003,0.030119421,0.96420676,0.95977587,0.57447195,0.6446089,0.67683935,0.0,147.74554,7.2002525,73.87277,221.61832,228.81857,118.33053,79.5956,0.0,0.3888252,457.47964,626.68445,360.01263,262.80923,183.56949,546.23047,0.0,127.49066,144.00505,73.427795,0.2202834,110.14169,381.857666015625,433.4404296875,51.582763671875,243.67071533203125,177.879638671875,97.4682846069336,118.33052825927734,0.0,82.1816177368164,47.332210540771484,0.14199665188789368,70.9983139038086,291.00292587280273,250.7902128994465,40.21271297335625
100,10,37,10,2026,TERM_LIFE,46,True,54623.03,0.0063300002,0.025924027,0.96791005,0.96420676,0.5539097,0.61391324,0.6446089,0.0,155.13281,6.942532,77.56641,232.69922,239.64175,117.57784,77.07858,0.0,0.35705516,457.47964,626.68445,347.12662,253.40242,191.52193,0.0,6.569211,129.29874,138.85065,76.60877,0.22982632,114.913155,389.861572265625,423.7353820800781,33.873809814453125,223.7609100341797,163.345458984375,89.50436401367188,117.57784271240234,4.032925605773926,79.37820434570312,47.0311393737793,0.1410934180021286,70.54670715332031,270.792049407959,243.60329453647137,27.188754871487617
