policy_id,bel_per_policy,sum_assured,coverage_years,issue_age,is_onerous,pv_premiums
1,584.5398,14288.936,1,46,False,1285.9875
2,3262.2122,141207.02,1,51,False,7176.8667
3,6978.451,382587.47,1,49,False,15352.593
4,628.0272,57874.016,1,29,False,1381.6599
5,1013.0264,46374.09,1,46,False,2228.6582
6,527.16327,38640.902,1,21,False,1159.7593
7,2452.3667,93453.36,1,52,False,5395.207
8,755.1732,78741.664,1,32,False,1661.3811
9,1227.2451,111588.92,1,39,False,2699.9392
10,1109.8514,30255.857,1,53,False,2441.6733
11,629.8088,65635.53,1,25,False,1385.5793
12,621.4166,32396.44,1,38,False,1367.1166
13,618.7765,21452.7,1,43,False,1361.3083
14,570.16595,48386.008,1,25,False,1254.3651
15,477.29825,23903.21,1,19,False,1050.0562
16,1721.0094,127868.78,1,43,False,3786.2207
17,571.458,25090.436,1,38,False,1257.2076
18,663.1139,66877.31,1,29,False,1458.8506
19,691.1834,30854.578,1,42,False,1520.6035
20,901.67444,62406.734,1,40,False,1983.6838
21,710.45874,32878.723,1,42,False,1563.0093
22,789.6771,18288.162,1,52,False,1737.2897
23,831.09937,73629.164,1,36,False,1828.4187
24,531.5898,41416.96,1,19,False,1169.4976
25,905.27704,62853.773,1,40,False,1991.6095
26,708.8345,35479.273,1,41,False,1559.4359
27,575.5791,17282.143,1,43,False,1266.274
28,849.54675,118933.664,1,28,False,1869.0029
29,890.7554,90145.875,1,35,False,1959.6619
30,894.0572,31767.832,1,48,False,1966.9259
31,639.1355,52870.543,1,32,False,1406.0981
32,835.0697,115081.27,1,28,False,1837.1534
33,656.70135,34687.95,1,39,False,1444.743
34,614.46484,39272.14,1,35,False,1351.8226
35,930.2597,60759.836,1,41,False,2046.5714
36,896.0523,34631.03,1,47,False,1971.3151
37,1135.7404,99255.43,1,39,False,2498.629
38,1432.2501,43680.527,1,53,False,3150.9504
39,975.8279,26703.49,1,52,False,2146.8213
40,1239.3243,81364.09,1,43,False,2726.5137
41,517.992,20051.791,1,36,False,1139.5824
42,6910.9624,250617.0,1,54,False,15204.117
43,1951.2749,177331.36,1,41,False,4292.8047
44,649.26587,75400.914,1,22,False,1428.3849
45,625.6792,70491.195,1,20,False,1376.4943
46,1660.2551,67895.93,1,50,False,3652.5613
47,1021.77826,33809.68,1,50,False,2247.912
48,869.9133,63425.8,1,39,False,1913.8093
49,483.82346,23891.361,1,24,False,1064.4116
50,651.64624,74819.44,1,23,False,1433.6217
51,735.7107,100113.1,1,23,False,1618.5636
52,567.726,36949.574,1,32,False,1248.9973
53,499.48593,31060.645,1,19,False,1098.869
54,463.9487,18954.5,1,21,False,1020.68713
55,1054.194,160514.97,1,30,False,2319.2268
56,687.9831,33098.625,1,41,False,1513.5629
57,691.53186,42650.19,1,38,False,1521.3701
58,1112.1589,63570.37,1,44,False,2446.7498
59,864.2621,62664.125,1,39,False,1901.3766
60,1713.4644,90855.57,1,47,False,3769.6216
61,523.5775,36912.824,1,22,False,1151.8706
62,946.9794,20107.416,1,55,False,2083.3547
63,609.1966,17480.584,1,45,False,1340.2325
64,780.6459,31456.914,1,45,False,1717.421
65,475.5794,23348.73,1,19,False,1046.2747
66,545.4978,39217.758,1,27,False,1200.0952
67,835.985,142321.14,1,18,False,1839.167
68,652.71484,36973.465,1,38,False,1435.9727
69,552.45184,36962.44,1,30,False,1215.394
70,711.87683,49348.332,1,37,False,1566.129
71,515.24536,36144.438,1,19,False,1133.5398
72,723.8455,47375.727,1,38,False,1592.4602
73,1194.8512,77070.33,1,43,False,2628.6726
74,2289.254,101476.16,1,50,False,5036.359
75,767.3597,111563.46,1,22,False,1688.1913
76,2036.3502,259175.33,1,37,False,4479.9707
77,1639.0972,78847.1,1,48,False,3606.014
78,1566.7518,298749.72,1,29,False,3446.854
79,547.0846,26865.355,1,35,False,1203.5862
80,6278.334,266413.84,1,52,False,13812.335
81,559.1548,36881.945,1,31,False,1230.1405
82,572.00464,39901.258,1,31,False,1258.4103
83,736.38293,45427.832,1,39,False,1620.0425
84,954.3073,41977.19,1,46,False,2099.476
85,796.6742,53554.258,1,39,False,1752.6832
86,652.09485,31437.473,1,40,False,1434.6086
87,731.7947,97124.414,1,24,False,1609.9484
88,703.3182,32128.87,1,42,False,1547.3
89,803.42615,84479.7,1,33,False,1767.5376
90,929.3503,169728.81,1,19,False,2044.5707
91,637.5619,37575.082,1,37,False,1402.6362
92,1296.3004,94398.93,1,42,False,2851.861
93,662.9026,78206.32,1,23,False,1458.3857
94,1692.51,303181.75,1,31,False,3723.5222
95,528.0671,33386.73,1,28,False,1161.7476
96,1460.1882,94450.914,1,44,False,3212.414
97,664.1222,13615.572,1,51,False,1461.0688
98,692.6132,33627.234,1,41,False,1523.7491
99,627.5443,66336.305,1,24,False,1380.5975
100,4352.113,152406.45,1,54,False,9574.648
101,799.92786,18751.549,1,52,False,1759.8413
102,1646.0452,93774.74,1,46,False,3621.2996
103,575.77783,47533.953,1,27,False,1266.7113
104,607.7788,14802.571,1,47,False,1337.1134
105,1306.2998,57817.56,1,48,False,2873.8596
106,5096.086,196242.67,1,53,False,11211.39
107,473.40997,20403.06,1,25,False,1041.502
108,580.93506,45790.324,1,29,False,1278.0571
109,673.3205,22707.875,1,45,False,1481.3052
110,527.84326,34369.06,1,27,False,1161.2552
111,993.491,157237.77,1,28,False,2185.6804
112,553.8124,40237.66,1,28,False,1218.3872
113,946.3323,153434.78,1,26,False,2081.9312
114,979.0632,121421.29,1,33,False,2153.939
115,1281.5664,37406.06,1,53,False,2819.446
116,524.48364,33446.375,1,27,False,1153.864
117,747.5368,24415.64,1,47,False,1644.581
118,508.4946,23743.719,1,32,False,1118.6881
119,933.264,66326.46,1,40,False,2053.181
120,552.9001,49214.816,1,18,False,1216.3802
121,497.3151,30360.385,1,19,False,1094.0933
122,524.93915,14483.538,1,41,False,1154.8662
123,607.1565,54432.75,1,28,False,1335.7443
124,509.65924,34342.418,1,19,False,1121.2504
125,558.42365,42767.773,1,27,False,1228.5321
126,651.12115,63799.953,1,29,False,1432.4666
127,432.30515,6757.0117,1,32,False,951.07135
128,623.3872,14664.114,1,48,False,1371.4519
129,2235.4355,313932.34,1,36,False,4917.9585
130,877.2712,33339.223,1,47,False,1929.9966
131,425.936,6673.047,1,25,False,937.0592
132,706.05884,15675.06,1,51,False,1553.3295
133,6165.795,364890.34,1,48,False,13564.749
134,1123.5526,28492.049,1,54,False,2471.816
135,808.8768,126372.664,1,21,False,1779.5289
136,582.92834,55087.2,1,22,False,1282.4424
137,695.1908,33921.51,1,41,False,1529.4198
138,712.0017,92979.53,1,23,False,1566.4038
139,426.5719,7422.661,1,20,False,938.4582
140,792.49713,15785.896,1,54,False,1743.4938
141,533.90234,33721.723,1,29,False,1174.5852
142,826.1215,17076.436,1,54,False,1817.4674
143,535.90314,31418.621,1,31,False,1178.9869
144,3175.2026,98987.484,1,55,False,6985.446
145,1135.9008,55574.94,1,46,False,2498.9817
146,1091.0172,144968.52,1,33,False,2400.238
147,609.87915,58458.86,1,26,False,1341.7341
148,1751.6019,110607.914,1,45,False,3853.5244
149,563.76965,47501.76,1,24,False,1240.2932
150,1074.8684,31180.803,1,52,False,2364.7104
151,1517.5305,163445.14,1,38,False,3338.5671
152,503.20984,28347.611,1,26,False,1107.0616
153,815.9223,65831.53,1,37,False,1795.029
154,870.2593,92493.734,1,34,False,1914.5704
155,933.5431,98024.48,1,35,False,2053.795
156,545.3641,19681.299,1,39,False,1199.801
157,3655.7542,115999.2,1,55,False,8042.659
158,476.4507,22847.89,1,21,False,1048.1917
159,710.18994,95639.5,1,21,False,1562.4178
160,1127.9482,76719.95,1,42,False,2481.486
161,2514.184,96247.94,1,52,False,5531.205
162,483.3405,19068.164,1,31,False,1063.3491
163,807.0789,80027.22,1,34,False,1775.5736
164,2620.5615,119163.67,1,50,False,5765.2354
165,663.7855,58366.355,1,32,False,1460.3281
166,959.71094,25974.873,1,52,False,2111.364
167,772.4749,104357.35,1,26,False,1699.4448
168,635.289,54770.883,1,31,False,1397.6359
169,532.2419,13098.105,1,43,False,1170.9321
170,747.48285,24411.918,1,47,False,1644.4623
171,663.2231,32818.336,1,40,False,1459.0908
172,947.67737,166780.34,1,22,False,2084.8901
173,947.19476,144918.2,1,28,False,2083.8286
174,851.2847,144546.0,1,19,False,1872.8264
175,1020.2613,60214.383,1,43,False,2244.575
176,725.1136,103844.945,1,19,False,1595.2499
177,641.0038,20073.479,1,45,False,1410.2084
178,1011.4635,50272.867,1,45,False,2225.2197
179,853.3453,71760.14,1,37,False,1877.3596
180,976.70764,21159.812,1,55,False,2148.7568
181,1120.2705,59142.67,1,45,False,2464.5952
182,2232.7644,192738.5,1,42,False,4912.082
183,979.3917,78181.95,1,39,False,2154.6619
184,1672.6714,104173.65,1,45,False,3679.8772
185,426.72784,7029.3726,1,24,False,938.8013
186,5290.9463,173885.69,1,55,False,11640.082
187,1131.887,43082.855,1,49,False,2490.1514
188,754.7382,27033.422,1,46,False,1660.4241
189,542.7036,43480.508,1,21,False,1193.948
190,455.56213,15241.245,1,25,False,1002.2367
191,774.3738,115627.83,1,21,False,1703.6223
192,557.6126,38233.285,1,30,False,1226.7478
193,604.792,27691.303,1,39,False,1330.5424
194,588.2148,43710.09,1,31,False,1294.0725
195,836.0194,122294.92,1,26,False,1839.2428
196,1613.8108,55544.79,1,52,False,3550.3838
197,691.70197,16187.964,1,50,False,1521.7444
198,1863.7819,72530.54,1,51,False,4100.3203
199,503.39316,23779.861,1,31,False,1107.465
200,435.1438,8909.714,1,27,False,957.3164
201,1240.1335,165476.44,1,34,False,2728.294
202,695.07166,72082.18,1,30,False,1529.1577
203,1020.92,46965.18,1,46,False,2246.024
204,1369.2517,37922.152,1,54,False,3012.3538
205,4054.8376,152885.1,1,53,False,8920.643
206,2268.7954,590959.3,1,20,False,4991.35
207,645.3562,71596.586,1,24,False,1419.7837
208,506.08496,21940.084,1,33,False,1113.387
209,936.8186,44187.883,1,45,False,2061.001
210,629.6621,70561.25,1,21,False,1385.2567
211,503.53607,7632.385,1,47,False,1107.7794
212,1515.1941,65341.17,1,49,False,3333.427
213,622.9623,70892.39,1,19,False,1370.5171
214,851.06036,144473.6,1,19,False,1872.3329
215,942.11755,132916.58,1,30,False,2072.6587
216,624.2829,54650.63,1,30,False,1373.4224
217,1200.3345,167961.12,1,33,False,2640.7358
218,1221.3365,254822.1,1,21,False,2686.9404
219,845.92065,51130.652,1,41,False,1861.0255
220,635.18146,69865.55,1,23,False,1397.3993
221,675.28253,12160.404,1,53,False,1485.6216
222,455.0345,15662.109,1,23,False,1001.07587
223,502.13858,25571.18,1,29,False,1104.705
224,515.67236,35062.367,1,21,False,1134.4792
225,500.68143,20803.57,1,33,False,1101.4991
226,732.0853,48580.715,1,38,False,1610.5878
227,596.2128,35911.43,1,35,False,1311.6682
228,2418.0754,117770.664,1,49,False,5319.766
229,600.67,34199.26,1,36,False,1321.474
230,500.89648,8025.698,1,46,False,1101.9723
231,1940.8761,55291.76,1,55,False,4269.9277
232,564.4714,49435.293,1,22,False,1241.837
233,491.66217,25087.836,1,26,False,1081.6567
234,694.16876,53948.125,1,35,False,1527.1713
235,754.24664,21153.627,1,49,False,1659.3427
236,968.2572,65098.074,1,41,False,2130.1658
237,4652.6323,410905.22,1,43,False,10235.791
238,528.6235,11793.383,1,44,False,1162.9717
239,514.94794,33083.324,1,24,False,1132.8855
240,633.27625,29102.35,1,40,False,1393.2078
241,1232.2882,35354.125,1,53,False,2711.0342
242,2689.1675,113064.98,1,51,False,5916.1685
243,637.9605,77191.11,1,18,False,1403.5132
244,719.6851,98596.55,1,21,False,1583.3073
245,589.25287,51234.82,1,27,False,1296.3563
246,489.4982,17363.035,1,34,False,1076.8961
247,957.982,20496.922,1,55,False,2107.5605
248,973.74164,90833.734,1,37,False,2142.2317
249,1998.2332,57322.23,1,55,False,4396.113
250,3674.0364,137028.5,1,53,False,8082.8804
251,606.091,63220.758,1,21,False,1333.4003
252,484.78073,19406.557,1,31,False,1066.5176
253,558.3544,32933.867,1,33,False,1228.3796
254,1210.2902,78560.914,1,43,False,2662.6384
255,1788.0609,88260.18,1,48,False,3933.7341
256,846.4767,99098.06,1,32,False,1862.2488
257,603.1595,21611.027,1,42,False,1326.9509
258,521.1251,19128.873,1,37,False,1146.4753
259,551.39136,42956.2,1,25,False,1213.061
260,1673.9508,158235.1,1,40,False,3682.692
261,524.3367,28700.896,1,31,False,1153.5406
262,1438.639,71952.09,1,47,False,3165.0059
263,657.69714,71957.23,1,26,False,1446.9337
264,937.8427,91894.5,1,36,False,2063.254
265,1924.6711,189345.84,1,40,False,4234.2764
266,4926.044,174434.3,1,54,False,10837.297
267,629.881,31072.97,1,39,False,1385.7382
268,434.0041,9334.401,1,23,False,954.809
269,496.38293,29055.26,1,21,False,1092.0425
270,763.1277,53120.39,1,38,False,1678.881
271,548.388,37438.77,1,29,False,1206.4536
272,4211.102,241372.69,1,48,False,9264.425
273,643.0929,50756.883,1,33,False,1414.8044
274,1270.2672,84351.49,1,43,False,2794.588
275,613.5292,59489.18,1,26,False,1349.7642
276,639.5566,37891.11,1,37,False,1407.0245
277,473.19724,10720.67,1,38,False,1041.0339
278,1134.3525,46952.145,1,48,False,2495.5757
279,6831.834,675694.4,1,42,False,15030.035
280,489.61374,18475.7,1,33,False,1077.1503
281,527.6418,11706.27,1,44,False,1160.812
282,1118.8779,235364.28,1,18,False,2461.5315
283,2557.3745,90530.734,1,53,False,5626.224
284,1310.5803,58087.99,1,48,False,2883.2769
285,1155.2859,148734.39,1,34,False,2541.629
286,540.8019,25708.494,1,35,False,1189.7642
287,1321.7795,45912.95,1,51,False,2907.915
288,759.78107,107355.555,1,23,False,1671.5184
289,1271.7101,270509.3,1,21,False,2797.7622
290,476.37964,19632.523,1,28,False,1048.0353
291,4010.5564,139297.31,1,54,False,8823.225
292,863.9392,67863.23,1,38,False,1900.6663
293,897.0392,56966.984,1,41,False,1973.4862
294,714.04517,49691.785,1,37,False,1570.8994
295,531.8403,16515.605,1,40,False,1170.0486
296,1515.6189,108039.21,1,43,False,3334.3616
297,582.7465,26741.262,1,38,False,1282.0424
298,653.3372,21078.855,1,45,False,1437.3419
299,1364.2435,101533.64,1,42,False,3001.336
300,1455.1433,94003.33,1,44,False,3201.3154
301,712.0733,53261.996,1,36,False,1566.5613
302,812.90216,118588.305,1,25,False,1788.3848
303,1887.2505,156455.6,1,42,False,4151.951
304,2141.5334,142394.62,1,45,False,4711.3735
305,1054.0802,32766.275,1,51,False,2318.9766
306,825.5188,112539.805,1,28,False,1816.1414
307,1592.8378,59224.527,1,51,False,3504.2432
308,1076.3777,198889.47,1,24,False,2368.031
309,998.52057,45287.92,1,46,False,2196.7454
310,637.68146,37594.047,1,37,False,1402.8993
311,1178.4635,30599.557,1,54,False,2592.6199
312,1170.6212,58174.86,1,46,False,2575.3667
313,896.5471,72631.836,1,38,False,1972.4037
314,1099.7444,73758.25,1,42,False,2419.4377
315,660.13434,66112.71,1,29,False,1452.2955
316,785.61523,85528.75,1,32,False,1728.3535
317,551.02704,41845.72,1,26,False,1212.2595
318,725.96234,24878.668,1,46,False,1597.1172
319,500.92593,23200.193,1,31,False,1102.0371
320,891.2394,109078.07,1,32,False,1960.7267
321,624.7346,72841.13,1,18,False,1374.4161
322,437.70975,11328.853,1,18,False,962.9615
323,1291.3712,120232.305,1,39,False,2841.0168
324,1821.0128,225060.92,1,37,False,4006.2283
325,665.8961,28199.084,1,42,False,1464.9714
326,602.19543,65428.047,1,18,False,1324.83
327,514.83386,34235.273,1,22,False,1132.6345
328,682.79895,82654.44,1,24,False,1502.1577
329,728.73865,19672.385,1,49,False,1603.2251
330,1611.5652,47222.312,1,54,False,3545.4436
331,791.13916,109625.97,1,26,False,1740.5062
332,907.55316,134369.36,1,28,False,1996.617
333,2213.6697,70331.49,1,54,False,4870.073
334,731.9801,38121.816,1,41,False,1610.3562
335,503.0976,13984.396,1,39,False,1106.8147
336,493.63153,27275.346,1,23,False,1085.9894
337,507.70465,34350.08,1,18,False,1116.9502
338,629.32666,28612.28,1,40,False,1384.5187
339,1860.3119,52439.777,1,55,False,4092.6863
340,534.3761,38035.23,1,25,False,1175.6274
341,1378.1204,57381.395,1,49,False,3031.8647
342,855.3323,130859.58,1,25,False,1881.7311
343,538.3395,36120.234,1,28,False,1184.3469
344,750.9878,16539.135,1,52,False,1652.1732
345,513.6359,28521.465,1,29,False,1129.999
346,1096.5869,79749.766,1,41,False,2412.4912
347,2808.404,86002.64,1,55,False,6178.4893
348,617.69257,69192.41,1,19,False,1358.9237
349,1990.939,141544.31,1,44,False,4380.066
350,541.4001,43074.56,1,21,False,1191.0802
351,1372.9204,258205.53,1,28,False,3020.425
352,1057.8015,96213.79,1,38,False,2327.1633
353,424.10364,6640.8037,1,20,False,933.028
354,1471.586,211146.02,1,34,False,3237.4895
355,600.18365,27070.207,1,39,False,1320.404
356,512.298,21861.826,1,34,False,1127.0555
357,1252.5063,76023.305,1,44,False,2755.514
358,445.90057,12446.987,1,25,False,980.98126
359,492.0568,28664.162,1,19,False,1082.525
360,2354.0671,173764.66,1,44,False,5178.9478
361,2111.0286,78022.484,1,52,False,4644.263
362,2182.1284,95757.1,1,50,False,4800.6826
363,1039.0626,29562.14,1,52,False,2285.9377
364,454.52444,14604.461,1,26,False,999.9538
365,733.3466,88012.336,1,28,False,1613.3625
366,2359.724,105238.37,1,50,False,5191.393
367,740.30634,101495.83,1,23,False,1628.674
368,1495.5494,59102.805,1,50,False,3290.2087
369,677.7161,23066.201,1,45,False,1490.9755
370,1550.9374,351510.2,1,22,False,3412.0623
371,1040.9255,73394.79,1,41,False,2290.0361
372,655.0628,43506.645,1,36,False,1441.1382
373,588.0074,43661.363,1,31,False,1293.6163
374,1631.7712,56356.69,1,52,False,3589.8967
375,787.234,117649.47,1,22,False,1731.9149
376,1108.5929,58190.7,1,45,False,2438.9045
377,1343.6224,99368.336,1,42,False,2955.9695
378,1213.0885,56437.914,1,47,False,2668.7947
379,955.391,45701.902,1,45,False,2101.86
380,741.4991,83514.76,1,30,False,1631.298
381,677.25226,81016.42,1,24,False,1489.955
382,813.078,43654.906,1,42,False,1788.7716
383,760.40814,27457.996,1,46,False,1672.898
384,635.6026,65720.19,1,26,False,1398.3258
385,1385.6243,53234.246,1,50,False,3048.3735
386,822.08765,32076.562,1,46,False,1808.5929
387,660.5455,25485.32,1,43,False,1453.2001
388,642.94934,69435.875,1,25,False,1414.4885
389,794.98706,77641.266,1,34,False,1748.9716
390,1035.5242,37487.117,1,49,False,2278.1533
391,525.0091,31439.762,1,29,False,1155.02
392,524.1237,25734.148,1,33,False,1153.0723
393,1769.2039,67885.805,1,51,False,3892.2485
394,579.5983,26280.871,1,38,False,1275.1163
395,6014.3037,300344.66,1,50,False,13231.469
396,548.5842,36010.043,1,30,False,1206.8854
397,465.77405,7183.966,1,42,False,1024.7029
398,1045.5245,48807.582,1,46,False,2300.154
399,559.72675,47162.363,1,23,False,1231.3989
400,1018.1765,121680.39,1,34,False,2239.9883
401,1387.705,62961.535,1,48,False,3052.951
402,605.5391,25660.55,1,40,False,1332.1862
403,547.47906,39761.914,1,27,False,1204.454
404,1261.3975,64972.156,1,46,False,2775.0745
405,443.84195,8848.532,1,33,False,976.45233
406,1675.9753,145899.84,1,41,False,3687.1458
407,562.7004,25715.324,1,37,False,1237.9409
408,4428.7144,155346.5,1,54,False,9743.172
409,2026.9196,68442.58,1,53,False,4459.223
410,2215.3735,82739.6,1,52,False,4873.822
411,836.4776,125406.664,1,25,False,1840.2507
412,699.7998,79085.43,1,28,False,1539.5596
413,1865.0226,85655.375,1,49,False,4103.05
414,782.0419,43837.51,1,41,False,1720.4922
415,2000.4467,67340.234,1,53,False,4400.983
416,631.1958,31250.168,1,39,False,1388.6307
417,659.658,37988.906,1,38,False,1451.2477
418,1218.1362,240754.81,1,24,False,2679.8997
419,690.9025,26192.37,1,44,False,1519.9856
420,1364.1456,56569.883,1,49,False,3001.1204
421,1414.0369,54751.14,1,50,False,3110.881
422,1319.712,38994.453,1,53,False,2903.3665
423,2054.2468,75455.555,1,52,False,4519.3433
424,782.8035,80142.05,1,33,False,1722.1678
425,475.7494,23840.066,1,18,False,1046.6487
426,742.6479,54223.17,1,37,False,1633.8254
427,888.3791,21033.768,1,53,False,1954.4341
428,2463.5596,93959.32,1,52,False,5419.831
429,601.96295,57582.164,1,25,False,1324.3185
430,1566.4576,53404.066,1,52,False,3446.2068
431,2588.3298,84711.22,1,54,False,5694.3257
432,975.70074,40109.562,1,47,False,2146.5417
433,2035.2548,103880.44,1,48,False,4477.5605
434,793.1456,23412.432,1,49,False,1744.9204
435,891.5439,154705.64,1,20,False,1961.3966
436,539.1365,32178.355,1,31,False,1186.1002
437,510.8268,12872.326,1,41,False,1123.819
438,524.50543,38443.71,1,20,False,1153.912
439,605.9849,35108.684,1,36,False,1333.1669
440,792.3711,38212.543,1,43,False,1743.2164
441,586.23926,60180.082,1,18,False,1289.7264
442,973.9086,120337.09,1,33,False,2142.599
443,538.5448,42890.84,1,20,False,1184.7986
444,493.91074,28752.621,1,20,False,1086.6036
445,469.33728,20303.344,1,22,False,1032.542
446,515.3066,34380.062,1,22,False,1133.6746
447,438.54315,11042.629,1,21,False,964.795
448,686.50867,27991.938,1,43,False,1510.3191
449,2200.188,135269.1,1,46,False,4840.4136
450,524.8005,25876.512,1,33,False,1154.561
451,659.5079,82681.484,1,19,False,1450.9174
452,606.95044,18743.318,1,44,False,1335.291
453,3654.6577,206210.95,1,48,False,8040.247
454,1125.7854,217480.33,1,23,False,2476.728
455,743.6219,80225.41,1,31,False,1635.9681
456,1448.8263,245924.62,1,31,False,3187.418
457,609.2339,66463.8,1,19,False,1340.3146
458,2603.8418,92465.6,1,53,False,5728.452
459,1942.1793,137217.89,1,44,False,4272.7944
460,1102.9562,57731.2,1,45,False,2426.5037
461,546.15857,14441.717,1,43,False,1201.5488
462,755.8118,93990.5,1,28,False,1662.786
463,524.22205,34279.082,1,26,False,1153.2886
464,598.7538,36379.273,1,35,False,1317.2583
465,745.80255,63455.504,1,35,False,1640.7656
466,664.3877,78653.15,1,23,False,1461.653
467,654.8804,56380.914,1,32,False,1440.7368
468,656.06836,83146.71,1,18,False,1443.3505
469,529.3978,28404.207,1,32,False,1164.6753
470,730.3073,48320.695,1,38,False,1606.6761
471,1418.0747,98621.7,1,43,False,3119.7644
472,2206.675,206490.81,1,41,False,4854.685
473,6963.7397,274011.88,1,53,False,15320.228
474,1337.8507,70697.086,1,46,False,2943.2717
475,1940.7445,97908.26,1,48,False,4269.638
476,1159.6764,244028.83,1,19,False,2551.288
477,501.91617,29234.637,1,24,False,1104.2156
478,1409.8231,82746.59,1,45,False,3101.6108
479,777.7959,92452.72,1,30,False,1711.151
480,932.1683,159224.02,1,23,False,2050.7703
481,709.9176,20131.986,1,48,False,1561.8187
482,684.0478,23582.346,1,45,False,1504.9052
483,1196.2377,50862.645,1,48,False,2631.723
484,2007.6543,67640.38,1,53,False,4416.8394
485,880.93585,122770.18,1,29,False,1938.059
486,670.76276,75645.51,1,26,False,1475.6781
487,1152.7769,44295.914,1,49,False,2536.1091
488,627.11865,69769.164,1,21,False,1379.661
489,723.9054,63615.59,1,34,False,1592.5919
490,6083.806,201953.23,1,55,False,13384.374
491,617.12573,57085.5,1,28,False,1357.6766
492,1199.2155,36802.15,1,52,False,2638.2742
493,1350.4978,71644.06,1,46,False,2971.0952
494,1681.4932,58604.49,1,52,False,3699.2852
495,473.61105,14228.234,1,34,False,1041.9443
496,712.06323,49377.82,1,37,False,1566.5392
497,635.2812,46128.566,1,34,False,1397.6187
498,947.2316,32360.078,1,49,False,2083.9097
499,764.58405,114490.25,1,20,False,1682.085
500,488.71857,26668.4,1,21,False,1075.1809
501,1028.6152,71989.33,1,41,False,2262.9536
502,591.24524,44422.113,1,31,False,1300.7395
503,1184.8973,54498.816,1,47,False,2606.7742
504,638.28644,69508.71,1,24,False,1404.2302
505,540.305,17565.97,1,40,False,1188.671
506,1899.8112,58285.406,1,54,False,4179.5845
507,7877.372,312055.47,1,53,False,17330.219
508,514.7192,14391.134,1,40,False,1132.3822
509,1086.7507,47747.973,1,47,False,2390.8516
510,1068.135,122807.055,1,35,False,2349.897
511,1003.4372,63644.848,1,42,False,2207.5618
512,1372.7784,86695.03,1,44,False,3020.1125
513,479.94843,7474.4473,1,44,False,1055.8866
514,763.9153,80690.63,1,32,False,1680.6136
515,523.93036,27185.193,1,32,False,1152.6469
516,619.8594,64066.707,1,24,False,1363.6907
517,586.12585,48836.363,1,28,False,1289.4769
518,1658.8799,309416.88,1,30,False,3649.536
519,643.2298,77430.38,1,19,False,1415.1056
520,1003.91724,45692.03,1,46,False,2208.618
521,488.13855,14943.386,1,36,False,1073.9048
522,1706.2151,55088.477,1,53,False,3753.6733
523,718.5027,96602.64,1,22,False,1580.7059
524,674.7741,46879.547,1,36,False,1484.503
525,537.8413,33364.684,1,30,False,1183.2509
526,752.1314,31625.182,1,44,False,1654.6891
527,1605.4047,76717.984,1,48,False,3531.8904
528,1970.7133,91792.75,1,49,False,4335.5693
529,1338.1238,148560.33,1,37,False,2943.8723
530,479.3036,22556.496,1,24,False,1054.4679
531,763.85925,76157.62,1,33,False,1680.4904
532,866.4167,45361.324,1,43,False,1906.1167
533,577.1333,46443.46,1,28,False,1269.6932
534,1395.0964,68957.04,1,47,False,3069.2122
535,913.3424,69279.43,1,39,False,2009.3534
536,712.31323,76327.82,1,30,False,1567.0891
537,474.29358,21456.895,1,23,False,1043.4459
538,731.42773,27444.723,1,45,False,1609.141
539,1835.7329,164139.66,1,41,False,4038.6125
540,1240.3041,41911.7,1,51,False,2728.669
541,601.1902,63869.027,1,19,False,1322.6184
542,756.7213,116251.516,1,18,False,1664.7869
543,936.8014,72441.37,1,39,False,2060.9631
544,1723.1967,77419.69,1,49,False,3791.0327
545,2304.255,102277.03,1,50,False,5069.361
546,443.24155,9195.296,1,32,False,975.1314
547,534.1549,33786.555,1,29,False,1175.1409
548,1994.2039,72741.18,1,52,False,4387.2485
549,873.57184,151735.44,1,19,False,1921.858
550,1041.4218,52714.97,1,45,False,2291.128
551,487.5255,25438.145,1,23,False,1072.5562
552,500.25537,25985.902,1,28,False,1100.5619
553,1363.0078,101403.945,1,42,False,2998.6172
554,1113.3367,42005.65,1,49,False,2449.3408
555,1004.5939,49712.824,1,45,False,2210.1064
556,1798.3054,81781.18,1,49,False,3956.272
557,454.96335,4907.6934,1,45,False,1000.9194
558,1456.4866,247724.44,1,31,False,3204.2705
559,526.95355,27859.219,1,32,False,1159.2979
560,597.9244,60677.45,1,21,False,1315.4337
561,481.08075,12784.908,1,37,False,1058.3777
562,1386.2723,35658.59,1,55,False,3049.7993
563,2923.5217,135337.73,1,50,False,6431.748
564,549.51605,10795.067,1,47,False,1208.9353
565,3588.4946,123098.28,1,54,False,7894.6885
566,1026.989,40167.816,1,48,False,2259.376
567,2018.2717,73829.22,1,52,False,4440.1978
568,720.5573,84609.16,1,28,False,1585.2261
569,927.4158,71176.32,1,39,False,2040.3147
570,547.08307,25029.684,1,36,False,1203.5828
571,542.96796,37351.9,1,28,False,1194.5295
572,455.51166,15530.068,1,24,False,1002.1257
573,665.2997,74103.3,1,26,False,1463.6593
574,1632.0835,195130.22,1,37,False,3590.5837
575,707.1403,11617.009,1,55,False,1555.7087
576,523.93445,27186.113,1,32,False,1152.6558
577,537.2193,43232.945,1,19,False,1181.8824
578,1379.0853,57437.43,1,49,False,3033.9878
579,1634.0416,101024.6,1,45,False,3594.8916
580,1629.4751,44268.043,1,55,False,3584.8452
581,767.15485,38832.44,1,42,False,1687.7407
582,1295.9343,120847.27,1,39,False,2851.0557
583,1436.3911,84912.34,1,45,False,3160.0605
584,819.1105,76953.81,1,35,False,1802.0431
585,1924.4249,54709.402,1,55,False,4233.735
586,2444.9304,109787.29,1,50,False,5378.847
587,788.6984,29576.363,1,46,False,1735.1366
588,747.87054,26519.162,1,46,False,1645.3152
589,679.4051,90822.2,1,18,False,1494.6913
590,448.26794,13626.197,1,23,False,986.1895
591,954.0975,53826.54,1,43,False,2099.0144
592,833.14844,38813.816,1,44,False,1832.9266
593,456.95178,16239.057,1,23,False,1005.29395
594,514.62537,23736.38,1,33,False,1132.1758
595,1673.4727,45825.566,1,55,False,3681.64
596,1320.2181,114341.96,1,40,False,2904.48
597,729.9357,29655.768,1,44,False,1605.8586
598,3304.823,131990.27,1,52,False,7270.611
599,563.16864,52592.125,1,18,False,1238.9711
600,1175.8516,142640.97,1,35,False,2586.8735
601,527.54083,30828.195,1,30,False,1160.5898
602,552.26135,48085.242,1,19,False,1214.975
603,1152.4121,67142.01,1,44,False,2535.3066
604,747.7859,43311.348,1,40,False,1645.129
605,1417.9427,107172.78,1,42,False,3119.474
606,507.9031,8550.349,1,46,False,1117.3868
607,1499.299,347216.12,1,20,False,3298.4578
608,3184.3027,99309.64,1,55,False,7005.4663
609,550.2839,43518.996,1,24,False,1210.6245
610,546.16327,32142.066,1,32,False,1201.5592
611,756.0362,25000.268,1,47,False,1663.2797
612,692.6396,83806.91,1,25,False,1523.8071
613,746.7703,110831.2,1,19,False,1642.8948
614,548.89703,43903.855,1,23,False,1207.5735
615,3066.6003,121221.0,1,52,False,6746.521
616,486.52722,24196.668,1,25,False,1070.3599
617,555.2183,21009.492,1,39,False,1221.4803
618,1051.7894,213299.22,1,18,False,2313.9368
619,656.42773,80230.99,1,20,False,1444.141
620,2118.4324,152856.81,1,44,False,4660.5513
621,586.68774,25251.139,1,39,False,1290.713
622,487.3969,23883.855,1,26,False,1072.2732
623,535.73804,37529.81,1,26,False,1178.6237
624,712.01263,25862.031,1,45,False,1566.4279
625,878.61334,87910.14,1,35,False,1932.9493
626,791.1553,27415.873,1,47,False,1740.5416
627,891.4424,19583.494,1,54,False,1961.1733
628,653.2429,56015.887,1,32,False,1437.1344
629,631.6275,17814.88,1,46,False,1389.5806
630,610.47437,11851.47,1,50,False,1343.0436
631,581.6999,55624.78,1,21,False,1279.7397
632,586.56903,12337.544,1,48,False,1290.4519
633,706.6309,92967.18,1,22,False,1554.588
634,530.7072,16375.004,1,40,False,1167.5559
635,471.0144,8326.84,1,41,False,1036.2317
636,527.92554,39527.066,1,20,False,1161.4362
637,653.762,56131.582,1,32,False,1438.2765
638,659.0219,74084.26,1,25,False,1449.8483
639,1654.3309,57376.543,1,52,False,3639.528
640,758.92523,21425.309,1,49,False,1669.6355
641,1055.5957,88453.055,1,39,False,2322.3105
642,1030.7036,107784.49,1,36,False,2267.548
643,718.1339,19056.596,1,49,False,1579.8947
644,534.7933,43259.555,1,18,False,1176.5453
645,1081.2765,40143.918,1,49,False,2378.8083
646,685.32776,59640.105,1,33,False,1507.7211
647,541.62634,42439.688,1,22,False,1191.578
648,812.87054,47357.29,1,41,False,1788.3152
649,680.6708,83552.52,1,23,False,1497.4757
650,743.173,20510.574,1,49,False,1634.9806
651,806.52344,90190.266,1,32,False,1774.3516
652,908.25366,124577.65,1,30,False,1998.1581
653,1230.9169,184810.5,1,32,False,2708.017
654,570.15643,9000.941,1,51,False,1254.3442
655,695.25085,43194.004,1,38,False,1529.5519
656,482.39877,10380.64,1,40,False,1061.2773
657,496.1968,7127.582,1,47,False,1091.633
658,596.8695,56109.066,1,25,False,1313.1129
659,878.9188,36332.098,1,46,False,1933.6215
660,723.59753,63554.88,1,34,False,1591.9146
661,652.709,73768.01,1,24,False,1435.9598
662,1801.9725,135685.52,1,43,False,3964.3396
663,561.9885,52204.01,1,18,False,1236.3748
664,2010.1498,518379.44,1,19,False,4422.3296
665,1798.395,63889.234,1,52,False,3956.4692
666,1253.3447,218329.69,1,29,False,2757.3584
667,428.68835,7734.979,1,23,False,943.1144
668,1028.6754,147203.3,1,31,False,2263.086
669,534.8193,43268.055,1,18,False,1176.6024
670,435.2526,10520.705,1,18,False,957.5557
671,620.1881,69997.47,1,19,False,1364.4138
672,555.4021,39238.508,1,29,False,1221.8846
673,654.19727,79524.54,1,20,False,1439.234
674,2024.7585,112267.47,1,47,False,4454.4688
675,531.1355,15190.996,1,41,False,1168.4982
676,1897.6256,112613.12,1,46,False,4174.7764
677,573.1089,50259.85,1,24,False,1260.8396
678,1030.2317,147569.02,1,31,False,2266.5098
679,1486.7571,42432.07,1,54,False,3270.8657
680,519.1316,34318.887,1,24,False,1142.0895
681,1822.2957,51093.957,1,55,False,4009.0505
682,645.2999,54245.04,1,32,False,1419.6599
683,507.0213,29423.543,1,26,False,1115.4469
684,571.8637,33615.23,1,34,False,1258.1002
685,470.92737,18737.42,1,27,False,1036.0403
686,514.6279,35314.97,1,20,False,1132.1815
687,737.2105,85890.31,1,29,False,1621.8632
688,549.3243,44796.934,1,22,False,1208.5134
689,857.53,112086.984,1,30,False,1886.5662
690,969.39185,43106.742,1,46,False,2132.662
691,452.51282,15907.785,1,19,False,995.5282
692,661.9861,80627.75,1,21,False,1456.3694
693,493.62338,29169.525,1,19,False,1085.9714
694,643.2477,41484.887,1,36,False,1415.1449
695,812.41656,134569.48,1,18,False,1787.3165
696,637.07776,19753.42,1,45,False,1401.571
697,644.9621,57043.723,1,31,False,1418.9166
698,788.83746,48405.254,1,40,False,1735.4425
699,684.3697,87598.48,1,21,False,1505.6134
700,753.85645,99101.61,1,26,False,1658.4843
701,1990.0807,61750.016,1,54,False,4378.1777
702,1035.3467,37476.844,1,49,False,2277.7627
703,941.08746,73019.09,1,39,False,2070.3926
704,906.14124,145554.08,1,25,False,1993.5107
705,1232.4117,48920.23,1,49,False,2711.306
706,724.1243,40375.297,1,40,False,1593.0736
707,948.4255,68207.82,1,40,False,2086.5361
708,888.4829,51573.33,1,42,False,1954.6625
709,709.67633,17147.553,1,50,False,1561.288
710,1202.355,60551.1,1,46,False,2645.181
711,458.62747,17023.812,1,22,False,1008.98047
712,608.3887,67464.91,1,18,False,1338.4551
713,670.2781,26424.955,1,43,False,1474.6118
714,1722.9404,51496.965,1,54,False,3790.469
715,1896.8516,68340.195,1,52,False,4173.0737
716,2481.7278,356076.53,1,36,False,5459.8013
717,972.1339,90579.055,1,37,False,2138.6946
718,873.49115,148987.45,1,20,False,1921.6805
719,1096.0447,223502.2,1,19,False,2411.2983
720,905.5803,73952.85,1,38,False,1992.2767
721,948.46967,62838.934,1,41,False,2086.6333
722,980.6313,21298.701,1,55,False,2157.389
723,711.33246,45545.83,1,38,False,1564.9314
724,499.80838,28037.777,1,25,False,1099.5785
725,525.7612,36276.71,1,24,False,1156.6747
726,1309.1957,223308.39,1,30,False,2880.2305
727,964.19696,54801.645,1,43,False,2121.2334
728,892.0983,24811.402,1,51,False,1962.6163
729,2975.7144,150152.25,1,49,False,6546.572
730,1263.9995,107365.984,1,40,False,2780.799
731,1107.0985,111960.46,1,37,False,2435.6167
732,436.36707,10045.44,1,23,False,960.00757
733,1295.818,237688.2,1,28,False,2850.7996
734,538.30597,31983.215,1,31,False,1184.2732
735,1994.3685,93166.37,1,49,False,4387.611
736,3193.0767,376554.53,1,39,False,7024.769
737,2854.2007,280420.22,1,41,False,6279.2417
738,476.53265,22873.37,1,21,False,1048.3718
739,499.75412,15743.21,1,37,False,1099.4591
740,1253.8802,157008.55,1,35,False,2758.5366
741,640.5951,56017.695,1,31,False,1409.3092
742,628.91046,33492.375,1,38,False,1383.603
743,711.4551,82187.055,1,28,False,1565.2012
744,536.7145,43891.44,1,18,False,1180.7719
745,679.7749,87626.4,1,20,False,1495.5048
746,1461.0475,52752.355,1,51,False,3214.3044
747,1801.5978,89115.51,1,48,False,3963.5151
748,525.3858,24444.295,1,34,False,1155.8488
749,1558.7506,156271.14,1,39,False,3429.2515
750,844.2786,87367.35,1,34,False,1857.413
751,2239.9944,83852.63,1,52,False,4927.988
752,956.60156,20448.041,1,55,False,2104.5234
753,1458.8638,194752.39,1,35,False,3209.5002
754,953.0692,49454.355,1,44,False,2096.7522
755,783.179,89520.0,1,31,False,1722.9939
756,736.3407,38619.734,1,41,False,1619.9496
757,627.00934,61604.46,1,27,False,1379.4205
758,1394.9054,63416.55,1,48,False,3068.792
759,420.14142,5238.7256,1,22,False,924.31116
760,1762.0706,79677.05,1,49,False,3876.5554
761,7183.4004,240879.34,1,55,False,15803.481
762,702.576,77003.22,1,29,False,1545.6672
763,759.0957,23239.57,1,48,False,1670.0106
764,2099.3413,84098.8,1,51,False,4618.551
765,2763.1875,116700.1,1,51,False,6079.0127
766,1583.5792,75338.875,1,48,False,3483.8743
767,549.27246,47121.12,1,19,False,1208.3994
768,539.89215,41194.453,1,23,False,1187.7628
769,528.0984,41057.57,1,18,False,1161.8165
770,2317.98,87378.086,1,52,False,5099.556
771,519.69336,16221.277,1,39,False,1143.3254
772,850.28357,37133.684,1,45,False,1870.6239
773,2252.7012,179201.5,1,43,False,4955.943
774,1097.1405,184819.42,1,28,False,2413.7092
775,455.85306,15325.305,1,25,False,1002.8768
776,476.34152,20224.447,1,27,False,1047.9514
777,528.0244,40266.77,1,19,False,1161.6537
778,955.75574,102114.49,1,35,False,2102.6626
779,561.0564,11588.852,1,47,False,1234.3241
780,817.2303,47855.023,1,41,False,1797.9066
781,564.4478,34215.53,1,33,False,1241.7853
782,1772.7344,144429.97,1,42,False,3900.0156
783,633.3419,13072.31,1,50,False,1393.3523
784,620.9993,53842.09,1,30,False,1366.1986
785,1072.0502,36493.547,1,50,False,2358.5105
786,3969.6025,162043.06,1,52,False,8733.126
787,1048.7134,80652.125,1,40,False,2307.1694
788,631.50806,31292.25,1,39,False,1389.3177
789,753.36053,98961.625,1,26,False,1657.3932
790,671.13477,36633.383,1,39,False,1476.4965
791,3278.9404,111217.39,1,54,False,7213.669
792,1045.8862,41361.953,1,48,False,2300.9497
793,1080.1857,116251.54,1,36,False,2376.4084
794,760.6851,70872.93,1,34,False,1673.5073
795,7428.0513,678860.6,1,43,False,16341.713
796,554.44806,47928.3,1,20,False,1219.7858
797,628.7115,67918.8,1,23,False,1383.1653
798,563.76666,34072.246,1,33,False,1240.2867
799,585.1484,50107.527,1,27,False,1287.3264
800,496.33224,5757.797,1,50,False,1091.9309
801,1362.804,72565.55,1,46,False,2998.1687
802,952.7517,146397.03,1,28,False,2096.0537
803,619.93243,68671.0,1,20,False,1363.8514
804,609.16296,17477.84,1,45,False,1340.1586
805,566.5612,26326.953,1,37,False,1246.4347
806,425.72833,7155.414,1,20,False,936.60236
807,760.34845,109416.555,1,22,False,1672.7666
808,593.8364,22349.688,1,41,False,1306.4402
809,586.2324,48864.742,1,28,False,1289.7113
810,679.4655,44213.62,1,37,False,1494.8242
811,2411.2798,164383.92,1,45,False,5304.8154
812,1668.7954,53530.312,1,53,False,3671.35
813,2331.5212,95501.06,1,51,False,5129.3467
814,853.22986,77416.04,1,36,False,1877.1057
815,1933.1145,148346.7,1,43,False,4252.852
816,537.8858,41294.28,1,22,False,1183.3488
817,2707.6106,223121.23,1,43,False,5956.7437
818,667.4311,10211.283,1,55,False,1468.3484
819,824.74097,99285.73,1,31,False,1814.4302
820,482.0517,24996.287,1,20,False,1060.5138
821,519.4245,33710.973,1,25,False,1142.7339
822,1148.2375,78850.56,1,42,False,2526.1226
823,654.6619,78346.766,1,21,False,1440.2562
824,787.9294,81220.31,1,33,False,1733.4447
825,497.20993,16495.648,1,36,False,1093.8618
826,3373.7305,159372.97,1,50,False,7422.207
827,553.92456,24325.018,1,37,False,1218.634
828,488.5786,27063.7,1,20,False,1074.8729
829,1259.2827,83290.99,1,43,False,2770.422
830,1074.5175,39751.44,1,49,False,2363.9385
831,651.8379,63983.91,1,29,False,1434.0433
832,630.5632,8906.153,1,55,False,1387.239
833,615.4702,62770.332,1,24,False,1354.0345
834,604.4594,59518.58,1,24,False,1329.8108
835,962.60345,33252.707,1,49,False,2117.7275
836,487.96216,9513.9795,1,42,False,1073.5167
837,548.68274,42172.84,1,25,False,1207.102
838,1548.644,48527.17,1,53,False,3407.017
839,1145.8263,37271.906,1,51,False,2520.8179
840,441.89432,11508.472,1,24,False,972.16754
841,3742.7927,179075.98,1,50,False,8234.145
842,519.3674,29992.094,1,29,False,1142.6083
843,1239.1908,41857.008,1,51,False,2726.2197
844,428.01743,7274.998,1,25,False,941.63837
845,1022.1089,179093.38,1,25,False,2248.6396
846,1351.4254,34425.0,1,55,False,2973.136
847,834.71313,54097.785,1,40,False,1836.3689
848,783.1338,122561.5,1,19,False,1722.8944
849,1082.2617,29107.027,1,53,False,2380.9758
850,1613.482,108052.695,1,44,False,3549.6606
851,439.94156,9611.522,1,29,False,967.87146
852,656.7627,77696.664,1,22,False,1444.8779
853,1356.3834,175882.61,1,35,False,2984.0437
854,517.1336,31427.695,1,27,False,1137.694
855,923.02734,122379.67,1,31,False,2030.6602
856,2146.2483,216840.3,1,40,False,4721.7466
857,527.2492,40778.277,1,18,False,1159.9482
858,623.86444,38168.11,1,36,False,1372.5018
859,968.5213,24370.855,1,53,False,2130.7468
860,527.57623,33256.12,1,28,False,1160.6677
861,492.90967,26042.637,1,25,False,1084.4012
862,693.52484,24354.926,1,45,False,1525.7546
863,2636.652,130463.2,1,49,False,5800.635
864,536.1991,26577.957,1,34,False,1179.6381
865,936.63666,61487.906,1,41,False,2060.6006
866,1277.7493,51552.965,1,49,False,2811.0483
867,1975.788,165752.98,1,42,False,4346.7334
868,742.84985,33431.48,1,43,False,1634.2697
869,677.78656,67825.72,1,30,False,1491.1305
870,1761.3461,94149.016,1,47,False,3874.9614
871,950.20197,164650.11,1,23,False,2090.4443
872,665.0364,33043.35,1,40,False,1463.0801
873,873.98566,30499.46,1,48,False,1922.7684
874,557.98944,21383.041,1,39,False,1227.5768
875,4389.232,299185.2,1,46,False,9656.311
876,971.36847,151350.89,1,28,False,2137.0107
877,1095.3597,48340.12,1,47,False,2409.7915
878,1516.3761,234434.05,1,33,False,3336.0276
879,873.9335,46087.062,1,43,False,1922.6537
880,2060.427,89259.81,1,50,False,4532.9395
881,1189.0507,50408.535,1,48,False,2615.9116
882,1905.5989,68735.61,1,52,False,4192.3174
883,626.4797,63144.906,1,26,False,1378.2554
884,515.49274,35588.934,1,20,False,1134.0841
885,808.65625,119823.74,1,24,False,1779.0438
886,678.03436,88657.88,1,19,False,1491.6757
887,762.31024,113769.98,1,20,False,1677.0825
888,708.9064,64599.375,1,33,False,1559.594
889,627.90894,24210.031,1,42,False,1381.3997
890,1117.3666,196277.97,1,27,False,2458.2065
891,816.3478,40527.39,1,43,False,1795.9652
892,764.5374,66905.195,1,35,False,1681.9823
893,2223.8662,83123.555,1,52,False,4892.506
894,1981.4784,66550.45,1,53,False,4359.2524
895,2504.5088,103996.44,1,51,False,5509.9194
896,931.27795,118004.805,1,32,False,2048.8115
897,535.0035,41769.074,1,20,False,1177.0077
898,1002.3869,183533.44,1,22,False,2205.2512
899,751.8173,40386.684,1,41,False,1653.9982
900,629.19836,65458.887,1,25,False,1384.2365
901,524.84546,36667.12,1,23,False,1154.66
902,495.2375,29173.016,1,20,False,1089.5225
903,760.566,115281.375,1,19,False,1673.2452
904,2555.2683,607614.44,1,26,False,5621.5903
905,517.0851,37435.336,1,18,False,1137.5872
906,899.383,132195.28,1,28,False,1978.6426
907,685.16547,38524.484,1,39,False,1507.364
908,767.206,49582.355,1,39,False,1687.8533
909,2184.8047,203993.89,1,41,False,4806.5703
910,977.3605,21182.91,1,55,False,2150.193
911,469.28638,17141.385,1,29,False,1032.43
912,1696.2228,46630.93,1,55,False,3731.6902
913,680.69495,85025.21,1,22,False,1497.5289
914,794.6741,72454.32,1,35,False,1748.283
915,701.2717,66724.11,1,32,False,1542.7979
916,1719.9991,51384.09,1,54,False,3783.9983
917,783.30164,93808.46,1,30,False,1723.2637
918,418.26596,4860.2266,1,19,False,920.1851
919,862.2092,27422.908,1,49,False,1896.8604
920,1331.5408,46392.28,1,51,False,2929.3896
921,914.2165,87851.76,1,36,False,2011.2764
922,4027.3179,164652.16,1,52,False,8860.1
923,696.8926,24629.459,1,45,False,1533.1637
924,1164.3965,160402.44,1,33,False,2561.6724
925,526.11127,34812.402,1,26,False,1157.4448
926,571.9514,45064.516,1,28,False,1258.2931
927,1040.3341,79612.336,1,40,False,2288.735
928,961.24915,42497.027,1,46,False,2114.748
929,3547.4944,121524.65,1,54,False,7804.488
930,527.9406,36173.965,1,25,False,1161.4694
931,1195.025,36612.695,1,52,False,2629.0552
932,873.4281,116001.945,1,30,False,1921.5419
933,1146.0322,27153.977,1,55,False,2521.271
934,1028.5829,61017.84,1,43,False,2262.8823
935,478.21445,13245.222,1,36,False,1052.0718
936,1208.2146,214376.64,1,28,False,2658.0723
937,1647.4242,131271.1,1,42,False,3624.3333
938,2547.404,451289.38,1,33,False,5604.289
939,919.5331,145869.73,1,26,False,2022.9728
940,590.2272,20252.998,1,42,False,1298.4998
941,672.63745,85365.57,1,20,False,1479.8024
942,481.3748,23989.494,1,22,False,1059.0245
943,5370.444,176699.94,1,55,False,11814.977
944,531.1705,20720.234,1,37,False,1168.5751
945,509.47064,19939.428,1,35,False,1120.8354
946,563.96277,13793.174,1,45,False,1240.7181
947,694.3804,33829.023,1,41,False,1527.6368
948,671.63635,28801.883,1,42,False,1477.6
949,570.89935,18223.35,1,42,False,1255.9786
950,6282.4023,245640.8,1,53,False,13821.285
951,1124.861,76395.79,1,42,False,2474.694
952,698.1183,69533.64,1,31,False,1535.8602
953,5415.075,178279.86,1,55,False,11913.166
954,615.0831,61376.637,1,25,False,1353.1829
955,903.0205,27469.57,1,50,False,1986.6451
956,444.93472,12830.886,1,22,False,978.8564
957,1013.84546,26258.168,1,53,False,2230.46
958,1858.392,166726.62,1,41,False,4088.4624
959,638.31506,18315.617,1,46,False,1404.2932
960,2109.2083,66322.21,1,54,False,4640.2583
961,1320.19,114338.48,1,40,False,2904.418
962,1047.2654,62821.594,1,43,False,2303.984
963,661.1493,68800.41,1,28,False,1454.5284
964,720.0697,84479.266,1,28,False,1584.1533
965,901.806,67724.48,1,39,False,1983.9733
966,1016.28406,181142.2,1,24,False,2235.825
967,475.2804,21753.826,1,23,False,1045.617
968,612.4121,60604.12,1,25,False,1347.3066
969,607.16486,11674.776,1,50,False,1335.7627
970,611.788,9516.489,1,53,False,1345.9337
971,746.8422,46837.594,1,39,False,1643.053
972,715.95764,77225.266,1,30,False,1575.1068
973,1073.7482,184298.6,1,27,False,2362.246
974,10166.743,346490.84,1,55,False,22366.836
975,4438.9976,143726.4,1,55,False,9765.795
976,712.1751,89456.78,1,25,False,1566.7853
977,689.49585,56826.05,1,34,False,1516.8909
978,449.5089,14688.143,1,20,False,988.9196
979,681.1906,44486.855,1,37,False,1498.6194
980,2116.7715,140375.98,1,45,False,4656.8975
981,2309.9402,102580.56,1,50,False,5081.8687
982,522.064,17867.004,1,38,False,1148.5409
983,2192.7197,81715.484,1,52,False,4823.9834
984,1255.6793,76304.91,1,44,False,2762.4946
985,611.9758,66150.67,1,20,False,1346.3468
986,610.2948,48898.1,1,31,False,1342.6486
987,1856.4303,85156.45,1,49,False,4084.1467
988,720.735,87345.664,1,27,False,1585.617
989,706.5808,29929.84,1,43,False,1554.4778
990,1082.5677,71954.52,1,42,False,2381.6492
991,718.14905,42970.203,1,39,False,1579.928
992,721.68195,15214.302,1,52,False,1587.7003
993,500.26807,31904.191,1,18,False,1100.5897
994,570.3224,14311.612,1,45,False,1254.7092
995,1440.2848,109518.98,1,42,False,3168.6267
996,638.25507,66468.92,1,26,False,1404.1611
997,521.916,37623.562,1,20,False,1148.2152
998,2474.095,155779.27,1,46,False,5443.0093
999,608.2332,52794.96,1,29,False,1338.1132
1000,452.5244,15911.543,1,19,False,995.5537
1001,592.23364,35178.68,1,35,False,1302.9141
1002,1121.9781,184621.23,1,29,False,2468.352
1003,506.4649,29266.47,1,26,False,1114.2228
1004,793.7246,62314.867,1,37,False,1746.1942
1005,808.63336,90660.734,1,32,False,1778.9934
1006,836.5043,80156.56,1,35,False,1840.3094
1007,2328.1382,354812.97,1,35,False,5121.9043
1008,481.58237,19511.04,1,30,False,1059.4812
1009,468.71185,21133.354,1,19,False,1031.1661
1010,508.5564,19771.064,1,35,False,1118.8241
1011,556.2651,39460.03,1,29,False,1223.7832
1012,2645.3113,120484.96,1,50,False,5819.685
1013,869.6454,21903.258,1,52,False,1913.2198
1014,877.312,121840.33,1,29,False,1930.0864
1015,646.2697,51424.996,1,33,False,1421.7935
1016,469.20193,20590.414,1,21,False,1032.2443
1017,484.10858,12316.343,1,38,False,1065.039
1018,737.0207,14731.184,1,53,False,1621.4456
1019,509.57358,29351.4,1,27,False,1121.0619
1020,1206.5072,43671.777,1,50,False,2654.316
1021,3137.68,146770.97,1,50,False,6902.896
1022,915.78687,94754.9,1,35,False,2014.7312
1023,485.14648,25555.945,1,21,False,1067.3223
1024,957.5123,69335.375,1,40,False,2106.527
1025,3898.764,187402.75,1,50,False,8577.281
1026,1134.178,223890.47,1,22,False,2495.1917
1027,1116.7643,38880.707,1,50,False,2456.8816
1028,1715.012,107625.086,1,45,False,3773.0264
1029,1049.1588,152016.23,1,31,False,2308.1494
1030,482.50787,14974.75,1,35,False,1061.5173
1031,626.809,33184.98,1,38,False,1378.9799
1032,8721.07,295313.66,1,55,False,19186.355
1033,569.44086,39298.805,1,31,False,1252.7699
1034,430.6858,4801.181,1,37,False,947.5088
1035,686.8804,45388.26,1,37,False,1511.1368
1036,827.96027,122943.31,1,25,False,1821.5126
1037,717.63855,50261.098,1,37,False,1578.8048
1038,823.09296,88616.16,1,33,False,1810.8046
1039,1589.3466,105911.16,1,44,False,3496.5625
1040,1442.2506,37640.215,1,55,False,3172.9514
1041,568.7462,33000.035,1,34,False,1251.2417
1042,1214.4307,56530.242,1,47,False,2671.7476
1043,902.9488,57641.69,1,41,False,1986.4874
1044,636.1749,52210.543,1,32,False,1399.5848
1045,589.42114,53954.883,1,25,False,1296.7266
1046,488.36273,27472.516,1,19,False,1074.3981
1047,711.4871,91126.85,1,24,False,1565.2717
1048,1233.006,80754.086,1,43,False,2712.6133
1049,457.3471,17170.904,1,20,False,1006.16364
1050,522.63324,36623.613,1,22,False,1149.7932
1051,657.8719,53865.324,1,33,False,1447.3182
1052,566.7618,32608.488,1,34,False,1246.876
1053,853.337,83256.03,1,35,False,1877.3414
1054,887.4812,47395.01,1,43,False,1952.4587
1055,735.32983,57241.605,1,36,False,1617.7257
1056,920.1249,36286.855,1,47,False,2024.2748
1057,447.52234,10149.738,1,32,False,984.5492
1058,570.1053,9696.3,1,50,False,1254.2317
1059,836.3864,80134.836,1,35,False,1840.0502
1060,1869.8445,61902.01,1,53,False,4113.6577
1061,669.4878,71019.375,1,28,False,1472.8732
1062,619.47235,55678.902,1,29,False,1362.8392
1063,723.57825,59363.344,1,35,False,1591.8722
1064,1348.869,108553.34,1,41,False,2967.512
1065,2096.9502,71358.65,1,53,False,4613.2905
1066,759.629,114979.11,1,19,False,1671.1838
1067,584.1958,57351.125,1,20,False,1285.2308
1068,1067.077,39319.383,1,49,False,2347.5696
1069,1677.0594,58404.055,1,52,False,3689.5308
1070,796.648,25612.504,1,48,False,1752.6256
1071,673.0951,36897.562,1,39,False,1480.8092
1072,1659.9841,57632.12,1,52,False,3651.965
1073,644.8793,57024.31,1,31,False,1418.7344
1074,1577.6183,45919.41,1,54,False,3470.7603
1075,455.96738,16468.924,1,21,False,1003.12823
1076,1016.56195,83191.95,1,39,False,2236.4363
1077,721.29126,97456.46,1,22,False,1586.8408
1078,3338.4346,186228.69,1,48,False,7344.556
1079,619.7343,71196.51,1,18,False,1363.4155
1080,959.8779,50058.508,1,44,False,2111.7314
1081,715.8119,22233.482,1,47,False,1574.7861
1082,961.4537,164949.16,1,24,False,2115.1982
1083,592.1857,60964.355,1,19,False,1302.8086
1084,909.2868,58365.3,1,41,False,2000.431
1085,1531.6196,40803.914,1,55,False,3369.5632
1086,737.6572,38770.023,1,41,False,1622.846
1087,2828.5508,86715.83,1,55,False,6222.812
1088,607.667,22084.379,1,42,False,1336.8674
1089,1183.2716,183528.23,1,31,False,2603.1975
1090,3795.4082,154168.19,1,52,False,8349.898
1091,1362.5936,37666.6,1,54,False,2997.706
1092,939.284,25051.441,1,52,False,2066.4248
1093,517.097,9972.769,1,45,False,1137.6134
1094,659.68933,18373.178,1,47,False,1451.3165
1095,2717.0996,89653.5,1,54,False,5977.619
1096,625.35486,64347.4,1,25,False,1375.7808
1097,1048.0962,74213.484,1,41,False,2305.8118
1098,524.4404,11422.205,1,44,False,1153.7689
1099,557.2279,36429.195,1,31,False,1225.9014
1100,1273.22,149282.61,1,36,False,2801.084
1101,1329.7167,46302.74,1,51,False,2925.3767
1102,599.3489,18068.809,1,44,False,1318.5675
1103,1318.0425,45729.387,1,51,False,2899.6936
1104,485.30548,26983.055,1,18,False,1067.6721
1105,656.96063,65298.316,1,29,False,1445.3135
1106,747.45593,50828.605,1,38,False,1644.4031
1107,1613.3511,77220.14,1,48,False,3549.3726
1108,592.0473,18872.09,1,43,False,1302.5042
1109,900.2483,34919.652,1,47,False,1980.5463
1110,1155.4849,119626.03,1,37,False,2542.0667
1111,454.71466,16921.736,1,18,False,1000.37225
1112,808.25916,22410.586,1,50,False,1778.1702
1113,2035.5303,58642.566,1,55,False,4478.1665
1114,2155.5476,62891.24,1,55,False,4742.205
1115,809.58856,33816.31,1,45,False,1781.0948
1116,652.9689,40015.895,1,37,False,1436.5315
1117,1334.4282,76600.49,1,45,False,2935.7422
1118,2752.723,98665.07,1,53,False,6055.9907
1119,557.0481,21256.137,1,39,False,1225.5059
1120,1641.9512,66918.71,1,50,False,3612.2927
1121,1642.8715,167609.33,1,39,False,3614.3174
1122,1055.1266,45572.723,1,47,False,2321.2786
1123,471.86142,21076.354,1,22,False,1038.0951
1124,739.73145,20310.732,1,49,False,1627.4092
1125,1439.1224,43966.723,1,53,False,3166.0693
1126,848.7623,114514.43,1,29,False,1867.2772
1127,683.63654,48396.055,1,36,False,1504.0004
1128,1478.1194,58172.258,1,50,False,3251.8628
1129,480.77237,22532.297,1,25,False,1057.6992
1130,755.60986,109784.26,1,21,False,1662.3417
1131,707.7541,19995.277,1,48,False,1557.0591
1132,595.9739,33395.656,1,36,False,1311.1426
1133,2215.8435,82760.83,1,52,False,4874.856
1134,457.97144,9781.353,1,36,False,1007.5372
1135,597.50903,57465.91,1,24,False,1314.5199
1136,474.14316,21775.035,1,22,False,1043.115
1137,1810.2162,50666.38,1,55,False,3982.4756
1138,941.06366,37727.094,1,47,False,2070.34
1139,1452.8906,269533.0,1,29,False,3196.3594
1140,586.52344,36507.805,1,34,False,1290.3516
1141,4478.626,218359.78,1,50,False,9852.978
1142,1098.4691,79964.664,1,41,False,2416.632
1143,745.3957,26333.867,1,46,False,1639.8706
1144,1129.9467,65148.66,1,44,False,2485.8828
1145,875.54443,39192.883,1,45,False,1926.1978
1146,1962.4156,60688.184,1,54,False,4317.3145
1147,490.75702,28244.824,1,19,False,1079.6654
1148,3202.6187,193284.88,1,47,False,7045.761
1149,774.14996,104830.16,1,26,False,1703.13
1150,632.0354,51287.562,1,32,False,1390.4779
1151,3056.6406,199400.39,1,46,False,6724.6094
1152,576.31244,53061.223,1,22,False,1267.8875
1153,1054.6074,120316.164,1,35,False,2320.1365
1154,581.1258,51555.734,1,25,False,1278.4768
1155,693.8064,68520.51,1,31,False,1526.3741
1156,558.6763,46846.297,1,23,False,1229.0878
1157,1578.7806,53961.137,1,52,False,3473.3174
1158,1652.825,57308.473,1,52,False,3636.215
1159,495.51392,29260.473,1,20,False,1090.1306
1160,965.4068,36276.426,1,48,False,2123.895
1161,538.07764,42039.895,1,21,False,1183.7709
1162,1946.7487,60086.9,1,54,False,4282.847
1163,562.3695,48791.68,1,22,False,1237.2129
1164,1517.425,127797.766,1,41,False,3338.3352
1165,761.2275,98466.625,1,27,False,1674.7004
1166,964.3944,42732.55,1,46,False,2121.6677
1167,1044.9427,151025.72,1,31,False,2298.874
1168,1929.7592,223729.89,1,38,False,4245.47
1169,534.27924,9747.023,1,47,False,1175.4143
1170,729.96436,105409.74,1,19,False,1605.9216
1171,493.8113,28721.203,1,20,False,1086.3849
1172,805.99414,94880.805,1,31,False,1773.1871
1173,2522.0518,134641.19,1,48,False,5548.514
1174,481.3997,24789.717,1,20,False,1059.0793
1175,438.4171,11360.715,1,19,False,964.5177
1176,970.8965,97550.51,1,36,False,2135.9724
1177,1617.6945,55720.324,1,52,False,3558.928
1178,455.79572,13161.186,1,30,False,1002.7506
1179,1597.4155,378295.12,1,20,False,3514.3142
1180,1931.8922,82397.78,1,50,False,4250.163
1181,939.8511,85464.664,1,37,False,2067.6724
1182,2751.0078,149108.94,1,48,False,6052.2173
1183,749.79034,31417.46,1,44,False,1649.5388
1184,1827.2435,55500.184,1,54,False,4019.9358
1185,466.06366,17401.658,1,27,False,1025.3401
1186,594.4365,30743.059,1,37,False,1307.7604
1187,610.23114,68070.984,1,18,False,1342.5085
1188,655.54706,13194.437,1,51,False,1442.2036
1189,519.60803,30053.867,1,29,False,1143.1377
1190,478.2742,23799.768,1,20,False,1052.2032
1191,653.2583,56019.33,1,32,False,1437.1683
1192,941.3562,79184.77,1,38,False,2070.9836
1193,693.80145,90535.79,1,21,False,1526.3633
1194,1224.1504,111171.75,1,39,False,2693.1309
1195,3700.1597,149862.23,1,52,False,8140.3516
1196,1789.5623,81273.445,1,49,False,3937.037
1197,1284.4324,226306.83,1,29,False,2825.7512
1198,1337.3868,55016.055,1,49,False,2942.2512
1199,749.5187,43526.332,1,40,False,1648.9412
1200,1109.9675,81277.48,1,41,False,2441.9287
1201,1476.8398,42051.457,1,54,False,3249.0476
1202,2676.3025,220098.42,1,43,False,5887.8657
1203,2703.1023,123570.24,1,50,False,5946.825
1204,700.61884,91126.21,1,22,False,1541.3615
1205,584.41724,55543.055,1,22,False,1285.7179
1206,548.9126,36090.918,1,30,False,1207.6078
1207,2171.1743,87626.46,1,51,False,4776.5835
1208,511.39856,20294.4,1,35,False,1125.0769
1209,941.8256,170632.8,1,20,False,2072.0164
1210,586.7943,43376.32,1,31,False,1290.9475
1211,1583.9575,63822.664,1,50,False,3484.7065
1212,963.2506,24151.395,1,53,False,2119.1514
1213,885.3913,89158.17,1,35,False,1947.8608
1214,988.8971,34779.555,1,49,False,2175.5737
1215,1197.7454,84049.51,1,42,False,2635.0398
1216,719.7457,91646.41,1,25,False,1583.4407
1217,514.5223,29782.39,1,28,False,1131.9491
1218,493.2838,20352.418,1,32,False,1085.2244
1219,1042.566,170296.83,1,28,False,2293.6453
1220,1589.9966,42870.492,1,55,False,3497.9927
1221,1338.521,59853.63,1,48,False,2944.7463
1222,992.91943,73728.88,1,40,False,2184.4229
1223,602.40063,18339.605,1,44,False,1325.2814
1224,1537.0123,72396.35,1,48,False,3381.4272
1225,912.7966,54126.52,1,42,False,2008.1525
1226,497.4705,29880.271,1,20,False,1094.435
1227,465.7167,19822.035,1,20,False,1024.5768
1228,1001.67316,81185.08,1,39,False,2203.681
1229,1313.7407,123247.266,1,39,False,2890.2297
1230,602.29834,57679.13,1,25,False,1325.0564
1231,487.37164,15870.32,1,35,False,1072.2177
1232,483.24454,21459.271,1,28,False,1063.1381
1233,522.74585,35386.273,1,24,False,1150.0409
1234,1422.4211,174813.34,1,36,False,3129.3267
1235,757.5664,41043.09,1,41,False,1666.6461
1236,565.1796,34369.44,1,33,False,1243.3953
1237,634.01373,13108.163,1,50,False,1394.8302
1238,678.9268,29567.482,1,42,False,1493.639
1239,711.0767,18646.79,1,49,False,1564.3688
1240,718.36914,22409.37,1,47,False,1580.4121
1241,1192.7037,55035.78,1,47,False,2623.9482
1242,574.2334,36273.652,1,33,False,1263.3135
1243,1388.3956,194730.89,1,34,False,3054.4705
1244,1278.0916,118442.27,1,39,False,2811.8015
1245,646.3131,30720.06,1,40,False,1421.8889
1246,484.23315,24012.361,1,24,False,1065.313
1247,1167.4233,151129.42,1,34,False,2568.3313
1248,2709.3333,188680.86,1,45,False,5960.533
1249,429.989,8641.917,1,19,False,945.9758
1250,612.3675,53855.746,1,29,False,1347.2085
1251,939.5886,40875.07,1,46,False,2067.095
1252,2401.551,84042.2,1,53,False,5283.4126
1253,4134.773,236549.5,1,48,False,9096.501
1254,573.54156,33946.215,1,34,False,1261.7915
1255,433.0098,9616.345,1,19,False,952.6216
1256,1291.2161,79458.05,1,44,False,2840.6753
1257,865.46576,152017.3,1,18,False,1904.0247
1258,531.09,39213.27,1,22,False,1168.3981
1259,668.2434,28445.586,1,42,False,1470.1355
1260,539.8237,35241.188,1,29,False,1187.6122
1261,709.19556,98710.1,1,19,False,1560.2302
1262,518.50543,34759.547,1,23,False,1140.712
1263,1192.6368,65041.87,1,45,False,2623.801
1264,1346.1072,51124.58,1,50,False,2961.4358
1265,884.1553,47073.93,1,43,False,1945.1416
1266,912.88635,87624.17,1,36,False,2008.35
1267,600.06256,34095.285,1,36,False,1320.1377
1268,581.0605,35429.816,1,34,False,1278.3331
1269,706.98804,94642.375,1,21,False,1555.3737
1270,928.4593,22702.674,1,53,False,2042.6105
1271,481.19788,24725.791,1,20,False,1058.6354
1272,585.5294,18242.82,1,43,False,1288.1648
1273,2235.676,98615.82,1,50,False,4918.4873
1274,1181.4832,45962.848,1,49,False,2599.263
1275,464.71585,17481.285,1,26,False,1022.3749
1276,1831.7983,98995.05,1,47,False,4029.9565
1277,1094.3029,32059.363,1,52,False,2407.4663
1278,584.048,24895.338,1,39,False,1284.9055
1279,964.6907,42754.742,1,46,False,2122.3196
1280,967.1695,163204.16,1,25,False,2127.773
1281,880.548,36454.074,1,46,False,1937.2056
1282,1451.7415,79225.17,1,46,False,3193.8313
1283,700.27356,89450.65,1,23,False,1540.6018
1284,705.5583,71281.84,1,31,False,1552.2283
1285,2239.6602,138224.66,1,46,False,4927.2524
1286,610.0376,28398.326,1,39,False,1342.0828
1287,487.05573,21700.93,1,29,False,1071.5226
1288,570.9033,21362.77,1,40,False,1255.9873
1289,576.07306,44542.7,1,29,False,1267.3607
1290,490.68274,23438.635,1,28,False,1079.5021
1291,669.2762,56264.047,1,33,False,1472.4076
1292,947.3629,53176.348,1,43,False,2084.1985
1293,759.69867,112942.82,1,20,False,1671.3372
1294,1781.2399,63113.74,1,52,False,3918.7278
1295,712.0058,35841.324,1,41,False,1566.4128
1296,2051.2717,69456.62,1,53,False,4512.798
1297,506.0382,21930.268,1,33,False,1113.284
1298,570.5511,48497.414,1,25,False,1255.2124
1299,919.00134,64556.707,1,40,False,2021.803
1300,575.09106,55449.742,1,19,False,1265.2003
1301,1061.0155,69691.27,1,42,False,2334.2341
1302,826.80457,29867.955,1,47,False,1818.9701
1303,1498.7765,125668.58,1,41,False,3297.3083
1304,1274.6877,214810.9,1,30,False,2804.313
1305,578.9736,13872.134,1,46,False,1273.742
1306,479.13022,18907.234,1,30,False,1054.0865
1307,1529.9434,51753.363,1,52,False,3365.8755
1308,555.63464,40722.56,1,28,False,1222.3962
1309,3191.1274,227956.06,1,45,False,7020.4805
1310,1814.8401,59611.617,1,53,False,3992.6482
1311,1441.5354,152331.52,1,38,False,3171.378
1312,471.354,9705.803,1,39,False,1036.9789
1313,705.9105,95905.05,1,20,False,1553.0032
1314,498.4401,28208.111,1,24,False,1096.5682
1315,511.01462,27848.773,1,29,False,1124.2322
1316,659.12,40990.348,1,37,False,1450.064
1317,452.787,15996.278,1,19,False,996.1314
1318,1617.0192,71254.03,1,49,False,3557.4421
1319,1781.9327,58241.316,1,53,False,3920.2522
1320,591.3662,61866.375,1,18,False,1301.0057
1321,2824.681,101661.414,1,53,False,6214.2983
1322,3534.963,167980.62,1,50,False,7776.9185
1323,619.24084,37376.95,1,36,False,1362.3298
1324,1457.535,73251.85,1,47,False,3206.5771
1325,659.0294,63206.906,1,30,False,1449.8647
1326,827.3016,67634.26,1,37,False,1820.0635
1327,611.38324,68449.836,1,18,False,1345.0432
1328,1052.5298,178470.92,1,27,False,2315.5657
1329,1283.0798,34614.805,1,54,False,2822.7756
1330,453.8733,14752.82,1,25,False,998.52124
1331,568.0012,28609.076,1,36,False,1249.6027
1332,1345.7301,91637.13,1,43,False,2960.6062
1333,1267.2267,50941.94,1,49,False,2787.8987
1334,617.4953,34396.113,1,37,False,1358.4897
1335,975.94415,21132.775,1,55,False,2147.0771
1336,685.533,59683.28,1,33,False,1508.1727
1337,855.92554,83732.57,1,35,False,1883.0363
1338,651.362,63861.754,1,29,False,1432.9965
1339,575.94714,40827.617,1,31,False,1267.0837
1340,630.6704,56223.566,1,30,False,1387.475
1341,620.581,55963.37,1,29,False,1365.2782
1342,1780.794,58193.902,1,53,False,3917.7468
1343,567.883,19386.541,1,41,False,1249.3427
1344,1789.3499,58550.176,1,53,False,3936.5698
1345,705.9265,35147.23,1,41,False,1553.0383
1346,2927.9358,114952.375,1,52,False,6441.459
1347,846.8977,55609.715,1,40,False,1863.175
1348,1407.0156,97554.03,1,43,False,3095.4343
1349,535.9147,39275.383,1,24,False,1179.0123
1350,724.5259,40425.145,1,40,False,1593.9569
1351,1143.1576,165244.14,1,32,False,2514.9468
1352,2228.151,70887.29,1,54,False,4901.932
1353,554.4999,28230.738,1,35,False,1219.8998
1354,757.18195,102473.33,1,25,False,1665.8003
1355,795.0952,32634.8,1,45,False,1749.2095
1356,1510.3748,59894.31,1,50,False,3322.8245
1357,4812.0317,217318.22,1,51,False,10586.47
1358,508.68738,15910.783,1,38,False,1119.1123
1359,537.8636,43440.73,1,19,False,1183.2999
1360,731.32007,69313.55,1,33,False,1608.9042
1361,1275.2041,92183.55,1,42,False,2805.449
1362,708.9522,18523.42,1,49,False,1559.695
1363,526.2623,14634.632,1,41,False,1157.7771
1364,1363.0454,119656.18,1,40,False,2998.7
1365,508.19162,28097.795,1,28,False,1118.0216
1366,585.69385,27172.271,1,38,False,1288.5265
1367,1031.9364,172815.19,1,27,False,2270.2603
1368,791.57776,52867.293,1,39,False,1741.4711
1369,573.73535,53144.445,1,21,False,1262.2178
1370,560.36633,43301.336,1,27,False,1232.8059
1371,496.6836,18780.844,1,34,False,1092.704
1372,669.32416,85848.195,1,19,False,1472.5132
1373,874.304,69378.945,1,38,False,1923.4689
1374,942.2943,57224.152,1,42,False,2073.0476
1375,606.3323,45557.01,1,32,False,1333.931
1376,528.07294,39573.8,1,20,False,1161.7605
1377,792.4973,103752.65,1,28,False,1743.4941
1378,859.1107,44655.996,1,43,False,1890.0436
1379,558.1583,47502.113,1,22,False,1227.9484
1380,1256.712,76396.55,1,44,False,2764.7666
1381,617.7099,59050.426,1,27,False,1358.9618
1382,1779.4507,186018.08,1,39,False,3914.7915
1383,513.71405,12218.236,1,42,False,1130.1709
1384,610.5904,63557.75,1,22,False,1343.299
1385,627.879,28432.656,1,40,False,1381.3339
1386,640.312,23531.826,1,43,False,1408.6864
1387,508.72977,34687.23,1,18,False,1119.2056
1388,855.5994,52235.72,1,41,False,1882.3187
1389,576.88074,54124.03,1,21,False,1269.1377
1390,592.0683,14852.646,1,46,False,1302.5503
1391,639.96686,32432.336,1,39,False,1407.9271
1392,1302.889,62614.71,1,47,False,2866.356
1393,513.1916,24790.95,1,32,False,1129.0215
1394,473.72888,20495.307,1,25,False,1042.2036
1395,443.1842,8224.497,1,34,False,975.00525
1396,492.69647,29413.926,1,18,False,1083.9323
1397,496.537,19931.863,1,33,False,1092.3813
1398,485.56317,22757.09,1,27,False,1068.239
1399,635.903,40228.14,1,36,False,1398.9867
1400,515.3702,30943.406,1,27,False,1133.8145
1401,468.35083,19668.781,1,23,False,1030.3718
1402,467.6112,9201.346,1,39,False,1028.7446
1403,772.9566,63680.098,1,36,False,1700.5045
1404,811.55524,91312.234,1,32,False,1785.4215
1405,574.8442,36402.12,1,33,False,1264.6572
1406,1279.3135,40423.14,1,52,False,2814.4897
1407,615.4634,50112.547,1,31,False,1354.0194
1408,2754.8926,176805.44,1,46,False,6060.7637
1409,454.6453,14265.682,1,27,False,1000.21967
1410,533.3776,35889.016,1,27,False,1173.4308
1411,446.46213,12609.426,1,25,False,982.2167
1412,1639.9451,66811.67,1,50,False,3607.8792
1413,1542.2223,44560.88,1,54,False,3392.8892
1414,1402.8282,58816.164,1,49,False,3086.2222
1415,757.1198,56515.848,1,37,False,1665.6636
1416,2457.4001,110452.945,1,50,False,5406.2803
1417,658.56714,76901.805,1,23,False,1448.8478
1418,738.83405,97166.83,1,25,False,1625.4349
1419,534.94934,21318.926,1,37,False,1176.8885
1420,929.75977,129873.34,1,30,False,2045.4716
1421,835.2859,28054.045,1,48,False,1837.629
1422,500.60815,29374.512,1,23,False,1101.338
1423,899.1787,62096.96,1,40,False,1978.1932
1424,607.5019,63660.074,1,21,False,1336.5042
1425,473.47763,21211.375,1,23,False,1041.6508
1426,572.1178,43527.79,1,29,False,1258.6592
1427,903.2691,164450.77,1,18,False,1987.192
1428,569.78986,15446.057,1,44,False,1253.5377
1429,938.7761,164054.45,1,22,False,2065.3076
1430,528.5597,41209.312,1,18,False,1162.8313
1431,522.6431,7704.6123,1,49,False,1149.815
1432,514.4533,16754.01,1,38,False,1131.7974
1433,511.75464,23132.557,1,33,False,1125.8602
1434,500.5488,30352.521,1,21,False,1101.2074
1435,714.316,45982.11,1,38,False,1571.4952
1436,456.13412,5750.2246,1,43,False,1003.4951
1437,830.09875,58059.395,1,39,False,1826.2173
1438,474.4295,21497.8,1,23,False,1043.7449
1439,1360.3744,152085.22,1,37,False,2992.8237
1440,582.66846,40281.07,1,32,False,1281.8706
1441,1329.1647,106303.69,1,41,False,2924.1624
1442,793.38116,121547.14,1,21,False,1745.4386
1443,908.39984,118942.67,1,31,False,1998.4797
1444,937.27527,31781.922,1,49,False,2062.0056
1445,1138.7284,31458.3,1,53,False,2505.2026
1446,534.98865,41764.402,1,20,False,1176.9751
1447,1415.1465,83180.5,1,45,False,3113.3223
1448,515.44617,33230.457,1,24,False,1133.9816
1449,563.7952,45450.008,1,26,False,1240.3495
1450,1297.3505,62233.79,1,47,False,2854.1711
1451,510.73193,24242.553,1,32,False,1123.6102
1452,518.3043,23047.018,1,34,False,1140.2695
1453,568.1532,44053.812,1,28,False,1249.937
1454,1468.5449,48977.746,1,52,False,3230.7988
1455,846.9593,70748.5,1,37,False,1863.3104
1456,1444.6655,85586.91,1,45,False,3178.2642
1457,881.6774,20754.701,1,53,False,1939.6904
1458,715.06635,26110.957,1,45,False,1573.146
1459,935.5594,22998.32,1,53,False,2058.2307
1460,3055.3445,154776.31,1,49,False,6721.758
1461,1311.6069,45413.367,1,51,False,2885.5354
1462,642.5818,50649.35,1,33,False,1413.6799
1463,985.87537,52365.215,1,44,False,2168.9258
1464,961.1935,28204.654,1,51,False,2114.6257
1465,1112.0608,174764.38,1,30,False,2446.5337
1466,778.44763,69466.48,1,35,False,1712.5848
1467,681.465,51608.965,1,35,False,1499.2231
1468,468.33716,20652.117,1,20,False,1030.3418
1469,467.48654,19736.645,1,22,False,1028.4705
1470,960.3271,39052.113,1,47,False,2112.7197
1471,499.63412,28560.64,1,24,False,1099.1951
1472,525.2072,21286.383,1,36,False,1155.4559
1473,617.9779,37160.88,1,36,False,1359.5514
1474,538.11304,42050.89,1,21,False,1183.8488
1475,613.06726,56005.582,1,28,False,1348.748
1476,570.8292,33411.074,1,34,False,1255.8243
1477,531.3074,22330.254,1,36,False,1168.8762
1478,525.8666,22958.455,1,35,False,1156.9065
1479,916.7001,131947.11,1,29,False,2016.7402
1480,732.5394,18368.125,1,50,False,1611.5868
1481,1089.0723,66857.86,1,43,False,2395.959
1482,646.3774,75766.79,1,21,False,1422.0303
1483,736.00446,45376.875,1,39,False,1619.2098
1484,1086.5422,205672.73,1,23,False,2390.393
1485,837.32153,74693.88,1,36,False,1842.1074
1486,3073.9482,218403.75,1,45,False,6762.6865
1487,944.8127,29700.734,1,50,False,2078.588
1488,605.7838,30110.281,1,38,False,1332.7244
1489,965.07874,76252.695,1,39,False,2123.1733
1490,677.2581,40562.766,1,38,False,1489.9679
1491,2391.3599,192588.42,1,43,False,5260.9917
1492,2235.4177,65718.69,1,55,False,4917.919
1493,469.18015,21679.424,1,18,False,1032.1963
1494,705.85657,12460.578,1,54,False,1552.8845
1495,1424.0538,46966.387,1,52,False,3132.9185
1496,560.5781,46559.195,1,24,False,1233.2719
1497,1062.2299,64266.324,1,43,False,2336.9058
1498,2855.5022,131706.44,1,50,False,6282.105
1499,1436.4042,118547.49,1,41,False,3160.0894
1500,615.05334,31465.83,1,38,False,1353.1174
1501,541.8713,17760.332,1,40,False,1192.1168
1502,475.08435,18629.123,1,29,False,1045.1855
1503,490.68805,27731.852,1,20,False,1079.5137
1504,699.2337,37286.74,1,40,False,1538.3142
1505,611.44806,63820.39,1,22,False,1345.1858
1506,496.11285,26344.22,1,26,False,1091.4482
1507,1302.2847,62573.168,1,47,False,2865.0264
1508,662.8004,66796.8,1,29,False,1458.1609
1509,596.75336,56075.45,1,25,False,1312.8574
1510,466.03415,20269.648,1,19,False,1025.2751
1511,2129.0637,72695.86,1,53,False,4683.9404
1512,1206.818,264287.8,1,18,False,2654.9998
1513,609.0353,60870.0,1,24,False,1339.8777
1514,512.01276,4709.411,1,55,False,1126.4281
1515,1007.1739,134926.03,1,32,False,2215.7827
1516,496.09692,28497.74,1,22,False,1091.4132
1517,4845.7974,306308.62,1,47,False,10660.755
1518,616.35144,54878.066,1,29,False,1355.9731
1519,442.76373,12991.073,1,18,False,974.08026
1520,433.4003,9585.629,1,20,False,953.48065
1521,1098.2694,171368.39,1,30,False,2416.1929
1522,2853.1023,121115.79,1,51,False,6276.825
1523,1812.5815,296734.6,1,33,False,3987.6794
1524,556.6216,50438.895,1,18,False,1224.5675
1525,1212.9335,47789.17,1,49,False,2668.4536
1526,1199.4528,36812.887,1,52,False,2638.7961
1527,858.63586,29529.531,1,48,False,1888.9989
1528,807.3872,36528.01,1,44,False,1776.252
1529,643.9801,59501.03,1,30,False,1416.7562
1530,573.9493,25454.75,1,38,False,1262.6885
1531,449.3802,13152.232,1,26,False,988.6364
1532,938.465,56822.043,1,42,False,2064.623
1533,482.07858,25004.768,1,20,False,1060.5729
1534,433.02747,3745.192,1,42,False,952.66046
1535,750.9274,77794.984,1,32,False,1652.0404
1536,505.93262,20605.865,1,34,False,1113.0518
1537,671.1623,84898.34,1,20,False,1476.5571
1538,1505.9954,83287.75,1,46,False,3313.19
1539,601.1878,62733.465,1,20,False,1322.6132
1540,1677.0602,368513.47,1,25,False,3689.5325
1541,539.39185,44771.938,1,18,False,1186.6621
1542,1502.8608,39785.85,1,55,False,3306.294
1543,2458.119,86397.69,1,53,False,5407.862
1544,629.17993,47830.58,1,33,False,1384.1959
1545,940.658,126522.2,1,31,False,2069.4478
1546,464.27887,18119.31,1,24,False,1021.4135
1547,462.9976,18362.002,1,22,False,1018.5947
1548,840.44354,92265.53,1,33,False,1848.9758
1549,935.22345,19691.248,1,55,False,2057.4917
1550,748.5951,81394.02,1,31,False,1646.9092
1551,622.5618,67223.664,1,22,False,1369.6361
1552,493.70227,28686.664,1,20,False,1086.145
1553,640.3896,67071.49,1,26,False,1408.8572
1554,537.5058,18622.1,1,39,False,1182.5128
1555,629.2956,22468.246,1,43,False,1384.4503
1556,946.04175,41358.285,1,46,False,2081.292
1557,1104.9707,53258.918,1,46,False,2430.9355
1558,875.8411,39217.074,1,45,False,1926.8505
1559,2081.2517,70704.96,1,53,False,4578.754
1560,618.5218,68223.984,1,20,False,1360.7479
1561,3316.6863,169952.06,1,49,False,7296.71
1562,590.49396,46330.234,1,30,False,1299.0868
1563,909.18225,130018.11,1,29,False,2000.201
1564,826.47205,104439.02,1,30,False,1818.2385
1565,3641.8022,313313.66,1,43,False,8011.9653
1566,630.3738,45160.22,1,34,False,1386.8224
1567,582.5355,35720.902,1,34,False,1281.5781
1568,1051.9584,136753.28,1,33,False,2314.3086
1569,633.37646,68058.59,1,24,False,1393.4282
1570,3225.424,139400.4,1,51,False,7095.933
1571,1483.0742,88717.93,1,45,False,3262.7634
1572,441.6333,9268.424,1,31,False,971.59326
1573,1374.8481,67564.34,1,47,False,3024.666
1574,2052.2312,64135.35,1,54,False,4514.9087
1575,578.72485,55618.09,1,20,False,1273.1947
1576,545.14166,44980.477,1,20,False,1199.3116
1577,503.13544,13989.516,1,39,False,1106.898
1578,1737.4797,100621.36,1,46,False,3822.4556
1579,619.596,67426.48,1,21,False,1363.1112
1580,2301.965,120733.83,1,48,False,5064.323
1581,457.4677,14599.957,1,28,False,1006.429
1582,643.9735,75018.19,1,21,False,1416.7417
1583,947.16003,41442.027,1,46,False,2083.7522
1584,589.41595,56095.38,1,23,False,1296.7151
1585,764.4152,41825.043,1,41,False,1681.7135
1586,730.9134,77239.375,1,31,False,1608.0095
1587,1030.6864,43891.668,1,47,False,2267.5103
1588,659.1472,21552.484,1,45,False,1450.1239
1589,1777.1957,53579.33,1,54,False,3909.8306
1590,531.3492,42126.77,1,18,False,1168.9683
1591,807.7538,46773.094,1,41,False,1777.0583
1592,415.78,3903.1106,1,22,False,914.716
1593,990.1884,86326.09,1,38,False,2178.4146
1594,534.5511,38872.695,1,24,False,1176.0125
1595,468.75455,17004.877,1,29,False,1031.26
1596,1574.4874,104592.7,1,44,False,3463.8723
1597,1189.5518,83189.04,1,42,False,2617.014
1598,547.2111,38481.086,1,28,False,1203.8645
1599,681.7621,19891.4,1,47,False,1499.8766
1600,607.0255,57653.305,1,26,False,1335.4562
1601,664.0983,55174.887,1,33,False,1461.0164
1602,1576.1583,104740.98,1,44,False,3467.5483
1603,511.88092,35059.08,1,19,False,1126.1381
1604,3262.0217,130055.43,1,52,False,7176.4478
1605,509.01648,32453.898,1,22,False,1119.8363
1606,761.9898,17036.49,1,52,False,1676.3776
1607,481.24673,20210.389,1,29,False,1058.7428
1608,1525.5327,47564.836,1,53,False,3356.172
1609,627.35565,47446.91,1,33,False,1380.1825
1610,2074.6304,64995.1,1,54,False,4564.187
1611,554.9272,46512.625,1,22,False,1220.8398
1612,1528.4313,109276.11,1,43,False,3362.5488
1613,560.6096,40574.82,1,29,False,1233.3412
1614,501.44653,10124.943,1,43,False,1103.1824
1615,866.6445,45383.367,1,43,False,1906.6179
1616,500.56915,10040.23,1,43,False,1101.2522
1617,602.56995,62124.21,1,21,False,1325.6539
1618,826.8402,116486.734,1,27,False,1819.0485
1619,651.71686,22715.406,1,44,False,1433.7771
1620,1463.4381,155534.62,1,38,False,3219.564
1621,1412.9767,98129.5,1,43,False,3108.5488
1622,1114.0613,131263.55,1,35,False,2450.9348
1623,662.98376,58187.707,1,32,False,1458.5643
1624,925.91785,22596.857,1,53,False,2037.0193
1625,1286.5956,93379.83,1,42,False,2830.5103
1626,956.716,30336.217,1,50,False,2104.7751
1627,841.5401,54944.887,1,40,False,1851.3883
1628,975.91223,43594.99,1,46,False,2147.0068
1629,2180.0676,122950.234,1,47,False,4796.149
1630,856.01605,89683.305,1,34,False,1883.2354
1631,1602.621,46879.027,1,54,False,3525.766
1632,458.16953,10493.303,1,35,False,1007.97296
1633,661.5386,30079.414,1,41,False,1455.3849
1634,1106.5581,87829.8,1,40,False,2434.428
1635,607.32886,62559.07,1,22,False,1336.1235
1636,519.7947,15020.943,1,40,False,1143.5483
1637,452.33997,11784.117,1,31,False,995.14795
1638,639.7734,58465.12,1,30,False,1407.5015
1639,480.85486,21464.004,1,27,False,1057.8807
1640,656.9778,23182.225,1,44,False,1445.3512
1641,1637.5846,85636.3,1,47,False,3602.6863
1642,830.2407,130818.914,1,22,False,1826.5297
1643,602.81726,27425.176,1,39,False,1326.198
1644,1452.254,48241.266,1,52,False,3194.959
1645,1514.7687,47116.613,1,53,False,3332.4912
1646,1355.0057,43844.957,1,52,False,2981.0127
1647,1438.613,51650.598,1,51,False,3164.9487
1648,759.3869,91580.84,1,29,False,1670.6512
1649,698.6332,29162.496,1,43,False,1536.993
1650,459.99893,14758.231,1,29,False,1011.9977
1651,1106.3735,193258.94,1,27,False,2434.0217
1652,780.4916,119529.18,1,20,False,1717.0815
1653,718.57227,20678.877,1,48,False,1580.859
1654,1137.979,55730.56,1,46,False,2503.554
1655,2322.727,112233.86,1,49,False,5109.9995
1656,734.17316,91036.28,1,27,False,1615.181
1657,635.43335,72358.555,1,21,False,1397.9534
1658,887.4749,43634.21,1,44,False,1952.4448
1659,4118.0854,199111.73,1,50,False,9059.788
1660,749.4803,59662.883,1,36,False,1648.8567
1661,523.2854,33117.293,1,27,False,1151.2279
1662,829.3644,100372.03,1,31,False,1824.6017
1663,567.4305,53993.836,1,18,False,1248.347
1664,1529.0505,66145.79,1,49,False,3363.9111
1665,595.1299,58823.555,1,22,False,1309.2858
1666,629.47144,74399.07,1,18,False,1384.8372
1667,472.76062,22857.014,1,18,False,1040.0734
1668,452.57843,15660.441,1,20,False,995.67255
1669,2326.6477,157484.84,1,45,False,5118.625
1670,1849.3793,61049.844,1,53,False,4068.6345
1671,1033.3506,92638.13,1,38,False,2273.3713
1672,448.5764,12233.959,1,28,False,986.86804
1673,786.3362,117374.48,1,22,False,1729.9397
1674,1309.6145,32944.836,1,55,False,2881.1519
1675,879.87286,26233.795,1,50,False,1935.7203
1676,849.96295,47528.258,1,42,False,1869.9186
1677,476.508,22865.72,1,21,False,1048.3176
1678,692.6052,49930.78,1,36,False,1523.7316
1679,614.9299,44833.35,1,33,False,1352.8457
1680,2090.4448,116785.59,1,47,False,4598.9785
1681,1867.6847,167787.55,1,41,False,4108.9062
1682,1039.9352,163569.12,1,29,False,2287.8574
1683,442.90552,8169.527,1,34,False,974.39215
1684,539.0929,23662.453,1,36,False,1186.0044
1685,440.29266,8102.0215,1,33,False,968.64386
1686,778.72754,19243.805,1,51,False,1713.2007
1687,1042.9424,29737.486,1,52,False,2294.4734
1688,958.36066,69440.64,1,40,False,2108.3936
1689,1240.635,32985.773,1,54,False,2729.397
1690,507.7584,33729.3,1,19,False,1117.0685
1691,613.2511,57825.78,1,27,False,1349.1525
1692,446.05692,12737.817,1,24,False,981.32526
1693,708.3456,25563.064,1,45,False,1558.3604
1694,504.87912,33420.773,1,18,False,1110.7341
1695,1064.2982,42525.395,1,48,False,2341.456
1696,1660.2609,53174.887,1,53,False,3652.574
1697,1631.6151,166092.16,1,39,False,3589.5532
1698,2170.7544,103408.99,1,49,False,4775.6597
1699,654.66705,27019.938,1,42,False,1440.2676
1700,1282.5004,40567.195,1,52,False,2821.501
1701,828.66376,38415.91,1,44,False,1823.0603
1702,609.5582,33138.67,1,37,False,1341.0281
1703,602.7496,62180.14,1,21,False,1326.0491
1704,446.49515,11293.184,1,29,False,982.28937
1705,832.67096,101148.984,1,31,False,1831.8761
1706,2095.5823,193807.16,1,41,False,4610.2812
1707,539.3568,40291.906,1,24,False,1186.585
1708,632.62634,39667.47,1,36,False,1391.778
1709,758.24084,56693.434,1,37,False,1668.1299
1710,842.924,113016.27,1,29,False,1854.4329
1711,830.45,38574.367,1,44,False,1826.9901
1712,1585.27,105549.41,1,44,False,3487.5942
1713,1662.7198,73907.83,1,49,False,3657.9836
1714,8325.922,330733.25,1,53,False,18317.03
1715,1235.4412,38439.8,1,52,False,2717.9707
1716,439.24234,10290.516,1,26,False,966.3332
1717,493.6688,15889.71,1,36,False,1086.0714
1718,586.5022,50479.414,1,27,False,1290.3048
1719,3345.892,113787.05,1,54,False,7360.963
1720,944.16956,29666.418,1,50,False,2077.173
1721,1553.1405,41565.773,1,55,False,3416.9092
1722,2008.3324,86478.62,1,50,False,4418.3315
1723,821.17456,23100.1,1,50,False,1806.5841
1724,547.5506,30661.49,1,33,False,1204.6113
1725,501.065,19645.37,1,34,False,1102.343
1726,1210.4264,128330.055,1,37,False,2662.9382
1727,1217.7942,171633.48,1,33,False,2679.1472
1728,455.71167,14132.696,1,28,False,1002.5657
1729,576.39044,44624.125,1,29,False,1268.059
1730,1542.9044,154135.2,1,39,False,3394.39
1731,802.7877,68784.55,1,36,False,1766.133
1732,1261.9999,33805.773,1,54,False,2776.4
1733,515.7067,14513.704,1,40,False,1134.5548
1734,806.91034,125760.414,1,21,False,1775.2028
1735,662.4828,66715.36,1,29,False,1457.4622
1736,513.5164,15388.706,1,39,False,1129.7362
1737,2814.7932,129533.02,1,50,False,6192.5454
1738,447.01263,13897.378,1,20,False,983.4278
1739,1111.7683,41914.594,1,49,False,2445.8904
1740,752.46533,40460.703,1,41,False,1655.4237
1741,4422.0337,182495.97,1,52,False,9728.475
1742,526.6354,40576.38,1,18,False,1158.5979
1743,542.7597,40459.797,1,25,False,1194.0714
1744,499.0064,16803.049,1,36,False,1097.8141
1745,949.5802,29955.258,1,50,False,2089.0764
1746,592.2611,26002.342,1,39,False,1302.9745
1747,538.8877,27108.44,1,34,False,1185.553
1748,576.6179,50252.016,1,25,False,1268.5594
1749,428.6732,7132.6436,1,27,False,943.08105
1750,472.78888,14936.962,1,33,False,1040.1355
1751,555.0351,45750.74,1,23,False,1221.0773
1752,582.9483,55093.227,1,22,False,1282.4863
1753,1047.7971,41482.71,1,48,False,2305.1538
1754,1223.3594,48394.56,1,49,False,2691.3906
1755,875.0663,36043.613,1,46,False,1925.1459
1756,668.7363,49265.27,1,35,False,1471.22
1757,1950.4465,70763.04,1,52,False,4290.9824
1758,641.1943,70367.39,1,24,False,1410.6274
1759,519.3607,28813.854,1,30,False,1142.5936
1760,725.5001,103969.625,1,19,False,1596.1003
1761,709.0942,56696.355,1,35,False,1560.0072
1762,924.67645,133993.89,1,29,False,2034.2882
1763,1198.8282,157326.14,1,34,False,2637.422
1764,640.82135,15765.777,1,48,False,1409.807
1765,601.41296,25148.568,1,40,False,1323.1085
1766,791.6222,95857.375,1,30,False,1741.5688
1767,533.2827,13198.578,1,43,False,1173.222
1768,1064.9911,155736.36,1,31,False,2342.9805
1769,659.56024,37974.59,1,38,False,1451.0326
1770,1872.1033,79205.79,1,50,False,4118.6274
1771,544.4162,45554.547,1,19,False,1197.7157
1772,456.63477,16413.62,1,22,False,1004.5965
1773,826.28143,116333.23,1,27,False,1817.8192
1774,4696.997,451511.75,1,42,False,10333.394
1775,1117.6764,33115.996,1,52,False,2458.8882
1776,531.3829,38634.133,1,23,False,1169.0424
1777,486.36902,6005.9062,1,48,False,1070.0118
1778,3645.9385,147411.11,1,52,False,8021.065
1779,770.12164,103693.07,1,26,False,1694.2677
1780,525.99335,12494.842,1,43,False,1157.1854
1781,475.98013,9584.1875,1,40,False,1047.1564
1782,483.4676,10513.267,1,40,False,1063.6287
1783,826.08234,83776.984,1,34,False,1817.3812
1784,931.1047,90741.625,1,36,False,2048.4304
1785,643.9958,23887.514,1,43,False,1416.7908
1786,1476.3662,74547.09,1,47,False,3248.0056
1787,599.1779,56776.625,1,25,False,1318.1914
1788,1278.3148,37270.69,1,53,False,2812.2927
1789,991.2781,108655.3,1,35,False,2180.8118
1790,648.3788,19069.201,1,46,False,1426.4333
1791,1806.936,125217.766,1,44,False,3975.2593
1792,1002.6532,27916.16,1,52,False,2205.8372
1793,2550.3735,207940.58,1,43,False,5610.822
1794,484.15836,22371.285,1,27,False,1065.1484
1795,756.76776,37741.69,1,42,False,1664.8892
1796,593.4926,52399.273,1,27,False,1305.6838
1797,936.59906,52137.156,1,43,False,2060.518
1798,649.07526,74045.945,1,23,False,1427.9656
1799,554.6554,17876.322,1,41,False,1220.242
1800,1375.0604,48529.56,1,51,False,3025.133
1801,576.3072,55842.117,1,19,False,1267.8759
1802,504.8172,32780.453,1,19,False,1110.5979
1803,751.6003,69080.32,1,34,False,1653.5206
1804,707.45856,17029.158,1,50,False,1556.4088
1805,524.7075,38507.766,1,20,False,1154.3566
1806,990.58905,27370.771,1,52,False,2179.296
1807,539.5326,38601.004,1,26,False,1186.9717
1808,941.7119,159118.84,1,24,False,2071.7664
1809,1170.14,161610.25,1,33,False,2574.308
1810,846.70135,138152.23,1,21,False,1862.743
1811,542.6283,34543.42,1,30,False,1193.7822
1812,717.49396,103349.625,1,18,False,1578.4867
1813,1257.0063,54702.68,1,48,False,2765.414
1814,569.60187,51857.25,1,21,False,1253.1241
1815,1343.902,46999.355,1,51,False,2956.5845
1816,3360.29,204130.05,1,47,False,7392.638
1817,2560.41,149111.44,1,47,False,5632.902
1818,1129.9685,90734.73,1,40,False,2485.9307
1819,848.5007,43631.625,1,43,False,1866.7015
1820,1836.8082,51607.74,1,55,False,4040.9783
1821,644.4519,76437.72,1,20,False,1417.7942
1822,1057.6495,32941.586,1,51,False,2326.829
1823,800.6387,105919.1,1,28,False,1761.4052
1824,487.55145,23927.465,1,26,False,1072.6132
1825,1307.2887,68408.56,1,46,False,2876.0352
1826,428.01898,8006.4746,1,19,False,941.6418
1827,1097.1019,32185.89,1,52,False,2413.6243
1828,5324.7065,263529.34,1,50,False,11714.3545
1829,2057.8845,114545.97,1,47,False,4527.346
1830,1007.7908,170783.69,1,26,False,2217.1396
1831,512.77435,29317.273,1,28,False,1128.1036
1832,1687.9554,54328.082,1,53,False,3713.502
1833,2419.767,139437.55,1,47,False,5323.488
1834,1187.4812,82971.65,1,42,False,2612.4587
1835,640.2419,75104.14,1,20,False,1408.5322
1836,1660.0406,184285.94,1,38,False,3652.0896
1837,494.75833,21750.984,1,31,False,1088.4684
1838,924.0604,43147.848,1,45,False,2032.933
1839,446.3243,12289.614,1,26,False,981.9135
1840,883.25775,20820.502,1,53,False,1943.1671
1841,2997.143,118081.055,1,52,False,6593.715
1842,485.85474,24002.154,1,25,False,1068.8805
1843,768.067,90056.96,1,30,False,1689.7474
1844,1088.8488,188445.92,1,27,False,2395.4673
1845,1511.0868,43365.86,1,54,False,3324.391
1846,1061.8699,75786.016,1,41,False,2336.1138
1847,723.8098,90619.8,1,26,False,1592.3816
1848,471.22153,18818.246,1,27,False,1036.6874
1849,496.10385,30534.621,1,18,False,1091.4285
1850,594.28345,22400.74,1,41,False,1307.4236
1851,529.3189,32545.676,1,29,False,1164.5016
1852,735.8146,88669.11,1,28,False,1618.7921
1853,569.85614,31058.285,1,35,False,1253.6836
1854,599.7661,48613.457,1,30,False,1319.4855
1855,499.40018,21716.096,1,32,False,1098.6804
1856,3335.4402,133374.47,1,52,False,7337.9688
1857,524.08856,32328.041,1,28,False,1152.9949
1858,1467.6874,169086.0,1,37,False,3228.9124
1859,686.2908,52497.54,1,35,False,1509.8397
1860,743.99274,16222.893,1,52,False,1636.784
1861,545.4359,43606.297,1,22,False,1199.959
1862,493.1198,21366.014,1,31,False,1084.8636
1863,782.68964,80118.16,1,33,False,1721.9172
1864,1212.904,40566.1,1,51,False,2668.389
1865,1751.4916,56973.78,1,53,False,3853.2815
1866,528.9165,37208.62,1,24,False,1163.6163
1867,989.0887,32064.488,1,50,False,2175.995
1868,525.7967,22945.582,1,35,False,1156.7528
1869,1016.52795,97612.086,1,37,False,2236.3616
1870,1139.6245,43532.184,1,49,False,2507.174
1871,645.74713,38871.848,1,37,False,1420.6437
1872,535.4685,42668.113,1,19,False,1178.0308
1873,491.58237,29047.533,1,18,False,1081.4812
1874,526.1852,38975.836,1,20,False,1157.6074
1875,602.5017,58940.406,1,24,False,1325.5038
1876,766.4316,21861.201,1,49,False,1686.1495
1877,489.74188,24545.816,1,26,False,1077.4321
1878,2774.6577,150603.45,1,48,False,6104.247
1879,655.66876,37405.5,1,38,False,1442.4713
1880,679.77637,32161.637,1,41,False,1495.508
1881,547.5338,17063.229,1,41,False,1204.5745
1882,1194.5426,98747.41,1,40,False,2627.994
1883,637.83215,21483.44,1,44,False,1403.2307
1884,1110.6526,49392.02,1,47,False,2443.4358
1885,563.9784,12749.282,1,46,False,1240.7524
1886,728.70795,96212.69,1,24,False,1603.1575
1887,2597.4932,128189.29,1,49,False,5714.485
1888,992.4711,73673.21,1,40,False,2183.4365
1889,471.42456,14649.979,1,33,False,1037.134
1890,2929.6306,97810.58,1,54,False,6445.1875
1891,481.69046,25794.049,1,18,False,1059.719
1892,635.12744,19594.434,1,45,False,1397.2804
1893,545.86383,36791.035,1,29,False,1200.9005
1894,647.4924,36209.766,1,38,False,1424.4833
1895,544.2545,33380.906,1,31,False,1197.36
1896,1210.2803,138512.75,1,36,False,2662.6167
1897,1523.3326,250005.72,1,32,False,3351.3318
1898,465.44128,16721.809,1,28,False,1023.9708
1899,519.37244,28816.758,1,30,False,1142.6194
1900,850.43585,56048.742,1,40,False,1870.9589
1901,514.65674,36636.676,1,18,False,1132.2449
1902,953.38556,68823.27,1,40,False,2097.4482
1903,1388.1455,104043.73,1,42,False,3053.9202
1904,685.47986,91059.74,1,19,False,1508.0557
1905,2186.524,81435.38,1,52,False,4810.3525
1906,1137.242,188537.97,1,29,False,2501.9324
1907,488.9107,14025.333,1,37,False,1075.6035
1908,2237.0881,163385.11,1,44,False,4921.594
1909,914.9666,35932.05,1,47,False,2012.9266
1910,1218.7935,93702.34,1,41,False,2681.3457
1911,799.436,21939.53,1,50,False,1758.7592
1912,524.00946,24172.748,1,34,False,1152.8208
1913,763.6041,84920.61,1,31,False,1679.9291
1914,441.61545,10687.117,1,27,False,971.554
1915,793.67224,110341.12,1,26,False,1746.079
1916,1701.9971,137001.77,1,42,False,3744.3936
1917,581.8866,57641.965,1,19,False,1280.1505
1918,753.89197,56004.49,1,37,False,1658.5624
1919,952.8486,25664.639,1,52,False,2096.2668
1920,1748.5354,85762.555,1,48,False,3846.778
1921,786.7075,66033.04,1,36,False,1730.7566
1922,551.38354,23922.482,1,37,False,1213.0438
1923,745.47437,36555.77,1,42,False,1640.0436
1924,542.0973,44016.062,1,20,False,1192.614
1925,1260.218,36517.12,1,53,False,2772.4797
1926,524.0264,16805.293,1,39,False,1152.8582
1927,693.67456,87465.05,1,23,False,1526.0841
1928,624.66113,41149.617,1,35,False,1374.2545
1929,607.9079,50618.383,1,30,False,1337.3975
1930,572.15594,31481.805,1,35,False,1258.7432
1931,699.32733,73130.11,1,30,False,1538.5201
1932,588.1838,58614.375,1,20,False,1294.0044
1933,812.1671,131927.23,1,19,False,1786.7677
1934,2453.6003,73442.44,1,55,False,5397.921
1935,649.27216,42515.79,1,36,False,1428.3988
1936,763.2025,27667.254,1,46,False,1679.0455
1937,1349.2717,99961.51,1,42,False,2968.398
1938,809.67847,39883.477,1,43,False,1781.2927
1939,1349.1934,43582.207,1,52,False,2968.2253
1940,1429.6759,43573.35,1,53,False,3145.287
1941,1254.062,36260.785,1,53,False,2758.9365
1942,590.23724,44185.285,1,31,False,1298.522
1943,1312.2892,233454.94,1,29,False,2887.0364
1944,470.23022,21623.168,1,19,False,1034.5065
1945,491.16818,26060.47,1,24,False,1080.5701
1946,880.89636,151332.97,1,20,False,1937.972
1947,1204.6257,37046.707,1,52,False,2650.1768
1948,859.34607,34866.48,1,46,False,1890.5614
1949,798.50476,114424.375,1,25,False,1756.7106
1950,494.62036,16052.53,1,36,False,1088.1648
1951,2051.1838,96465.61,1,49,False,4512.6045
1952,1211.9945,51858.36,1,48,False,2666.388
1953,1087.9545,72520.17,1,42,False,2393.5
1954,680.8928,71439.27,1,29,False,1497.9642
1955,554.83057,30254.258,1,34,False,1220.6273
1956,2225.9119,115928.086,1,48,False,4897.0063
1957,680.0973,32198.273,1,41,False,1496.2141
1958,648.44525,69345.57,1,26,False,1426.5796
1959,1132.1047,134585.89,1,35,False,2490.6304
1960,2243.145,150677.89,1,45,False,4934.919
1961,850.79395,40379.49,1,44,False,1871.7467
1962,648.1565,72423.53,1,24,False,1425.9443
1963,539.2558,37503.414,1,27,False,1186.3628
1964,2413.7485,370576.53,1,35,False,5310.247
1965,1539.6305,93328.336,1,45,False,3387.1873
1966,629.7862,53477.97,1,31,False,1385.5297
1967,605.83167,64204.465,1,20,False,1332.8297
1968,1487.2039,69248.91,1,48,False,3271.8486
1969,669.07855,70910.45,1,28,False,1471.9729
1970,528.73016,41265.402,1,18,False,1163.2064
1971,806.7624,36472.594,1,44,False,1774.8773
1972,552.8617,44280.32,1,24,False,1216.2958
1973,518.22107,20090.953,1,36,False,1140.0864
1974,961.04785,88822.73,1,37,False,2114.3054
1975,509.26843,26328.684,1,30,False,1120.3906
1976,525.9552,21414.387,1,36,False,1157.1014
1977,766.06915,49429.105,1,39,False,1685.3522
1978,540.25793,45056.844,1,18,False,1188.5675
1979,1630.0557,61052.28,1,51,False,3586.1226
1980,552.66003,31736.223,1,33,False,1215.852
1981,1072.6343,36524.707,1,50,False,2359.7954
1982,909.1424,86983.516,1,36,False,2000.1133
1983,1014.00366,82847.1,1,39,False,2230.808
1984,906.17346,80129.414,1,37,False,1993.5817
1985,620.8462,51377.332,1,31,False,1365.8617
1986,589.9415,57234.742,1,22,False,1297.8713
1987,924.6723,60121.9,1,41,False,2034.279
1988,1039.5177,29582.697,1,52,False,2286.939
1989,2565.1113,162594.66,1,46,False,5643.245
1990,1091.5527,145081.17,1,33,False,2401.416
1991,770.3292,94388.52,1,29,False,1694.7244
1992,541.08185,35563.996,1,29,False,1190.3801
1993,819.1658,76964.04,1,35,False,1802.1648
1994,1628.3068,109368.07,1,44,False,3582.275
1995,576.3206,18792.643,1,42,False,1267.9054
1996,2983.935,193956.2,1,46,False,6564.657
1997,681.8761,12434.973,1,53,False,1500.1274
1998,1000.6554,87856.75,1,38,False,2201.442
1999,1082.7797,159916.03,1,31,False,2382.1152
2000,712.2225,45675.965,1,38,False,1566.8895
2001,728.2344,44329.55,1,39,False,1602.1156
2002,2431.7092,85298.055,1,53,False,5349.7603
2003,3590.6956,219978.22,1,47,False,7899.5303
2004,884.6063,39931.637,1,45,False,1946.1339
2005,484.65582,26769.385,1,18,False,1066.2428
2006,561.7779,35623.4,1,32,False,1235.9114
2007,515.1141,14440.14,1,40,False,1133.251
2008,3052.7903,102537.58,1,54,False,6716.1387
2009,527.14185,33140.516,1,28,False,1159.712
2010,602.9988,42323.89,1,33,False,1326.5973
2011,741.07715,103515.35,1,22,False,1630.3698
2012,521.84393,36984.348,1,21,False,1148.0566
2013,727.8874,91770.91,1,26,False,1601.3523
2014,948.9901,21792.201,1,54,False,2087.7783
2015,807.1891,107662.2,1,28,False,1775.816
2016,617.682,65729.445,1,22,False,1358.9004
2017,591.5063,46579.465,1,30,False,1301.3138
2018,1199.7391,55519.695,1,47,False,2639.4263
2019,466.06046,17860.9,1,26,False,1025.333
2020,961.19855,54512.15,1,43,False,2114.637
2021,789.09314,44642.54,1,41,False,1736.005
2022,680.22473,18255.691,1,48,False,1496.4944
2023,559.92175,29229.037,1,35,False,1231.8279
2024,708.20526,45088.48,1,38,False,1558.0516
2025,580.56647,30759.203,1,36,False,1277.2462
2026,449.53073,7259.652,1,38,False,988.96765
2027,932.55396,118289.266,1,32,False,2051.6187
2028,592.11945,44627.54,1,31,False,1302.6628
2029,480.55652,8108.094,1,43,False,1057.2244
2030,4757.3057,275887.56,1,48,False,10466.072
2031,950.50323,134981.39,1,30,False,2091.1072
2032,621.8296,37819.973,1,36,False,1368.0251
2033,510.64307,25483.342,1,31,False,1123.4148
2034,711.62506,69032.4,1,32,False,1565.5752
2035,595.00366,58784.867,1,22,False,1309.008
2036,2391.21,77145.63,1,54,False,5260.662
2037,493.27133,25542.066,1,26,False,1085.1969
2038,3046.8977,120330.32,1,52,False,6703.1753
2039,850.9148,34235.164,1,46,False,1872.0126
2040,1093.3997,86197.02,1,40,False,2405.4792
2041,580.6129,26429.256,1,38,False,1277.3484
2042,1667.9052,415938.8,1,18,False,3669.3914
2043,2477.8818,87220.7,1,53,False,5451.3403
2044,7103.1787,502406.12,1,46,False,15626.993
2045,2529.5195,96941.195,1,52,False,5564.943
2046,502.1123,31907.832,1,19,False,1104.6471
2047,780.81506,97079.25,1,29,False,1717.7932
2048,922.3345,102769.16,1,34,False,2029.1359
2049,899.4175,67402.516,1,39,False,1978.7185
2050,1254.1193,82792.46,1,43,False,2759.0625
2051,748.19904,91964.69,1,28,False,1646.038
2052,778.8154,22580.309,1,49,False,1713.394
2053,517.0252,21330.465,1,35,False,1137.4554
2054,694.22174,26486.877,1,44,False,1527.2878
2055,1197.578,55371.05,1,47,False,2634.6716
2056,645.23315,41824.656,1,36,False,1419.513
2057,491.7669,22909.842,1,29,False,1081.8872
2058,1443.4957,92969.766,1,44,False,3175.6907
2059,1163.9841,62706.11,1,45,False,2560.7651
2060,1872.4438,57235.035,1,54,False,4119.3765
2061,546.8822,40675.727,1,26,False,1203.1409
2062,1202.3838,36945.38,1,52,False,2645.2444
2063,495.5763,25507.13,1,27,False,1090.2678
2064,1803.061,105532.11,1,46,False,3966.7344
2065,493.05225,28480.758,1,20,False,1084.715
2066,592.91656,59117.996,1,21,False,1304.4165
2067,1009.9071,188978.14,1,21,False,2221.7957
2068,707.6366,38329.383,1,40,False,1556.8005
2069,795.3316,107833.11,1,27,False,1749.7296
2070,656.1366,78806.086,1,21,False,1443.5005
2071,1406.4851,64148.266,1,48,False,3094.2673
2072,759.04144,70548.59,1,34,False,1669.8912
2073,963.2709,46344.273,1,45,False,2119.196
2074,1139.999,51410.57,1,47,False,2507.9978
2075,1157.7524,32250.445,1,53,False,2547.0554
2076,931.9266,51686.09,1,43,False,2050.2385
2077,1263.3478,31307.016,1,55,False,2779.3652
2078,1299.5845,111781.61,1,40,False,2859.086
2079,446.39673,12838.199,1,24,False,982.0728
2080,651.69684,73469.16,1,24,False,1433.733
2081,634.6467,65450.383,1,26,False,1396.2228
2082,850.9943,60875.805,1,39,False,1872.1875
2083,1175.8645,113479.49,1,38,False,2586.9019
2084,671.8405,39770.45,1,38,False,1478.0492
2085,651.43274,61336.19,1,30,False,1433.1521
2086,444.39096,12664.331,1,22,False,977.66016
2087,738.899,35865.273,1,42,False,1625.5778
2088,2245.6418,99147.85,1,50,False,4940.412
2089,500.90356,17127.64,1,36,False,1101.9879
2090,604.0592,56815.984,1,26,False,1328.9303
2091,511.8782,29078.799,1,28,False,1126.1321
2092,1671.3909,45751.906,1,55,False,3677.06
2093,1240.6849,30504.707,1,55,False,2729.5068
2094,508.5452,18435.285,1,36,False,1118.7994
2095,1163.0925,68089.68,1,44,False,2558.8037
2096,984.2563,48054.973,1,45,False,2165.3638
2097,915.6096,81624.24,1,37,False,2014.3412
2098,2840.847,94403.05,1,54,False,6249.8633
2099,903.34827,133250.39,1,28,False,1987.3662
2100,628.2802,55634.996,1,30,False,1382.2166
2101,830.8496,137953.94,1,19,False,1827.8691
2102,978.01245,22906.104,1,54,False,2151.6274
2103,760.5958,103460.6,1,25,False,1673.3108
2104,2418.6985,72206.88,1,55,False,5321.1367
2105,599.7875,60249.67,1,22,False,1319.5325
2106,644.57227,71365.086,1,24,False,1418.059
2107,546.71765,23183.293,1,37,False,1202.7788
2108,531.14166,19194.533,1,38,False,1168.5117
2109,3015.8684,196347.4,1,46,False,6634.9106
2110,813.3814,43686.77,1,42,False,1789.4391
2111,541.7735,43190.832,1,21,False,1191.9017
2112,920.55524,20700.863,1,54,False,2025.2216
2113,512.71625,15280.85,1,39,False,1127.9758
2114,1695.0427,46589.16,1,55,False,3729.094
2115,681.60345,38044.35,1,39,False,1499.5276
2116,693.41583,50069.42,1,36,False,1525.5149
2117,766.4796,53610.566,1,38,False,1686.2551
2118,1669.584,366351.0,1,25,False,3673.085
2119,594.77527,38136.01,1,34,False,1308.5056
2120,1610.0085,176969.1,1,38,False,3542.0188
2121,1344.0485,185980.61,1,34,False,2956.9067
2122,1963.4413,91370.48,1,49,False,4319.571
2123,1549.2073,41426.547,1,55,False,3408.256
2124,618.40344,16824.65,1,46,False,1360.4875
2125,626.08905,73286.625,1,18,False,1377.396
2126,2883.961,112964.39,1,52,False,6344.7144
2127,3594.1162,202385.23,1,48,False,7907.0557
2128,572.8358,23384.107,1,39,False,1260.2388
2129,539.74164,41149.094,1,23,False,1187.4316
2130,794.62555,23498.377,1,49,False,1748.1763
2131,1000.2264,30121.543,1,51,False,2200.498
2132,2119.2197,85074.984,1,51,False,4662.2837
2133,583.66907,29037.242,1,37,False,1284.072
2134,532.54877,25857.639,1,34,False,1171.6073
2135,880.9155,94596.43,1,34,False,1938.0142
2136,1026.1588,71708.84,1,41,False,2257.5496
2137,1734.002,66157.086,1,51,False,3814.8044
2138,503.34787,29657.443,1,24,False,1107.3654
2139,2437.7363,140673.5,1,47,False,5363.02
2140,1191.8115,50582.98,1,48,False,2621.9854
2141,3594.0132,335685.62,1,42,False,7906.829
2142,689.773,56880.69,1,34,False,1517.5006
2143,428.6778,7731.823,1,23,False,943.0912
2144,428.19016,7461.247,1,24,False,942.0184
2145,1119.5092,82366.84,1,41,False,2462.9202
2146,857.50525,141516.78,1,21,False,1886.5116
2147,1077.068,26707.93,1,54,False,2369.5496
2148,4295.9463,268487.94,1,47,False,9451.082
2149,978.2975,189127.64,1,18,False,2152.2544
2150,1804.2998,59172.707,1,53,False,3969.4597
2151,1193.9478,76983.12,1,43,False,2626.685
2152,742.88947,102273.15,1,23,False,1634.3568
2153,1323.3295,226788.73,1,30,False,2911.325
2154,905.09875,86291.56,1,36,False,1991.2173
2155,1476.9861,58111.777,1,50,False,3249.3694
2156,1537.0792,85615.3,1,46,False,3381.5745
2157,701.9956,76854.29,1,29,False,1544.3904
2158,2048.974,104747.336,1,48,False,4507.743
2159,462.789,14239.28,1,31,False,1018.1358
2160,1594.2805,64373.74,1,50,False,3507.4172
2161,935.51227,72267.56,1,39,False,2058.127
2162,676.4678,47169.395,1,36,False,1488.2291
2163,726.6061,93630.5,1,25,False,1598.5334
2164,1444.886,232515.55,1,32,False,3178.7493
2165,975.01373,55845.934,1,43,False,2145.0303
2166,697.36334,86955.8,1,24,False,1534.1993
2167,1106.8345,180735.53,1,29,False,2435.036
2168,585.79083,56898.82,1,21,False,1288.7399
2169,848.5815,24563.275,1,50,False,1866.8793
2170,959.4459,81830.18,1,38,False,2110.781
2171,440.53015,8590.785,1,32,False,969.1664
2172,427.44034,7951.252,1,18,False,940.3688
2173,1131.2404,65263.48,1,44,False,2488.7288
2174,440.32468,7660.266,1,34,False,968.7143
2175,577.41693,17459.586,1,43,False,1270.3173
2176,537.02277,36890.133,1,27,False,1181.4501
2177,1006.17316,28075.293,1,52,False,2213.581
2178,856.70715,44423.91,1,43,False,1884.7557
2179,1464.8269,121792.54,1,41,False,3222.6191
2180,607.8163,60509.94,1,24,False,1337.1958
2181,550.1133,25548.195,1,36,False,1210.2493
2182,978.3171,147758.02,1,29,False,2152.2976
2183,508.8987,15941.683,1,38,False,1119.5771
2184,1191.1466,59711.81,1,46,False,2620.5227
2185,449.18146,14584.426,1,20,False,988.1992
2186,1210.8,61183.49,1,46,False,2663.7603
2187,597.88495,38749.625,1,34,False,1315.3469
2188,764.6045,118844.195,1,18,False,1682.1299
2189,763.75244,88994.5,1,30,False,1680.2554
2190,583.4881,31259.13,1,36,False,1283.6738
2191,487.7859,26812.584,1,20,False,1073.129
2192,627.90326,38859.23,1,36,False,1381.3872
2193,3144.891,224186.92,1,45,False,6918.7607
2194,5138.7026,182596.31,1,54,False,11305.146
2195,505.35657,23044.07,1,32,False,1111.7844
2196,787.4955,94841.14,1,30,False,1732.4901
2197,473.9432,12514.373,1,36,False,1042.675
2198,1292.0226,34958.06,1,54,False,2842.4497
2199,508.7775,23806.807,1,32,False,1119.3105
2200,1142.8127,117618.53,1,37,False,2514.188
2201,613.16956,17804.46,1,45,False,1348.973
2202,1126.717,70492.28,1,43,False,2478.7776
2203,1183.0353,50028.414,1,48,False,2602.6777
2204,553.10675,43452.31,1,25,False,1216.8348
2205,4264.5366,190430.89,1,51,False,9381.98
2206,1070.3307,204339.08,1,22,False,2354.7275
2207,757.7313,44545.395,1,40,False,1667.0089
2208,991.3038,37912.844,1,48,False,2180.8684
2209,742.92706,14977.13,1,53,False,1634.4396
2210,1487.3962,49829.93,1,52,False,3272.2717
2211,1795.0212,238570.67,1,36,False,3949.0469
2212,1653.1708,45106.88,1,55,False,3636.9758
2213,695.53973,89570.9,1,22,False,1530.1875
2214,452.96625,16346.686,1,18,False,996.52576
2215,545.74646,35311.3,1,30,False,1200.6422
2216,631.6569,72384.72,1,20,False,1389.6453
2217,960.2334,54418.977,1,43,False,2112.5134
2218,1318.345,96713.875,1,42,False,2900.359
2219,527.72327,30873.107,1,30,False,1160.9912
2220,506.07654,12329.961,1,41,False,1113.3684
2221,1309.6371,122694.21,1,39,False,2881.2017
2222,684.80255,23643.863,1,45,False,1506.5657
2223,721.32465,74986.36,1,31,False,1586.9143
2224,764.95605,71715.62,1,34,False,1682.9033
2225,444.1518,13210.612,1,19,False,977.134
2226,780.9896,115737.34,1,22,False,1718.1772
2227,937.205,31777.842,1,49,False,2061.851
2228,576.6405,52251.402,1,23,False,1268.6091
2229,548.7927,37542.625,1,29,False,1207.344
2230,5152.131,183111.67,1,54,False,11334.688
2231,936.00885,146469.2,1,27,False,2059.2195
2232,509.06534,11730.066,1,42,False,1119.9437
2233,4821.3354,304625.97,1,47,False,10606.938
2234,614.94977,29060.436,1,39,False,1352.8895
2235,1266.2251,268801.28,1,21,False,2785.6953
2236,937.7003,40733.684,1,46,False,2062.9407
2237,993.70807,38064.79,1,48,False,2186.1577
2238,1156.9136,41024.145,1,50,False,2545.21
2239,519.5968,36284.523,1,21,False,1143.113
2240,1612.8059,376734.3,1,21,False,3548.173
2241,565.5011,47036.902,1,25,False,1244.1024
2242,1487.9841,39259.203,1,55,False,3273.5652
2243,736.046,53177.3,1,37,False,1619.3013
2244,479.6258,23061.275,1,23,False,1055.1768
2245,948.77637,179418.2,1,18,False,2087.308
2246,513.6905,15412.184,1,39,False,1130.1191
2247,511.16885,30594.373,1,26,False,1124.5715
2248,1324.5687,105778.92,1,41,False,2914.0513
2249,622.3177,51723.113,1,31,False,1369.099
2250,749.99274,77586.63,1,32,False,1649.984
2251,2670.2734,170469.14,1,46,False,5874.6016
2252,761.4918,111615.984,1,21,False,1675.282
2253,886.9306,55812.848,1,41,False,1951.2473
2254,4970.7173,266000.22,1,49,False,10935.578
2255,512.8298,30245.701,1,27,False,1128.2256
2256,836.7845,46144.387,1,42,False,1840.9259
2257,791.99536,48797.094,1,40,False,1742.3899
2258,608.6176,46066.48,1,32,False,1338.9587
2259,476.36044,21256.324,1,25,False,1047.993
2260,459.547,14084.897,1,30,False,1011.0034
2261,674.5451,69810.49,1,29,False,1483.9993
2262,590.51404,30121.645,1,37,False,1299.1309
2263,3216.7393,230043.88,1,45,False,7076.8267
2264,676.53503,47180.9,1,36,False,1488.3771
2265,679.48083,40887.793,1,38,False,1494.8579
2266,2830.3901,120000.37,1,51,False,6226.8584
2267,2178.3857,68977.27,1,54,False,4792.4487
2268,608.3523,43449.92,1,33,False,1338.3751
2269,553.2748,29947.254,1,34,False,1217.2046
2270,12850.856,932794.06,1,46,False,28271.885
2271,662.74744,66783.2,1,29,False,1458.0444
2272,1440.83,119052.75,1,41,False,3169.826
2273,479.13162,22057.807,1,25,False,1054.0896
2274,615.21094,31488.887,1,38,False,1353.4641
2275,1420.7783,270940.62,1,28,False,3125.7124
2276,998.2271,152866.92,1,29,False,2196.0996
2277,2259.8726,72104.805,1,54,False,4971.7197
2278,651.8478,36846.707,1,38,False,1434.0652
2279,1461.5002,41462.707,1,54,False,3215.3005
2280,570.9373,29111.533,1,36,False,1256.0621
2281,859.1601,19817.066,1,53,False,1890.1522
2282,739.28394,104699.92,1,21,False,1626.4247
2283,637.2115,76944.77,1,18,False,1401.8654
2284,2378.1208,90096.93,1,52,False,5231.866
2285,1376.1621,38187.363,1,54,False,3027.5566
2286,626.0692,61346.258,1,27,False,1377.3523
2287,552.7988,35388.54,1,31,False,1216.1575
2288,564.11017,27943.275,1,36,False,1241.0424
2289,1045.409,189743.47,1,24,False,2299.9
2290,748.2104,55104.36,1,37,False,1646.0629
2291,2336.2808,75037.38,1,54,False,5139.818
2292,865.6895,97575.48,1,33,False,1904.517
2293,751.7153,55659.664,1,37,False,1653.7737
2294,730.3713,60614.2,1,35,False,1606.8169
2295,472.6497,20962.242,1,23,False,1039.8293
2296,629.84546,24413.371,1,42,False,1385.66
2297,501.87952,23424.236,1,31,False,1104.135
2298,668.0642,81157.34,1,22,False,1469.7413
2299,1379.6918,52917.574,1,50,False,3035.322
2300,884.0267,24415.002,1,51,False,1944.8588
2301,740.65106,79527.44,1,31,False,1629.4324
2302,638.0787,77230.016,1,18,False,1403.7731
2303,524.22943,28675.703,1,31,False,1153.3048
2304,792.8181,48899.195,1,40,False,1744.2
2305,1428.1416,77458.04,1,46,False,3141.9116
2306,514.8565,25162.096,1,32,False,1132.6843
2307,2272.0488,78649.75,1,53,False,4998.5073
2308,650.39856,63614.527,1,29,False,1430.8768
2309,747.0885,22480.836,1,48,False,1643.5947
2310,655.8933,59612.207,1,31,False,1442.9653
2311,1288.3433,66989.9,1,46,False,2834.3552
2312,495.39746,30302.254,1,18,False,1089.8744
2313,546.74554,32271.875,1,32,False,1202.8402
2314,1009.35754,22315.623,1,55,False,2220.5867
2315,1042.4219,34911.76,1,50,False,2293.3281
2316,1242.7242,49519.047,1,49,False,2733.9934
2317,639.30566,32343.248,1,39,False,1406.4725
2318,512.43445,15242.883,1,39,False,1127.3558
2319,494.13083,28822.393,1,20,False,1087.0879
2320,554.5867,35808.645,1,31,False,1220.0907
2321,1573.7544,96110.055,1,45,False,3462.2598
2322,2165.08,80466.016,1,52,False,4763.1763
2323,865.8629,97611.945,1,33,False,1904.8984
2324,506.63184,27682.705,1,28,False,1114.5901
2325,850.00336,55995.07,1,40,False,1870.0074
2326,533.41205,7196.435,1,51,False,1173.5066
2327,1603.4833,70468.05,1,49,False,3527.6633
2328,2188.2024,81511.26,1,52,False,4814.0454
2329,549.56226,37740.09,1,29,False,1209.037
2330,640.59357,63330.49,1,28,False,1409.3059
2331,577.30676,14880.976,1,45,False,1270.075
2332,520.1489,26342.127,1,32,False,1144.3276
2333,761.95154,92238.94,1,29,False,1676.2935
2334,663.10724,75265.78,1,25,False,1458.8359
2335,533.65344,35964.754,1,27,False,1174.0376
2336,721.00977,95689.91,1,23,False,1586.2216
2337,1351.7407,55849.55,1,49,False,2973.8296
2338,551.81903,33403.016,1,32,False,1214.002
2339,607.14795,43196.574,1,33,False,1335.7255
2340,577.5286,34732.953,1,34,False,1270.563
2341,488.98846,19394.746,1,32,False,1075.7747
2342,875.32947,136643.0,1,25,False,1925.7249
2343,600.73444,31740.816,1,37,False,1321.6158
2344,1000.2211,25690.838,1,53,False,2200.4866
2345,794.5189,14710.247,1,55,False,1747.9417
2346,510.4614,6069.333,1,51,False,1123.0151
2347,2664.5996,87638.51,1,54,False,5862.119
2348,770.1415,94340.44,1,29,False,1694.3113
2349,4047.2864,129859.6,1,55,False,8904.03
2350,786.79443,44380.117,1,41,False,1730.9478
2351,954.415,38645.45,1,47,False,2099.713
2352,627.66077,33309.562,1,38,False,1380.8538
2353,834.2875,35829.69,1,45,False,1835.4325
2354,1897.0989,122468.67,1,45,False,4173.6177
2355,557.6753,48950.56,1,20,False,1226.8856
2356,612.9386,67658.95,1,19,False,1348.465
2357,946.90985,35107.598,1,48,False,2083.2017
2358,1182.3633,143839.97,1,35,False,2601.1992
2359,480.17093,10894.215,1,39,False,1056.3761
2360,467.98074,18832.87,1,25,False,1029.5576
2361,617.01807,67747.766,1,20,False,1357.4398
2362,1104.2826,202859.1,1,25,False,2429.4219
2363,1469.2502,41760.164,1,54,False,3232.3506
2364,707.3992,25485.926,1,45,False,1556.2782
2365,3057.0225,111336.055,1,53,False,6725.4497
2366,1125.7808,64779.02,1,44,False,2476.7178
2367,1627.4342,140357.69,1,41,False,3580.3552
2368,882.07227,17809.68,1,55,False,1940.5591
2369,1761.8262,131809.52,1,43,False,3876.0176
2370,452.95456,14487.077,1,25,False,996.50006
2371,580.08636,39705.324,1,32,False,1276.1901
2372,2344.0457,69564.14,1,55,False,5156.9004
2373,1776.681,58022.664,1,53,False,3908.6982
2374,841.54376,116803.945,1,28,False,1851.3964
2375,526.4035,11596.403,1,44,False,1158.0878
2376,1206.296,55970.74,1,47,False,2653.8513
2377,1367.9017,130547.43,1,39,False,3009.3838
2378,1037.9125,52428.92,1,45,False,2283.4075
2379,466.43134,20048.438,1,20,False,1026.1489
2380,1165.3881,111947.375,1,38,False,2563.8538
2381,500.2395,29766.238,1,22,False,1100.527
2382,711.94604,25856.566,1,45,False,1566.2814
2383,547.9643,23380.781,1,37,False,1205.5215
2384,1492.4875,42652.03,1,54,False,3283.4727
2385,765.76685,57885.746,1,37,False,1684.6871
2386,635.63605,18115.047,1,46,False,1398.3993
2387,896.00183,21351.164,1,53,False,1971.2041
2388,568.45526,28686.79,1,36,False,1250.6016
2389,496.92908,23290.186,1,30,False,1093.244
2390,565.6992,51492.16,1,20,False,1244.5383
2391,701.4017,66753.07,1,32,False,1543.0837
2392,1069.7445,59806.96,1,44,False,2353.438
2393,922.5251,59876.766,1,41,False,2029.5552
2394,1060.9988,190340.84,1,25,False,2334.1973
2395,1255.5868,70173.44,1,45,False,2762.291
2396,714.115,93615.35,1,23,False,1571.053
2397,529.9125,35885.395,1,26,False,1165.8075
2398,940.7477,106402.375,1,34,False,2069.645
2399,854.9965,34540.793,1,46,False,1880.9924
2400,655.721,69489.914,1,27,False,1442.5863
2401,461.91968,16692.0,1,26,False,1016.2233
2402,790.4208,57111.773,1,38,False,1738.9258
2403,753.93304,22913.33,1,48,False,1658.6527
2404,768.4288,105726.07,1,25,False,1690.5433
2405,2275.807,100758.26,1,50,False,5006.7754
2406,565.4339,34422.867,1,33,False,1243.9546
2407,2654.9458,257670.84,1,41,False,5840.881
2408,532.93494,39778.254,1,22,False,1172.4569
2409,487.29163,13768.838,1,37,False,1072.0416
2410,815.5788,26808.758,1,48,False,1794.2734
2411,548.1849,21686.94,1,38,False,1206.0067
2412,744.817,67741.88,1,34,False,1638.5974
2413,477.92587,18610.623,1,30,False,1051.4369
2414,556.20056,32480.887,1,33,False,1223.6412
2415,1120.4583,64306.758,1,44,False,2465.0083
2416,1080.0645,55865.094,1,45,False,2376.1418
2417,588.60767,49496.797,1,28,False,1294.9369
2418,610.4262,55302.793,1,28,False,1342.9377
2419,933.02954,37174.496,1,47,False,2052.665
2420,449.04584,13860.199,1,23,False,987.9009
2421,879.81757,36399.406,1,46,False,1935.5986
2422,636.6888,72749.555,1,21,False,1400.7153
2423,1299.3607,44811.957,1,51,False,2858.5938
2424,680.07465,68389.12,1,30,False,1496.1643
2425,695.1207,31268.043,1,42,False,1529.2656
2426,2835.5073,110773.98,1,52,False,6238.116
2427,424.82907,6468.658,1,24,False,934.62396
2428,1623.6626,55990.13,1,52,False,3572.0579
2429,2719.2498,147102.16,1,48,False,5982.3496
2430,916.86273,165700.48,1,19,False,2017.098
2431,662.56415,41536.062,1,37,False,1457.6411
2432,472.6285,17306.193,1,30,False,1039.7827
2433,1211.4031,149187.11,1,35,False,2665.087
2434,681.13416,47967.844,1,36,False,1498.4951
2435,549.3129,44028.95,1,23,False,1208.4885
2436,485.80707,24477.133,1,24,False,1068.7755
2437,501.08624,18395.627,1,35,False,1102.3898
2438,1031.3793,78501.17,1,40,False,2269.0344
2439,1442.9744,85449.04,1,45,False,3174.5437
2440,581.8854,58748.062,1,18,False,1280.1478
2441,498.9103,27133.969,1,26,False,1097.6027
2442,472.68347,21328.068,1,22,False,1039.9037
2443,493.71994,15898.489,1,36,False,1086.1838
2444,513.27094,31931.305,1,25,False,1129.196
2445,552.79755,22361.486,1,38,False,1216.1547
2446,446.9062,12737.816,1,25,False,983.19366
2447,701.03864,84191.92,1,26,False,1542.285
2448,645.61725,17405.25,1,47,False,1420.358
2449,1443.484,109854.984,1,42,False,3175.6648
2450,727.5973,68530.6,1,33,False,1600.7141
2451,599.35,63275.36,1,19,False,1318.57
2452,1430.2156,189477.48,1,35,False,3146.4744
2453,467.7858,17874.604,1,27,False,1029.1288
2454,709.1,100588.766,1,18,False,1560.02
2455,691.7031,39405.64,1,39,False,1521.747
2456,1926.5251,391067.1,1,29,False,4238.3555
2457,530.34607,36869.605,1,25,False,1166.7614
2458,863.62463,32400.58,1,47,False,1899.9742
2459,2070.9858,70277.49,1,53,False,4556.169
2460,1180.8989,42304.613,1,50,False,2597.9778
2461,757.7031,27255.426,1,46,False,1666.9469
2462,727.0587,23007.07,1,47,False,1599.5292
2463,2537.7656,160546.98,1,46,False,5583.0845
2464,486.08276,19712.516,1,31,False,1069.3821
2465,777.6566,59769.355,1,37,False,1710.8446
2466,856.0823,116392.76,1,29,False,1883.3811
2467,798.1079,120979.24,1,22,False,1755.8374
2468,611.1722,30898.297,1,38,False,1344.5789
2469,546.4843,42396.9,1,24,False,1202.2655
2470,519.65234,36301.832,1,21,False,1143.2352
2471,454.6634,14643.668,1,26,False,1000.25946
2472,1828.2366,76863.945,1,50,False,4022.1206
2473,1277.942,51564.113,1,49,False,2811.4724
2474,3353.629,158299.86,1,50,False,7377.984
2475,532.66046,25879.701,1,34,False,1171.853
2476,815.9158,119459.84,1,25,False,1795.0148
2477,787.56177,126394.8,1,18,False,1732.636
2478,561.12134,51918.77,1,18,False,1234.4669
2479,443.6354,8805.123,1,33,False,975.9979
2480,581.3827,33180.715,1,35,False,1279.042
2481,1141.9781,208662.88,1,26,False,2512.352
2482,1481.9885,63412.918,1,49,False,3260.3748
2483,2019.458,87072.65,1,50,False,4442.8076
2484,547.52545,46557.574,1,19,False,1204.556
2485,559.7421,41815.566,1,28,False,1231.4327
2486,598.7405,11225.044,1,50,False,1317.2291
2487,1045.5751,94425.805,1,38,False,2300.2651
2488,1526.7747,118601.36,1,42,False,3358.9043
2489,619.88275,23367.197,1,42,False,1363.7421
2490,845.4185,43334.06,1,43,False,1859.9208
2491,958.13586,38901.39,1,47,False,2107.899
2492,2204.3945,69975.53,1,54,False,4849.668
2493,565.4385,32347.352,1,34,False,1243.9647
2494,735.66437,105329.734,1,20,False,1618.4617
2495,1464.786,52935.938,1,51,False,3222.5293
2496,459.30307,6504.437,1,42,False,1010.4668
2497,1198.713,71250.31,1,44,False,2637.1687
2498,3272.0435,110952.68,1,54,False,7198.4956
2499,546.93567,19893.115,1,39,False,1203.2585
2500,731.43964,69338.8,1,33,False,1609.1672
2501,1280.1421,216153.92,1,30,False,2816.3127
2502,1065.6461,54689.74,1,45,False,2344.4216
2503,810.02026,124627.1,1,22,False,1782.0447
2504,639.9273,35103.438,1,38,False,1407.8401
2505,951.1778,49286.566,1,44,False,2092.5913
2506,915.4993,42449.96,1,45,False,2014.0985
2507,671.5068,36683.484,1,39,False,1477.315
2508,787.2046,44426.91,1,41,False,1731.8501
2509,480.08197,13564.792,1,36,False,1056.1803
2510,609.57434,38371.65,1,35,False,1341.0636
2511,994.45667,145804.72,1,30,False,2187.8047
2512,702.5906,23128.623,1,46,False,1545.6993
2513,570.4677,21308.72,1,40,False,1255.029
2514,1372.0476,52509.438,1,50,False,3018.505
2515,661.6077,54651.11,1,33,False,1455.537
2516,616.6343,67626.16,1,20,False,1356.5955
2517,632.8627,45651.305,1,34,False,1392.2979
2518,1465.2516,52958.805,1,51,False,3223.5535
2519,530.7919,37762.45,1,24,False,1167.7422
2520,468.30875,18018.268,1,27,False,1030.2793
2521,1429.7596,47224.344,1,52,False,3145.4712
2522,1585.9282,89273.13,1,46,False,3489.0422
2523,1924.1465,75495.02,1,51,False,4233.1226
2524,443.48462,12386.774,1,22,False,975.6662
2525,1738.118,61164.277,1,52,False,3823.8599
2526,477.6915,24478.799,1,18,False,1050.9213
2527,875.2757,152285.06,1,19,False,1925.6066
2528,618.71967,64912.41,1,23,False,1361.1833
2529,1100.2174,102416.74,1,38,False,2420.4783
2530,560.8441,50853.938,1,19,False,1233.857
2531,547.4624,47426.4,1,18,False,1204.4174
2532,934.37286,165454.95,1,21,False,2055.6204
2533,2264.9636,108879.586,1,49,False,4982.92
2534,648.43396,54943.75,1,32,False,1426.5547
2535,562.7595,42618.562,1,28,False,1238.0709
2536,480.92102,12759.591,1,37,False,1058.0262
2537,618.42633,64824.074,1,23,False,1360.538
2538,1106.655,45201.934,1,48,False,2434.641
2539,1524.8422,77881.45,1,47,False,3354.6528
2540,1613.0469,99313.16,1,45,False,3548.7031
2541,1316.6604,134069.7,1,38,False,2896.6528
2542,733.3114,65471.656,1,34,False,1613.2852
2543,477.7163,21648.467,1,25,False,1050.976
2544,496.67084,8958.226,1,44,False,1092.6759
2545,532.5038,25848.773,1,34,False,1171.5083
2546,877.53674,145301.92,1,22,False,1930.5809
2547,1210.7014,215038.31,1,28,False,2663.5432
2548,549.2168,41334.703,1,26,False,1208.277
2549,637.2086,15537.486,1,48,False,1401.859
2550,500.23145,29763.777,1,22,False,1100.5092
2551,3888.7263,124246.52,1,55,False,8555.198
2552,671.02423,31162.406,1,41,False,1476.2533
2553,2306.9656,80103.71,1,53,False,5075.324
2554,583.77594,57218.062,1,20,False,1284.3071
2555,696.23975,88236.93,1,23,False,1531.7274
2556,1114.5428,214097.56,1,23,False,2451.9944
2557,761.4718,80145.86,1,32,False,1675.238
2558,851.9444,56235.938,1,40,False,1874.2777
2559,3516.835,233859.81,1,46,False,7737.037
2560,670.9117,66132.79,1,30,False,1476.0057
2561,596.0557,26513.791,1,39,False,1311.3226
2562,2639.1104,86660.24,1,54,False,5806.043
2563,1272.114,71520.734,1,45,False,2798.651
2564,915.6634,39083.527,1,46,False,2014.4595
2565,510.95584,33047.773,1,22,False,1124.1029
2566,578.65485,39386.195,1,32,False,1273.0406
2567,1167.8704,32671.773,1,53,False,2569.315
2568,1434.4274,40423.656,1,54,False,3155.7402
2569,733.95605,25477.246,1,46,False,1614.7034
2570,650.6527,68097.93,1,27,False,1431.436
2571,775.613,64134.605,1,36,False,1706.3486
2572,735.49786,65903.03,1,34,False,1618.0953
2573,550.65295,47566.44,1,19,False,1211.4365
2574,560.6362,43375.4,1,27,False,1233.3998
2575,903.4592,158479.88,1,20,False,1987.6104
2576,943.1562,52770.258,1,43,False,2074.9436
2577,1203.8898,137419.25,1,36,False,2648.5576
2578,515.6891,22530.957,1,34,False,1134.516
2579,1888.9868,80107.164,1,50,False,4155.771
2580,542.28326,27778.451,1,34,False,1193.0232
2581,588.07336,32043.729,1,36,False,1293.7615
2582,645.80676,35963.277,1,38,False,1420.7749
2583,547.75775,34204.043,1,31,False,1205.0671
2584,852.3279,34340.977,1,46,False,1875.1213
2585,1465.7644,132402.05,1,40,False,3224.6816
2586,586.4666,51849.844,1,26,False,1290.2266
2587,1016.6267,59863.52,1,43,False,2236.5789
2588,701.8739,34684.574,1,41,False,1544.1226
2589,904.4659,99243.305,1,34,False,1989.825
2590,1739.4507,66424.64,1,51,False,3826.7915
2591,521.9989,39051.453,1,18,False,1148.3976
2592,452.65878,14077.755,1,26,False,995.84937
2593,1332.0625,59445.516,1,48,False,2930.5376
2594,644.2105,79246.766,1,18,False,1417.2632
2595,534.344,22849.854,1,36,False,1175.5568
2596,669.83075,39476.57,1,38,False,1473.6277
2597,663.11755,76842.0,1,24,False,1458.8586
2598,460.1321,14228.978,1,30,False,1012.29065
2599,497.0699,29753.336,1,20,False,1093.5537
2600,1223.9698,67596.09,1,45,False,2692.7336
2601,791.72046,121029.914,1,21,False,1741.785
2602,5338.11,287334.44,1,49,False,11743.842
2603,1375.3322,239594.23,1,30,False,3025.7307
2604,815.5213,56094.547,1,39,False,1794.1469
2605,523.0265,33941.6,1,26,False,1150.6583
2606,721.4156,104639.47,1,18,False,1587.1144
2607,576.96533,32367.3,1,35,False,1269.3237
2608,571.92267,27176.342,1,37,False,1258.2299
2609,1122.1093,39166.043,1,50,False,2468.6404
2610,624.0049,35427.36,1,37,False,1372.8108
2611,663.98773,69555.67,1,28,False,1460.7731
2612,498.9251,30879.783,1,19,False,1097.6353
2613,1311.6842,53523.492,1,49,False,2885.7053
2614,3225.7405,179107.42,1,48,False,7096.6294
2615,1509.5099,55132.29,1,51,False,3320.9219
2616,924.7483,168244.25,1,19,False,2034.4463
2617,933.52216,130799.85,1,30,False,2053.7488
2618,1379.6979,80290.81,1,45,False,3035.3354
2619,562.4824,37663.85,1,31,False,1237.4613
2620,1804.7704,114942.2,1,45,False,3970.4949
2621,1039.1672,40937.36,1,48,False,2286.168
2622,575.46857,49919.68,1,25,False,1266.0309
2623,615.6813,65116.758,1,22,False,1354.4988
2624,575.00574,49785.76,1,25,False,1265.0127
2625,768.99695,28101.104,1,46,False,1691.7933
2626,486.93082,14736.742,1,36,False,1071.2478
2627,1958.3237,107697.82,1,47,False,4308.3125
2628,665.23834,78909.11,1,23,False,1463.5244
2629,527.3226,12623.173,1,43,False,1160.1097
2630,486.91125,27511.197,1,18,False,1071.2048
2631,602.3741,57701.047,1,25,False,1325.223
2632,1837.5419,71241.88,1,51,False,4042.5923
2633,713.38074,14839.019,1,52,False,1569.4376
2634,557.70776,46554.89,1,23,False,1226.9572
2635,658.87854,76995.48,1,23,False,1449.5328
2636,522.29474,37743.51,1,20,False,1149.0485
2637,600.1018,61355.617,1,21,False,1320.224
2638,631.36633,33851.438,1,38,False,1389.006
2639,1107.4891,103480.18,1,38,False,2436.476
2640,490.6548,26379.691,1,23,False,1079.4406
2641,477.95865,20052.633,1,28,False,1051.509
2642,631.51056,51170.566,1,32,False,1389.3232
2643,464.37952,15882.252,1,29,False,1021.63495
2644,451.5838,9280.673,1,35,False,993.4844
2645,1736.7097,118986.64,1,44,False,3820.7615
2646,472.44058,22751.781,1,18,False,1039.3693
2647,488.68863,17203.309,1,34,False,1075.115
2648,488.32495,26117.771,1,22,False,1074.315
2649,494.445,25196.436,1,27,False,1087.779
2650,592.11615,44626.766,1,31,False,1302.6555
2651,778.9805,20847.492,1,50,False,1713.7572
2652,719.1827,74483.08,1,31,False,1582.2019
2653,676.85187,83848.39,1,22,False,1489.0741
2654,754.0087,18029.871,1,51,False,1658.8192
2655,712.4293,30494.48,1,43,False,1567.3445
2656,558.20966,32903.44,1,33,False,1228.0613
2657,1029.5981,43816.793,1,47,False,2265.116
2658,2807.7092,118886.57,1,51,False,6176.9604
2659,1402.0496,124496.016,1,40,False,3084.509
2660,5758.948,369118.2,1,47,False,12669.687
2661,520.10754,8137.8325,1,48,False,1144.2366
2662,835.57983,23869.14,1,50,False,1838.2756
2663,1648.0001,213413.23,1,36,False,3625.6003
2664,447.09506,11839.753,1,28,False,983.60913
2665,1190.1339,209565.23,1,28,False,2618.2947
2666,686.60425,56255.51,1,34,False,1510.5294
2667,996.6561,57935.438,1,43,False,2192.6436
2668,464.96515,17960.674,1,25,False,1022.92334
2669,703.3351,34851.37,1,41,False,1547.3372
2670,1583.2582,202334.88,1,36,False,3483.168
2671,617.8667,48128.594,1,32,False,1359.3068
2672,1160.1847,35037.67,1,52,False,2552.4065
2673,662.5465,69172.16,1,28,False,1457.6023
2674,1498.2523,42873.285,1,54,False,3296.1553
2675,682.6552,65900.36,1,31,False,1501.8416
2676,792.27374,25336.092,1,48,False,1743.0023
2677,565.3985,47007.203,1,25,False,1243.8767
2678,640.0185,29939.0,1,40,False,1408.0408
2679,454.96405,11808.855,1,32,False,1000.92096
2680,774.11206,73522.336,1,34,False,1703.0466
2681,460.96487,18634.314,1,19,False,1014.12274
2682,1523.0782,43826.133,1,54,False,3350.7722
2683,745.5543,104886.375,1,22,False,1640.2195
2684,671.0624,15086.076,1,50,False,1476.3373
2685,690.1107,81107.086,1,26,False,1518.2437
2686,668.87823,39337.26,1,38,False,1471.5321
2687,677.8397,23076.258,1,45,False,1491.2474
2688,1426.6664,252235.11,1,30,False,3138.666
2689,1182.2339,49977.754,1,48,False,2600.9146
2690,537.26697,31739.078,1,31,False,1181.9873
2691,1026.5043,26785.285,1,53,False,2258.3096
2692,716.8687,101185.25,1,19,False,1577.1112
2693,579.8826,30642.197,1,36,False,1275.7418
2694,746.76166,91582.25,1,28,False,1642.8757
2695,835.14966,49900.906,1,41,False,1837.3293
2696,949.7185,122116.25,1,32,False,2089.3809
2697,519.11224,21714.744,1,35,False,1142.047
2698,482.317,24278.045,1,22,False,1061.0974
2699,1507.0354,39933.63,1,55,False,3315.478
2700,1329.0846,42673.145,1,52,False,2923.986
2701,525.99054,37651.67,1,22,False,1157.1792
2702,6886.278,410417.66,1,48,False,15149.812
2703,1239.5835,260504.62,1,21,False,2727.0837
2704,1680.1907,63514.426,1,51,False,3696.4197
2705,1182.3418,69797.67,1,44,False,2601.152
2706,1547.9854,41383.293,1,55,False,3405.5679
2707,659.5895,21588.54,1,45,False,1451.0969
2708,534.68115,43222.67,1,18,False,1176.2986
2709,1356.3065,92658.18,1,43,False,2983.8745
2710,4393.0293,142099.06,1,55,False,9664.665
2711,1755.1313,110895.66,1,45,False,3861.289
2712,691.1402,14942.411,1,51,False,1520.5084
2713,775.1477,39671.81,1,42,False,1705.325
2714,453.4536,15439.497,1,22,False,997.59796
2715,1513.6802,127370.2,1,41,False,3330.0964
2716,596.4199,35949.51,1,35,False,1312.1239
2717,1219.1593,48150.664,1,49,False,2682.1506
2718,2009.0027,73410.23,1,52,False,4419.806
2719,7038.275,457114.97,1,47,False,15484.205
2720,1154.9484,61969.54,1,45,False,2540.8865
2721,1457.8463,41322.46,1,54,False,3207.262
2722,485.09314,18526.262,1,32,False,1067.205
2723,4915.728,160602.86,1,55,False,10814.602
2724,555.958,43237.746,1,26,False,1223.1077
2725,1246.3154,188243.62,1,32,False,2741.894
2726,1760.3868,121087.51,1,44,False,3872.851
2727,818.2714,34524.117,1,45,False,1800.1971
2728,466.456,16415.107,1,29,False,1026.2032
2729,942.72284,62182.793,1,41,False,2073.9902
2730,1009.40814,30572.479,1,51,False,2220.698
2731,574.4715,51598.863,1,23,False,1263.8373
2732,1595.282,115730.32,1,43,False,3509.6204
2733,755.20575,13318.544,1,55,False,1661.4526
2734,653.26855,61788.305,1,30,False,1437.1908
2735,2972.3975,91808.05,1,55,False,6539.2744
2736,885.19727,95441.305,1,34,False,1947.4341
2737,514.7461,16796.814,1,38,False,1132.4414
2738,627.6343,69929.82,1,21,False,1380.7954
2739,2841.4236,130954.805,1,50,False,6251.132
2740,1349.1885,65799.36,1,47,False,2968.2146
2741,797.3034,45579.938,1,41,False,1754.0675
2742,2201.527,124426.27,1,47,False,4843.36
2743,504.4247,28690.555,1,26,False,1109.7344
2744,467.95175,14704.546,1,32,False,1029.4939
2745,1581.9829,42586.816,1,55,False,3480.3625
2746,924.448,76712.08,1,38,False,2033.7856
2747,1125.008,114797.81,1,37,False,2475.0178
2748,648.5193,76433.805,1,21,False,1426.7424
2749,3135.4631,97580.71,1,55,False,6898.019
2750,2070.078,115384.74,1,47,False,4554.1714
2751,623.53467,38111.703,1,36,False,1371.7762
2752,556.4499,44419.188,1,25,False,1224.1898
2753,970.9489,140016.08,1,30,False,2136.0876
2754,511.7853,18989.713,1,36,False,1125.9277
2755,621.684,70480.02,1,19,False,1367.7048
2756,875.26807,28181.225,1,49,False,1925.5898
2757,891.9798,120570.22,1,30,False,1962.3556
2758,587.82184,49287.703,1,28,False,1293.2081
2759,573.2606,50304.684,1,24,False,1261.1733
2760,3546.287,199362.92,1,48,False,7801.832
2761,470.9681,21140.46,1,21,False,1036.1299
2762,1187.2874,59422.836,1,46,False,2612.0322
2763,620.8957,43290.02,1,34,False,1365.9706
2764,1126.3353,76550.61,1,42,False,2477.9377
2765,1167.3197,234038.97,1,22,False,2568.1035
2766,511.93164,30809.707,1,26,False,1126.2496
2767,521.47687,19184.541,1,37,False,1147.2491
2768,743.1894,26168.623,1,46,False,1635.0167
2769,662.35657,41503.117,1,37,False,1457.1844
2770,1865.8656,52636.387,1,55,False,4104.9043
2771,616.0378,54797.582,1,29,False,1355.2832
2772,1082.1771,211484.52,1,21,False,2380.7898
2773,2645.0566,183441.22,1,45,False,5819.1245
2774,4384.4297,141794.69,1,55,False,9645.745
2775,1763.5386,373745.06,1,27,False,3879.785
2776,697.1845,96669.87,1,18,False,1533.8059
2777,1460.9811,121353.414,1,41,False,3214.1584
2778,1303.8016,95186.625,1,42,False,2868.3638
2779,824.637,83491.7,1,34,False,1814.2015
2780,693.9252,68548.414,1,31,False,1526.6354
2781,630.1372,36398.855,1,37,False,1386.3019
2782,559.60535,18441.441,1,41,False,1231.1318
2783,566.6886,45037.695,1,27,False,1246.715
2784,982.65137,78621.24,1,39,False,2161.833
2785,669.98236,52975.656,1,34,False,1473.9612
2786,485.5801,21322.32,1,29,False,1068.2762
2787,781.5917,43786.105,1,41,False,1719.5017
2788,540.18365,41997.95,1,22,False,1188.404
2789,604.6296,47567.004,1,31,False,1330.185
2790,1382.6428,74051.09,1,46,False,3041.8142
2791,680.869,87972.95,1,20,False,1497.9119
2792,611.93115,33514.62,1,37,False,1346.2485
2793,1358.1162,109609.055,1,41,False,2987.8557
2794,1028.0822,123634.98,1,34,False,2261.7808
2795,963.9228,64603.24,1,41,False,2120.6301
2796,712.5571,85099.67,1,27,False,1567.6257
2797,761.8687,109882.12,1,22,False,1676.1112
2798,506.8065,20778.262,1,34,False,1114.9742
2799,855.55524,116257.56,1,29,False,1882.2216
2800,928.01135,26575.09,1,51,False,2041.625
2801,1073.1519,28727.697,1,53,False,2360.934
2802,597.4132,58501.613,1,23,False,1314.3091
2803,544.88367,8996.098,1,49,False,1198.7441
2804,1301.9434,57542.24,1,48,False,2864.2754
2805,1858.2804,109666.92,1,46,False,4088.217
2806,444.74005,13400.392,1,19,False,978.42816
2807,1285.8628,119489.734,1,39,False,2828.8982
2808,669.601,28588.168,1,42,False,1473.1223
2809,641.9393,58998.523,1,30,False,1412.2665
2810,564.2349,32109.867,1,34,False,1241.3169
2811,940.58496,79071.92,1,38,False,2069.2869
2812,1478.3883,113520.23,1,42,False,3252.4543
2813,708.1911,83900.48,1,27,False,1558.0205
2814,625.547,49841.008,1,32,False,1376.2034
2815,1140.984,34169.68,1,52,False,2510.1648
2816,1519.2533,47303.363,1,53,False,3342.3574
2817,977.7301,84504.11,1,38,False,2151.0063
2818,728.99567,86854.66,1,28,False,1603.7905
2819,1078.5172,77686.72,1,41,False,2372.738
2820,464.8271,17920.781,1,25,False,1022.6196
2821,710.2308,49087.53,1,37,False,1562.5077
2822,684.2143,30122.725,1,42,False,1505.2715
2823,722.44684,85111.84,1,28,False,1589.383
2824,501.4264,27113.875,1,27,False,1103.1381
2825,629.76135,71784.31,1,20,False,1385.475
2826,1135.7799,39895.87,1,50,False,2498.7158
2827,488.35724,11120.009,1,40,False,1074.386
2828,2057.6824,105297.58,1,48,False,4526.9014
2829,586.7357,48998.67,1,28,False,1290.8186
2830,2246.9172,138768.19,1,46,False,4943.2183
2831,448.48404,13194.179,1,25,False,986.6649
2832,1130.2206,39599.082,1,50,False,2486.4854
2833,601.7046,42051.684,1,33,False,1323.7501
2834,859.82007,62065.36,1,39,False,1891.6042
2835,665.4205,17320.195,1,48,False,1463.925
2836,1133.1476,77265.945,1,42,False,2492.9248
2837,5924.8916,230754.17,1,53,False,13034.762
2838,677.2584,73087.17,1,28,False,1489.9685
2839,869.7944,53856.383,1,41,False,1913.5476
2840,465.02448,16610.867,1,28,False,1023.0539
2841,1029.582,26913.45,1,53,False,2265.0806
2842,629.10785,47815.367,1,33,False,1384.0374
2843,684.72876,32727.047,1,41,False,1506.4033
2844,1676.4427,113639.16,1,44,False,3688.174
2845,667.8235,76629.766,1,25,False,1469.2117
2846,7210.756,430921.47,1,48,False,15863.663
2847,517.1192,22813.13,1,34,False,1137.6622
2848,1718.9095,51342.285,1,54,False,3781.601
2849,456.16617,16530.863,1,21,False,1003.5656
2850,586.15607,8449.188,1,53,False,1289.5433
2851,1246.2136,89139.25,1,42,False,2741.67
2852,755.45325,74389.54,1,33,False,1661.9972
2853,484.12573,25237.996,1,21,False,1065.0767
2854,631.42566,53863.156,1,31,False,1389.1365
2855,685.17096,30223.172,1,42,False,1507.3761
2856,718.01,33671.676,1,42,False,1579.6221
2857,1174.871,38698.285,1,51,False,2584.7163
2858,924.9755,24404.582,1,52,False,2034.9462
2859,492.111,28182.553,1,20,False,1082.6442
2860,582.33514,28825.91,1,37,False,1281.1373
2861,2359.9802,70128.27,1,55,False,5191.9565
2862,483.53857,5433.844,1,49,False,1063.7849
2863,546.964,41675.758,1,25,False,1203.3208
2864,532.586,20944.53,1,37,False,1171.6892
2865,761.22314,21558.73,1,49,False,1674.6909
2866,506.79907,32835.17,1,20,False,1114.958
2867,603.08075,49429.688,1,30,False,1326.7777
2868,711.8322,42118.77,1,39,False,1566.0309
2869,636.26184,21344.084,1,44,False,1399.7761
2870,684.3204,89066.23,1,20,False,1505.5049
2871,481.07162,24286.965,1,21,False,1058.3575
2872,764.68646,27778.379,1,46,False,1682.3103
2873,719.6642,62778.74,1,34,False,1583.2612
2874,2204.006,64606.684,1,55,False,4848.8135
2875,917.79865,30650.938,1,49,False,2019.1571
2876,418.2087,4773.565,1,20,False,920.0592
2877,750.5336,24621.752,1,47,False,1651.1741
2878,1220.003,56913.555,1,47,False,2684.0068
2879,1223.3617,86739.51,1,42,False,2691.3958
2880,924.5813,46926.65,1,44,False,2034.0789
2881,779.84503,34084.207,1,44,False,1715.659
2882,1806.4233,313121.66,1,32,False,3974.1313
2883,617.7126,37115.48,1,36,False,1358.9678
2884,1578.8806,81598.36,1,47,False,3473.5374
2885,467.17844,17184.045,1,28,False,1027.7926
2886,542.824,20902.918,1,38,False,1194.2128
2887,1835.1661,83921.64,1,49,False,4037.3655
2888,2548.4814,115315.52,1,50,False,5606.659
2889,614.7431,36607.367,1,36,False,1352.4348
2890,440.2436,11394.313,1,22,False,968.53595
2891,698.8987,43727.496,1,38,False,1537.5771
2892,717.1538,58180.35,1,35,False,1577.7384
2893,800.8208,54113.16,1,39,False,1761.8058
2894,677.1232,31858.725,1,41,False,1489.6711
2895,818.68604,44243.82,1,42,False,1801.1094
2896,731.4373,27445.48,1,45,False,1609.1621
2897,512.7519,20543.66,1,35,False,1128.0542
2898,719.3089,91520.02,1,25,False,1582.4796
2899,716.7894,54069.035,1,36,False,1576.9368
2900,819.4283,44321.777,1,42,False,1802.7423
2901,560.21344,33324.9,1,33,False,1232.4696
2902,620.88745,43288.375,1,34,False,1365.9524
2903,821.0667,56842.04,1,39,False,1806.3468
2904,2642.2087,199331.3,1,44,False,5812.8594
2905,2580.4075,84407.18,1,54,False,5676.8965
2906,506.7279,29340.703,1,26,False,1114.8014
2907,602.221,29589.277,1,38,False,1324.8862
2908,609.2365,26119.395,1,40,False,1340.3203
2909,544.5286,42589.45,1,23,False,1197.963
2910,714.9725,26103.303,1,45,False,1572.9395
2911,699.2209,73103.92,1,30,False,1538.286
2912,421.60736,6032.7925,1,18,False,927.5362
2913,1949.0831,76719.63,1,51,False,4287.983
2914,1377.5942,62322.656,1,48,False,3030.7073
2915,851.42725,137306.69,1,22,False,1873.14
2916,881.172,100831.89,1,33,False,1938.5785
2917,505.292,28935.371,1,26,False,1111.6425
2918,1274.9227,92154.03,1,42,False,2804.83
2919,572.8264,43709.656,1,29,False,1260.2181
2920,436.72763,10639.544,1,20,False,960.8008
2921,1641.0151,56774.574,1,52,False,3610.2334
2922,767.0019,30344.65,1,45,False,1687.4042
2923,914.5543,50008.863,1,43,False,2012.0195
2924,1084.9989,187388.28,1,27,False,2386.9976
2925,750.5776,59850.664,1,36,False,1651.2708
2926,958.49536,22157.037,1,54,False,2108.69
2927,2589.1646,108153.875,1,51,False,5696.162
2928,653.7207,66823.65,1,28,False,1438.1855
2929,464.57217,20163.893,1,18,False,1022.0588
2930,593.67773,13832.664,1,47,False,1306.0911
2931,817.00464,22877.479,1,50,False,1797.4103
2932,817.64453,97618.25,1,31,False,1798.818
2933,1066.4159,39281.016,1,49,False,2346.115
2934,565.4832,53353.363,1,18,False,1244.0631
2935,574.0684,17136.305,1,43,False,1262.9506
2936,712.3983,99743.13,1,19,False,1567.2764
2937,468.08444,9972.946,1,38,False,1029.7858
2938,729.2892,29598.42,1,44,False,1604.4363
2939,841.48395,69881.02,1,37,False,1851.2648
2940,519.8344,20367.04,1,36,False,1143.6357
2941,692.2898,81722.26,1,26,False,1523.0376
2942,726.8463,24944.861,1,46,False,1599.0619
2943,496.52463,18749.49,1,34,False,1092.3542
2944,928.48444,139939.28,1,28,False,2042.6658
2945,982.33057,56552.37,1,43,False,2161.1272
2946,1323.8219,75735.87,1,45,False,2912.4082
2947,2503.422,112909.96,1,50,False,5507.529
2948,451.95517,6150.8105,1,41,False,994.3014
2949,739.7488,83083.75,1,30,False,1627.4474
2950,656.3784,27199.615,1,42,False,1444.0326
2951,606.55505,30223.047,1,38,False,1334.4211
2952,1717.4625,70950.03,1,50,False,3778.4177
2953,676.8004,37396.996,1,39,False,1488.9609
2954,870.96234,80450.32,1,36,False,1916.1172
2955,730.7993,48392.684,1,38,False,1607.7585
2956,583.72534,57202.08,1,20,False,1284.1958
2957,883.66797,33779.22,1,47,False,1944.0696
2958,617.4972,21329.186,1,43,False,1358.4939
2959,996.8536,27653.96,1,52,False,2193.078
2960,1183.0125,46051.656,1,49,False,2602.6274
2961,1249.7847,217416.25,1,29,False,2749.5264
2962,1224.1199,162316.5,1,34,False,2693.0637
2963,619.30725,29647.75,1,39,False,1362.476
2964,1371.2968,52469.348,1,50,False,3016.853
2965,580.15,39719.594,1,32,False,1276.3301
2966,1612.6407,55491.86,1,52,False,3547.8098
2967,694.20465,61507.137,1,33,False,1527.2502
2968,787.9431,76251.34,1,34,False,1733.4749
2969,427.8429,4909.2046,1,35,False,941.2544
2970,607.08276,67035.48,1,18,False,1335.5822
2971,772.96356,36338.805,1,43,False,1700.5199
2972,966.1458,28447.852,1,51,False,2125.5208
2973,722.53406,94389.36,1,24,False,1589.575
2974,4265.519,161657.92,1,53,False,9384.143
2975,710.1606,86766.93,1,26,False,1562.3533
2976,913.90894,33022.254,1,48,False,2010.5997
2977,467.5432,21141.088,1,18,False,1028.5951
2978,491.63437,4513.295,1,53,False,1081.5956
2979,661.5166,57860.55,1,32,False,1455.3365
2980,677.6046,79458.58,1,25,False,1490.7302
2981,1404.6018,46087.06,1,52,False,3090.124
2982,1182.3119,105532.61,1,39,False,2601.0862
2983,476.19644,17389.574,1,31,False,1047.6322
2984,1349.5625,43598.9,1,52,False,2969.0376
2985,787.09784,40926.684,1,42,False,1731.6152
2986,552.5478,45784.062,1,22,False,1215.6052
2987,1424.4636,127277.32,1,40,False,3133.82
2988,608.21783,45977.367,1,32,False,1338.0792
2989,744.01245,39495.59,1,41,False,1636.8274
2990,476.46228,23633.572,1,19,False,1048.217
2991,2681.7473,144732.4,1,48,False,5899.844
2992,460.6393,15911.881,1,27,False,1013.4065
2993,504.5559,32124.645,1,20,False,1110.0231
2994,2096.106,193867.06,1,41,False,4611.433
2995,1542.1364,72720.086,1,48,False,3392.7
2996,552.8532,49199.414,1,18,False,1216.2771
2997,630.18585,50875.254,1,32,False,1386.4089
2998,573.33356,23451.176,1,39,False,1261.3339
2999,575.0449,47332.69,1,27,False,1265.0989
3000,563.03326,37793.242,1,31,False,1238.6732
3001,1662.0836,57727.05,1,52,False,3656.584
3002,551.7828,14984.703,1,43,False,1213.9221
3003,631.4345,68738.164,1,23,False,1389.156
3004,2175.8926,112767.336,1,48,False,4786.964
3005,915.8318,42477.074,1,45,False,2014.83
3006,743.0893,83906.38,1,30,False,1634.7965
3007,605.4729,64090.75,1,20,False,1332.0404
3008,646.54004,30748.184,1,40,False,1422.3881
3009,759.15784,21438.803,1,49,False,1670.1472
3010,770.84814,23982.207,1,48,False,1695.866
3011,671.1714,63202.07,1,31,False,1476.577
3012,572.1337,47803.883,1,26,False,1258.6942
3013,833.0697,138670.06,1,19,False,1832.7534
3014,736.2588,94133.984,1,26,False,1619.7694
3015,1221.1997,93977.086,1,41,False,2686.6394
3016,594.5054,61712.57,1,19,False,1307.9119
3017,474.98273,23156.23,1,19,False,1044.962
3018,1126.7394,64864.11,1,44,False,2478.8267
3019,941.6053,52620.49,1,43,False,2071.5317
3020,622.3762,20112.025,1,44,False,1369.2277
3021,1027.592,131628.34,1,33,False,2260.7026
3022,916.15967,120765.97,1,31,False,2015.5513
3023,517.80286,20019.438,1,36,False,1139.1663
3024,1163.3031,30017.695,1,54,False,2559.2668
3025,519.95685,32203.104,1,27,False,1143.9052
3026,876.76385,81443.07,1,36,False,1928.8805
3027,2477.1792,74277.13,1,55,False,5449.7944
3028,1282.145,51808.22,1,49,False,2820.719
3029,592.52313,62246.906,1,18,False,1303.5509
3030,513.0431,17848.46,1,37,False,1128.6948
3031,1885.7278,67837.29,1,52,False,4148.601
3032,559.1016,46123.137,1,24,False,1230.0236
3033,598.4879,29043.318,1,38,False,1316.6735
3034,623.53015,14673.131,1,48,False,1371.7664
3035,564.43,51090.16,1,20,False,1241.746
3036,854.7942,66525.875,1,38,False,1880.5472
3037,446.29303,12807.585,1,24,False,981.84467
3038,1812.4363,50744.938,1,55,False,3987.3599
3039,843.08527,55136.66,1,40,False,1854.7876
3040,506.13773,32093.047,1,21,False,1113.503
3041,1042.5739,67754.68,1,42,False,2293.6626
3042,571.5788,44965.39,1,28,False,1257.4734
3043,601.1217,62712.438,1,20,False,1322.4678
3044,1190.633,76663.1,1,43,False,2619.3928
3045,1016.843,76697.45,1,40,False,2237.0547
3046,802.32855,112784.555,1,26,False,1765.1228
3047,620.8104,65541.48,1,23,False,1365.783
3048,547.4737,34137.293,1,31,False,1204.4421
3049,505.82755,29778.629,1,25,False,1112.8207
3050,757.7475,21356.924,1,49,False,1667.0446
3051,1086.9705,56428.07,1,45,False,2391.335
3052,1182.6527,143893.34,1,35,False,2601.836
3053,561.93225,37534.516,1,31,False,1236.251
3054,625.29224,71644.016,1,19,False,1375.643
3055,824.7865,27390.576,1,48,False,1814.5304
3056,1242.082,58432.19,1,47,False,2732.5806
3057,901.29083,136934.22,1,27,False,1982.8398
3058,2824.5974,86575.89,1,55,False,6214.1143
3059,569.325,14230.299,1,45,False,1252.515
3060,1285.2804,78931.38,1,44,False,2827.617
3061,2195.9038,81859.44,1,52,False,4830.9883
3062,1043.1147,57444.117,1,44,False,2294.8525
3063,1279.9738,85288.59,1,43,False,2815.9424
3064,493.7151,25667.39,1,26,False,1086.1732
3065,584.7216,52595.656,1,25,False,1286.3876
3066,3811.9932,121530.125,1,55,False,8386.385
3067,909.1317,113067.23,1,32,False,2000.0898
3068,717.1301,77514.03,1,30,False,1577.6863
3069,544.9865,24670.959,1,36,False,1198.9703
3070,604.4906,21750.832,1,42,False,1329.8794
3071,1013.2957,54798.234,1,44,False,2229.2507
3072,947.5873,57779.984,1,42,False,2084.6921
3073,1184.5696,46142.094,1,49,False,2606.0532
3074,488.80212,26263.89,1,22,False,1075.3647
3075,970.3049,70922.8,1,40,False,2134.6707
3076,587.82733,54606.63,1,24,False,1293.2202
3077,2023.8767,63047.125,1,54,False,4452.529
3078,995.70245,80380.375,1,39,False,2190.5454
3079,1140.9016,40169.305,1,50,False,2509.9836
3080,809.6191,33818.78,1,45,False,1781.162
3081,844.28107,121276.766,1,27,False,1857.4183
3082,988.5707,27279.52,1,52,False,2174.8555
3083,1208.2407,34352.805,1,53,False,2658.1296
3084,849.03973,134212.08,1,23,False,1867.8875
3085,508.44388,32278.572,1,22,False,1118.5765
3086,1253.9928,46206.887,1,50,False,2758.7842
3087,583.75464,35961.434,1,34,False,1284.2603
3088,444.37738,12006.472,1,25,False,977.63025
3089,665.5616,45303.164,1,36,False,1464.2355
3090,514.3988,22276.35,1,34,False,1131.6774
3091,606.6951,61294.332,1,23,False,1334.7294
3092,1458.6735,121089.97,1,41,False,3209.0818
3093,560.06287,8505.253,1,51,False,1232.1383
3094,667.2304,36107.098,1,39,False,1467.907
3095,1081.0945,71799.79,1,42,False,2378.408
3096,468.99628,8717.6,1,40,False,1031.7919
3097,1572.3273,145625.06,1,40,False,3459.12
3098,1098.3918,67757.6,1,43,False,2416.4622
3099,2121.722,118936.92,1,47,False,4667.7886
3100,655.37537,31844.502,1,40,False,1441.8258
3101,621.75354,35070.71,1,37,False,1367.8578
3102,536.9222,43959.727,1,18,False,1181.2289
3103,1480.4504,276604.94,1,29,False,3256.991
3104,925.2874,143524.72,1,27,False,2035.6323
3105,1270.9586,55584.32,1,48,False,2796.1091
3106,980.9705,61285.57,1,42,False,2158.1353
3107,886.3992,83091.805,1,36,False,1950.0782
3108,2118.288,338751.53,1,34,False,4660.234
3109,1044.0631,67911.055,1,42,False,2296.939
3110,1628.9846,51872.59,1,53,False,3583.7664
3111,557.21545,38135.45,1,30,False,1225.874
3112,672.62695,60337.586,1,32,False,1479.7793
3113,520.0827,31262.07,1,28,False,1144.182
3114,1049.3655,74358.414,1,41,False,2308.604
3115,500.7064,15894.063,1,37,False,1101.5541
3116,753.63403,40594.094,1,41,False,1657.9949
3117,1254.3413,89992.766,1,42,False,2759.551
3118,1037.067,67176.4,1,42,False,2281.5476
3119,677.0438,34533.273,1,40,False,1489.4965
3120,536.43854,41529.473,1,21,False,1180.1648
3121,1582.2012,114467.48,1,43,False,3480.8428
3122,471.83228,18985.996,1,27,False,1038.031
3123,669.8843,19074.418,1,47,False,1473.7455
3124,663.5732,23767.422,1,44,False,1459.8611
3125,559.64594,49574.703,1,20,False,1231.2211
3126,704.8239,16888.494,1,50,False,1550.6127
3127,773.4244,107170.85,1,25,False,1701.5337
3128,492.30084,23869.203,1,28,False,1083.0619
3129,585.17505,59830.016,1,18,False,1287.3851
3130,722.4458,31461.498,1,43,False,1589.3807
3131,888.0257,47447.57,1,43,False,1953.6566
3132,476.47946,13864.703,1,35,False,1048.2549
3133,3283.5505,111394.28,1,54,False,7223.8115
3134,479.98465,23169.219,1,23,False,1055.9663
3135,468.0487,21307.297,1,18,False,1029.7072
3136,3101.4614,335368.6,1,40,False,6823.2153
3137,2254.1235,77903.34,1,53,False,4959.072
3138,1425.6403,107981.09,1,42,False,3136.4087
3139,725.73413,72178.06,1,32,False,1596.6151
3140,657.64166,34814.66,1,39,False,1446.8116
3141,490.57825,17576.154,1,34,False,1079.2722
3142,546.04675,39368.527,1,27,False,1201.3029
3143,568.96545,22862.443,1,39,False,1251.724
3144,1056.584,23987.453,1,55,False,2324.4849
3145,652.40674,14090.11,1,50,False,1435.2948
3146,1502.6461,54795.266,1,51,False,3305.8215
3147,1817.4982,176047.3,1,40,False,3998.496
3148,679.60803,78142.37,1,26,False,1495.1377
3149,608.06134,45942.504,1,32,False,1337.735
3150,570.2251,48403.18,1,25,False,1254.4952
3151,465.146,4365.799,1,49,False,1023.3212
3152,663.6289,35621.688,1,39,False,1459.9836
3153,527.43933,15969.526,1,40,False,1160.3666
3154,575.79297,55676.215,1,19,False,1266.7445
3155,853.40454,40611.133,1,44,False,1877.49
3156,479.10175,24942.654,1,18,False,1054.0238
3157,678.63153,54682.316,1,34,False,1492.9894
3158,718.17786,54306.63,1,36,False,1579.9913
3159,2294.708,168497.72,1,44,False,5048.358
3160,2010.3738,86587.63,1,50,False,4422.8223
3161,1502.5713,59477.688,1,50,False,3305.657
3162,488.01276,23429.863,1,27,False,1073.628
3163,977.4064,21184.541,1,55,False,2150.294
3164,688.7725,80729.29,1,26,False,1515.2996
3165,1491.2579,42604.824,1,54,False,3280.7676
3166,1735.349,61039.152,1,52,False,3817.7678
3167,1279.8737,109335.75,1,40,False,2815.7222
3168,452.509,14902.247,1,23,False,995.51984
3169,2435.3723,152879.7,1,46,False,5357.8193
3170,810.6551,108584.48,1,28,False,1783.4413
3171,447.72174,9664.61,1,33,False,984.98785
3172,3798.964,328486.9,1,43,False,8357.722
3173,879.06116,64658.79,1,39,False,1933.9346
3174,779.98254,34096.418,1,44,False,1715.9617
3175,2518.4294,75737.45,1,55,False,5540.545
3176,483.82288,22874.97,1,26,False,1064.4104
3177,1344.1782,77395.27,1,45,False,2957.1921
3178,926.52594,26502.148,1,51,False,2038.357
3179,1255.2594,251718.31,1,24,False,2761.5708
3180,1221.5591,52462.74,1,48,False,2687.43
3181,892.2296,84089.48,1,36,False,1962.9052
3182,515.65155,26660.176,1,31,False,1134.4335
3183,1573.4315,96083.71,1,45,False,3461.5493
3184,612.85333,49499.32,1,31,False,1348.2773
3185,454.97546,16160.042,1,21,False,1000.94604
3186,570.09155,41306.21,1,30,False,1254.2014
3187,1181.9271,234372.53,1,23,False,2600.2397
3188,941.04193,99405.22,1,35,False,2070.2922
3189,652.37195,36923.305,1,38,False,1435.2183
3190,673.2393,11208.701,1,54,False,1481.1266
3191,517.2159,25688.156,1,32,False,1137.875
3192,510.86832,16229.715,1,38,False,1123.9103
3193,534.94165,11427.43,1,45,False,1176.8717
3194,720.3258,93737.27,1,24,False,1584.7168
3195,1372.9727,52558.82,1,50,False,3020.5398
3196,6317.0586,210210.58,1,55,False,13897.529
3197,477.78983,22508.871,1,23,False,1051.1377
3198,557.9143,49908.848,1,19,False,1227.4115
3199,520.9469,16390.2,1,39,False,1146.0833
3200,541.3383,31066.322,1,32,False,1190.9443
3201,867.4817,41860.18,1,44,False,1908.4597
3202,653.24603,37051.168,1,38,False,1437.1414
3203,576.4303,52188.152,1,23,False,1268.1467
3204,771.2552,108778.17,1,24,False,1696.7615
3205,2423.1045,99998.69,1,51,False,5330.83
3206,492.7807,27019.406,1,23,False,1084.1176
3207,568.1672,48800.457,1,24,False,1249.9678
3208,737.12036,94377.26,1,26,False,1621.6648
3209,2057.2776,114504.28,1,47,False,4526.0107
3210,617.9283,29461.893,1,39,False,1359.4423
3211,1388.6938,88107.23,1,44,False,3055.1265
3212,1713.8246,65166.152,1,51,False,3770.414
3213,471.5163,21311.178,1,21,False,1037.3358
3214,2482.9517,94836.03,1,52,False,5462.4937
3215,1213.1841,56444.484,1,47,False,2669.0051
3216,460.79868,12415.063,1,33,False,1013.7571
3217,805.9684,39525.27,1,43,False,1773.1305
3218,596.5864,51619.992,1,28,False,1312.4901
3219,772.5308,30795.342,1,45,False,1699.5679
3220,824.81036,133567.34,1,20,False,1814.5829
3221,987.3632,137496.4,1,31,False,2172.1992
3222,695.4693,36819.62,1,40,False,1530.0325
3223,522.2599,33725.11,1,26,False,1148.9718
3224,1047.0438,45016.777,1,47,False,2303.4966
3225,583.5093,42604.445,1,31,False,1283.7205
3226,541.6028,31125.316,1,32,False,1191.5261
3227,432.039,2572.7766,1,48,False,950.48584
3228,4887.581,203542.03,1,52,False,10752.679
3229,836.1641,50016.723,1,41,False,1839.5612
3230,596.4468,43352.957,1,32,False,1312.183
3231,692.88965,64855.277,1,32,False,1524.3573
3232,674.8824,46898.082,1,36,False,1484.7413
3233,1380.0272,35437.492,1,55,False,3036.06
3234,482.01706,22365.201,1,26,False,1060.4375
3235,680.46545,11486.045,1,54,False,1497.024
3236,731.4172,16920.398,1,51,False,1609.1178
3237,577.3232,20464.338,1,41,False,1270.1111
3238,718.88226,84163.445,1,28,False,1581.541
3239,1010.35364,89275.0,1,38,False,2222.778
3240,481.09937,24694.578,1,20,False,1058.4186
3241,427.4522,5936.381,1,31,False,940.3949
3242,1331.9011,50366.164,1,50,False,2930.1826
3243,523.7646,35687.098,1,24,False,1152.2821
3244,521.39825,34988.273,1,24,False,1147.0762
3245,2091.315,107422.86,1,48,False,4600.893
3246,612.5403,55865.395,1,28,False,1347.5886
3247,477.8004,22895.018,1,22,False,1051.1609
3248,465.23328,19046.676,1,22,False,1023.51324
3249,594.4489,40525.6,1,33,False,1307.7876
3250,1012.065,24213.076,1,54,False,2226.543
3251,640.6423,47186.363,1,34,False,1409.4131
3252,3112.0823,113628.76,1,53,False,6846.581
3253,543.30145,16579.998,1,41,False,1195.2632
3254,1671.3684,53637.4,1,53,False,3677.0105
3255,824.5504,103965.91,1,30,False,1814.011
3256,1129.8665,46668.67,1,48,False,2485.7063
3257,1008.8694,89057.99,1,38,False,2219.5127
3258,924.34875,39733.91,1,46,False,2033.5673
3259,593.49304,57322.055,1,23,False,1305.6847
3260,619.5627,71140.086,1,18,False,1363.038
3261,514.87305,31639.965,1,26,False,1132.7207
3262,7322.7173,245811.22,1,55,False,16109.979
3263,649.23425,79367.36,1,19,False,1428.3154
3264,2454.0999,141799.12,1,47,False,5399.02
3265,1616.5408,117782.79,1,43,False,3556.39
3266,2214.1382,64965.375,1,55,False,4871.104
3267,1356.7462,151510.44,1,37,False,2984.8418
3268,1570.164,58110.99,1,51,False,3454.3608
3269,576.4158,27888.176,1,37,False,1268.1147
3270,1015.4314,50596.297,1,45,False,2233.9492
3271,486.6139,22355.883,1,28,False,1070.5505
3272,500.5904,9306.002,1,44,False,1101.2988
3273,484.2584,25279.385,1,21,False,1065.3685
3274,1381.2726,53001.926,1,50,False,3038.7998
3275,1036.2096,116928.52,1,35,False,2279.6611
3276,759.2205,25219.252,1,47,False,1670.2852
3277,905.1768,112185.414,1,32,False,1991.389
3278,564.33765,18981.725,1,41,False,1241.5428
3279,688.6859,23960.46,1,45,False,1515.109
3280,897.2974,159389.08,1,19,False,1974.0543
3281,575.6107,51941.59,1,23,False,1266.3436
3282,1347.7255,43515.86,1,52,False,2964.996
3283,728.965,60355.19,1,35,False,1603.7231
3284,461.17566,19046.824,1,18,False,1014.5865
3285,998.5802,38372.633,1,48,False,2196.8765
3286,569.512,50106.56,1,23,False,1252.9265
3287,825.875,133904.62,1,20,False,1816.925
3288,583.613,13140.372,1,47,False,1283.9486
3289,4558.7183,204878.12,1,51,False,10029.181
3290,567.4785,45254.62,1,27,False,1248.4528
3291,959.8978,20564.74,1,55,False,2111.7751
3292,486.3602,17791.4,1,33,False,1069.9924
3293,1877.2816,62211.66,1,53,False,4130.0195
3294,500.261,17017.725,1,36,False,1100.5742
3295,636.3294,31942.076,1,39,False,1399.9247
3296,530.1105,40939.71,1,19,False,1166.243
3297,1034.1459,124831.34,1,34,False,2275.121
3298,908.52484,112931.99,1,32,False,1998.7546
3299,499.0735,29893.143,1,21,False,1097.9617
3300,552.20074,42177.06,1,26,False,1214.8417
3301,464.58224,13953.287,1,32,False,1022.08093
3302,439.36948,9783.982,1,28,False,966.61285
3303,469.05008,18704.816,1,26,False,1031.9102
3304,827.44073,122793.11,1,25,False,1820.3696
3305,1091.7411,93324.96,1,39,False,2401.8306
3306,797.9104,67949.99,1,36,False,1755.403
3307,557.93823,15578.993,1,43,False,1227.4641
3308,493.9426,28295.29,1,21,False,1086.6737
3309,489.90225,25172.854,1,25,False,1077.785
3310,814.28876,43782.066,1,42,False,1791.4353
3311,734.222,41628.297,1,40,False,1615.2885
3312,476.28607,22431.305,1,22,False,1047.8293
3313,618.94165,66115.055,1,22,False,1361.6716
3314,602.5599,60050.152,1,23,False,1325.6317
3315,685.65405,27909.428,1,43,False,1508.439
3316,1795.9865,63780.387,1,52,False,3951.1702
3317,1669.6465,122909.87,1,43,False,3673.2224
3318,1104.9325,156721.7,1,32,False,2430.8516
3319,2310.1917,74036.09,1,54,False,5082.422
3320,1359.4644,72315.42,1,46,False,2990.8215
3321,641.93787,41260.758,1,36,False,1412.2633
3322,768.99866,113953.83,1,21,False,1691.7971
3323,467.83484,21236.934,1,18,False,1029.2367
3324,1007.80475,103866.16,1,36,False,2217.1704
3325,651.122,39723.35,1,37,False,1432.4685
3326,4030.734,164806.56,1,52,False,8867.614
3327,868.59283,80044.93,1,36,False,1910.9043
3328,1275.5497,47357.727,1,50,False,2806.2095
3329,529.0831,41381.457,1,18,False,1163.9829
3330,639.21545,76135.4,1,19,False,1406.274
3331,862.67737,73238.59,1,37,False,1897.8903
3332,585.7521,36355.613,1,34,False,1288.6545
3333,643.3569,53811.74,1,32,False,1415.3851
3334,801.6499,102425.44,1,29,False,1763.6299
3335,557.33875,16799.312,1,42,False,1226.1453
3336,2529.3718,89364.69,1,53,False,5564.618
3337,665.18915,75867.98,1,25,False,1463.4161
3338,4028.578,129197.336,1,55,False,8862.871
3339,802.6284,28205.021,1,47,False,1765.7826
3340,555.98413,50229.168,1,18,False,1223.1652
3341,611.4914,58913.938,1,26,False,1345.2811
3342,786.4687,90293.02,1,31,False,1730.2312
3343,1126.5809,70479.125,1,43,False,2478.478
3344,573.99414,18548.314,1,42,False,1262.7871
3345,743.91846,63108.676,1,35,False,1636.6206
3346,3712.2263,248490.84,1,46,False,8166.898
3347,749.333,81567.35,1,31,False,1648.5326
3348,1191.1942,185389.78,1,31,False,2620.6274
3349,779.1605,115177.234,1,22,False,1714.1532
3350,3954.3794,148702.03,1,53,False,8699.635
3351,635.9918,64071.39,1,27,False,1399.182
3352,2523.199,75906.26,1,55,False,5551.038
3353,981.4916,61340.31,1,42,False,2159.2815
3354,803.0912,50173.938,1,40,False,1766.8007
3355,2740.1675,90538.84,1,54,False,6028.3687
3356,516.81934,32957.586,1,25,False,1137.0026
3357,1319.9373,225953.42,1,30,False,2903.862
3358,562.62213,23798.264,1,38,False,1237.7687
3359,733.7336,95691.88,1,25,False,1614.2139
3360,1164.9946,150650.12,1,34,False,2562.9883
3361,537.773,43411.555,1,19,False,1183.1007
3362,479.73346,20524.95,1,28,False,1055.4136
3363,1040.1735,126020.766,1,34,False,2288.3816
3364,595.1681,58835.137,1,22,False,1309.3699
3365,1310.0192,95839.59,1,42,False,2882.0422
3366,1483.342,45808.027,1,53,False,3263.3525
3367,1213.9291,199849.14,1,30,False,2670.644
3368,507.5288,9192.763,1,45,False,1116.5634
3369,900.56036,67556.555,1,39,False,1981.2328
3370,1255.5874,146265.38,1,36,False,2762.2922
3371,590.94714,54396.195,1,25,False,1300.0837
3372,955.8585,63682.51,1,41,False,2102.8887
3373,527.9551,35332.863,1,26,False,1161.5012
3374,563.62274,50834.426,1,20,False,1239.9701
3375,449.28455,13125.248,1,26,False,988.426
3376,665.3561,28142.416,1,42,False,1463.7834
3377,887.58374,26645.463,1,50,False,1952.6843
3378,785.02856,85397.96,1,32,False,1727.0629
3379,506.41064,31655.984,1,22,False,1114.1034
3380,540.0638,32396.246,1,31,False,1188.1404
3381,525.80023,36954.387,1,23,False,1156.7605
3382,1042.9567,27470.35,1,53,False,2294.5046
3383,609.0624,62006.598,1,23,False,1339.9373
3384,1461.6665,67635.17,1,48,False,3215.6663
3385,1178.3735,96741.055,1,40,False,2592.4219
3386,719.3455,84286.62,1,28,False,1582.5602
3387,686.0037,77806.83,1,27,False,1509.2083
3388,520.11066,38430.383,1,18,False,1144.2435
3389,1192.7152,36508.312,1,52,False,2623.9736
3390,484.36328,24904.643,1,22,False,1065.5992
3391,479.29684,24547.943,1,19,False,1054.4531
3392,639.5365,58406.79,1,30,False,1406.9803
3393,625.3617,28120.256,1,40,False,1375.7958
3394,1815.6964,161852.0,1,41,False,3994.5322
3395,647.41266,48522.246,1,34,False,1424.3079
3396,1007.8157,166190.56,1,27,False,2217.1946
3397,670.4216,78999.12,1,24,False,1474.9275
3398,511.38217,26849.143,1,30,False,1125.0408
3399,571.3364,47578.742,1,26,False,1256.9402
3400,443.83514,13108.503,1,19,False,976.4373
3401,1109.0481,58227.824,1,45,False,2439.9058
3402,1133.8558,28887.48,1,54,False,2494.483
3403,485.66757,20517.057,1,30,False,1068.4686
3404,1001.3776,168973.25,1,26,False,2203.0308
3405,781.9764,114033.61,1,23,False,1720.348
3406,1052.6973,111547.914,1,36,False,2315.934
3407,1039.0847,93476.68,1,38,False,2285.9863
3408,459.8709,18617.682,1,18,False,1011.716
3409,515.7076,36293.527,1,19,False,1134.5568
3410,640.9248,38107.844,1,37,False,1410.0345
3411,462.3125,12733.462,1,33,False,1017.0875
3412,602.5094,32021.967,1,37,False,1325.5208
3413,512.304,32302.5,1,24,False,1127.0688
3414,844.42365,55302.723,1,40,False,1857.732
3415,1556.0525,379150.44,1,18,False,3423.3157
3416,1388.1237,49171.098,1,51,False,3053.872
3417,574.7057,55325.535,1,19,False,1264.3525
3418,539.0121,40929.652,1,23,False,1185.8267
3419,741.623,90214.78,1,28,False,1631.5706
3420,891.8062,21176.44,1,53,False,1961.9738
3421,6318.758,227887.7,1,54,False,13901.268
3422,563.16565,45272.312,1,26,False,1238.9645
3423,514.0815,36447.438,1,18,False,1130.9792
3424,952.0955,108641.414,1,34,False,2094.61
3425,498.02252,24514.994,1,29,False,1095.6495
3426,1798.0618,88892.15,1,48,False,3955.736
3427,888.9305,153877.84,1,20,False,1955.6471
3428,548.81396,41221.04,1,26,False,1207.3907
3429,1409.29,258345.11,1,29,False,3100.4382
3430,1831.6621,83718.19,1,49,False,4029.6567
3431,1621.8347,84552.984,1,47,False,3568.0364
3432,962.96436,149114.62,1,28,False,2118.5217
3433,1040.1409,184308.5,1,25,False,2288.31
3434,984.4526,61651.293,1,42,False,2165.7957
3435,826.2552,94589.586,1,32,False,1817.7615
3436,3498.17,152794.86,1,51,False,7695.974
3437,570.96625,19738.56,1,41,False,1256.1257
3438,733.03516,12533.701,1,55,False,1612.6774
3439,980.5156,47750.04,1,45,False,2157.1345
3440,657.11597,12295.458,1,52,False,1445.6552
3441,567.71564,38893.492,1,31,False,1248.9745
3442,916.913,64297.57,1,40,False,2017.2087
3443,558.7803,40105.44,1,29,False,1229.3167
3444,1041.6426,44645.277,1,47,False,2291.6138
3445,508.44522,22436.516,1,33,False,1118.5795
3446,1369.4675,93928.875,1,43,False,3012.8286
3447,729.2609,21354.283,1,48,False,1604.374
3448,623.4329,9297.092,1,54,False,1371.5525
3449,616.171,42357.773,1,34,False,1355.5763
3450,1670.0939,103963.41,1,45,False,3674.2065
3451,1307.7904,53297.406,1,49,False,2877.139
3452,467.33878,19691.467,1,22,False,1028.1454
3453,586.616,54248.957,1,24,False,1290.5553
3454,661.2157,70999.016,1,27,False,1454.6746
3455,953.267,53746.383,1,43,False,2097.1875
3456,1354.9484,40461.69,1,53,False,2980.8865
3457,904.28076,73762.76,1,38,False,1989.4177
3458,441.102,12444.534,1,18,False,970.4244
3459,501.662,24455.586,1,30,False,1103.6564
3460,520.23334,17599.254,1,38,False,1144.5134
3461,1027.9973,147044.03,1,31,False,2261.5942
3462,881.16656,88380.234,1,35,False,1938.5665
3463,1388.4537,57981.445,1,49,False,3054.5984
3464,457.03284,15666.516,1,25,False,1005.4723
3465,1072.1202,90680.4,1,39,False,2358.6646
3466,3473.8687,151601.47,1,51,False,7642.511
3467,1285.8496,78981.91,1,44,False,2828.8691
3468,585.2846,48612.52,1,28,False,1287.6262
3469,754.9207,82880.305,1,31,False,1660.8256
3470,623.1324,62200.055,1,26,False,1370.8912
3471,1117.1088,104887.05,1,38,False,2457.6394
3472,2484.7266,103024.984,1,51,False,5466.3984
3473,565.75525,41895.17,1,29,False,1244.6616
3474,513.36334,29474.041,1,28,False,1129.3994
3475,1404.7471,36312.594,1,55,False,3090.4436
3476,2083.1353,76761.51,1,52,False,4582.8975
3477,1046.2465,38109.793,1,49,False,2301.7422
3478,602.8454,27428.957,1,39,False,1326.2599
3479,1404.2273,49961.88,1,51,False,3089.3
3480,3067.6013,121266.25,1,52,False,6748.723
3481,588.1259,55707.203,1,23,False,1293.8771
3482,618.8893,40086.86,1,35,False,1361.5564
3483,599.70825,64609.95,1,18,False,1319.3582
3484,603.5654,53477.145,1,28,False,1327.844
3485,478.3237,10645.246,1,39,False,1052.3121
3486,773.7602,87306.97,1,31,False,1702.2725
3487,913.2615,69268.47,1,39,False,2009.1753
3488,658.20123,50651.074,1,34,False,1448.0427
3489,1138.7129,116968.93,1,37,False,2505.1685
3490,1029.1212,131949.92,1,33,False,2264.0667
3491,787.0467,94730.68,1,30,False,1731.5028
3492,619.8943,25324.754,1,41,False,1363.7675
3493,485.3321,26035.32,1,20,False,1067.7306
3494,1468.6447,122228.4,1,41,False,3231.0183
3495,542.44257,11136.677,1,46,False,1193.3737
3496,728.6603,44386.926,1,39,False,1603.0526
3497,787.2403,71085.516,1,35,False,1731.9287
3498,446.4525,12325.827,1,26,False,982.19556
3499,611.3951,60309.98,1,25,False,1345.0692
3500,2237.646,107293.305,1,49,False,4922.8213
3501,456.75647,15234.493,1,26,False,1004.86426
3502,4907.7026,188398.45,1,53,False,10796.946
3503,486.36807,22290.463,1,28,False,1070.0098
3504,900.2251,79186.99,1,37,False,1980.4952
3505,1506.3362,46765.504,1,53,False,3313.9397
3506,824.7329,52859.4,1,40,False,1814.4125
3507,472.2725,17907.63,1,29,False,1038.9995
3508,3952.2007,137057.61,1,54,False,8694.842
3509,2071.9534,64892.35,1,54,False,4558.2974
3510,3813.5828,182855.3,1,50,False,8389.882
3511,458.86005,18285.15,1,18,False,1009.4921
3512,586.2636,43251.645,1,31,False,1289.78
3513,1008.97296,59124.56,1,43,False,2219.7405
3514,1155.4685,52474.613,1,47,False,2542.0308
3515,748.49854,85238.336,1,30,False,1646.6968
3516,1015.03326,42814.984,1,47,False,2233.0732
3517,3744.2637,273046.97,1,45,False,8237.38
3518,1837.1368,51619.363,1,55,False,4041.7012
3519,495.21405,4976.364,1,52,False,1089.471
3520,1889.8115,53484.066,1,55,False,4157.5854
3521,1266.2031,137166.31,1,37,False,2785.647
3522,563.2362,23888.045,1,38,False,1239.1196
3523,533.50214,22705.766,1,36,False,1173.7047
3524,510.82596,25526.35,1,31,False,1123.8171
3525,931.8173,21133.121,1,54,False,2049.998
3526,514.30347,34072.875,1,22,False,1131.4677
3527,760.69226,103488.53,1,25,False,1673.523
3528,1260.728,169540.05,1,34,False,2773.6018
3529,442.82452,7189.508,1,36,False,974.214
3530,546.4392,36938.68,1,29,False,1202.1663
3531,912.0954,63699.797,1,40,False,2006.6099
3532,1247.4491,58801.402,1,47,False,2744.3882
3533,1261.6665,228600.22,1,28,False,2775.6663
3534,444.78442,10008.832,1,31,False,978.52576
3535,422.42407,6301.4004,1,18,False,929.333
3536,6142.854,260289.12,1,52,False,13514.279
3537,1342.8242,91356.55,1,43,False,2954.2134
3538,852.79944,31655.938,1,47,False,1876.1588
3539,593.61035,57357.41,1,23,False,1305.9427
3540,598.1241,60739.676,1,21,False,1315.873
3541,558.86456,31050.234,1,34,False,1229.5021
3542,1141.6471,56005.266,1,46,False,2511.6238
3543,1209.4412,66411.734,1,45,False,2660.7705
3544,2785.1714,250747.69,1,42,False,6127.377
3545,744.3167,108070.52,1,20,False,1637.4968
3546,1420.3469,201035.5,1,34,False,3124.7632
3547,487.99973,17067.324,1,34,False,1073.5994
3548,1097.9078,37874.01,1,50,False,2415.3972
3549,601.2332,60692.527,1,22,False,1322.7131
3550,526.6628,10752.544,1,45,False,1158.6582
3551,1435.9573,128703.39,1,40,False,3159.106
3552,1193.2638,83578.875,1,42,False,2625.1804
3553,534.83167,37274.004,1,26,False,1176.6296
3554,1506.2185,43179.055,1,54,False,3313.6807
3555,1141.6049,136335.19,1,35,False,2511.5308
3556,629.8464,26461.018,1,41,False,1385.6621
3557,974.1503,140804.34,1,30,False,2143.1309
3558,623.1416,40869.824,1,35,False,1370.9115
3559,719.39215,91544.01,1,25,False,1582.6627
3560,1892.9128,53593.85,1,55,False,4164.408
3561,1672.34,298442.75,1,31,False,3679.148
3562,848.976,24584.326,1,50,False,1867.7473
3563,934.273,31607.578,1,49,False,2055.4006
3564,578.5963,14986.093,1,45,False,1272.9119
3565,506.8814,20793.018,1,34,False,1115.1392
3566,1791.1886,88457.79,1,48,False,3940.615
3567,1000.7383,179855.53,1,23,False,2201.6243
3568,2057.8767,96854.29,1,49,False,4527.329
3569,1785.3138,49784.805,1,55,False,3927.6904
3570,649.94916,24462.258,1,43,False,1429.8882
3571,838.81177,102591.8,1,31,False,1845.386
3572,826.97003,23409.49,1,50,False,1819.3341
3573,546.92755,16994.021,1,41,False,1203.2406
3574,549.4086,39065.805,1,28,False,1208.699
3575,477.91617,9824.414,1,40,False,1051.4156
3576,513.11835,16558.758,1,38,False,1128.8604
3577,5812.239,226063.34,1,53,False,12786.926
3578,484.2381,14275.949,1,36,False,1065.3239
3579,506.14456,19327.023,1,35,False,1113.5181
3580,639.5253,52957.48,1,32,False,1406.9558
3581,598.37054,55210.11,1,26,False,1316.4153
3582,529.27094,41443.19,1,18,False,1164.3961
3583,577.06055,10067.617,1,50,False,1269.5332
3584,2750.5525,98574.68,1,53,False,6051.216
3585,681.43536,35078.215,1,40,False,1499.1578
3586,1238.255,132738.72,1,37,False,2724.1611
3587,681.61255,29849.525,1,42,False,1499.5476
3588,814.95795,109729.52,1,28,False,1792.9075
3589,1116.181,141018.31,1,34,False,2455.5984
3590,524.7009,34414.195,1,26,False,1154.342
3591,1535.4352,101127.61,1,44,False,3377.9575
3592,712.0397,17273.736,1,50,False,1566.4873
3593,604.6628,61742.63,1,22,False,1330.2582
3594,902.13544,132927.67,1,28,False,1984.698
3595,2353.6218,75702.96,1,54,False,5177.9683
3596,1563.4987,342750.28,1,24,False,3439.697
3597,2136.2585,79163.03,1,52,False,4699.769
3598,518.92145,37330.324,1,19,False,1141.6272
3599,2709.0237,485282.94,1,33,False,5959.852
3600,1057.2538,184746.36,1,26,False,2325.9585
3601,461.2153,13869.566,1,31,False,1014.6737
3602,495.18552,26700.762,1,25,False,1089.4082
3603,487.40662,21790.988,1,29,False,1072.2946
3604,758.8682,83807.85,1,31,False,1669.5101
3605,830.0093,78960.63,1,35,False,1826.0205
3606,753.97876,78475.35,1,32,False,1658.7533
3607,462.8772,13573.175,1,32,False,1018.32983
3608,997.96674,30010.574,1,51,False,2195.5269
3609,612.73346,44371.387,1,33,False,1348.0137
3610,454.20853,11640.455,1,32,False,999.2588
3611,818.63104,24892.357,1,49,False,1800.9883
3612,958.7523,147993.73,1,28,False,2109.2551
3613,452.7299,14422.106,1,25,False,996.0058
3614,2721.1729,160169.3,1,47,False,5986.5806
3615,800.79034,119694.45,1,23,False,1761.7388
3616,1130.6863,39623.93,1,50,False,2487.5098
3617,501.86542,29752.84,1,23,False,1104.1039
3618,1182.6317,97269.46,1,40,False,2601.7898
3619,650.9014,26624.475,1,42,False,1431.9832
3620,490.60425,27705.326,1,20,False,1079.3293
3621,763.28815,49054.32,1,39,False,1679.234
3622,433.72552,9096.013,1,24,False,954.19617
3623,682.08655,15674.615,1,50,False,1500.5905
3624,529.8765,38841.684,1,22,False,1165.7284
3625,646.11426,73154.95,1,23,False,1421.4514
3626,493.90848,26331.445,1,25,False,1086.5986
3627,1125.0994,42688.715,1,49,False,2475.2188
3628,501.3806,13752.9795,1,39,False,1103.0374
3629,1321.4784,105426.086,1,41,False,2907.2524
3630,841.7206,59625.83,1,39,False,1851.7853
3631,1920.1932,63998.504,1,53,False,4224.4253
3632,1466.863,73893.4,1,47,False,3227.0986
3633,640.7242,53224.83,1,32,False,1409.5933
3634,515.82806,33953.938,1,23,False,1134.8218
3635,883.54224,123438.945,1,29,False,1943.793
3636,855.5718,56686.04,1,40,False,1882.2579
3637,1208.7567,43791.84,1,50,False,2659.265
3638,1056.8418,49655.008,1,46,False,2325.052
3639,792.1444,48815.65,1,40,False,1742.7178
3640,1078.7928,43441.297,1,48,False,2373.3442
3641,1726.7074,71443.586,1,50,False,3798.7563
3642,574.80365,23649.33,1,39,False,1264.5681
3643,571.3387,25072.965,1,38,False,1256.9452
3644,797.8836,78212.85,1,34,False,1755.344
3645,560.48376,44515.24,1,26,False,1233.0643
3646,1973.7555,108759.336,1,47,False,4342.262
3647,1798.9622,69347.23,1,51,False,3957.7168
3648,564.358,32134.193,1,34,False,1241.5875
3649,2444.9912,79209.805,1,54,False,5378.981
3650,1448.7563,130291.695,1,40,False,3187.264
3651,2243.945,71493.51,1,54,False,4936.679
3652,1355.4382,85156.516,1,44,False,2981.964
3653,543.0243,43580.348,1,21,False,1194.6534
3654,1047.503,110659.164,1,36,False,2304.5068
3655,1137.8284,31420.818,1,53,False,2503.2224
3656,606.4103,65552.9,1,19,False,1334.1027
3657,8340.047,390578.1,1,51,False,18348.104
3658,682.876,76947.84,1,27,False,1502.3271
3659,870.6219,35710.832,1,46,False,1915.3682
3660,529.0331,35637.17,1,26,False,1163.8728
3661,1713.0387,47226.24,1,55,False,3768.6853
3662,1075.4331,98792.3,1,38,False,2365.953
3663,1209.4075,56184.73,1,47,False,2660.6965
3664,493.7518,29761.059,1,18,False,1086.254
3665,945.1542,29718.965,1,50,False,2079.339
3666,587.43555,56467.344,1,22,False,1292.3583
3667,622.325,51724.883,1,31,False,1369.1151
3668,743.8656,71952.336,1,33,False,1636.5044
3669,3095.2986,104169.04,1,54,False,6809.657
3670,6311.847,443151.1,1,46,False,13886.064
3671,570.6698,15524.14,1,44,False,1255.4736
3672,840.4833,86618.44,1,34,False,1849.0632
3673,589.892,54091.074,1,25,False,1297.7625
3674,439.79144,11431.378,1,21,False,967.5412
3675,2933.362,135863.08,1,50,False,6453.3965
3676,657.697,70032.65,1,27,False,1446.9335
3677,2851.4336,94809.35,1,54,False,6273.154
3678,715.7165,12839.006,1,54,False,1574.5763
3679,686.51807,41916.914,1,38,False,1510.3397
3680,555.79456,21087.184,1,39,False,1222.748
3681,1402.3724,282168.3,1,26,False,3085.2195
3682,804.20807,124918.72,1,21,False,1769.2578
3683,505.51605,28998.635,1,26,False,1112.1354
3684,605.1928,14624.7,1,47,False,1331.4242
3685,832.6047,58397.15,1,39,False,1831.7303
3686,852.86365,119816.41,1,28,False,1876.3
3687,706.31476,12478.162,1,54,False,1553.8925
3688,530.0391,23726.754,1,35,False,1166.086
3689,467.2031,20646.695,1,19,False,1027.8468
3690,808.6117,100040.984,1,30,False,1778.9458
3691,538.13086,37194.457,1,27,False,1183.888
3692,526.58923,38462.117,1,21,False,1158.4963
3693,590.8006,57497.805,1,22,False,1299.7614
3694,545.5311,24764.182,1,36,False,1200.1685
3695,683.5672,15753.674,1,50,False,1503.8479
3696,947.3027,149570.98,1,27,False,2084.066
3697,959.88605,161097.8,1,25,False,2111.7493
3698,582.14386,57724.92,1,19,False,1280.7166
3699,1534.374,61175.54,1,50,False,3375.6228
3700,1202.1234,137116.95,1,36,False,2644.6716
3701,894.4881,56675.72,1,41,False,1967.8739
3702,737.8728,35757.523,1,42,False,1623.3202
3703,977.23474,51598.59,1,44,False,2149.9165
3704,4684.2256,152407.52,1,55,False,10305.297
3705,705.7443,52179.01,1,36,False,1552.6376
3706,521.2075,29268.65,1,30,False,1146.6566
3707,890.67004,56239.797,1,41,False,1959.4741
3708,1079.8938,84521.125,1,40,False,2375.7664
3709,682.2875,76786.266,1,27,False,1501.0325
3710,1622.6992,77810.95,1,48,False,3569.9385
3711,738.3716,25807.906,1,46,False,1624.4175
3712,941.866,92583.03,1,36,False,2072.1052
3713,1076.8298,51151.703,1,46,False,2369.0256
3714,918.4312,28292.31,1,50,False,2020.5487
3715,2592.5627,91995.94,1,53,False,5703.638
3716,728.5876,34782.414,1,42,False,1602.8927
3717,532.4972,14190.676,1,42,False,1171.4939
3718,594.7643,22455.625,1,41,False,1308.4814
3719,809.1049,43237.727,1,42,False,1780.0309
3720,2290.383,79413.22,1,53,False,5038.843
3721,857.6488,25047.326,1,50,False,1886.8274
3722,944.50824,41243.48,1,46,False,2077.9182
3723,608.62616,18891.975,1,44,False,1338.9775
3724,2127.1777,109689.03,1,48,False,4679.791
3725,5958.842,197529.48,1,55,False,13109.452
3726,1214.5996,181172.39,1,32,False,2672.1191
3727,1202.1221,108202.734,1,39,False,2644.6687
3728,706.3567,99686.57,1,18,False,1553.9847
3729,520.99536,9530.712,1,46,False,1146.1898
3730,636.31604,57613.77,1,30,False,1399.8953
3731,807.19244,33620.934,1,45,False,1775.8234
3732,813.02954,101128.914,1,30,False,1788.665
3733,425.5669,6566.2617,1,25,False,936.2472
3734,663.69556,58346.37,1,32,False,1460.1302
3735,560.8773,42117.695,1,28,False,1233.9302
3736,802.53656,122335.46,1,22,False,1765.5804
3737,3619.6658,172502.66,1,50,False,7963.2646
3738,711.32214,23782.408,1,46,False,1564.9087
3739,479.63452,24656.848,1,19,False,1055.1959
3740,596.1493,60124.67,1,21,False,1311.5284
3741,1131.4401,200143.2,1,27,False,2489.1682
3742,606.946,52464.605,1,29,False,1335.2812
3743,472.51483,17969.824,1,29,False,1039.5326
3744,1248.8639,30794.258,1,55,False,2747.5007
3745,665.7336,58800.734,1,32,False,1464.6139
3746,1078.6074,60593.336,1,44,False,2372.9363
3747,497.5926,28467.209,1,23,False,1094.7037
3748,497.1508,30307.355,1,19,False,1093.7318
3749,517.05347,22800.184,1,34,False,1137.5177
3750,1251.7806,124581.48,1,38,False,2753.9175
3751,684.69165,25641.262,1,44,False,1506.3217
3752,983.62427,34473.387,1,49,False,2163.9734
3753,511.2893,33697.4,1,21,False,1124.8365
3754,610.2787,13835.77,1,48,False,1342.6132
3755,479.4599,25060.447,1,18,False,1054.8118
3756,3339.4917,133557.62,1,52,False,7346.882
3757,876.31537,19002.922,1,54,False,1927.8938
3758,489.52118,23129.508,1,28,False,1076.9467
3759,574.92017,17218.535,1,43,False,1264.8243
3760,919.81573,46503.79,1,44,False,2023.5946
3761,5810.0103,225970.48,1,53,False,12782.022
3762,552.42145,44964.246,1,23,False,1215.3273
3763,668.80365,52743.086,1,34,False,1471.368
3764,1018.7123,26460.822,1,53,False,2241.167
3765,581.4611,47595.04,1,28,False,1279.2145
3766,1780.943,133655.19,1,43,False,3918.0747
3767,583.0842,56055.96,1,21,False,1282.7853
3768,2808.336,275183.75,1,41,False,6178.3394
3769,819.6503,136948.75,1,18,False,1803.2307
3770,921.6194,46663.855,1,44,False,2027.5627
3771,872.437,45942.598,1,43,False,1919.3615
3772,2305.8853,184336.25,1,43,False,5072.9478
3773,585.27625,55806.117,1,22,False,1287.6078
3774,949.54034,154340.36,1,26,False,2088.9888
3775,2761.18,248228.3,1,42,False,6074.596
3776,668.4191,42463.613,1,37,False,1470.5221
3777,932.7287,66260.06,1,40,False,2052.0032
3778,1091.6376,109511.15,1,37,False,2401.6028
3779,749.7986,92390.4,1,28,False,1649.5569
3780,708.32715,91873.77,1,23,False,1558.3197
3781,465.35037,17205.756,1,27,False,1023.7708
3782,530.04156,25362.955,1,34,False,1166.0914
3783,692.75256,33643.15,1,41,False,1524.0557
3784,4110.5757,132100.06,1,55,False,9043.267
3785,589.3373,18610.447,1,43,False,1296.542
3786,1654.0748,169119.3,1,39,False,3638.9646
3787,713.0887,93306.55,1,23,False,1568.7952
3788,838.1487,125889.836,1,25,False,1843.9271
3789,767.47974,23769.34,1,48,False,1688.4554
3790,825.68396,52977.37,1,40,False,1816.5048
3791,1002.1408,63508.723,1,42,False,2204.7097
3792,599.9659,61313.29,1,21,False,1319.9249
3793,617.4056,63342.02,1,24,False,1358.2924
3794,811.6824,40076.97,1,43,False,1785.7013
3795,575.9027,55711.617,1,19,False,1266.986
3796,818.8978,114305.44,1,27,False,1801.5753
3797,464.15817,19664.465,1,19,False,1021.148
3798,3896.8386,172373.4,1,51,False,8573.045
3799,1987.1016,109677.27,1,47,False,4371.6235
3800,492.51044,23100.668,1,29,False,1083.523
3801,650.19324,67971.73,1,27,False,1430.4252
3802,727.81976,102844.9,1,20,False,1601.2035
3803,589.3498,18611.662,1,43,False,1296.5696
3804,612.3315,51707.652,1,30,False,1347.1293
3805,696.7761,46955.99,1,37,False,1532.9075
3806,639.151,29831.312,1,40,False,1406.1322
3807,1243.2622,53834.176,1,48,False,2735.177
3808,842.2754,30932.078,1,47,False,1853.0059
3809,3988.5552,150125.06,1,53,False,8774.821
3810,497.08658,30286.666,1,19,False,1093.5905
3811,695.2689,94217.52,1,19,False,1529.5917
3812,473.4088,13299.333,1,35,False,1041.4994
3813,589.14667,43929.02,1,31,False,1296.1227
3814,919.5886,50494.88,1,43,False,2023.095
3815,804.9582,42802.227,1,42,False,1770.9081
3816,520.0142,36414.547,1,21,False,1144.0314
3817,506.6275,29312.41,1,26,False,1114.5806
3818,1614.8324,91437.49,1,46,False,3552.6313
3819,2471.9326,111228.8,1,50,False,5438.252
3820,578.54565,46819.242,1,28,False,1272.8004
3821,467.663,20795.01,1,19,False,1028.8586
3822,3714.87,210015.73,1,48,False,8172.7144
3823,932.2659,24734.154,1,52,False,2050.985
3824,453.83594,15556.604,1,22,False,998.4391
3825,590.36554,9993.406,1,51,False,1298.8042
3826,576.9339,54140.61,1,21,False,1269.2546
3827,538.0064,42017.656,1,21,False,1183.6141
3828,2354.2998,114067.266,1,49,False,5179.4595
3829,733.41223,81523.445,1,30,False,1613.507
3830,950.46,63066.137,1,41,False,2091.0122
3831,559.3155,40242.727,1,29,False,1230.4941
3832,919.3306,121511.0,1,31,False,2022.5275
3833,4225.469,222724.36,1,49,False,9296.032
3834,1769.6509,112079.266,1,45,False,3893.232
3835,784.6233,34508.227,1,44,False,1726.1713
3836,2627.143,93435.88,1,53,False,5779.715
3837,598.03424,36246.805,1,35,False,1315.6754
3838,506.18314,20655.242,1,34,False,1113.6029
3839,481.29456,24356.33,1,21,False,1058.848
3840,726.90796,37542.75,1,41,False,1599.1975
3841,580.47595,54336.203,1,22,False,1277.0471
3842,1223.7986,259949.64,1,20,False,2692.357
3843,495.41083,24696.744,1,28,False,1089.9038
3844,4136.839,144144.14,1,54,False,9101.046
3845,586.2067,38792.05,1,33,False,1289.6548
3846,640.7924,9963.366,1,54,False,1409.7434
3847,513.8633,33362.824,1,23,False,1130.4993
3848,846.04254,128172.96,1,25,False,1861.2936
3849,975.0615,65874.98,1,41,False,2145.1355
3850,696.2814,69102.02,1,31,False,1531.8191
3851,843.28955,144723.67,1,18,False,1855.237
3852,469.61588,21822.771,1,18,False,1033.1549
3853,489.88403,21555.32,1,30,False,1077.7449
3854,435.54584,8174.668,1,30,False,958.20087
3855,738.17816,100855.484,1,23,False,1623.992
3856,1356.6825,78414.62,1,45,False,2984.7017
3857,2358.9026,89228.12,1,52,False,5189.586
3858,469.96472,19406.615,1,25,False,1033.9224
3859,487.83347,13854.69,1,37,False,1073.2336
3860,666.6443,17397.531,1,48,False,1466.6174
3861,665.0907,23902.072,1,44,False,1463.1996
3862,3374.8352,173328.77,1,49,False,7424.6377
3863,1005.57794,111288.33,1,35,False,2212.2715
3864,819.8793,34655.156,1,45,False,1803.7345
3865,627.824,63524.434,1,26,False,1381.2128
3866,652.60266,29059.145,1,41,False,1435.7258
3867,2124.6946,66916.586,1,54,False,4674.328
3868,510.43295,20116.621,1,35,False,1122.9525
3869,975.5756,91124.266,1,37,False,2146.2664
3870,560.3115,25336.863,1,37,False,1232.6854
3871,884.34814,95273.82,1,34,False,1945.5659
3872,540.9089,35519.6,1,29,False,1189.9995
3873,568.1253,26574.77,1,37,False,1249.8757
3874,2820.4116,181711.52,1,46,False,6204.906
3875,1162.9884,57603.305,1,46,False,2558.5745
3876,536.4659,38639.61,1,25,False,1180.225
3877,792.47363,91703.97,1,31,False,1743.442
3878,588.61334,17116.281,1,44,False,1294.9493
3879,918.04346,121208.7,1,31,False,2019.6957
3880,789.7894,44722.074,1,41,False,1737.5367
3881,999.2215,80854.66,1,39,False,2198.2874
3882,467.00684,14493.848,1,32,False,1027.415
3883,540.9748,36821.51,1,28,False,1190.1445
3884,1495.2177,50183.543,1,52,False,3289.479
3885,1317.5214,114007.29,1,40,False,2898.547
3886,665.26825,86172.56,1,18,False,1463.5902
3887,529.16003,36526.62,1,25,False,1164.1521
3888,1500.3934,64481.684,1,49,False,3300.8657
3889,2218.3657,136630.23,1,46,False,4880.405
3890,1491.3302,42607.582,1,54,False,3280.9265
3891,713.4716,39053.44,1,40,False,1569.6376
3892,668.48,11026.035,1,54,False,1470.656
3893,673.3786,39995.426,1,38,False,1481.433
3894,455.09985,12432.592,1,31,False,1001.2197
3895,1113.4225,45629.54,1,48,False,2449.5295
3896,1538.2676,110225.81,1,43,False,3384.1887
3897,441.22885,9173.432,1,31,False,970.7035
3898,2701.139,134207.89,1,49,False,5942.506
3899,532.923,38391.824,1,24,False,1172.4305
3900,557.595,48925.13,1,20,False,1226.709
3901,668.3233,33451.184,1,40,False,1470.3113
3902,688.18976,12697.86,1,53,False,1514.0175
3903,1077.5349,26725.861,1,54,False,2370.577
3904,5000.3765,267722.53,1,49,False,11000.828
3905,566.40717,20804.86,1,40,False,1246.0958
3906,457.16028,14029.877,1,29,False,1005.7526
3907,1960.4147,55983.434,1,55,False,4312.9126
3908,774.9661,46684.016,1,40,False,1704.9255
3909,552.9295,38604.125,1,29,False,1216.445
3910,557.0545,50581.27,1,18,False,1225.5199
3911,742.3008,83712.234,1,30,False,1633.0618
3912,510.94455,31258.525,1,25,False,1124.078
3913,832.728,58413.742,1,39,False,1832.0017
3914,795.0418,113422.836,1,25,False,1749.092
3915,748.2032,22551.285,1,48,False,1646.047
3916,438.8624,7801.2026,1,33,False,965.4973
3917,808.3396,85513.12,1,33,False,1778.3472
3918,2565.0225,370329.47,1,36,False,5643.0493
3919,691.2959,49706.676,1,36,False,1520.851
3920,594.94305,58766.312,1,22,False,1308.8748
3921,805.3287,39463.504,1,43,False,1771.7231
3922,1524.7273,178122.53,1,37,False,3354.4001
3923,1075.6512,46984.484,1,47,False,2366.4329
3924,775.2987,43067.63,1,41,False,1705.6572
3925,866.7508,103618.31,1,32,False,1906.8518
3926,928.43835,33940.35,1,48,False,2042.5645
3927,614.2246,17890.469,1,45,False,1351.2942
3928,1092.4263,101277.4,1,38,False,2403.338
3929,519.6582,31149.096,1,28,False,1143.248
3930,1026.2002,22911.867,1,55,False,2257.6404
3931,3419.3638,268288.12,1,44,False,7522.6006
3932,1269.4497,43343.016,1,51,False,2792.7893
3933,665.81055,74247.484,1,26,False,1464.7832
3934,1022.7782,51195.19,1,45,False,2250.112
3935,483.38623,24605.436,1,22,False,1063.4497
3936,791.30316,86796.81,1,32,False,1740.867
3937,2195.5725,64308.137,1,55,False,4830.26
3938,504.8774,29503.803,1,25,False,1110.7303
3939,653.2759,70709.17,1,26,False,1437.2069
3940,559.3081,33134.496,1,33,False,1230.4779
3941,552.6602,20664.695,1,39,False,1215.8525
3942,472.09464,19058.043,1,27,False,1038.6083
3943,1550.9044,62058.027,1,50,False,3411.9897
3944,1078.025,36812.53,1,50,False,2371.655
3945,1109.6616,166232.3,1,31,False,2441.2556
3946,569.90625,48310.867,1,25,False,1253.7938
3947,515.7298,26678.562,1,31,False,1134.6056
3948,984.1551,56728.523,1,43,False,2165.1414
3949,467.3464,17753.97,1,27,False,1028.1621
3950,638.40784,46745.5,1,34,False,1404.4973
3951,603.2843,64544.598,1,19,False,1327.2255
3952,1002.2211,58472.75,1,43,False,2204.8865
3953,1005.58575,141778.06,1,31,False,2212.2888
3954,4897.3457,399429.28,1,44,False,10774.161
3955,1991.0015,85553.414,1,50,False,4380.203
3956,1351.8838,128388.41,1,39,False,2974.1443
3957,8846.764,382524.66,1,52,False,19462.88
3958,774.9324,22354.828,1,49,False,1704.8513
3959,572.03375,55507.875,1,18,False,1258.4742
3960,888.4945,34111.2,1,47,False,1954.688
3961,2555.5032,98115.875,1,52,False,5622.107
3962,2134.2,62135.54,1,55,False,4695.24
3963,740.6524,25978.705,1,46,False,1629.4353
3964,877.6893,50439.836,1,42,False,1930.9164
3965,767.8778,115533.58,1,20,False,1689.3312
3966,503.78152,17620.152,1,36,False,1108.3193
3967,498.90262,26420.69,1,27,False,1097.5858
3968,639.3022,23434.352,1,43,False,1406.4648
3969,622.7455,64918.996,1,24,False,1370.04
3970,1043.084,134886.8,1,33,False,2294.785
3971,538.19727,10016.517,1,47,False,1184.034
3972,605.23785,53922.18,1,28,False,1331.5233
3973,1053.2817,23870.572,1,55,False,2317.22
3974,2314.5498,111759.055,1,49,False,5092.01
3975,545.89136,41365.55,1,25,False,1200.961
3976,575.2774,55509.94,1,19,False,1265.6104
3977,1403.9148,49946.547,1,51,False,3088.6125
3978,1567.7407,122903.32,1,42,False,3449.0298
3979,1274.757,257476.44,1,24,False,2804.4653
3980,737.3409,20171.904,1,49,False,1622.15
3981,527.9145,23335.555,1,35,False,1161.4119
3982,752.3717,64665.08,1,35,False,1655.2178
3983,645.1536,26020.928,1,42,False,1419.338
3984,1584.9265,105518.89,1,44,False,3486.8384
3985,2829.9553,119979.03,1,51,False,6225.902
3986,704.85406,32290.14,1,42,False,1550.679
3987,939.61633,27145.01,1,51,False,2067.156
3988,1204.086,40133.035,1,51,False,2648.9895
3989,623.0166,54338.75,1,30,False,1370.6366
3990,1120.6234,64321.42,1,44,False,2465.3716
3991,481.98846,8246.339,1,43,False,1060.3746
3992,787.0598,23059.057,1,49,False,1731.5316
3993,584.9056,36188.58,1,34,False,1286.7924
3994,520.53516,26428.197,1,32,False,1145.1774
3995,419.5398,5054.3794,1,22,False,922.98755
3996,520.1078,11037.792,1,44,False,1144.2372
3997,468.73074,17597.137,1,28,False,1031.2076
3998,766.189,45594.89,1,40,False,1685.6158
3999,1230.2921,35271.004,1,53,False,2706.6428
4000,509.6571,30167.576,1,26,False,1121.2456
4001,997.263,94560.04,1,37,False,2193.9788
4002,997.081,94531.2,1,37,False,2193.5781
4003,669.7859,56371.176,1,33,False,1473.5289
4004,1815.3383,55043.25,1,54,False,3993.7441
4005,485.31555,25196.234,1,22,False,1067.6942
4006,510.54245,27727.623,1,29,False,1123.1934
4007,509.7971,12754.747,1,41,False,1121.5536
4008,786.9571,40911.938,1,42,False,1731.3057
4009,2004.3936,93748.53,1,49,False,4409.666
4010,1332.9768,147744.88,1,37,False,2932.549
4011,542.1196,41107.85,1,24,False,1192.6632
4012,659.0612,74095.74,1,25,False,1449.9347
4013,437.10648,5089.7646,1,39,False,961.6343
4014,641.7059,35363.504,1,38,False,1411.7529
4015,987.64264,34706.71,1,49,False,2172.814
4016,950.82385,164837.1,1,23,False,2091.8125
4017,693.584,68468.23,1,31,False,1525.8848
4018,665.8165,74249.23,1,26,False,1464.7964
4019,1021.947,71227.98,1,41,False,2248.2834
4020,852.2308,51851.152,1,41,False,1874.9077
4021,3579.5361,170360.25,1,50,False,7874.9795
4022,439.36734,7907.403,1,33,False,966.60815
4023,932.58136,56204.19,1,42,False,2051.679
4024,813.2836,123453.586,1,23,False,1789.224
4025,540.76624,11011.148,1,46,False,1189.6858
4026,1699.0613,97744.53,1,46,False,3737.9348
4027,548.8835,27196.611,1,35,False,1207.5437
4028,646.8536,54591.367,1,32,False,1423.0779
4029,495.46674,26782.146,1,25,False,1090.0269
4030,2579.9124,107699.44,1,51,False,5675.807
4031,671.3538,39699.297,1,38,False,1476.9784
4032,869.4317,98362.586,1,33,False,1912.7498
4033,647.77057,70830.3,1,25,False,1425.0953
4034,595.92285,26495.873,1,39,False,1311.0303
4035,837.371,74702.26,1,36,False,1842.2162
4036,786.41095,29405.09,1,46,False,1730.1041
4037,1458.5978,52632.062,1,51,False,3208.9153
4038,801.8163,39124.445,1,43,False,1763.9958
4039,788.5957,102714.42,1,28,False,1734.9106
4040,1130.9636,77036.62,1,42,False,2488.12
4041,993.22546,48786.117,1,45,False,2185.096
4042,721.29175,28888.79,1,44,False,1586.8419
4043,461.25824,18116.621,1,21,False,1014.7681
4044,780.9832,55731.645,1,38,False,1718.1631
4045,623.0345,30150.162,1,39,False,1370.6759
4046,554.38257,11129.799,1,47,False,1219.6417
4047,766.78436,17253.244,1,52,False,1686.9257
4048,992.6161,183593.34,1,21,False,2183.7554
4049,502.77985,29489.725,1,24,False,1106.1157
4050,784.679,118837.05,1,21,False,1726.2938
4051,637.64777,37588.69,1,37,False,1402.8251
4052,1084.5933,134785.56,1,34,False,2386.1052
4053,1203.2882,127199.18,1,37,False,2647.2341
4054,563.4128,25828.193,1,37,False,1239.5082
4055,438.89465,10192.401,1,26,False,965.56824
4056,448.60535,10906.584,1,31,False,986.93176
4057,482.87146,26182.566,1,18,False,1062.3173
4058,1118.9034,226723.34,1,20,False,2461.5876
4059,563.4757,36001.957,1,32,False,1239.6466
4060,754.8786,56160.754,1,37,False,1660.7329
4061,1120.3398,141838.98,1,34,False,2464.7478
4062,646.95264,54613.445,1,32,False,1423.2958
4063,640.2977,53129.688,1,32,False,1408.655
4064,2525.0386,82282.1,1,54,False,5555.085
4065,866.78394,63004.04,1,39,False,1906.9247
4066,1327.1266,46175.5,1,51,False,2919.6785
4067,564.8774,28074.55,1,36,False,1242.7302
4068,1104.721,53240.22,1,46,False,2430.3862
4069,1866.8911,120006.13,1,45,False,4107.1606
4070,2551.1807,208018.42,1,43,False,5612.5977
4071,868.0224,63170.938,1,39,False,1909.6493
4072,1025.451,91482.88,1,38,False,2255.9924
4073,622.57153,62041.75,1,26,False,1369.6573
4074,921.19366,46626.055,1,44,False,2026.6261
4075,760.48035,75446.87,1,33,False,1673.0568
4076,796.9275,129475.19,1,18,False,1753.2405
4077,486.23846,24604.604,1,24,False,1069.7246
4078,486.21207,15656.805,1,35,False,1069.6666
4079,534.9089,32642.541,1,30,False,1176.7996
4080,583.3371,59225.523,1,18,False,1283.3417
4081,1352.2607,100275.39,1,42,False,2974.9736
4082,780.1159,22655.82,1,49,False,1716.255
4083,426.04883,6828.8877,1,24,False,937.30743
4084,714.124,33263.613,1,42,False,1571.0729
4085,605.3343,42815.133,1,33,False,1331.7355
4086,482.47647,19731.262,1,30,False,1061.4482
4087,549.4843,27307.195,1,35,False,1208.8655
4088,1847.3972,100067.98,1,47,False,4064.274
4089,1661.4524,53224.51,1,53,False,3655.1953
4090,2241.2515,65925.195,1,55,False,4930.7534
4091,701.9021,37617.797,1,40,False,1544.1847
4092,502.28827,27350.496,1,27,False,1105.0342
4093,521.2141,37401.26,1,20,False,1146.671
4094,1673.338,74524.445,1,49,False,3681.3438
4095,451.77924,15164.646,1,21,False,993.91437
4096,1162.547,187196.56,1,30,False,2557.6035
4097,863.62476,79194.734,1,36,False,1899.9745
4098,1105.546,32567.633,1,52,False,2432.2014
4099,3086.478,95846.57,1,55,False,6790.252
4100,1773.5413,132940.58,1,43,False,3901.7908
4101,1051.043,38388.293,1,49,False,2312.2947
4102,551.73505,42045.617,1,26,False,1213.8171
4103,942.3258,165141.45,1,22,False,2073.1167
4104,4352.5513,272381.34,1,47,False,9575.613
4105,594.9757,51191.4,1,28,False,1308.9465
4106,704.5915,19795.438,1,48,False,1550.1013
4107,851.9623,34313.582,1,46,False,1874.317
4108,980.5466,114255.32,1,34,False,2157.2024
4109,767.6145,21929.895,1,49,False,1688.752
4110,631.049,42325.785,1,35,False,1388.3079
4111,1169.8777,63186.516,1,45,False,2573.731
4112,489.7222,23899.35,1,27,False,1077.3889
4113,1998.9674,120201.64,1,46,False,4397.7285
4114,2839.747,87112.2,1,55,False,6247.444
4115,5062.859,249550.11,1,50,False,11138.29
4116,1750.8646,93428.06,1,47,False,3851.9023
4117,858.88904,23180.498,1,51,False,1889.5559
4118,1188.1735,76425.64,1,43,False,2613.9817
4119,925.78723,110215.81,1,33,False,2036.7319
4120,1927.466,114847.6,1,46,False,4240.4253
4121,615.18604,26857.611,1,40,False,1353.4093
4122,649.3976,24409.023,1,43,False,1428.6747
4123,503.3275,20091.83,1,34,False,1107.3206
4124,1455.7363,180514.05,1,36,False,3202.6199
4125,1492.7555,82296.3,1,46,False,3284.0623
4126,1005.745,25920.861,1,53,False,2212.639
4127,844.84814,55355.4,1,40,False,1858.666
4128,647.1441,45289.406,1,35,False,1423.717
4129,484.1407,22964.69,1,26,False,1065.1095
4130,701.59235,51468.51,1,36,False,1543.5032
4131,696.66364,58240.4,1,34,False,1532.66
4132,1115.9432,234399.16,1,18,False,2455.0752
4133,498.10373,29591.08,1,21,False,1095.8282
4134,446.05383,12736.903,1,24,False,981.3185
4135,486.6762,21603.602,1,29,False,1070.6876
4136,506.37778,24481.19,1,31,False,1114.0311
4137,528.6666,35533.69,1,26,False,1163.0667
4138,476.22052,21645.986,1,24,False,1047.6852
4139,1115.4248,96517.14,1,39,False,2453.9346
4140,485.4962,20474.84,1,30,False,1068.0917
4141,593.53204,50807.164,1,28,False,1305.7705
4142,1963.8496,247689.7,1,37,False,4320.469
4143,672.06805,77857.3,1,25,False,1478.5498
4144,625.4969,71709.88,1,19,False,1376.0931
4145,1151.0309,220936.64,1,24,False,2532.268
4146,1799.4492,135441.89,1,43,False,3958.7883
4147,860.0345,78580.414,1,36,False,1892.0759
4148,540.9293,38995.316,1,26,False,1190.0446
4149,997.084,49100.633,1,45,False,2193.5847
4150,698.49084,47227.668,1,37,False,1536.6799
4151,668.4099,36266.07,1,39,False,1470.5018
4152,804.99585,59243.273,1,38,False,1770.991
4153,1027.7316,66196.08,1,42,False,2261.0095
4154,661.1435,18473.186,1,47,False,1454.5157
4155,5590.8213,184501.39,1,55,False,12299.807
4156,958.01855,69398.2,1,40,False,2107.6409
4157,535.3573,40520.04,1,22,False,1177.7861
4158,685.50793,59678.02,1,33,False,1508.1174
4159,2910.8118,105247.86,1,53,False,6403.786
4160,452.74854,15466.461,1,21,False,996.0468
4161,690.5478,45969.33,1,37,False,1519.2052
4162,465.25885,19362.504,1,21,False,1023.5695
4163,5987.9473,418897.4,1,46,False,13173.484
4164,1025.0875,55844.543,1,44,False,2255.1926
4165,462.51874,19488.537,1,18,False,1017.54126
4166,8196.255,890333.8,1,41,False,18031.762
4167,591.1137,32564.025,1,36,False,1300.4502
4168,549.11835,42298.816,1,25,False,1208.0604
4169,592.9252,44816.86,1,31,False,1304.4354
4170,638.9775,25372.363,1,42,False,1405.7505
4171,851.4772,60940.906,1,39,False,1873.2499
4172,507.6132,8528.648,1,46,False,1116.749
4173,2125.44,119192.73,1,47,False,4675.968
4174,664.58746,20282.92,1,46,False,1462.0924
4175,645.1358,35865.14,1,38,False,1419.2988
4176,976.1596,91216.766,1,37,False,2147.5513
4177,1121.0815,42455.402,1,49,False,2466.3794
4178,541.6297,43867.984,1,20,False,1191.5853
4179,552.03796,22250.424,1,38,False,1214.4835
4180,1216.1147,267345.44,1,18,False,2675.4524
4181,1707.2515,76493.74,1,49,False,3755.9534
4182,515.3756,21026.742,1,35,False,1133.8264
4183,1382.9226,57660.305,1,49,False,3042.4297
4184,475.05365,19870.746,1,27,False,1045.118
4185,1652.3094,198334.39,1,37,False,3635.0808
4186,597.93475,58658.55,1,23,False,1315.4565
4187,486.12097,22910.281,1,27,False,1069.4662
4188,693.3423,87365.07,1,23,False,1525.353
4189,592.0798,40027.33,1,33,False,1302.5756
4190,462.27258,17839.945,1,23,False,1016.9997
4191,797.15155,67820.195,1,36,False,1753.7334
4192,2252.039,66307.06,1,55,False,4954.486
4193,2198.8093,124239.34,1,47,False,4837.381
4194,1752.9272,52647.875,1,54,False,3856.44
4195,1496.0469,54471.152,1,51,False,3291.3032
4196,938.57635,56833.7,1,42,False,2064.868
4197,1164.6577,179154.66,1,31,False,2562.247
4198,535.0354,39015.703,1,24,False,1177.0779
4199,711.9796,72790.61,1,31,False,1566.3552
4200,2196.657,81893.48,1,52,False,4832.6455
4201,1627.4521,66144.664,1,50,False,3580.3948
4202,556.0667,37852.586,1,30,False,1223.3468
4203,842.5046,55064.555,1,40,False,1853.5101
4204,560.0072,46390.598,1,24,False,1232.0159
4205,1132.0627,239700.75,1,18,False,2490.538
4206,820.0346,34667.824,1,45,False,1804.0762
4207,690.32336,24093.936,1,45,False,1518.7114
4208,1115.894,49752.547,1,47,False,2454.967
4209,1199.7621,47024.297,1,49,False,2639.4766
4210,870.4126,58527.562,1,40,False,1914.9077
4211,528.96313,34676.62,1,27,False,1163.7189
4212,587.858,54615.723,1,24,False,1293.2876
4213,638.23254,55462.586,1,31,False,1404.1116
4214,1893.1512,103215.055,1,47,False,4164.9326
4215,1113.0265,53862.156,1,46,False,2448.6584
4216,590.5166,54271.707,1,25,False,1299.1366
4217,633.0407,75573.08,1,18,False,1392.6896
4218,724.50574,100097.734,1,21,False,1593.9126
4219,479.9986,22761.77,1,24,False,1055.997
4220,480.32587,18359.855,1,31,False,1056.7169
4221,1625.6217,194106.45,1,37,False,3576.368
4222,680.38434,87819.484,1,20,False,1496.8456
4223,765.52264,41951.48,1,41,False,1684.1499
4224,557.70245,50794.32,1,18,False,1226.9454
4225,717.9862,36524.15,1,41,False,1579.5697
4226,875.892,59207.46,1,40,False,1926.9625
4227,474.43124,22978.367,1,19,False,1043.7488
4228,706.7481,97920.56,1,19,False,1554.8458
4229,626.70404,57534.555,1,29,False,1378.7489
4230,599.81366,59223.87,1,23,False,1319.5901
4231,487.42328,24455.842,1,25,False,1072.3312
4232,1935.5187,76053.48,1,51,False,4258.141
4233,584.1524,24909.412,1,39,False,1285.1354
4234,671.0501,28740.357,1,42,False,1476.3103
4235,1109.9349,53630.64,1,46,False,2441.857
4236,4584.0,371626.22,1,44,False,10084.8
4237,1042.0692,57351.324,1,44,False,2292.5522
4238,450.3543,6404.381,1,40,False,990.7795
4239,523.7913,29904.887,1,30,False,1152.341
4240,701.61145,86401.61,1,25,False,1543.5452
4241,484.67383,20272.275,1,30,False,1066.2825
4242,2914.06,97213.05,1,54,False,6410.932
4243,632.9062,56774.055,1,30,False,1392.3937
4244,784.96173,110507.65,1,25,False,1726.9159
4245,574.83215,31974.533,1,35,False,1264.6307
4246,497.98114,30041.984,1,20,False,1095.5585
4247,1281.2261,78571.664,1,44,False,2818.6975
4248,1057.4398,49699.77,1,46,False,2326.3677
4249,1520.4169,47351.797,1,53,False,3344.9172
4250,3674.3635,175422.77,1,50,False,8083.6
4251,1674.3047,81071.84,1,48,False,3683.4705
4252,510.40134,10176.535,1,44,False,1122.8829
4253,1557.1127,94753.375,1,45,False,3425.648
4254,794.2838,87461.445,1,32,False,1747.4244
4255,831.77747,129018.016,1,23,False,1829.9105
4256,507.74622,23576.826,1,32,False,1117.0417
4257,655.1603,64836.434,1,29,False,1441.3527
4258,591.8961,54670.652,1,25,False,1302.1715
4259,483.22266,23240.99,1,25,False,1063.0898
4260,2558.29,106637.61,1,51,False,5628.2383
4261,823.463,41214.34,1,43,False,1811.6187
4262,3166.543,125739.07,1,52,False,6966.3945
4263,865.2212,27597.797,1,49,False,1903.4867
4264,471.7086,15542.134,1,32,False,1037.7589
4265,1099.1305,41180.715,1,49,False,2418.0872
4266,616.0218,60192.848,1,26,False,1355.2479
4267,502.4186,32611.541,1,18,False,1105.3209
4268,435.81393,4307.93,1,41,False,958.79065
4269,864.6116,67961.56,1,38,False,1902.1455
4270,1376.94,67708.22,1,47,False,3029.2678
4271,770.9202,86639.586,1,31,False,1696.0245
4272,1025.043,36878.51,1,49,False,2255.0945
4273,1376.2421,35303.484,1,55,False,3027.7327
4274,2179.4006,158266.52,1,44,False,4794.6816
4275,465.59073,14178.11,1,32,False,1024.2997
4276,898.0932,41031.035,1,45,False,1975.805
4277,640.64215,56028.723,1,31,False,1409.4127
4278,766.1723,81193.93,1,32,False,1685.5791
4279,611.23956,57273.426,1,27,False,1344.727
4280,489.77258,23913.158,1,27,False,1077.4998
4281,1269.993,127244.98,1,38,False,2793.9849
4282,639.85736,50076.355,1,33,False,1407.6863
4283,445.3608,13165.777,1,21,False,979.7938
4284,722.1908,59107.883,1,35,False,1588.8198
4285,2444.7876,73130.43,1,55,False,5378.5327
4286,2179.9158,239995.02,1,39,False,4795.815
4287,629.47363,69340.15,1,22,False,1384.842
4288,779.25964,15277.827,1,54,False,1714.3712
4289,682.8094,15713.213,1,50,False,1502.1807
4290,876.0948,136864.39,1,25,False,1927.4086
4291,775.01337,26305.566,1,47,False,1705.0294
4292,758.31726,14474.062,1,54,False,1668.298
4293,1161.115,111322.53,1,38,False,2554.4531
4294,750.53015,34172.95,1,43,False,1651.1664
4295,856.12006,106658.72,1,31,False,1883.4641
4296,552.20557,24052.703,1,37,False,1214.8523
4297,994.6114,162564.17,1,27,False,2188.145
4298,1980.9897,100451.39,1,48,False,4358.1777
4299,511.7864,28046.805,1,29,False,1125.9302
4300,454.1065,13246.199,1,29,False,999.03436
4301,1418.202,316130.2,1,21,False,3120.0444
4302,647.78125,42260.668,1,36,False,1425.1188
4303,490.30527,27162.51,1,21,False,1078.6716
4304,4660.662,151573.34,1,55,False,10253.457
4305,979.8545,106551.76,1,35,False,2155.68
4306,794.8744,128799.93,1,18,False,1748.7238
4307,771.15326,46210.93,1,40,False,1696.5372
4308,1165.3735,225172.5,1,24,False,2563.8218
4309,564.23236,17523.248,1,42,False,1241.3113
4310,619.72546,32149.066,1,38,False,1363.396
4311,622.40436,68301.11,1,21,False,1369.2897
4312,866.19635,127295.62,1,27,False,1905.632
4313,862.02405,84855.53,1,35,False,1896.453
4314,1018.61816,46792.85,1,46,False,2240.96
4315,1141.4124,34189.027,1,52,False,2511.1072
4316,835.82263,127846.67,1,24,False,1838.8098
4317,2596.5325,92161.26,1,53,False,5712.3716
4318,979.75684,24838.727,1,53,False,2155.465
4319,579.2947,24254.629,1,39,False,1274.4484
4320,993.8422,32318.264,1,50,False,2186.453
4321,1141.1198,29166.287,1,54,False,2510.4636
4322,1317.1841,113965.49,1,40,False,2897.805
4323,653.7862,70853.11,1,26,False,1438.3297
4324,934.07886,78120.52,1,38,False,2054.9736
4325,1313.71,58285.812,1,48,False,2890.1619
4326,1023.4676,60523.977,1,43,False,2251.6287
4327,483.24213,14105.561,1,36,False,1063.1327
4328,879.838,94383.84,1,34,False,1935.6437
4329,522.3162,31856.385,1,28,False,1149.0957
4330,567.7974,48691.22,1,24,False,1249.1544
4331,555.5869,34243.086,1,32,False,1222.2913
4332,1357.5852,56188.957,1,49,False,2986.6875
4333,738.75946,79083.016,1,31,False,1625.2709
4334,531.17676,22307.857,1,36,False,1168.5889
4335,1853.0963,61204.6,1,53,False,4076.812
4336,943.8092,34911.664,1,48,False,2076.3804
4337,3084.0955,143910.28,1,50,False,6785.0103
4338,875.5106,20497.904,1,53,False,1926.1234
4339,473.92252,22421.268,1,20,False,1042.6295
4340,677.57184,37500.973,1,39,False,1490.6581
4341,712.1368,23843.414,1,46,False,1566.7009
4342,541.8522,41784.195,1,23,False,1192.0748
4343,662.8868,32776.594,1,40,False,1458.351
4344,1779.4167,53664.566,1,54,False,3914.717
4345,2862.5828,111997.95,1,52,False,6297.682
4346,688.6615,52934.043,1,35,False,1515.0553
4347,690.04675,56934.793,1,34,False,1518.1029
4348,469.72266,21459.445,1,19,False,1033.3899
4349,1378.6794,44915.16,1,52,False,3033.0947
4350,523.74414,35681.04,1,24,False,1152.2372
4351,2628.6155,86257.39,1,54,False,5782.954
4352,485.72995,27122.656,1,18,False,1068.606
4353,788.788,25115.836,1,48,False,1735.3337
4354,610.05396,64454.938,1,21,False,1342.1188
4355,1724.9152,243740.83,1,35,False,3794.8135
4356,544.87634,43434.938,1,22,False,1198.728
4357,1040.387,57202.05,1,44,False,2288.8513
4358,2228.2004,106744.75,1,49,False,4902.041
4359,874.9609,75184.58,1,37,False,1924.914
4360,1060.075,75581.125,1,41,False,2332.165
4361,546.83154,46333.676,1,19,False,1203.0294
4362,810.27124,47060.54,1,41,False,1782.5968
4363,505.29797,27327.791,1,28,False,1111.6555
4364,732.9306,73782.5,1,32,False,1612.4474
4365,936.8494,72447.82,1,39,False,2061.0688
4366,919.43005,88743.89,1,36,False,2022.7462
4367,509.9602,33836.477,1,20,False,1121.9125
4368,1013.5343,97137.8,1,37,False,2229.7754
4369,786.9822,123802.91,1,19,False,1731.3608
4370,465.90207,18932.055,1,23,False,1024.9846
4371,1189.7684,39429.92,1,51,False,2617.4907
4372,807.2389,128001.484,1,20,False,1775.9257
4373,790.8378,29736.596,1,46,False,1739.8433
4374,1013.86163,76327.48,1,40,False,2230.4956
4375,674.59607,50344.22,1,35,False,1484.1113
4376,1339.78,65152.227,1,47,False,2947.516
4377,849.9169,51586.914,1,41,False,1869.8171
4378,694.7375,90827.29,1,21,False,1528.4225
4379,481.0173,22083.027,1,26,False,1058.238
4380,496.3256,24079.586,1,29,False,1091.9164
4381,1277.5089,161359.34,1,35,False,2810.5198
4382,5011.2812,268355.78,1,49,False,11024.819
4383,565.6092,49783.69,1,22,False,1244.3402
4384,1645.1703,197203.44,1,37,False,3619.3748
4385,494.23676,26966.715,1,24,False,1087.3209
4386,1302.125,32679.707,1,55,False,2864.675
4387,1497.0836,160454.92,1,38,False,3293.584
4388,713.7136,95136.08,1,22,False,1570.17
4389,1043.1285,180759.0,1,26,False,2294.8828
4390,1642.5782,72738.266,1,49,False,3613.672
4391,960.71155,22242.084,1,54,False,2113.5654
4392,595.08325,59792.777,1,21,False,1309.1832
4393,2461.172,130794.195,1,48,False,5414.5786
4394,825.53217,44962.77,1,42,False,1816.1708
4395,1502.1472,39760.59,1,55,False,3304.7239
4396,751.8606,73633.914,1,33,False,1654.0934
4397,507.39645,31957.855,1,22,False,1116.2722
4398,1109.4955,63334.07,1,44,False,2440.8901
4399,581.0518,52605.684,1,24,False,1278.3141
4400,883.5921,33774.004,1,47,False,1943.9027
4401,1041.1696,109575.39,1,36,False,2290.573
4402,758.97064,83831.88,1,31,False,1669.7355
4403,536.264,37678.383,1,26,False,1179.7808
4404,1110.8428,49405.117,1,47,False,2443.8542
4405,931.1831,40245.676,1,46,False,2048.6028
4406,997.6947,29997.225,1,51,False,2194.9285
4407,741.9933,12850.815,1,55,False,1632.3853
4408,847.1398,33952.44,1,46,False,1863.7075
4409,767.0691,30350.137,1,45,False,1687.552
4410,1597.6342,54813.45,1,52,False,3514.7952
4411,679.70776,71135.18,1,29,False,1495.357
4412,967.3139,26318.584,1,52,False,2128.0906
4413,988.52277,67411.85,1,41,False,2174.7502
4414,571.9656,23266.775,1,39,False,1258.3243
4415,594.68896,45231.285,1,31,False,1308.3158
4416,628.4447,30879.352,1,39,False,1382.5784
4417,694.7381,90827.484,1,21,False,1528.4238
4418,585.42993,54896.055,1,23,False,1287.9459
4419,1115.8334,45781.895,1,48,False,2454.8335
4420,507.70117,30320.475,1,25,False,1116.9426
4421,734.7165,38434.29,1,41,False,1616.3763
4422,3809.5486,215998.55,1,48,False,8381.007
4423,1187.4469,33486.945,1,53,False,2612.3833
4424,773.3529,73372.45,1,34,False,1701.3765
4425,1056.8485,45691.21,1,47,False,2325.067
4426,663.81836,71713.805,1,27,False,1460.4004
4427,1016.89966,97670.91,1,37,False,2237.1792
4428,987.44635,37669.1,1,48,False,2172.382
4429,1675.1582,88220.71,1,47,False,3685.3481
4430,4054.7183,453653.9,1,40,False,8920.38
4431,800.517,78732.42,1,34,False,1761.1375
4432,1085.781,181796.55,1,28,False,2388.7183
4433,663.0518,73468.73,1,26,False,1458.714
4434,486.82788,23723.205,1,26,False,1071.0214
4435,596.44556,62338.438,1,19,False,1312.1803
4436,1051.0186,38386.89,1,49,False,2312.241
4437,499.42126,31039.807,1,19,False,1098.7268
4438,1711.7119,47179.28,1,55,False,3765.7664
4439,754.7686,44177.824,1,40,False,1660.491
4440,585.648,21414.816,1,41,False,1288.4257
4441,2613.684,436501.7,1,34,False,5750.105
4442,709.4948,95423.01,1,21,False,1560.8887
4443,649.242,60796.68,1,30,False,1428.3324
4444,1315.1992,53727.613,1,49,False,2893.4382
4445,1165.3845,130830.41,1,36,False,2563.846
4446,4554.713,263085.56,1,48,False,10020.368
4447,839.85974,86495.41,1,34,False,1847.6915
4448,609.6284,55090.492,1,28,False,1341.1825
4449,2226.1248,162412.31,1,44,False,4897.4746
4450,1027.1925,56031.297,1,44,False,2259.8235
4451,689.98486,70829.445,1,30,False,1517.9667
4452,741.8707,111367.08,1,18,False,1632.1156
4453,524.96234,36702.31,1,23,False,1154.9172
4454,449.65137,9500.605,1,34,False,989.23303
4455,516.44385,35302.68,1,21,False,1136.1765
4456,797.1292,92797.875,1,31,False,1753.6843
4457,732.21924,87712.44,1,28,False,1610.8823
4458,921.316,146373.14,1,26,False,2026.8951
4459,521.90173,36399.613,1,22,False,1148.1838
4460,1030.1969,177108.61,1,26,False,2266.4333
4461,1388.408,57978.79,1,49,False,3054.4976
4462,707.3308,81089.51,1,28,False,1556.1278
4463,789.7403,103018.98,1,28,False,1737.4287
4464,454.5193,16555.04,1,19,False,999.94244
4465,508.17007,22378.602,1,33,False,1117.9742
4466,796.6756,21792.166,1,50,False,1752.6864
4467,2993.0332,117895.28,1,52,False,6584.6733
4468,770.27466,39160.074,1,42,False,1694.6042
4469,1244.4244,253176.94,1,23,False,2737.734
4470,615.55945,50135.223,1,31,False,1354.2308
4471,453.35254,15408.571,1,22,False,997.3756
4472,495.31567,29197.672,1,20,False,1089.6945
4473,597.35187,54922.555,1,26,False,1314.1742
4474,1402.0356,75503.19,1,46,False,3084.4785
4475,516.75165,22740.621,1,34,False,1136.8536
4476,1033.7203,78791.695,1,40,False,2274.1848
4477,2726.1602,97558.99,1,53,False,5997.5522
4478,621.4907,29942.082,1,39,False,1367.2797
4479,1206.0004,241615.78,1,23,False,2653.201
4480,1107.405,32651.662,1,52,False,2436.291
4481,1013.67975,22468.64,1,55,False,2230.0955
4482,508.4938,14711.728,1,39,False,1118.6864
4483,886.0891,132759.02,1,27,False,1949.3961
4484,566.60443,50923.746,1,21,False,1246.5298
4485,523.50275,34076.03,1,26,False,1151.706
4486,450.85986,15374.53,1,19,False,991.8917
4487,775.8864,36621.016,1,43,False,1706.9502
4488,4182.7466,336022.9,1,44,False,9202.043
4489,513.81287,8992.879,1,46,False,1130.3883
4490,1001.1195,30165.422,1,51,False,2202.463
4491,4659.3496,209820.03,1,51,False,10250.569
4492,1257.5936,135802.47,1,37,False,2766.706
4493,510.1787,31674.834,1,24,False,1122.3932
4494,1179.5648,58844.543,1,46,False,2595.0427
4495,684.68384,72412.06,1,29,False,1506.3044
4496,1520.0653,55650.656,1,51,False,3344.1438
4497,2078.436,208425.81,1,40,False,4572.5596
4498,621.0596,65616.445,1,23,False,1366.331
4499,3612.4885,124019.16,1,54,False,7947.475
4500,1771.7687,57818.11,1,53,False,3897.891
4501,656.8473,9836.618,1,55,False,1445.0641
4502,474.9843,19261.201,1,28,False,1044.9655
4503,472.40448,22739.893,1,18,False,1039.2899
4504,536.79407,40959.934,1,22,False,1180.947
4505,1279.3474,263684.78,1,23,False,2814.5645
4506,1214.4083,66816.64,1,45,False,2671.6985
4507,714.0454,45942.586,1,38,False,1570.8999
4508,1187.8563,134675.67,1,36,False,2613.284
4509,486.17877,15650.707,1,35,False,1069.5933
4510,562.44116,33793.445,1,33,False,1237.3706
4511,661.0963,30028.895,1,41,False,1454.4119
4512,640.57294,68748.59,1,25,False,1409.2605
4513,1099.9667,102380.07,1,38,False,2419.9268
4514,2280.8242,72908.95,1,54,False,5017.8135
4515,1559.8304,73838.195,1,48,False,3431.627
4516,591.32306,37454.832,1,34,False,1300.9108
4517,1935.2843,64626.91,1,53,False,4257.6255
4518,588.8133,25537.621,1,39,False,1295.3893
4519,1089.7268,85741.26,1,40,False,2397.399
4520,611.83777,33499.84,1,37,False,1346.0431
4521,770.3238,20385.326,1,50,False,1694.7124
4522,565.8372,51535.895,1,20,False,1244.8419
4523,684.667,10821.448,1,55,False,1506.2675
4524,953.62384,162636.73,1,24,False,2097.9724
4525,2313.26,94604.234,1,51,False,5089.1724
4526,756.74524,65470.45,1,35,False,1664.8396
4527,470.63446,13640.936,1,34,False,1035.3959
4528,775.073,28556.107,1,46,False,1705.1606
4529,1208.68,51648.945,1,48,False,2659.0962
4530,574.5938,40509.61,1,31,False,1264.1064
4531,718.6338,12950.975,1,54,False,1580.9944
4532,539.3058,17441.977,1,40,False,1186.4728
4533,777.0058,39866.94,1,42,False,1709.4128
4534,460.59668,17910.578,1,21,False,1013.31274
4535,4609.856,149774.81,1,55,False,10141.684
4536,1305.7906,74266.03,1,45,False,2872.7395
4537,668.8973,26291.658,1,43,False,1471.5741
4538,1271.0659,127401.93,1,38,False,2796.345
4539,825.08545,108439.055,1,29,False,1815.188
4540,1474.9368,63003.46,1,49,False,3244.8608
4541,789.1283,48441.36,1,40,False,1736.0823
4542,536.26697,39379.445,1,24,False,1179.7874
4543,706.4911,32462.06,1,42,False,1554.2804
4544,463.57806,17160.145,1,26,False,1019.87177
4545,2477.8535,169811.0,1,45,False,5451.278
4546,957.7429,32970.473,1,49,False,2107.0344
4547,660.6833,51140.844,1,34,False,1453.5033
4548,479.345,24138.902,1,20,False,1054.5591
4549,700.7732,40628.207,1,39,False,1541.701
4550,1919.5027,489138.12,1,19,False,4222.906
4551,663.7386,27972.578,1,42,False,1460.225
4552,4209.317,159317.6,1,53,False,9260.497
4553,734.269,48900.06,1,38,False,1615.3918
4554,726.31,86139.99,1,28,False,1597.8821
4555,3633.1501,135326.08,1,53,False,7992.9307
4556,1096.3517,62167.785,1,44,False,2411.9739
4557,536.47394,37737.613,1,26,False,1180.2427
4558,534.25946,43083.938,1,18,False,1175.3708
4559,545.2064,44259.95,1,21,False,1199.4541
4560,4216.217,222187.02,1,49,False,9275.677
4561,632.6936,15252.179,1,48,False,1391.9259
4562,442.63644,12127.086,1,22,False,973.8002
4563,445.49384,12791.497,1,23,False,980.0865
4564,480.34616,24456.055,1,20,False,1056.7616
4565,1897.4678,87539.445,1,49,False,4174.429
4566,1431.9128,91942.05,1,44,False,3150.2083
4567,557.36334,30754.025,1,34,False,1226.1993
4568,862.7706,48873.23,1,42,False,1898.0955
4569,803.7057,20470.484,1,51,False,1768.1526
4570,872.8267,22047.102,1,52,False,1920.2189
4571,645.01886,79512.68,1,18,False,1419.0415
4572,853.00836,115603.97,1,29,False,1876.6184
4573,750.2233,34143.355,1,43,False,1650.4913
4574,1481.6056,184940.67,1,36,False,3259.5325
4575,2779.8293,108256.92,1,52,False,6115.6245
4576,1962.7861,178645.55,1,41,False,4318.1294
4577,542.01544,39301.887,1,26,False,1192.434
4578,974.41156,168775.94,1,24,False,2143.7056
4579,6208.618,285904.28,1,51,False,13658.96
4580,1394.3827,35945.684,1,55,False,3067.642
4581,563.6324,44198.363,1,27,False,1239.9913
4582,478.3073,23426.04,1,21,False,1052.2761
4583,517.7969,20018.38,1,36,False,1139.1532
4584,561.5812,20206.047,1,40,False,1235.4786
4585,533.898,26123.887,1,34,False,1174.5757
4586,681.3872,62290.777,1,32,False,1499.0519
4587,616.5135,27022.324,1,40,False,1356.3297
4588,1026.1775,60785.61,1,43,False,2257.5906
4589,643.32587,61799.74,1,29,False,1415.3169
4590,634.616,34326.7,1,38,False,1396.1553
4591,587.81726,47556.254,1,29,False,1293.198
4592,511.9128,32775.887,1,23,False,1126.2083
4593,873.1156,38994.914,1,45,False,1920.8544
4594,773.16394,26178.348,1,47,False,1700.9607
4595,796.12317,53479.945,1,39,False,1751.4711
4596,1069.2246,30925.662,1,52,False,2352.2942
4597,617.4108,19671.488,1,44,False,1358.3038
4598,670.12695,80380.055,1,23,False,1474.2793
4599,712.95953,82587.305,1,28,False,1568.511
4600,1463.828,121678.44,1,41,False,3220.4216
4601,474.98285,22032.201,1,22,False,1044.9623
4602,554.63696,34031.316,1,32,False,1220.2013
4603,628.54596,60124.617,1,28,False,1382.8011
4604,514.1909,33461.35,1,23,False,1131.2201
4605,722.94183,78945.09,1,30,False,1590.472
4606,634.0466,74467.984,1,19,False,1394.9025
4607,773.3197,73365.91,1,34,False,1701.3033
4608,1805.9128,160734.95,1,41,False,3973.0083
4609,1339.0663,83703.82,1,44,False,2945.9458
4610,622.86926,56550.605,1,29,False,1370.3124
4611,633.7771,42828.11,1,35,False,1394.3097
4612,794.7025,45283.0,1,41,False,1748.3456
4613,473.91022,21341.53,1,23,False,1042.6025
4614,440.285,12175.8545,1,18,False,968.627
4615,684.8686,72459.51,1,29,False,1506.7109
4616,1386.6708,133077.19,1,39,False,3050.6758
4617,625.19104,38395.15,1,36,False,1375.4203
4618,3722.3533,177984.83,1,50,False,8189.1772
4619,778.3441,43415.35,1,41,False,1712.357
4620,634.8104,10475.146,1,53,False,1396.583
4621,1570.4266,104232.336,1,44,False,3454.9387
4622,652.16077,34075.97,1,39,False,1434.7537
4623,2319.755,112061.29,1,49,False,5103.461
4624,462.7823,17993.328,1,23,False,1018.12103
4625,1116.6781,69523.05,1,43,False,2456.692
4626,527.07513,26354.898,1,33,False,1159.5653
4627,1178.1892,58741.527,1,46,False,2592.0164
4628,869.40106,92324.39,1,34,False,1912.6824
4629,817.5827,76672.555,1,35,False,1798.682
4630,761.3001,52853.15,1,38,False,1674.8602
4631,699.3742,16597.56,1,50,False,1538.6233
4632,2537.0527,89684.54,1,53,False,5581.516
4633,831.4216,114110.51,1,28,False,1829.1274
4634,504.97595,21706.795,1,33,False,1110.9471
4635,494.35217,24415.047,1,28,False,1087.5748
4636,1349.8732,118021.74,1,40,False,2969.721
4637,713.3281,42320.42,1,39,False,1569.3219
4638,493.46246,24926.521,1,27,False,1085.6174
4639,636.27795,62182.06,1,28,False,1399.8115
4640,828.7271,30000.184,1,47,False,1823.1997
4641,644.244,56875.047,1,31,False,1417.3369
4642,835.46704,35925.87,1,45,False,1838.0276
4643,1307.2426,38475.22,1,53,False,2875.9336
4644,1765.6205,121551.85,1,44,False,3884.3652
4645,509.464,6939.3164,1,49,False,1120.8208
4646,2411.6729,77930.984,1,54,False,5305.68
4647,1072.7911,106525.42,1,37,False,2360.1406
4648,957.9025,30399.547,1,50,False,2107.3855
4649,938.06213,105872.48,1,34,False,2063.7368
4650,496.6245,23215.121,1,30,False,1092.574
4651,497.7775,29489.557,1,21,False,1095.1105
4652,752.8711,26893.627,1,46,False,1656.3164
4653,2752.5652,107024.39,1,52,False,6055.6436
4654,703.7517,12379.784,1,54,False,1548.2538
4655,1342.6343,185701.55,1,34,False,2953.7954
4656,533.1849,39176.31,1,23,False,1173.0067
4657,674.75806,81773.46,1,23,False,1484.4678
4658,1941.0308,76324.15,1,51,False,4270.2676
4659,1284.3488,56430.42,1,48,False,2825.5674
4660,558.2157,30922.193,1,34,False,1228.0746
4661,910.25104,135087.28,1,28,False,2002.5524
4662,1314.5664,33120.156,1,55,False,2892.0461
4663,709.6442,27855.322,1,44,False,1561.2173
4664,1281.8899,100906.19,1,41,False,2820.1577
4665,613.7356,56183.477,1,28,False,1350.2184
4666,1266.6482,148158.14,1,36,False,2786.626
4667,725.07227,47555.113,1,38,False,1595.159
4668,619.73364,29705.217,1,39,False,1363.4141
4669,697.9313,62291.05,1,33,False,1535.4489
4670,1158.2534,34950.38,1,52,False,2548.1575
4671,502.31323,30401.29,1,22,False,1105.0891
4672,1323.6813,97274.18,1,42,False,2912.0989
4673,1190.7413,216429.97,1,27,False,2619.631
4674,989.41046,41052.574,1,47,False,2176.7031
4675,598.8757,22925.047,1,41,False,1317.5265
4676,1216.8436,44223.57,1,50,False,2677.0562
4677,959.34393,75479.72,1,39,False,2110.5566
4678,610.9541,61436.652,1,24,False,1344.099
4679,1635.1641,129983.61,1,42,False,3597.361
4680,685.8898,85122.8,1,23,False,1508.9575
4681,879.9474,20682.654,1,53,False,1935.8843
4682,924.56573,33695.637,1,48,False,2034.0447
4683,460.14276,16566.055,1,25,False,1012.3141
4684,3148.68,124931.61,1,52,False,6927.096
4685,440.78467,10160.557,1,28,False,969.7263
4686,513.4313,17909.963,1,37,False,1129.5488
4687,1180.5808,33201.035,1,53,False,2597.2778
4688,655.1687,78504.58,1,21,False,1441.3712
4689,593.3137,32940.414,1,36,False,1305.2902
4690,1210.9265,37331.574,1,52,False,2664.0383
4691,531.34094,37924.63,1,24,False,1168.9501
4692,900.93463,57411.758,1,41,False,1982.0563
4693,576.7054,18833.059,1,42,False,1268.7518
4694,603.3529,23436.19,1,41,False,1327.3765
4695,1218.7279,191859.23,1,31,False,2681.2014
4696,751.1359,68988.67,1,34,False,1652.499
4697,1272.4579,91895.195,1,42,False,2799.4075
4698,1037.2616,52375.863,1,45,False,2281.9756
4699,643.90027,44692.19,1,35,False,1416.5806
4700,1440.4471,72076.48,1,47,False,3168.984
4701,738.89514,89488.84,1,28,False,1625.5693
4702,772.3243,98384.52,1,28,False,1699.1134
4703,827.653,45185.46,1,42,False,1820.8367
4704,1338.5458,107374.664,1,41,False,2944.8008
4705,463.56656,6952.14,1,42,False,1019.84644
4706,2465.6838,102089.78,1,51,False,5424.5044
4707,513.3538,35534.293,1,19,False,1129.3784
4708,823.9543,77845.73,1,35,False,1812.6995
4709,620.0065,29742.02,1,39,False,1364.0143
4710,464.0711,17299.322,1,26,False,1020.9565
4711,784.2575,65613.81,1,36,False,1725.3666
4712,648.98694,15041.282,1,49,False,1427.7712
4713,772.736,36316.824,1,43,False,1700.0193
4714,482.632,26103.758,1,18,False,1061.7904
4715,885.58777,43466.78,1,44,False,1948.2931
4716,717.42926,94612.56,1,23,False,1578.3444
4717,507.94504,33789.387,1,19,False,1117.4791
4718,1327.5074,64308.066,1,47,False,2920.5164
4719,703.2053,90332.73,1,23,False,1547.0518
4720,518.1963,30760.117,1,28,False,1140.0319
4721,776.50146,31119.05,1,45,False,1708.3032
4722,932.494,149528.38,1,26,False,2051.4868
4723,569.0141,46923.195,1,26,False,1251.831
4724,1112.8892,75138.57,1,42,False,2448.3562
4725,667.35815,74684.445,1,26,False,1468.188
4726,521.4197,19175.49,1,37,False,1147.1233
4727,501.75073,27202.865,1,27,False,1103.8517
4728,1095.8448,67511.695,1,43,False,2410.8586
4729,449.9808,9565.579,1,34,False,989.95776
4730,688.61664,42223.836,1,38,False,1514.9567
4731,479.34625,25023.012,1,18,False,1054.5618
4732,1378.4077,121562.42,1,40,False,3032.497
4733,1025.3999,65951.22,1,42,False,2255.88
4734,826.5003,129673.54,1,22,False,1818.3007
4735,858.82837,48459.254,1,42,False,1889.4225
4736,542.0486,45645.8,1,18,False,1192.507
4737,1324.0859,39176.59,1,53,False,2912.989
4738,516.1348,33433.805,1,24,False,1135.4967
4739,4832.4697,428267.53,1,43,False,10631.434
4740,1305.5433,95369.484,1,42,False,2872.1953
4741,509.48984,21307.777,1,34,False,1120.8777
4742,4330.3477,413009.28,1,42,False,9526.765
4743,647.1731,36163.094,1,38,False,1423.7809
4744,1815.1611,64647.188,1,52,False,3993.3545
4745,2215.8523,106027.76,1,49,False,4874.875
4746,492.59692,14609.322,1,37,False,1083.7133
4747,484.57184,25794.508,1,20,False,1066.0581
4748,1416.1986,186896.48,1,35,False,3115.637
4749,664.0363,41769.234,1,37,False,1460.8799
4750,3277.412,111158.72,1,54,False,7210.3066
4751,516.6359,34787.156,1,22,False,1136.5991
4752,590.528,46338.6,1,30,False,1299.1616
4753,1458.4829,208560.36,1,34,False,3208.6624
4754,1131.5,70954.07,1,43,False,2489.3
4755,518.63544,37945.266,1,18,False,1140.998
4756,930.6217,28943.111,1,50,False,2047.3678
4757,670.8361,31140.92,1,41,False,1475.8395
4758,4192.48,134999.5,1,55,False,9223.456
4759,1733.6292,92242.56,1,47,False,3813.9841
4760,487.0808,19947.059,1,31,False,1071.5778
4761,581.16113,53611.62,1,23,False,1278.5546
4762,1717.8767,47397.516,1,55,False,3779.3289
4763,727.8099,64386.066,1,34,False,1601.1818
4764,691.1484,30850.906,1,42,False,1520.5265
4765,776.2274,120333.555,1,19,False,1707.7003
4766,1403.9127,49946.457,1,51,False,3088.6082
4767,1221.6693,67408.57,1,45,False,2687.6726
4768,673.0185,26689.516,1,43,False,1480.6407
4769,641.46136,27787.117,1,41,False,1411.2151
4770,2035.6471,419067.44,1,29,False,4478.424
4771,2774.2603,211048.3,1,44,False,6103.3726
4772,1613.3027,47289.016,1,54,False,3549.266
4773,2316.68,170447.3,1,44,False,5096.696
4774,1171.7653,131922.28,1,36,False,2577.8835
4775,513.10547,30321.414,1,27,False,1128.832
4776,767.5983,27996.414,1,46,False,1688.7163
4777,2605.4263,85367.4,1,54,False,5731.938
4778,626.86066,61563.645,1,27,False,1379.0935
4779,585.21326,36249.273,1,34,False,1287.4692
4780,1177.8938,89032.75,1,41,False,2591.3665
4781,472.72543,15768.853,1,32,False,1039.996
4782,662.4029,54818.31,1,33,False,1457.2864
4783,537.02765,18557.688,1,39,False,1181.4608
4784,628.4869,19053.102,1,45,False,1382.6711
4785,517.70557,28406.307,1,30,False,1138.9523
4786,663.05994,66863.48,1,29,False,1458.7319
4787,501.56818,29131.889,1,24,False,1103.45
4788,836.3988,18869.297,1,53,False,1840.0774
4789,772.7113,73245.91,1,34,False,1699.965
4790,1528.4739,165045.4,1,38,False,3362.6426
4791,715.8425,83354.56,1,28,False,1574.8536
4792,1172.2039,211338.69,1,27,False,2578.8486
4793,881.7451,154372.06,1,19,False,1939.8394
4794,510.01813,33854.79,1,20,False,1122.0399
4795,773.8677,82909.6,1,32,False,1702.5089
4796,567.39374,46465.883,1,26,False,1248.2662
4797,791.65186,116944.89,1,23,False,1741.6342
4798,1190.0303,46459.164,1,49,False,2618.0667
4799,1074.3627,26604.111,1,54,False,2363.598
4800,987.1199,150016.88,1,29,False,2171.6638
4801,728.25494,64473.832,1,34,False,1602.1609
4802,635.72363,29406.016,1,40,False,1398.592
4803,514.48627,33550.17,1,23,False,1131.8699
4804,512.5443,29256.053,1,28,False,1127.5975
4805,508.43845,22435.062,1,33,False,1118.5646
4806,530.83887,34124.332,1,28,False,1167.8456
4807,988.2981,67386.18,1,41,False,2174.2559
4808,1374.2915,52629.223,1,50,False,3023.4414
4809,996.3823,35214.203,1,49,False,2192.0413
4810,1367.4697,165410.28,1,36,False,3008.4333
4811,434.228,10009.315,1,19,False,955.30164
4812,604.79254,63875.234,1,20,False,1330.5436
4813,557.0878,44603.645,1,25,False,1225.5933
4814,599.60944,23008.83,1,41,False,1319.1407
4815,1450.4423,66925.93,1,48,False,3190.9731
4816,645.9035,41939.348,1,36,False,1420.9878
4817,3639.6401,135596.27,1,53,False,8007.2085
4818,1084.5847,100130.586,1,38,False,2386.0864
4819,1265.9312,229735.27,1,28,False,2785.0486
4820,554.34515,33966.293,1,32,False,1219.5593
4821,1175.9963,152820.89,1,34,False,2587.192
4822,501.21423,19674.81,1,34,False,1102.6714
4823,547.6175,45764.734,1,20,False,1204.7585
4824,676.46063,34460.902,1,40,False,1488.2134
4825,677.068,80961.95,1,24,False,1489.5496
4826,2450.248,79411.54,1,54,False,5390.546
4827,579.8206,24325.553,1,39,False,1275.6053
4828,1730.9985,84654.375,1,48,False,3808.1968
4829,536.9808,36878.61,1,27,False,1181.3578
4830,525.448,26012.707,1,33,False,1155.9856
4831,1002.36273,49530.96,1,45,False,2205.198
4832,699.2624,15341.287,1,51,False,1538.3773
4833,2912.7085,105326.82,1,53,False,6407.959
4834,561.9256,47823.94,1,23,False,1236.2363
4835,1461.6987,48668.234,1,52,False,3215.7373
4836,1596.188,46632.125,1,54,False,3511.6138
4837,2330.369,186700.0,1,43,False,5126.8115
4838,985.59045,168531.92,1,25,False,2168.299
4839,1407.2916,147323.66,1,38,False,3096.0417
4840,564.3758,46711.47,1,25,False,1241.6268
4841,592.40344,20481.521,1,42,False,1303.2876
4842,669.2777,49364.89,1,35,False,1472.411
4843,1062.5677,64298.953,1,43,False,2337.6492
4844,705.53314,95785.49,1,20,False,1552.173
4845,1008.0918,64133.652,1,42,False,2217.802
4846,485.25882,21995.273,1,28,False,1067.5695
4847,529.45184,32579.74,1,29,False,1164.7941
4848,624.1388,30298.973,1,39,False,1373.1053
4849,702.4017,76958.43,1,29,False,1545.2837
4850,2596.0295,78484.484,1,55,False,5711.265
4851,792.92505,87158.516,1,32,False,1744.4352
4852,1682.2421,63615.152,1,51,False,3700.9326
4853,496.29822,9627.883,1,43,False,1091.8561
4854,461.53674,12570.279,1,33,False,1015.38086
4855,789.5568,44695.504,1,41,False,1737.025
4856,1488.1047,54081.13,1,51,False,3273.8306
4857,982.32794,136313.23,1,31,False,2161.1216
4858,1306.2972,53210.68,1,49,False,2873.854
4859,633.7974,22902.9,1,43,False,1394.3544
4860,1979.2092,84923.836,1,50,False,4354.2603
4861,830.0149,49314.67,1,41,False,1826.0328
4862,538.81885,36247.816,1,28,False,1185.4015
4863,626.58545,13740.442,1,49,False,1378.488
4864,642.0763,53526.273,1,32,False,1412.5679
4865,636.4837,60043.984,1,29,False,1400.2642
4866,484.75766,22535.818,1,27,False,1066.4669
4867,972.8702,90695.63,1,37,False,2140.3145
4868,1969.8605,84424.734,1,50,False,4333.6934
4869,648.9809,51995.285,1,33,False,1427.758
4870,877.9869,50471.12,1,42,False,1931.5712
4871,1257.6279,106575.45,1,40,False,2766.7815
4872,630.0996,67090.83,1,24,False,1386.2191
4873,567.4159,28508.967,1,36,False,1248.315
4874,1013.1789,42687.426,1,47,False,2228.9937
4875,797.11914,78061.93,1,34,False,1753.6621
4876,587.1841,9837.152,1,51,False,1291.805
4877,575.41315,23731.473,1,39,False,1265.9089
4878,1094.1625,86291.68,1,40,False,2407.1575
4879,1758.7812,131515.55,1,43,False,3869.3188
4880,1389.2759,113166.7,1,41,False,3056.407
4881,774.7194,102172.0,1,27,False,1704.3828
4882,650.7884,55468.656,1,32,False,1431.7345
4883,550.0036,21952.922,1,38,False,1210.0079
4884,918.84174,42722.44,1,45,False,2021.4519
4885,645.6377,10149.331,1,54,False,1420.403
4886,1169.8457,141535.12,1,35,False,2573.6606
4887,592.2893,26006.143,1,39,False,1303.0365
4888,534.873,32633.729,1,30,False,1176.7206
4889,3419.6975,116619.7,1,54,False,7523.3345
4890,592.33246,13740.14,1,47,False,1303.1315
4891,468.3027,19307.64,1,24,False,1030.266
4892,595.25525,61954.49,1,19,False,1309.5615
4893,1062.1442,75817.37,1,41,False,2336.7173
4894,640.77545,47212.67,1,34,False,1409.706
4895,608.4339,48460.863,1,31,False,1338.5546
4896,891.3963,137927.11,1,26,False,1961.0719
4897,775.1068,83185.89,1,32,False,1705.235
4898,806.65894,74661.08,1,35,False,1774.6497
4899,1443.7736,92994.484,1,44,False,3176.302
4900,1013.4588,39312.824,1,48,False,2229.6094
4901,6677.2915,284449.44,1,52,False,14690.042
4902,432.2641,7893.17,1,28,False,950.981
4903,946.4247,160510.58,1,24,False,2082.1343
4904,2019.6605,102895.0,1,48,False,4443.2534
4905,1970.1898,60986.566,1,54,False,4334.4175
4906,591.6246,53305.855,1,26,False,1301.5741
4907,625.2509,44149.445,1,34,False,1375.552
4908,2471.5776,120877.53,1,49,False,5437.4707
4909,599.02344,48430.58,1,30,False,1317.8516
4910,527.27277,27930.387,1,32,False,1160.0001
4911,3285.2937,102884.734,1,55,False,7227.6465
4912,1017.13074,177653.67,1,25,False,2237.6877
4913,574.2345,10700.471,1,49,False,1263.3159
4914,1461.2603,329539.6,1,21,False,3214.7727
4915,709.7407,21815.877,1,47,False,1561.4296
4916,480.0586,23191.467,1,23,False,1056.1289
4917,559.8494,18469.324,1,41,False,1231.6688
4918,1584.8297,50033.973,1,53,False,3486.6255
4919,543.4951,17961.82,1,40,False,1195.6893
4920,658.06805,19794.715,1,46,False,1447.7498
4921,498.77606,28823.268,1,23,False,1097.3074
4922,1079.9603,55856.594,1,45,False,2375.9128
4923,637.61615,60334.61,1,29,False,1402.7556
4924,1134.1385,134960.33,1,35,False,2495.105
4925,1888.9469,132494.62,1,44,False,4155.683
4926,2187.325,113489.695,1,48,False,4812.115
4927,567.0524,40557.848,1,30,False,1247.5154
4928,559.2189,11462.463,1,47,False,1230.2815
4929,471.46332,11261.293,1,37,False,1037.2194
4930,1901.012,112866.63,1,46,False,4182.2266
4931,760.2643,98202.0,1,27,False,1672.5814
4932,526.3237,30528.463,1,30,False,1157.9122
4933,472.8245,15790.903,1,32,False,1040.2139
4934,902.8131,21634.78,1,53,False,1986.1888
4935,944.9177,57499.625,1,42,False,2078.819
4936,1658.9545,57585.56,1,52,False,3649.7
4937,851.155,115128.4,1,29,False,1872.5411
4938,516.91943,34873.926,1,22,False,1137.2228
4939,624.567,41132.32,1,35,False,1374.0475
4940,1069.2474,123011.77,1,35,False,2352.3445
4941,450.78458,9133.482,1,35,False,991.7261
4942,617.2034,64456.164,1,23,False,1357.8475
4943,530.1692,38268.992,1,23,False,1166.3722
4944,778.54724,88431.73,1,31,False,1712.804
4945,915.1158,75347.31,1,38,False,2013.2548
4946,493.57028,28644.896,1,20,False,1085.8546
4947,506.4896,33319.91,1,19,False,1114.2771
4948,602.9417,7928.332,1,55,False,1326.4718
4949,863.2224,91105.32,1,34,False,1899.0894
4950,848.74475,60572.566,1,39,False,1867.2385
4951,960.0079,153060.44,1,27,False,2112.0173
4952,556.7838,36324.883,1,31,False,1224.9244
4953,2035.6677,103906.5,1,48,False,4478.469
4954,727.5182,21244.162,1,48,False,1600.54
4955,530.8632,5744.203,1,54,False,1167.8992
4956,1688.5363,46358.832,1,55,False,3714.7798
4957,699.9478,31774.93,1,42,False,1539.8853
4958,587.01904,21571.346,1,41,False,1291.4419
4959,818.8658,102566.086,1,30,False,1801.5048
4960,2149.1748,131449.19,1,46,False,4728.1846
4961,1183.4576,54399.777,1,47,False,2603.607
4962,1340.8989,43207.227,1,52,False,2949.9778
4963,1039.6716,52572.316,1,45,False,2287.2776
4964,990.75696,29656.52,1,51,False,2179.6653
4965,697.3051,78421.625,1,28,False,1534.0713
4966,454.48297,14592.759,1,26,False,999.86255
4967,502.5219,21190.66,1,33,False,1105.5482
4968,778.56116,26549.584,1,47,False,1712.8346
4969,1611.4537,77100.31,1,48,False,3545.1982
4970,1065.936,39253.13,1,49,False,2345.0593
4971,3409.9612,148462.94,1,51,False,7501.9146
4972,1000.5164,95075.45,1,37,False,2201.1362
4973,486.29883,26341.574,1,20,False,1069.8574
4974,655.6108,82996.266,1,18,False,1442.3438
4975,573.26434,36069.85,1,33,False,1261.1816
4976,2000.1033,73007.88,1,52,False,4400.227
4977,2956.2925,98833.91,1,54,False,6503.8438
4978,824.603,121972.39,1,25,False,1814.1267
4979,631.52094,58770.516,1,29,False,1389.3461
4980,970.92395,179849.78,1,20,False,2136.0327
4981,1021.4412,71170.22,1,41,False,2247.1707
4982,973.5507,55704.71,1,43,False,2141.8115
4983,600.43274,39252.355,1,34,False,1320.952
4984,515.99335,30173.854,1,28,False,1135.1854
4985,962.54956,69960.445,1,40,False,2117.6091
4986,1059.604,54197.19,1,45,False,2331.129
4987,652.5093,61601.332,1,30,False,1435.5204
4988,773.75134,73451.086,1,34,False,1702.253
4989,1538.4564,61393.51,1,50,False,3384.6042
4990,1343.2115,250299.78,1,28,False,2955.0654
4991,592.34393,32774.51,1,36,False,1303.1567
4992,718.918,70658.445,1,32,False,1581.6198
4993,1050.8185,41673.625,1,48,False,2311.8008
4994,436.86996,6978.579,1,34,False,961.11395
4995,633.78827,42830.254,1,35,False,1394.3342
4996,502.7863,23637.285,1,31,False,1106.1299
4997,887.50446,47397.29,1,43,False,1952.5099
4998,1047.4928,48954.973,1,46,False,2304.4841
4999,658.3462,68054.53,1,28,False,1448.3617
5000,508.1396,32716.498,1,21,False,1117.9071
5001,647.1509,36159.824,1,38,False,1423.7319
5002,721.5964,87582.21,1,27,False,1587.5121
5003,743.2646,26174.252,1,46,False,1635.1821
5004,484.5726,11487.513,1,39,False,1066.0597
5005,615.65015,56692.848,1,28,False,1354.4303
5006,1273.076,117766.28,1,39,False,2800.7673
5007,2304.732,86779.234,1,52,False,5070.41
5008,945.26373,57535.973,1,42,False,2079.5803
5009,839.74005,135984.28,1,21,False,1847.4281
5010,1627.318,118823.21,1,43,False,3580.0996
5011,609.56836,38370.594,1,35,False,1341.0504
5012,649.8612,60949.18,1,30,False,1429.6947
5013,1309.6418,63079.207,1,47,False,2881.2122
5014,1596.5919,46647.65,1,54,False,3512.5022
5015,1074.0349,123893.34,1,35,False,2362.877
5016,1217.7152,44270.152,1,50,False,2678.9736
5017,1016.1374,33508.523,1,50,False,2235.5022
5018,423.88217,6288.924,1,23,False,932.5408
5019,527.2913,26400.42,1,33,False,1160.0409
5020,484.766,17456.092,1,33,False,1066.4852
5021,1455.986,48409.984,1,52,False,3203.1692
5022,760.31915,18339.764,1,51,False,1672.7021
5023,664.36017,81367.086,1,21,False,1461.5924
5024,2156.9695,121361.43,1,47,False,4745.333
5025,1651.8678,48769.133,1,54,False,3634.1091
5026,814.721,22755.545,1,50,False,1792.3862
5027,1893.204,62874.664,1,53,False,4165.049
5028,1108.1932,227421.03,1,19,False,2438.0251
5029,3997.7505,177329.12,1,51,False,8795.051
5030,717.4575,16234.848,1,51,False,1578.4066
5031,456.29044,15760.046,1,24,False,1003.839
5032,669.1127,12837.799,1,52,False,1472.0479
5033,830.52136,20134.594,1,52,False,1827.1471
5034,592.7551,61147.99,1,19,False,1304.0613
5035,532.42053,32029.828,1,30,False,1171.3252
5036,795.8406,25561.492,1,48,False,1750.8494
5037,2724.7756,114813.7,1,51,False,5994.5063
5038,644.3608,76408.77,1,20,False,1417.5938
5039,447.06873,12784.851,1,25,False,983.5512
5040,1986.8798,109661.984,1,47,False,4371.1357
5041,652.08765,74952.22,1,23,False,1434.5929
5042,788.1741,76297.0,1,34,False,1733.983
5043,552.3868,31678.676,1,33,False,1215.251
5044,534.1323,43042.14,1,18,False,1175.0912
5045,567.64,10317.544,1,49,False,1248.8081
5046,808.6247,100044.23,1,30,False,1778.9744
5047,493.66257,22485.742,1,30,False,1086.0576
5048,489.01508,24916.24,1,25,False,1075.8331
5049,535.0443,24648.35,1,35,False,1177.0975
5050,1225.1787,211102.52,1,29,False,2695.3933
5051,1032.9226,29284.541,1,52,False,2272.4297
5052,2219.7466,106253.87,1,49,False,4883.4424
5053,1234.6378,49049.47,1,49,False,2716.2034
5054,954.9077,25757.742,1,52,False,2100.797
5055,501.93085,22280.303,1,32,False,1104.2479
5056,525.1242,30233.123,1,30,False,1155.2733
5057,657.0233,47108.52,1,35,False,1445.4513
5058,1474.3226,80916.09,1,46,False,3243.5098
5059,1207.0424,34302.89,1,53,False,2655.4932
5060,508.2389,33291.22,1,20,False,1118.1256
5061,490.31403,24707.303,1,26,False,1078.6909
5062,595.81805,19236.111,1,43,False,1310.7998
5063,633.9795,17990.975,1,46,False,1394.7549
5064,871.26166,110216.445,1,31,False,1916.7756
5065,509.98865,32751.598,1,22,False,1121.9751
5066,524.42175,35156.246,1,25,False,1153.7279
5067,635.14,29333.58,1,40,False,1397.3081
5068,911.9379,38804.566,1,46,False,2006.2634
5069,2134.1975,67281.3,1,54,False,4695.235
5070,973.2271,33869.617,1,49,False,2141.0996
5071,613.07825,57778.395,1,27,False,1348.7722
5072,3301.0217,155491.3,1,50,False,7262.248
5073,665.39105,25953.12,1,43,False,1463.8604
5074,606.3955,35178.97,1,36,False,1334.0702
5075,2556.8247,83502.055,1,54,False,5625.0146
5076,3491.254,165647.16,1,50,False,7680.759
5077,489.76474,18507.477,1,33,False,1077.4824
5078,442.9555,12824.787,1,19,False,974.50214
5079,741.6243,49975.75,1,38,False,1631.5736
5080,598.0154,46012.887,1,31,False,1315.6339
5081,1897.5717,87545.484,1,49,False,4174.6577
5082,665.29114,77483.984,1,24,False,1463.6405
5083,609.2803,48659.76,1,31,False,1340.4166
5084,787.666,115745.625,1,23,False,1732.8652
5085,1136.721,28997.479,1,54,False,2500.7861
5086,2051.8887,59221.676,1,55,False,4514.1553
5087,471.53958,18905.582,1,27,False,1037.3871
5088,663.7273,48342.95,1,35,False,1460.2001
5089,453.76672,15535.344,1,22,False,998.2868
5090,690.2894,20477.94,1,47,False,1518.6367
5091,2802.654,196288.3,1,45,False,6165.839
5092,499.82404,11616.11,1,41,False,1099.6129
5093,797.7314,42043.367,1,42,False,1755.009
5094,714.2735,96911.2,1,21,False,1571.4017
5095,5480.962,295629.66,1,49,False,12058.116
5096,1163.0677,57609.242,1,46,False,2558.749
5097,884.72906,60304.04,1,40,False,1946.4039
5098,621.84863,51612.883,1,31,False,1368.067
5099,2234.8132,116490.59,1,48,False,4916.5894
5100,846.1806,70625.12,1,37,False,1861.5974
5101,572.5916,31561.965,1,35,False,1259.7015
5102,794.9965,122050.19,1,21,False,1748.9924
5103,517.79333,34545.26,1,23,False,1139.1454
5104,448.48682,13918.601,1,22,False,986.671
5105,482.35626,13953.961,1,36,False,1061.1838
5106,532.6992,42570.797,1,18,False,1171.9384
5107,1181.9524,54296.31,1,47,False,2600.2954
5108,2400.1458,107396.375,1,50,False,5280.321
5109,776.4519,83485.766,1,32,False,1708.1942
5110,1048.5767,53298.266,1,45,False,2306.8687
5111,744.7268,112306.46,1,18,False,1638.399
5112,562.60516,50512.12,1,20,False,1237.7314
5113,465.87222,17807.758,1,26,False,1024.919
5114,455.77774,14958.223,1,26,False,1002.71106
5115,2250.941,139069.4,1,46,False,4952.0703
5116,555.81305,8296.545,1,51,False,1222.7887
5117,583.4135,42581.95,1,31,False,1283.5098
5118,2176.8916,543189.25,1,22,False,4789.1616
5119,658.54956,72197.81,1,26,False,1448.8091
5120,872.62976,42316.992,1,44,False,1919.7855
5121,651.4565,12993.559,1,51,False,1433.2043
5122,1048.7594,182348.45,1,26,False,2307.2708
5123,938.54803,132037.4,1,30,False,2064.8057
5124,1649.785,86475.445,1,47,False,3629.527
5125,579.83435,49977.617,1,26,False,1275.6356
5126,690.4012,79014.61,1,27,False,1518.8827
5127,556.3662,44394.97,1,25,False,1224.0057
5128,534.9421,22952.21,1,36,False,1176.8726
5129,1606.7694,107457.02,1,44,False,3534.8928
5130,557.2615,48014.164,1,21,False,1225.9752
5131,1182.8557,75912.26,1,43,False,2602.2827
5132,907.17755,45382.402,1,44,False,1995.7906
5133,684.4314,72347.33,1,29,False,1505.7491
5134,669.5966,49423.637,1,35,False,1473.1125
5135,544.4383,46431.734,1,18,False,1197.7643
5136,620.15155,51214.09,1,31,False,1364.3335
5137,14298.933,534172.44,1,54,False,31457.652
5138,917.1547,95006.81,1,35,False,2017.7405
5139,2283.507,395784.28,1,33,False,5023.716
5140,799.0862,49676.953,1,40,False,1757.9896
5141,769.20197,39047.414,1,42,False,1692.2444
5142,726.3713,21171.7,1,48,False,1598.0168
5143,1013.4239,180297.45,1,24,False,2229.5327
5144,493.68246,24236.871,1,28,False,1086.1014
5145,4717.0786,212655.1,1,51,False,10377.573
5146,478.01978,22177.37,1,24,False,1051.6436
5147,712.2695,101631.234,1,18,False,1566.9929
5148,694.8706,14002.235,1,52,False,1528.7153
5149,621.9955,35109.03,1,37,False,1368.3901
5150,569.22534,50891.11,1,22,False,1252.2958
5151,523.3006,31001.332,1,29,False,1151.2614
5152,1141.9233,43665.65,1,49,False,2512.2314
5153,932.4652,43833.0,1,45,False,2051.4236
5154,829.6724,95351.48,1,32,False,1825.2794
5155,439.18735,9417.989,1,29,False,966.21216
5156,526.68866,31870.705,1,29,False,1158.7151
5157,886.05444,136419.14,1,26,False,1949.3198
5158,697.2777,78414.35,1,28,False,1534.011
5159,839.5882,138248.39,1,20,False,1847.0941
5160,813.5132,91748.805,1,32,False,1789.729
5161,515.309,21014.463,1,35,False,1133.6799
5162,690.1915,84837.76,1,24,False,1518.4214
5163,1117.1742,54172.707,1,46,False,2457.7832
5164,7753.1924,306884.7,1,53,False,17057.023
5165,2486.322,94988.39,1,52,False,5469.9087
5166,1698.7267,75998.75,1,49,False,3737.1987
5167,667.9925,85418.48,1,19,False,1469.5835
5168,2276.8164,72755.13,1,54,False,5008.996
5169,1021.684,71197.945,1,41,False,2247.7048
5170,980.0165,40406.406,1,47,False,2156.0364
5171,649.4969,76738.33,1,21,False,1428.8932
5172,2947.672,106782.74,1,53,False,6484.879
5173,1827.3068,116779.26,1,45,False,4020.075
5174,2215.1501,105987.0,1,49,False,4873.3306
5175,1053.6182,167080.2,1,29,False,2317.96
5176,2504.2192,122772.945,1,49,False,5509.282
5177,1122.1501,82668.39,1,41,False,2468.7305
5178,903.0049,20027.26,1,54,False,1986.6108
5179,472.1324,20033.549,1,25,False,1038.6913
5180,551.9787,40997.68,1,27,False,1214.3531
5181,613.13513,51905.562,1,30,False,1348.8973
5182,1053.3369,152997.9,1,31,False,2317.3413
5183,422.40118,5410.0454,1,27,False,929.28265
5184,951.21216,21877.484,1,54,False,2092.6667
5185,576.1767,42804.63,1,30,False,1267.5887
5186,474.2437,22522.998,1,20,False,1043.3362
5187,1017.36127,26404.57,1,53,False,2238.1948
5188,1188.6848,33538.477,1,53,False,2615.1067
5189,587.8171,23461.535,1,40,False,1293.1976
5190,615.95215,26952.701,1,40,False,1355.0947
5191,897.5268,148800.89,1,23,False,1974.559
5192,878.468,81734.625,1,36,False,1932.6296
5193,698.9143,92127.88,1,21,False,1537.6115
5194,1753.3579,48653.55,1,55,False,3857.3875
5195,880.0016,112270.055,1,31,False,1936.0035
5196,2392.9988,98520.2,1,51,False,5264.5977
5197,1565.9542,80709.266,1,47,False,3445.0994
5198,729.6137,29627.168,1,44,False,1605.1501
5199,1161.7123,35106.746,1,52,False,2555.767
5200,1604.0209,116574.09,1,43,False,3528.846
5201,687.7355,33070.312,1,41,False,1513.0181
5202,478.0952,17835.729,1,31,False,1051.8094
5203,733.8654,32564.037,1,43,False,1614.5039
5204,1056.8038,174085.67,1,28,False,2324.9685
5205,998.92505,32589.615,1,50,False,2197.6353
5206,1128.0955,64984.375,1,44,False,2481.81
5207,526.4247,30553.299,1,30,False,1158.1343
5208,721.2791,92089.734,1,25,False,1586.8141
5209,674.9228,76819.8,1,26,False,1484.8302
5210,613.06665,15166.29,1,47,False,1348.7467
5211,1648.4878,61957.496,1,51,False,3626.6733
5212,521.28314,13013.061,1,42,False,1146.823
5213,504.46948,32097.2,1,20,False,1109.8329
5214,570.6874,49544.73,1,24,False,1255.5122
5215,3858.588,219097.27,1,48,False,8488.894
5216,664.19916,64479.863,1,30,False,1461.2382
5217,490.00192,27068.053,1,21,False,1078.0043
5218,1243.2675,38793.586,1,52,False,2735.1885
5219,932.26953,104729.45,1,34,False,2050.993
5220,619.2628,27363.486,1,40,False,1362.3782
5221,941.3659,120253.95,1,32,False,2071.0051
5222,516.6328,32903.598,1,25,False,1136.5922
5223,504.50537,24041.168,1,31,False,1109.9119
5224,613.4684,33758.11,1,37,False,1349.6305
5225,608.47705,13721.933,1,48,False,1338.6495
5226,469.60446,8793.048,1,40,False,1033.1299
5227,1018.78357,46805.22,1,46,False,2241.324
5228,780.5689,47379.266,1,40,False,1717.2516
5229,693.63184,61386.652,1,33,False,1525.9901
5230,745.23267,46620.652,1,39,False,1639.5118
5231,1494.1914,322281.53,1,24,False,3287.2212
5232,1757.1946,57211.246,1,53,False,3865.8281
5233,513.565,16624.088,1,38,False,1129.843
5234,645.14844,20411.35,1,45,False,1419.3265
5235,1684.2552,50012.188,1,54,False,3705.3616
5236,641.22296,35292.9,1,38,False,1410.6906
5237,481.8304,18713.387,1,31,False,1060.027
5238,556.2549,47700.625,1,21,False,1223.7607
5239,563.3815,48261.957,1,23,False,1239.4392
5240,1205.8137,179213.53,1,32,False,2652.7903
5241,771.5465,24026.352,1,48,False,1697.4023
5242,533.03955,35796.164,1,27,False,1172.687
5243,1163.0333,178772.88,1,31,False,2558.6733
5244,1262.2073,65032.812,1,46,False,2776.856
5245,481.12784,23913.885,1,22,False,1058.4813
5246,516.9727,28225.822,1,30,False,1137.34
5247,772.3177,18929.016,1,51,False,1699.099
5248,573.8765,53188.44,1,21,False,1262.5284
5249,1120.5139,114085.82,1,37,False,2465.1306
5250,4462.669,184333.02,1,52,False,9817.872
5251,554.28094,15225.8955,1,43,False,1219.4181
5252,757.8004,100214.89,1,26,False,1667.1609
5253,586.1931,57024.06,1,21,False,1289.6249
5254,550.3402,40547.688,1,27,False,1210.7485
5255,572.0162,35807.33,1,33,False,1258.4357
5256,437.08902,10753.997,1,20,False,961.5959
5257,1259.3534,83297.78,1,43,False,2770.5776
5258,502.54257,17408.135,1,36,False,1105.5936
5259,497.88065,27480.217,1,25,False,1095.3374
5260,623.66815,69854.234,1,20,False,1372.07
5261,474.168,11689.775,1,37,False,1043.1697
5262,460.7478,17381.178,1,23,False,1013.6452
5263,1031.9697,132549.1,1,33,False,2270.3335
5264,1509.4352,55128.68,1,51,False,3320.7576
5265,701.47906,29437.281,1,43,False,1543.254
5266,583.6319,55302.6,1,22,False,1283.9902
5267,749.24475,85422.03,1,30,False,1648.3385
5268,804.56744,122957.32,1,22,False,1770.0485
5269,473.8622,20533.852,1,25,False,1042.497
5270,500.78326,22024.434,1,32,False,1101.7231
5271,766.84937,81344.86,1,32,False,1687.0686
5272,1951.7664,83458.8,1,50,False,4293.886
5273,734.29803,17061.898,1,51,False,1615.4557
5274,696.80914,22695.678,1,46,False,1532.9801
5275,773.137,42820.85,1,41,False,1700.9015
5276,809.3616,50952.0,1,40,False,1780.5955
5277,567.6841,52120.945,1,20,False,1248.905
5278,730.05695,16853.594,1,51,False,1606.1254
5279,596.8924,51701.418,1,28,False,1313.1633
5280,1008.18677,28166.307,1,52,False,2218.011
5281,472.46042,19667.527,1,26,False,1039.413
5282,564.88544,49562.086,1,22,False,1242.748
5283,1395.5647,45678.516,1,52,False,3070.2424
5284,697.5478,94952.58,1,19,False,1534.6052
5285,558.87665,25109.55,1,37,False,1229.5287
5286,972.0603,60349.902,1,42,False,2138.5327
5287,452.151,14254.6455,1,25,False,994.73224
5288,538.8105,40130.574,1,24,False,1185.383
5289,639.64545,72454.97,1,22,False,1407.22
5290,1617.9784,77512.56,1,48,False,3559.5525
5291,649.18274,77936.164,1,20,False,1428.202
5292,1775.9941,95156.57,1,47,False,3907.1873
5293,1367.7113,35001.508,1,55,False,3008.9648
5294,2029.4955,74336.59,1,52,False,4464.89
5295,1214.5393,222965.89,1,27,False,2671.9866
5296,513.57404,34408.957,1,21,False,1129.8629
5297,2245.0632,150834.23,1,45,False,4939.139
5298,721.3839,100806.35,1,20,False,1587.0447
5299,620.6196,40405.434,1,35,False,1365.3632
5300,1420.5876,43194.906,1,53,False,3125.293
5301,680.07745,54967.652,1,34,False,1496.1704
5302,1680.6532,96366.15,1,46,False,3697.437
5303,729.8368,69001.67,1,33,False,1605.641
5304,697.5699,34193.137,1,41,False,1534.6538
5305,646.0236,9453.458,1,55,False,1421.252
5306,673.3986,85606.58,1,20,False,1481.477
5307,588.0621,10654.953,1,50,False,1293.7366
5308,852.53656,16764.092,1,55,False,1875.5804
5309,1013.97076,36235.57,1,49,False,2230.7358
5310,609.057,18930.23,1,44,False,1339.9254
5311,728.18494,64460.055,1,34,False,1602.0068
5312,1257.8203,39451.516,1,52,False,2767.2048
5313,1874.3102,93710.27,1,48,False,4123.4824
5314,647.27814,13816.299,1,50,False,1424.012
5315,1210.7339,29444.432,1,55,False,2663.6145
5316,606.0801,50168.258,1,30,False,1333.3762
5317,726.9657,51738.67,1,37,False,1599.3246
5318,1890.1937,87117.01,1,49,False,4158.4263
5319,714.9652,24055.223,1,46,False,1572.9235
5320,541.98413,34384.805,1,30,False,1192.3651
5321,644.01465,75031.1,1,21,False,1416.8323
5322,434.06042,8612.153,1,27,False,954.933
5323,1045.2106,68031.52,1,42,False,2299.4634
5324,729.15344,92128.27,1,26,False,1604.1376
5325,463.73056,17203.184,1,26,False,1020.2073
5326,548.64075,38861.523,1,28,False,1207.0096
5327,1843.5656,165033.89,1,41,False,4055.8442
5328,675.27203,84765.25,1,21,False,1485.5985
5329,818.61633,71493.09,1,36,False,1800.9559
5330,1540.8499,110475.13,1,43,False,3389.8699
5331,6362.058,211803.53,1,55,False,13996.528
5332,618.16284,50746.887,1,31,False,1359.9583
5333,527.6821,36099.24,1,25,False,1160.9008
5334,738.5086,110261.38,1,18,False,1624.719
5335,694.17737,43037.01,1,38,False,1527.1902
5336,1001.25433,23798.156,1,54,False,2202.7595
5337,510.8588,32458.748,1,23,False,1123.8894
5338,1250.9852,64192.52,1,46,False,2752.1675
5339,1097.4282,34895.098,1,51,False,2414.342
5340,722.5191,37041.645,1,41,False,1589.5421
5341,485.20428,21980.822,1,28,False,1067.4495
5342,926.90497,157640.36,1,23,False,2039.1909
5343,824.12024,38012.75,1,44,False,1813.0646
5344,498.7468,28298.654,1,24,False,1097.2429
5345,1014.29877,30812.633,1,51,False,2231.4573
5346,2168.2441,95015.86,1,50,False,4770.137
5347,2282.6133,79089.64,1,53,False,5021.7495
5348,1253.1562,33466.31,1,54,False,2756.9438
5349,565.1221,51309.37,1,20,False,1243.2686
5350,1299.6057,62388.848,1,47,False,2859.1326
5351,494.49536,28467.367,1,21,False,1087.8898
5352,661.5488,14578.164,1,50,False,1455.4075
5353,653.8882,75493.984,1,23,False,1438.5541
5354,759.7824,29756.145,1,45,False,1671.5214
5355,2091.104,71115.24,1,53,False,4600.4287
5356,1703.1243,64640.703,1,51,False,3746.8735
5357,1091.9276,52282.246,1,46,False,2402.2407
5358,525.8056,35556.44,1,25,False,1156.7723
5359,509.45538,30110.695,1,26,False,1120.8019
5360,468.71042,20111.445,1,22,False,1031.163
5361,1117.5465,30576.283,1,53,False,2458.6023
5362,651.95,78812.766,1,20,False,1434.29
5363,902.59863,152976.39,1,22,False,1985.717
5364,2210.3984,136033.67,1,46,False,4862.8765
5365,621.3816,56168.797,1,29,False,1367.0396
5366,1853.5001,152911.34,1,42,False,4077.7004
5367,647.2975,39117.46,1,37,False,1424.0544
5368,881.79254,17799.771,1,55,False,1939.9436
5369,5120.377,232461.02,1,51,False,11264.829
5370,1258.7227,76574.92,1,44,False,2769.19
5371,560.79816,14648.214,1,44,False,1233.756
5372,1080.726,174035.95,1,29,False,2377.5972
5373,1158.2183,27585.355,1,55,False,2548.0803
5374,832.1382,32829.16,1,46,False,1830.7041
5375,1015.9439,113196.984,1,35,False,2235.0767
5376,943.83777,148619.4,1,27,False,2076.443
5377,482.3288,22453.17,1,26,False,1061.1234
5378,1172.9324,162197.64,1,33,False,2580.4512
5379,853.3305,100626.18,1,32,False,1877.3271
5380,580.20746,26369.92,1,38,False,1276.4564
5381,788.4702,41070.824,1,42,False,1734.6345
5382,952.19147,168162.66,1,22,False,2094.8213
5383,449.8874,14347.472,1,22,False,989.75226
5384,1044.3932,150896.55,1,31,False,2297.665
5385,772.4222,98410.62,1,28,False,1699.3289
5386,2501.5173,75138.69,1,55,False,5503.3384
5387,581.47687,55555.336,1,21,False,1279.2491
5388,1192.6821,241805.42,1,22,False,2623.9006
5389,2592.005,272152.3,1,40,False,5702.4106
5390,1009.2458,30564.5,1,51,False,2220.3408
5391,699.8022,81596.54,1,27,False,1539.5648
5392,1196.2134,223972.7,1,26,False,2631.6694
5393,631.7813,26681.951,1,41,False,1389.919
5394,1841.8411,60735.883,1,53,False,4052.0505
5395,967.20386,111622.58,1,34,False,2127.8486
5396,526.9322,9975.263,1,46,False,1159.2509
5397,698.2345,97015.16,1,18,False,1536.116
5398,495.88342,20931.965,1,32,False,1090.9436
5399,590.34357,58316.676,1,21,False,1298.7559
5400,2540.8179,124898.19,1,49,False,5589.7993
5401,587.84973,7394.071,1,55,False,1293.2694
5402,876.66345,93757.35,1,34,False,1928.6597
5403,1488.996,255363.03,1,31,False,3275.7913
5404,504.36597,32634.898,1,19,False,1109.6051
5405,677.0936,79310.87,1,25,False,1489.606
5406,862.5165,145511.06,1,20,False,1897.5363
5407,495.48853,13980.549,1,38,False,1090.0748
5408,1428.5609,91644.67,1,44,False,3142.834
5409,773.3993,113413.0,1,22,False,1701.4785
5410,798.00397,83339.21,1,33,False,1755.6088
5411,766.32385,53587.785,1,38,False,1685.9125
5412,493.55396,22459.031,1,30,False,1085.8187
5413,1972.9728,152194.86,1,43,False,4340.54
5414,680.3267,51399.367,1,35,False,1496.7189
5415,965.9112,24262.178,1,53,False,2125.0046
5416,766.5436,38768.277,1,42,False,1686.3959
5417,640.62067,67136.734,1,26,False,1409.3655
5418,450.6415,14340.318,1,23,False,991.4113
5419,746.73004,50722.383,1,38,False,1642.8062
5420,1314.4944,35820.53,1,54,False,2891.8877
5421,3115.695,145597.23,1,50,False,6854.5293
5422,449.67297,11157.484,1,31,False,989.2806
5423,1933.0089,105956.555,1,47,False,4252.6196
5424,928.9598,155352.83,1,24,False,2043.7115
5425,547.2954,11500.059,1,46,False,1204.0499
5426,453.75165,12657.843,1,30,False,998.25366
5427,1215.6902,208667.7,1,29,False,2674.5186
5428,692.2703,24252.637,1,45,False,1522.9948
5429,14662.742,594598.44,1,53,False,32258.033
5430,688.41534,11791.17,1,54,False,1514.5138
5431,590.10974,57286.266,1,22,False,1298.2415
5432,635.08685,49072.953,1,33,False,1397.1912
5433,667.5677,42328.746,1,37,False,1468.6489
5434,696.41736,72413.51,1,30,False,1532.1182
5435,879.0564,75833.5,1,37,False,1933.9241
5436,638.642,43723.94,1,35,False,1405.0125
5437,514.0785,22213.137,1,34,False,1130.9727
5438,1594.0458,115611.02,1,43,False,3506.901
5439,964.9671,82637.63,1,38,False,2122.9277
5440,662.3157,54799.99,1,33,False,1457.0945
5441,652.95996,80569.24,1,19,False,1436.512
5442,2991.8594,92496.99,1,55,False,6582.091
5443,494.9732,27184.24,1,24,False,1088.941
5444,2117.2012,78301.54,1,52,False,4657.843
5445,943.16113,32123.71,1,49,False,2074.9546
5446,731.267,94978.42,1,25,False,1608.7875
5447,536.08514,42867.043,1,19,False,1179.3873
5448,1578.393,81564.87,1,47,False,3472.4646
5449,518.438,35338.984,1,22,False,1140.5636
5450,1529.2407,85028.37,1,46,False,3364.3296
5451,485.90637,22851.291,1,27,False,1068.994
5452,848.8741,51467.89,1,41,False,1867.5231
5453,790.9272,109566.21,1,26,False,1740.0398
5454,795.7892,72659.69,1,35,False,1750.7362
5455,621.699,58302.56,1,28,False,1367.7378
5456,3740.5261,211636.9,1,48,False,8229.157
5457,1116.1925,113401.26,1,37,False,2455.6235
5458,716.099,99132.266,1,20,False,1575.4178
5459,665.5889,84643.24,1,19,False,1464.2957
5460,947.3446,93520.484,1,36,False,2084.1582
5461,1040.3099,188237.53,1,24,False,2288.682
5462,537.12787,35797.86,1,28,False,1181.6814
5463,1557.8591,112117.36,1,43,False,3427.2903
5464,605.4571,66500.76,1,18,False,1332.0056
5465,1136.2405,36801.145,1,51,False,2499.729
5466,670.60394,46165.97,1,36,False,1475.3287
5467,964.74414,59581.598,1,42,False,2122.4373
5468,500.4199,25130.217,1,29,False,1100.9238
5469,1520.5461,99806.49,1,44,False,3345.2017
5470,620.7175,46050.65,1,33,False,1365.5786
5471,738.17926,53515.234,1,37,False,1623.9944
5472,1151.9937,148084.8,1,34,False,2534.386
5473,627.6058,55468.848,1,30,False,1380.7328
5474,1225.0043,173149.9,1,33,False,2695.0095
5475,870.2634,32857.215,1,47,False,1914.5796
5476,649.7667,20787.818,1,45,False,1429.4868
5477,532.508,39647.523,1,22,False,1171.5176
5478,487.0199,5260.6323,1,50,False,1071.4438
5479,745.95746,103196.24,1,23,False,1641.1064
5480,830.332,21778.084,1,51,False,1826.7303
5481,504.36288,30504.27,1,23,False,1109.5984
5482,2884.0637,88681.016,1,55,False,6344.9404
5483,1418.6848,54999.27,1,50,False,3121.1067
5484,705.93884,35148.664,1,41,False,1553.0654
5485,451.18896,9803.986,1,34,False,992.6157
5486,873.4359,141552.33,1,23,False,1921.5591
5487,921.89026,89164.86,1,36,False,2028.1586
5488,3851.7827,258940.95,1,46,False,8473.922
5489,1189.6501,31028.904,1,54,False,2617.2305
5490,465.77512,15618.6045,1,30,False,1024.7053
5491,928.6177,110811.13,1,33,False,2042.959
5492,559.328,43016.125,1,27,False,1230.5216
5493,1699.206,82645.375,1,48,False,3738.2534
5494,1144.3684,182720.06,1,30,False,2517.6106
5495,747.1741,68206.88,1,34,False,1643.783
5496,1095.9546,57160.445,1,45,False,2411.1
5497,615.69635,60100.926,1,26,False,1354.532
5498,455.07098,13493.721,1,29,False,1001.1562
5499,2661.0024,121322.66,1,50,False,5854.2056
5500,1719.2712,127701.05,1,43,False,3782.3967
5501,667.16016,76437.93,1,25,False,1467.7523
5502,453.29446,14875.258,1,24,False,997.24786
5503,1109.4963,45381.473,1,48,False,2440.892
5504,1153.1613,158039.28,1,33,False,2536.9548
5505,510.59763,31798.531,1,24,False,1123.3148
5506,1527.5186,128950.09,1,41,False,3360.5408
5507,614.5469,52253.152,1,30,False,1352.0032
5508,1479.3411,88413.625,1,45,False,3254.5503
5509,514.6627,35956.5,1,19,False,1132.258
5510,796.2105,53491.766,1,39,False,1751.6632
5511,623.01337,70908.84,1,19,False,1370.6294
5512,474.09808,21019.19,1,24,False,1043.0157
5513,900.4087,62249.688,1,40,False,1980.8992
5514,424.47128,5819.4326,1,28,False,933.83685
5515,743.98114,30902.021,1,44,False,1636.7585
5516,1133.056,77256.375,1,42,False,2492.7234
5517,923.60333,122514.984,1,31,False,2031.9274
5518,1218.2399,72982.87,1,44,False,2680.1277
5519,631.59644,16440.857,1,47,False,1389.5122
5520,3126.7834,114240.914,1,53,False,6878.924
5521,574.1292,20099.666,1,41,False,1263.0844
5522,1397.3134,81726.79,1,45,False,3074.0894
5523,506.1189,20642.582,1,34,False,1113.4615
5524,784.1766,26935.848,1,47,False,1725.1885
5525,759.4956,23264.852,1,48,False,1670.8904
5526,1025.4766,55879.07,1,44,False,2256.0486
5527,593.78564,42759.67,1,32,False,1306.3285
5528,2501.1243,75124.79,1,55,False,5502.4736
5529,582.0628,49260.137,1,27,False,1280.5382
5530,448.40323,14845.907,1,18,False,986.4871
5531,765.1505,62344.344,1,36,False,1683.3312
5532,444.27103,12210.43,1,24,False,977.3963
5533,632.13715,24654.016,1,42,False,1390.7018
5534,816.8864,37370.902,1,44,False,1797.1501
5535,518.4928,35355.723,1,22,False,1140.6842
5536,659.4157,13384.44,1,51,False,1450.7146
5537,858.5641,149747.52,1,18,False,1888.8411
5538,4192.0737,186872.25,1,51,False,9222.5625
5539,1358.666,302670.0,1,20,False,2989.0652
5540,1589.8876,125229.01,1,42,False,3497.7527
5541,1258.3643,36439.953,1,53,False,2768.4014
5542,1008.89856,35941.023,1,49,False,2219.577
5543,531.8297,34388.008,1,28,False,1170.0254
5544,1249.378,244822.42,1,25,False,2748.6318
5545,1112.7251,45585.508,1,48,False,2447.9954
5546,1343.6832,138021.48,1,38,False,2956.1033
5547,889.98035,129693.11,1,28,False,1957.9568
5548,1571.7101,58186.96,1,51,False,3457.7622
5549,524.8944,15653.747,1,40,False,1154.7677
5550,693.1462,46380.918,1,37,False,1524.9216
5551,706.6058,56238.188,1,35,False,1554.5327
5552,834.0436,138984.17,1,19,False,1834.8959
5553,587.6129,50784.406,1,27,False,1292.7484
5554,668.9958,19013.297,1,47,False,1471.7908
5555,2452.7734,110205.96,1,50,False,5396.1016
5556,1107.7057,41678.688,1,49,False,2436.9526
5557,427.12698,6526.1904,1,28,False,939.6794
5558,753.3524,64845.703,1,35,False,1657.3754
5559,1169.6498,74637.27,1,43,False,2573.2295
5560,498.33292,25474.36,1,28,False,1096.3324
5561,717.4737,42879.18,1,39,False,1578.4421
5562,695.4586,84622.195,1,25,False,1530.009
5563,1340.4666,65199.438,1,47,False,2949.0264
5564,466.24252,14323.441,1,32,False,1025.7335
5565,1497.183,136300.66,1,40,False,3293.8027
5566,4056.032,195798.78,1,50,False,8923.2705
5567,917.4189,33244.055,1,48,False,2018.3215
5568,453.35565,10849.573,1,33,False,997.38245
5569,904.39777,92657.81,1,35,False,1989.6752
5570,508.9564,29181.912,1,27,False,1119.7041
5571,636.579,76736.85,1,18,False,1400.4738
5572,7374.7637,291126.94,1,53,False,16224.48
5573,455.5423,14512.016,1,27,False,1002.19305
5574,544.7528,26435.988,1,35,False,1198.4562
5575,535.86426,42795.773,1,19,False,1178.9014
5576,3248.2668,140522.23,1,51,False,7146.187
5577,4257.699,859642.56,1,32,False,9366.938
5578,661.49274,60927.9,1,31,False,1455.284
5579,448.8006,13548.08,1,24,False,987.3613
5580,680.7165,37924.824,1,39,False,1497.5763
5581,511.58908,26900.16,1,30,False,1125.496
5582,2355.1462,89058.31,1,52,False,5181.322
5583,612.74,67594.78,1,19,False,1348.028
5584,683.8775,21727.36,1,46,False,1504.5305
5585,482.7682,25667.732,1,19,False,1062.0901
5586,548.57355,37486.363,1,29,False,1206.8618
5587,533.4799,41286.53,1,20,False,1173.6559
5588,553.05286,48340.605,1,19,False,1216.7163
5589,1535.2588,51993.65,1,52,False,3377.5693
5590,819.45056,134276.81,1,19,False,1802.7913
5591,516.09235,36417.67,1,19,False,1135.4032
5592,947.3677,32367.977,1,49,False,2084.209
5593,517.0447,17132.955,1,38,False,1137.4983
5594,554.9058,41801.64,1,27,False,1220.7928
5595,651.5848,61373.613,1,30,False,1433.4866
5596,446.38824,12588.024,1,25,False,982.05414
5597,681.4135,38018.777,1,39,False,1499.1097
5598,2231.7053,126502.02,1,47,False,4909.752
5599,1342.2638,83987.49,1,44,False,2952.9805
5600,767.2701,67408.39,1,35,False,1687.9943
5601,919.15955,82186.65,1,37,False,2022.151
5602,506.21783,31596.918,1,22,False,1113.6792
5603,555.4344,28402.785,1,35,False,1221.9557
5604,1059.3944,138317.27,1,33,False,2330.6677
5605,893.2065,97021.69,1,34,False,1965.0543
5606,500.28693,27522.52,1,26,False,1100.6312
5607,613.3738,11123.32,1,51,False,1349.4224
5608,799.40607,27983.375,1,47,False,1758.6934
5609,1613.5824,77234.82,1,48,False,3549.8813
5610,496.36545,29530.242,1,20,False,1092.004
5611,608.6904,65109.94,1,20,False,1339.119
5612,3557.0369,155685.73,1,51,False,7825.4814
5613,964.12665,46414.008,1,45,False,2121.0786
5614,1517.8154,60291.5,1,50,False,3339.194
5615,789.8946,86482.84,1,32,False,1737.7682
5616,850.5172,21038.531,1,52,False,1871.138
5617,547.48584,26939.23,1,35,False,1204.4689
5618,923.176,89384.914,1,36,False,2030.9873
5619,565.7266,51500.785,1,20,False,1244.5986
5620,880.8217,55115.44,1,41,False,1937.8079
5621,595.56946,51349.32,1,28,False,1310.2528
5622,1147.7052,109361.42,1,38,False,2524.9514
5623,785.97217,70851.99,1,35,False,1729.1388
5624,1968.9348,71598.85,1,52,False,4331.6567
5625,3575.4763,132924.53,1,53,False,7866.048
5626,1027.9417,180780.23,1,25,False,2261.4717
5627,1369.411,300935.62,1,21,False,3012.7043
5628,1081.1111,31462.994,1,52,False,2378.4443
5629,7141.468,360520.53,1,50,False,15711.2295
5630,472.08624,20792.756,1,23,False,1038.5897
5631,2143.9644,235149.38,1,39,False,4716.7217
5632,1106.3468,30109.934,1,53,False,2433.9631
5633,975.2049,47317.074,1,45,False,2145.451
5634,697.38525,50748.586,1,36,False,1534.2476
5635,493.6908,24989.268,1,27,False,1086.1198
5636,592.6379,53591.9,1,26,False,1303.8033
5637,771.1972,26043.092,1,47,False,1696.6339
5638,509.60632,18616.871,1,36,False,1121.1339
5639,556.17346,48474.8,1,20,False,1223.5817
5640,1006.93646,178381.5,1,24,False,2215.2603
5641,536.2883,40805.105,1,22,False,1179.8344
5642,789.1981,106148.57,1,27,False,1736.236
5643,530.3247,25418.822,1,34,False,1166.7144
5644,469.8989,17907.904,1,28,False,1033.7776
5645,891.4616,71888.125,1,38,False,1961.2156
5646,3897.379,203672.42,1,49,False,8574.233
5647,1920.9674,59097.38,1,54,False,4226.1284
5648,730.9244,96867.2,1,24,False,1608.0337
5649,3754.0217,165359.61,1,51,False,8258.848
5650,684.5943,48559.93,1,36,False,1506.1075
5651,785.8553,44272.883,1,41,False,1728.8817
5652,641.2427,72944.125,1,22,False,1410.7339
5653,1134.7129,84102.67,1,41,False,2496.3684
5654,595.04987,16327.371,1,45,False,1309.1097
5655,613.5119,63345.477,1,23,False,1349.7262
5656,1683.2269,49972.75,1,54,False,3703.0994
5657,1073.907,26586.615,1,54,False,2362.5955
5658,552.41455,47284.13,1,20,False,1215.312
5659,787.67413,19683.154,1,51,False,1732.8832
5660,468.95697,14928.63,1,32,False,1031.7053
5661,594.75775,52746.723,1,27,False,1308.467
5662,1888.4615,102892.484,1,47,False,4154.6157
5663,1367.9238,37871.18,1,54,False,3009.4324
5664,636.70337,23183.47,1,43,False,1400.7474
5665,1065.2175,26253.098,1,54,False,2343.4785
5666,639.11224,77569.836,1,18,False,1406.047
5667,2928.33,189792.47,1,46,False,6442.326
5668,984.94855,92609.15,1,37,False,2166.887
5669,1991.008,141550.5,1,44,False,4380.218
5670,559.79675,21626.6,1,39,False,1231.5529
5671,549.29565,47128.555,1,19,False,1208.4504
5672,813.9753,112953.44,1,27,False,1790.7456
5673,455.50427,16324.727,1,21,False,1002.10944
5674,586.76404,29527.57,1,37,False,1290.8809
5675,1697.9384,106233.375,1,45,False,3735.4644
5676,1448.7565,61483.18,1,49,False,3187.2644
5677,482.7433,23102.348,1,25,False,1062.0353
5678,537.0598,13563.276,1,43,False,1181.5316
5679,3883.4229,145747.42,1,53,False,8543.53
5680,476.69403,9672.777,1,40,False,1048.7269
5681,678.5859,82925.21,1,23,False,1492.8889
5682,509.62927,32641.598,1,22,False,1121.1844
5683,2072.4382,115547.03,1,47,False,4559.3643
5684,519.1491,21721.54,1,35,False,1142.128
5685,1703.5371,404989.9,1,21,False,3747.7817
5686,1395.4751,68983.14,1,47,False,3070.0452
5687,651.6032,78702.77,1,20,False,1433.5271
5688,699.3202,26939.275,1,44,False,1538.5044
5689,577.6198,44939.57,1,29,False,1270.7637
5690,597.4565,45881.582,1,31,False,1314.4043
5691,2240.6697,210372.06,1,41,False,4929.4736
5692,750.6264,68888.164,1,34,False,1651.3782
5693,655.3137,77253.08,1,22,False,1441.6902
5694,690.32874,76565.16,1,28,False,1518.7233
5695,724.67773,82674.54,1,29,False,1594.291
5696,673.2846,16452.217,1,49,False,1481.2262
5697,1259.1498,257607.6,1,23,False,2770.1296
5698,583.19165,24779.883,1,39,False,1283.0216
5699,1547.6831,48487.184,1,53,False,3404.9028
5700,1325.74,170240.02,1,35,False,2916.628
5701,1592.6426,235032.38,1,34,False,3503.8137
5702,2863.6128,95276.8,1,54,False,6299.948
5703,524.2797,33390.36,1,27,False,1153.4154
5704,1343.647,55379.562,1,49,False,2956.0234
5705,610.77344,57145.28,1,27,False,1343.7015
5706,835.50305,58787.86,1,39,False,1838.1068
5707,832.08954,18689.85,1,53,False,1830.597
5708,819.86053,137017.77,1,18,False,1803.6932
5709,611.85913,55684.074,1,28,False,1346.0901
5710,511.82724,28057.275,1,29,False,1126.0199
5711,716.9381,33559.117,1,42,False,1577.2639
5712,859.6885,62047.676,1,39,False,1891.3147
5713,693.35284,16276.099,1,50,False,1525.3763
5714,1037.6904,100964.71,1,37,False,2282.919
5715,672.5866,60328.656,1,32,False,1479.6906
5716,2208.8003,174963.03,1,43,False,4859.361
5717,690.1147,53201.68,1,35,False,1518.2523
5718,723.4171,20985.016,1,48,False,1591.5177
5719,720.2303,19178.32,1,49,False,1584.5067
5720,631.2706,36578.42,1,37,False,1388.7954
5721,557.62604,39809.246,1,29,False,1226.7773
5722,573.66785,31760.191,1,35,False,1262.0693
5723,925.0436,55412.625,1,42,False,2035.096
5724,746.4579,31121.785,1,44,False,1642.2074
5725,625.81354,61275.97,1,27,False,1376.7898
5726,871.85834,32966.906,1,47,False,1918.0884
5727,1817.2175,82879.35,1,49,False,3997.8787
5728,568.2324,39014.914,1,31,False,1250.1113
5729,2362.5544,135502.27,1,47,False,5197.62
5730,893.20215,84255.914,1,36,False,1965.0448
5731,587.4289,58375.207,1,20,False,1292.3436
5732,631.1602,42346.305,1,35,False,1388.5525
5733,591.79803,14832.419,1,46,False,1301.9557
5734,3541.2974,154912.83,1,51,False,7790.8545
5735,505.5318,29003.06,1,26,False,1112.1699
5736,612.0106,53764.25,1,29,False,1346.4233
5737,785.51733,65829.4,1,36,False,1728.1382
5738,1420.0594,43172.934,1,53,False,3124.1309
5739,3654.0305,147776.92,1,52,False,8038.867
5740,467.9367,18820.115,1,25,False,1029.4608
5741,6033.455,200170.77,1,55,False,13273.602
5742,2277.859,85564.375,1,52,False,5011.2896
5743,680.6169,41053.93,1,38,False,1497.3572
5744,578.4815,41423.113,1,31,False,1272.6593
5745,559.6967,8487.257,1,51,False,1231.3328
5746,560.49976,25366.688,1,37,False,1233.0995
5747,756.09796,37671.355,1,42,False,1663.4155
5748,612.2998,57564.555,1,27,False,1347.0596
5749,2383.745,136959.88,1,47,False,5244.2393
5750,1208.8142,255203.05,1,20,False,2659.3914
5751,644.7604,62167.77,1,29,False,1418.4729
5752,1688.903,58939.438,1,52,False,3715.5867
5753,517.2924,33775.7,1,24,False,1138.0433
5754,486.58807,12678.947,1,38,False,1070.4938
5755,522.5015,30796.275,1,29,False,1149.5034
5756,546.56274,42420.094,1,24,False,1202.4381
5757,1850.8164,109108.04,1,46,False,4071.7961
5758,1807.6495,75764.86,1,50,False,3976.829
5759,644.77075,59695.652,1,30,False,1418.4957
5760,560.72894,31418.06,1,34,False,1233.6038
5761,441.0843,10240.286,1,28,False,970.38544
5762,641.337,10746.909,1,53,False,1410.9414
5763,446.88736,13210.789,1,23,False,983.1522
5764,1129.9329,39583.71,1,50,False,2485.8523
5765,898.7301,110748.13,1,32,False,1977.2063
5766,1034.2043,108383.45,1,36,False,2275.2495
5767,716.5519,94348.52,1,23,False,1576.4142
5768,915.3558,33113.684,1,48,False,2013.7827
5769,1586.6595,124890.02,1,42,False,3490.6511
5770,539.54675,23740.123,1,36,False,1187.0029
5771,2094.1772,98962.18,1,49,False,4607.19
5772,460.74026,13096.722,1,32,False,1013.6286
5773,568.86304,19498.416,1,41,False,1251.4987
5774,3619.9607,187563.05,1,49,False,7963.9136
5775,915.82715,42476.684,1,45,False,2014.8198
5776,558.67,28998.588,1,35,False,1229.074
5777,804.50226,120811.32,1,23,False,1769.905
5778,900.1987,132412.27,1,28,False,1980.4373
5779,1302.3271,35353.535,1,54,False,2865.1199
5780,593.2222,62476.703,1,18,False,1305.089
5781,848.3302,55787.45,1,40,False,1866.3265
5782,419.8101,5208.7603,1,21,False,923.5822
5783,453.03128,16368.11,1,18,False,996.6688
5784,1497.1217,106253.375,1,43,False,3293.6677
5785,909.9038,25685.834,1,51,False,2001.7885
5786,2536.953,76393.17,1,55,False,5581.2964
5787,652.95294,61710.58,1,30,False,1436.4965
5788,850.587,132207.05,1,24,False,1871.2914
5789,728.8326,16793.465,1,51,False,1603.4318
5790,1309.0171,68537.95,1,46,False,2879.8376
5791,604.13477,47450.707,1,31,False,1329.0966
5792,488.43866,26581.182,1,21,False,1074.5651
5793,487.96042,26432.277,1,21,False,1073.513
5794,1711.9164,59979.793,1,52,False,3766.216
5795,820.8511,82744.63,1,34,False,1805.8724
5796,988.6299,52609.676,1,44,False,2174.9858
5797,1578.2201,53935.797,1,52,False,3472.0842
5798,841.85034,33556.395,1,46,False,1852.0708
5799,794.4995,35384.516,1,44,False,1747.8989
5800,510.06122,26523.914,1,30,False,1122.1346
5801,738.59796,33020.934,1,43,False,1624.9155
5802,762.8819,80460.266,1,32,False,1678.3402
5803,1387.2979,87983.34,1,44,False,3052.0554
5804,458.0451,18017.121,1,18,False,1007.6993
5805,969.3911,24407.09,1,53,False,2132.6604
5806,529.03754,28323.861,1,32,False,1163.8826
5807,604.35736,47503.03,1,31,False,1329.5862
5808,446.96872,13007.17,1,24,False,983.3312
5809,977.66907,24751.78,1,53,False,2150.872
5810,466.79956,16503.258,1,29,False,1026.9591
5811,1313.6243,68882.95,1,46,False,2889.9734
5812,592.7693,48826.98,1,29,False,1304.0924
5813,618.3746,34535.402,1,37,False,1360.4241
5814,678.9376,21357.46,1,46,False,1493.6628
5815,658.7563,34964.94,1,39,False,1449.2639
5816,522.2001,31825.547,1,28,False,1148.8402
5817,1006.8141,184889.11,1,22,False,2214.991
5818,2840.7744,111012.055,1,52,False,6249.7036
5819,519.1969,28773.553,1,30,False,1142.2332
5820,1094.7755,57064.332,1,45,False,2408.506
5821,750.5615,106419.62,1,22,False,1651.2354
5822,885.3468,28766.504,1,49,False,1947.7631
5823,458.50443,16092.195,1,25,False,1008.7098
5824,443.13922,11876.197,1,24,False,974.9063
5825,1609.9099,138356.89,1,41,False,3541.802
5826,536.2274,42912.926,1,19,False,1179.7003
5827,907.44617,63122.87,1,40,False,1996.3816
5828,633.668,31583.445,1,39,False,1394.0697
5829,556.8989,18132.463,1,41,False,1225.1776
5830,472.94708,21051.72,1,23,False,1040.4836
5831,474.9725,17101.996,1,31,False,1044.9396
5832,1023.3542,98693.445,1,37,False,2251.3792
5833,1072.4922,165020.86,1,30,False,2359.483
5834,1723.3368,51512.176,1,54,False,3791.341
5835,509.49597,14846.791,1,39,False,1120.8911
5836,704.4344,74387.68,1,30,False,1549.7557
5837,1018.9569,137553.2,1,32,False,2241.7053
5838,811.40137,108783.15,1,28,False,1785.083
5839,1231.1719,48848.23,1,49,False,2708.5781
5840,1230.8601,41447.9,1,51,False,2707.8923
5841,942.7102,48535.23,1,44,False,2073.9624
5842,1472.5922,133249.36,1,40,False,3239.703
5843,708.29645,91864.56,1,23,False,1558.2522
5844,519.07477,36723.52,1,20,False,1141.9645
5845,563.4301,35991.79,1,32,False,1239.5463
5846,929.54663,34010.42,1,48,False,2045.0027
5847,509.62454,21334.316,1,34,False,1121.1741
5848,977.1191,147450.66,1,29,False,2149.662
5849,613.29266,26622.693,1,40,False,1349.2439
5850,640.7464,74013.23,1,21,False,1409.6421
5851,507.13428,29455.508,1,26,False,1115.6954
5852,813.4651,34132.293,1,45,False,1789.6233
5853,1003.30444,45646.11,1,46,False,2207.2698
5854,651.4303,77340.44,1,21,False,1433.1467
5855,677.75604,40635.574,1,38,False,1491.0634
5856,503.36282,20098.775,1,34,False,1107.3982
5857,658.79926,50769.11,1,34,False,1449.3584
5858,677.0321,27077.025,1,43,False,1489.4707
5859,1784.3269,171931.08,1,40,False,3925.5193
5860,594.86035,40612.156,1,33,False,1308.6927
5861,1144.6497,29301.758,1,54,False,2518.2292
5862,3372.1055,242709.11,1,45,False,7418.6323
5863,2551.8281,90299.76,1,53,False,5614.022
5864,554.401,24400.502,1,37,False,1219.6823
5865,536.0929,26556.957,1,34,False,1179.4044
5866,645.81995,73066.45,1,23,False,1420.804
5867,586.18243,51769.65,1,26,False,1289.6014
5868,3257.9702,101917.48,1,55,False,7167.5347
5869,572.7759,29426.098,1,36,False,1260.1069
5870,699.5831,87611.33,1,24,False,1539.0829
5871,461.241,8342.745,1,39,False,1014.7302
5872,542.6424,44188.72,1,20,False,1193.8134
5873,506.258,30516.871,1,24,False,1113.7676
5874,516.4926,34743.266,1,22,False,1136.2838
5875,548.5176,46049.793,1,20,False,1206.7386
5876,3890.6855,124315.9,1,55,False,8559.509
5877,546.7023,19861.658,1,39,False,1202.745
5878,509.70016,8684.924,1,46,False,1121.3403
5879,505.3847,21792.81,1,33,False,1111.8463
5880,747.72437,113292.36,1,18,False,1644.9937
5881,587.5389,13410.393,1,47,False,1292.5856
5882,521.50793,31641.354,1,28,False,1147.3175
5883,1700.7947,97874.39,1,46,False,3741.7483
5884,679.6661,47716.64,1,36,False,1495.2654
5885,3345.43,123345.38,1,53,False,7359.946
5886,636.9766,9816.912,1,54,False,1401.3486
5887,1470.9811,38657.305,1,55,False,3236.1584
5888,871.0383,145731.33,1,21,False,1916.2844
5889,493.03934,20297.904,1,32,False,1084.6865
5890,915.1967,114419.43,1,32,False,2013.4329
5891,1046.6135,41407.86,1,48,False,2302.5498
5892,1827.7766,70762.31,1,51,False,4021.1086
5893,878.35187,137517.14,1,25,False,1932.3741
5894,718.2958,70519.69,1,32,False,1580.2507
5895,1074.3314,31156.514,1,52,False,2363.5293
5896,697.1796,78388.19,1,28,False,1533.7952
5897,504.68018,29446.738,1,25,False,1110.2964
5898,644.97375,62222.49,1,29,False,1418.9423
5899,681.9843,18366.873,1,48,False,1500.3655
5900,884.7129,51177.438,1,42,False,1946.3684
5901,3492.5398,129471.07,1,53,False,7683.588
5902,648.89246,39370.12,1,37,False,1427.5635
5903,1448.5848,119938.05,1,41,False,3186.8867
5904,2310.2478,593933.06,1,21,False,5082.5454
5905,565.3536,48855.41,1,23,False,1243.778
5906,720.9829,81726.375,1,29,False,1586.1625
5907,1039.4231,73223.26,1,41,False,2286.731
5908,1338.7147,59865.832,1,48,False,2945.1724
5909,911.19916,93910.27,1,35,False,2004.6382
5910,609.28455,40998.973,1,34,False,1340.426
5911,550.64935,29429.21,1,34,False,1211.4286
5912,468.1374,14745.8955,1,32,False,1029.9022
5913,681.3393,38008.742,1,39,False,1498.9465
5914,751.14716,102839.586,1,24,False,1652.5238
5915,735.3148,23574.965,1,47,False,1617.6926
5916,1027.4453,60908.047,1,43,False,2260.3796
5917,617.1974,45310.332,1,33,False,1357.8342
5918,510.58875,30430.594,1,26,False,1123.2953
5919,677.031,11354.234,1,54,False,1489.4683
5920,2072.2144,148755.9,1,44,False,4558.8716
5921,741.1906,75624.13,1,32,False,1630.6194
5922,2691.3008,421682.75,1,35,False,5920.862
5923,864.5903,118575.92,1,29,False,1902.0986
5924,908.1126,146124.38,1,25,False,1997.8478
5925,444.69708,12336.225,1,24,False,978.3336
5926,543.98834,12164.899,1,45,False,1196.7744
5927,753.56165,51721.453,1,38,False,1657.8357
5928,468.20288,19956.016,1,22,False,1030.0464
5929,696.85895,28991.234,1,43,False,1533.0897
5930,3990.2756,377297.62,1,42,False,8778.606
5931,819.01965,129531.48,1,21,False,1801.8433
5932,1047.1417,23653.203,1,55,False,2303.712
5933,439.6734,7531.7437,1,34,False,967.2815
5934,576.9329,22110.953,1,40,False,1269.2524
5935,898.00055,32017.014,1,48,False,1975.6012
5936,1003.2542,38667.99,1,48,False,2207.1594
5937,633.7188,17971.479,1,46,False,1394.1814
5938,955.738,123458.305,1,32,False,2102.6235
5939,626.80835,28299.79,1,40,False,1378.9784
5940,1133.8641,84005.74,1,41,False,2494.5012
5941,624.3585,52202.633,1,31,False,1373.5887
5942,905.424,105932.77,1,33,False,1991.9329
5943,542.8855,41334.055,1,24,False,1194.3481
5944,485.34894,23855.955,1,25,False,1067.7677
5945,1070.2975,30974.158,1,52,False,2354.6545
5946,651.1931,31325.576,1,40,False,1432.6249
5947,1571.6427,260776.42,1,32,False,3457.614
5948,1560.9655,53155.8,1,52,False,3434.124
5949,1010.39404,50185.656,1,45,False,2222.867
5950,739.50684,101255.22,1,23,False,1626.915
5951,959.1869,49997.207,1,44,False,2110.2112
5952,803.5757,122653.59,1,22,False,1767.8666
5953,1427.7699,37127.605,1,55,False,3141.0938
5954,513.0006,34230.3,1,21,False,1128.6013
5955,614.7084,22823.809,1,42,False,1352.3584
5956,1387.2057,219655.6,1,32,False,3051.8525
5957,560.1295,47283.582,1,23,False,1232.2849
5958,470.44788,19546.36,1,25,False,1034.9854
5959,742.84076,58526.8,1,36,False,1634.2498
5960,496.97958,29724.746,1,20,False,1093.3551
5961,526.89215,36610.754,1,24,False,1159.1627
5962,1007.88226,64111.63,1,42,False,2217.341
5963,1387.3745,168816.31,1,36,False,3052.2239
5964,580.1396,54233.094,1,22,False,1276.3071
5965,492.51123,28309.39,1,20,False,1083.5248
5966,560.49695,33384.48,1,33,False,1233.0933
5967,1971.9492,84536.27,1,50,False,4338.2886
5968,533.09753,10436.928,1,46,False,1172.8146
5969,487.09955,21712.262,1,29,False,1071.619
5970,593.4119,59272.168,1,21,False,1305.5062
5971,528.78894,12764.748,1,43,False,1163.3357
5972,1179.7821,38939.48,1,51,False,2595.5208
5973,696.7877,34103.875,1,41,False,1532.933
5974,854.4916,100885.055,1,32,False,1879.8815
5975,561.98334,40927.293,1,29,False,1236.3634
5976,3243.14,129201.875,1,52,False,7134.9077
5977,736.54675,53256.582,1,37,False,1620.4028
5978,1136.4283,207096.3,1,26,False,2500.1423
5979,542.40894,16478.094,1,41,False,1193.2997
5980,1867.9929,182312.9,1,40,False,4109.5845
5981,596.6162,35985.688,1,35,False,1312.5557
5982,916.40955,162582.05,1,20,False,2016.1011
5983,905.41473,129051.4,1,29,False,1991.9125
5984,461.91046,5106.4106,1,46,False,1016.20306
5985,1459.0854,73358.44,1,47,False,3209.988
5986,1101.448,111065.35,1,37,False,2423.1855
5987,2681.7708,144733.94,1,48,False,5899.896
5988,478.50116,19505.828,1,29,False,1052.7025
5989,761.6333,80181.86,1,32,False,1675.5933
5990,587.6485,58444.754,1,20,False,1292.8268
5991,689.0872,70608.48,1,30,False,1515.992
5992,1456.1252,111182.414,1,42,False,3203.4756
5993,914.59784,126139.81,1,30,False,2012.1152
5994,501.32358,29589.768,1,23,False,1102.9119
5995,1291.4539,61828.133,1,47,False,2841.1985
5996,663.37946,51672.785,1,34,False,1459.4348
5997,528.7951,41286.72,1,18,False,1163.3492
5998,591.86346,44567.41,1,31,False,1302.0996
5999,605.0936,58487.484,1,25,False,1331.206
6000,880.16785,30890.162,1,48,False,1936.3693
6001,746.05945,101337.086,1,24,False,1641.3308
6002,1826.2544,138029.8,1,43,False,4017.7598
6003,532.93665,25934.18,1,34,False,1172.4607
6004,985.30255,143550.5,1,30,False,2167.6658
6005,874.9928,25973.28,1,50,False,1924.9843
6006,1652.6306,102539.95,1,45,False,3635.7874
6007,847.5398,143338.08,1,19,False,1864.5876
6008,693.00757,46358.953,1,37,False,1524.6167
6009,493.26065,26144.133,1,25,False,1085.1735
6010,885.3966,31220.553,1,48,False,1947.8726
6011,1987.1609,66787.0,1,53,False,4371.754
6012,1218.1099,240746.98,1,24,False,2679.8418
6013,448.51425,12907.864,1,26,False,986.7314
6014,1583.5077,54174.84,1,52,False,3483.717
6015,611.00305,46598.355,1,32,False,1344.2068
6016,1359.2592,34702.29,1,55,False,2990.37
6017,776.4724,46870.92,1,40,False,1708.2394
6018,639.7525,32403.47,1,39,False,1407.4556
6019,3629.4485,135171.9,1,53,False,7984.7866
6020,1912.4585,146352.5,1,43,False,4207.4087
6021,1052.9243,53652.668,1,45,False,2316.4336
6022,627.8452,44661.285,1,34,False,1381.2595
6023,649.3955,33703.23,1,39,False,1428.6702
6024,598.3921,53744.863,1,27,False,1316.4626
6025,1784.4366,219266.48,1,37,False,3925.7607
6026,714.5619,46018.137,1,38,False,1572.0361
6027,661.17316,25545.906,1,43,False,1454.5809
6028,629.97107,36372.52,1,37,False,1385.9364
6029,681.0375,91359.195,1,18,False,1498.2825
6030,769.7573,28158.06,1,46,False,1693.4662
6031,561.9716,48669.773,1,22,False,1236.3376
6032,629.4662,72990.516,1,19,False,1384.8257
6033,511.6446,29920.166,1,27,False,1125.6182
6034,544.2788,12188.567,1,45,False,1197.4135
6035,583.93634,21219.375,1,41,False,1284.66
6036,618.3971,25153.82,1,41,False,1360.4736
6037,708.24927,41635.832,1,39,False,1558.1484
6038,612.7218,51803.76,1,30,False,1347.988
6039,737.0093,96639.16,1,25,False,1621.4204
6040,462.27454,18731.717,1,20,False,1017.004
6041,725.8829,86026.25,1,28,False,1596.9424
6042,1143.5857,37161.906,1,51,False,2515.8887
6043,458.74988,11984.152,1,33,False,1009.24976
6044,607.61365,50545.906,1,30,False,1336.75
6045,1044.7952,143313.86,1,32,False,2298.5493
6046,771.7022,101343.39,1,27,False,1697.7449
6047,639.9026,47040.395,1,34,False,1407.7858
6048,865.03796,123055.99,1,28,False,1903.0836
6049,604.4851,58311.605,1,25,False,1329.8673
6050,957.02924,109614.984,1,34,False,2105.4644
6051,444.91626,13233.363,1,20,False,978.8158
6052,525.70044,18398.787,1,38,False,1156.541
6053,887.7405,89590.73,1,35,False,1953.029
6054,3875.0957,171305.58,1,51,False,8525.211
6055,674.5658,69815.75,1,29,False,1484.0448
6056,597.095,33587.484,1,36,False,1313.609
6057,760.6908,25320.398,1,47,False,1673.5198
6058,1393.4902,38852.44,1,54,False,3065.6785
6059,1118.155,132017.25,1,35,False,2459.9412
6060,523.1544,38015.78,1,20,False,1150.9397
6061,3644.7908,115611.1,1,55,False,8018.54
6062,683.0712,84274.68,1,23,False,1502.7567
6063,3256.5159,196992.11,1,47,False,7164.335
6064,598.03217,58687.836,1,23,False,1315.6708
6065,1151.8054,48054.99,1,48,False,2533.972
6066,1751.7451,120320.7,1,44,False,3853.8394
6067,641.6459,23660.637,1,43,False,1411.621
6068,1369.1151,35051.184,1,55,False,3012.0532
6069,632.7365,13039.97,1,50,False,1392.0204
6070,480.2009,18330.445,1,31,False,1056.442
6071,4401.1494,232925.94,1,49,False,9682.529
6072,729.5314,86997.086,1,28,False,1604.969
6073,465.3629,16700.885,1,28,False,1023.79846
6074,1635.7562,130045.734,1,42,False,3598.6638
6075,610.61456,28476.096,1,39,False,1343.352
6076,1192.4626,83494.73,1,42,False,2623.418
6077,2210.1387,82502.94,1,52,False,4862.305
6078,1251.6334,189429.25,1,32,False,2753.5935
6079,504.00818,32519.477,1,19,False,1108.818
6080,906.51074,27655.912,1,50,False,1994.3237
6081,471.4004,5817.0254,1,46,False,1037.0809
6082,559.6987,45358.812,1,25,False,1231.3373
6083,2061.6575,89325.49,1,50,False,4535.6465
6084,3193.7422,99643.83,1,55,False,7026.233
6085,1091.6362,136175.23,1,34,False,2401.5999
6086,2023.8528,63046.188,1,54,False,4452.476
6087,661.7632,74877.086,1,25,False,1455.879
6088,626.90283,52800.43,1,31,False,1379.1863
6089,707.3358,88057.23,1,25,False,1556.1388
6090,998.17523,23679.96,1,54,False,2195.9856
6091,463.49518,16203.887,1,28,False,1019.6894
6092,499.42673,25765.402,1,28,False,1098.7388
6093,593.56067,59318.543,1,21,False,1305.8335
6094,530.41766,17666.73,1,39,False,1166.919
6095,494.86508,30127.178,1,18,False,1088.7032
6096,500.71234,30907.15,1,20,False,1101.5671
6097,821.166,93454.99,1,32,False,1806.5653
6098,711.4059,84783.37,1,27,False,1565.093
6099,861.42163,52900.453,1,41,False,1895.1277
6100,1351.6129,71727.55,1,46,False,2973.5486
6101,1216.9497,72868.42,1,44,False,2677.2893
6102,853.3014,37379.684,1,45,False,1877.2631
6103,1294.1,32395.63,1,55,False,2847.02
6104,1267.8748,170950.17,1,34,False,2789.3245
6105,429.08536,6825.8765,1,29,False,943.9878
6106,707.1292,27632.16,1,44,False,1555.6843
6107,616.78265,42478.453,1,34,False,1356.9219
6108,1277.6672,78255.89,1,44,False,2810.868
6109,1319.4604,124018.19,1,39,False,2902.813
6110,1299.1455,220833.34,1,30,False,2858.12
6111,672.3392,46462.914,1,36,False,1479.1462
6112,1234.1345,49020.3,1,49,False,2715.096
6113,937.29974,66827.26,1,40,False,2062.0596
6114,1232.9779,32691.865,1,54,False,2712.5515
6115,488.9564,19387.59,1,32,False,1075.7041
6116,554.2145,46294.477,1,22,False,1219.2719
6117,833.3298,90769.27,1,33,False,1833.3256
6118,1295.8114,41168.945,1,52,False,2850.7852
6119,915.7246,69600.47,1,39,False,2014.5942
6120,568.754,11211.826,1,48,False,1251.2589
6121,1017.2142,50741.633,1,45,False,2237.8713
6122,771.60315,36207.48,1,43,False,1697.527
6123,514.1761,18027.963,1,37,False,1131.1874
6124,978.3036,84588.05,1,38,False,2152.2678
6125,4488.434,218883.47,1,50,False,9874.556
6126,817.4277,110386.76,1,28,False,1798.341
6127,1194.2363,116166.234,1,38,False,2627.32
6128,1239.2859,88411.73,1,42,False,2726.429
6129,708.0545,83862.97,1,27,False,1557.72
6130,647.3012,11851.772,1,52,False,1424.0627
6131,552.9893,45135.19,1,23,False,1216.5765
6132,758.8805,75110.38,1,33,False,1669.5371
6133,2220.1565,76488.99,1,53,False,4884.344
6134,2091.2402,138294.84,1,45,False,4600.7285
6135,477.05222,21891.64,1,24,False,1049.5149
6136,1789.5914,81275.15,1,49,False,3937.1013
6137,584.8819,21327.348,1,41,False,1286.7402
6138,531.60297,42210.26,1,18,False,1169.5266
6139,553.3546,47581.906,1,20,False,1217.3801
6140,983.4079,99691.43,1,36,False,2163.4973
6141,973.14264,90738.86,1,37,False,2140.9138
6142,1419.6823,55052.51,1,50,False,3123.301
6143,543.8958,8938.726,1,49,False,1196.5708
6144,662.56976,71370.88,1,27,False,1457.6536
6145,636.6839,40361.72,1,36,False,1400.7046
6146,875.1404,152241.45,1,19,False,1925.3088
6147,785.80084,125815.664,1,18,False,1728.7618
6148,486.42117,23608.45,1,26,False,1070.1266
6149,663.1728,79659.586,1,22,False,1458.9802
6150,1904.3486,80927.32,1,50,False,4189.567
6151,1124.4553,76353.195,1,42,False,2473.8018
6152,627.81824,68833.31,1,22,False,1381.2002
6153,696.02527,82776.7,1,26,False,1531.2556
6154,3501.6704,166203.28,1,50,False,7703.6753
6155,657.96844,32166.281,1,40,False,1447.5306
6156,880.1525,24224.762,1,51,False,1936.3356
6157,782.1373,93521.85,1,30,False,1720.7021
6158,438.12482,11082.124,1,20,False,963.87463
6159,1270.4854,84372.55,1,43,False,2795.0679
6160,1457.1853,73227.73,1,47,False,3205.8076
6161,429.33832,7657.0054,1,25,False,944.5443
6162,907.4969,30052.734,1,49,False,1996.4932
6163,1708.1547,176408.55,1,39,False,3757.9404
6164,680.3997,15584.577,1,50,False,1496.8794
6165,612.7511,59269.586,1,26,False,1348.0525
6166,493.22687,22378.457,1,30,False,1085.0991
6167,715.29565,28356.775,1,44,False,1573.6505
6168,1862.3856,231615.36,1,37,False,4097.2485
6169,748.74963,55189.816,1,37,False,1647.2493
6170,1491.8135,75609.625,1,47,False,3281.9897
6171,712.37225,45697.855,1,38,False,1567.219
6172,550.6825,14878.487,1,43,False,1211.5015
6173,697.9691,19376.955,1,48,False,1535.5321
6174,1619.6161,128350.81,1,42,False,3563.1555
6175,1087.9192,56505.43,1,45,False,2393.4224
6176,599.654,26998.797,1,39,False,1319.2388
6177,560.8308,49125.664,1,21,False,1233.8278
6178,1527.3306,84885.336,1,46,False,3360.1272
6179,2410.7153,71924.3,1,55,False,5303.5737
6180,512.0336,27009.58,1,30,False,1126.474
6181,483.67297,14179.261,1,36,False,1064.0806
6182,515.11804,36103.355,1,19,False,1133.2598
6183,2859.313,121420.766,1,51,False,6290.489
6184,3176.6897,99040.08,1,55,False,6988.7173
6185,1246.4893,69431.84,1,45,False,2742.2764
6186,566.49054,43611.402,1,28,False,1246.2792
6187,580.7814,33069.97,1,35,False,1277.719
6188,855.0453,44263.496,1,43,False,1881.0997
6189,687.3986,93451.29,1,18,False,1512.277
6190,782.8011,112187.94,1,24,False,1722.1625
6191,526.5623,40552.344,1,18,False,1158.4371
6192,1946.807,380318.12,1,30,False,4282.9756
6193,643.4668,53836.195,1,32,False,1415.627
6194,540.6317,37881.34,1,27,False,1189.3898
6195,1352.2496,162805.88,1,36,False,2974.9492
6196,586.2288,9790.238,1,51,False,1289.7035
6197,688.56964,73409.25,1,29,False,1514.8533
6198,546.6865,47171.234,1,18,False,1202.7103
6199,1023.162,159265.16,1,29,False,2250.9563
6200,707.45526,81122.61,1,28,False,1556.4016
6201,1725.3552,55885.49,1,53,False,3795.7815
6202,1979.8057,84955.71,1,50,False,4355.5728
6203,824.4525,21489.344,1,51,False,1813.7955
6204,2106.1797,108362.15,1,48,False,4633.595
6205,458.7242,17053.482,1,22,False,1009.1933
6206,1146.3906,66607.75,1,44,False,2522.0593
6207,580.74304,51445.062,1,25,False,1277.6348
6208,513.5572,12201.75,1,42,False,1129.8258
6209,601.15283,52835.15,1,28,False,1322.5363
6210,946.8415,62653.05,1,41,False,2083.0513
6211,1040.1282,29610.299,1,52,False,2288.282
6212,839.82544,22244.291,1,51,False,1847.616
6213,703.37134,74125.9,1,30,False,1547.417
6214,1540.514,66811.484,1,49,False,3389.1309
6215,592.39435,59948.047,1,20,False,1303.2676
6216,839.1261,50354.926,1,41,False,1846.0775
6217,784.58417,31777.947,1,45,False,1726.0852
6218,1375.1707,307897.88,1,20,False,3025.3755
6219,1491.5079,39383.95,1,55,False,3281.3176
6220,486.15695,25026.426,1,23,False,1069.5453
6221,583.4405,52225.184,1,25,False,1283.5691
6222,747.38684,43261.805,1,40,False,1644.2511
6223,539.7426,38660.28,1,26,False,1187.4338
6224,1196.1495,223954.72,1,26,False,2631.529
6225,474.52896,20251.416,1,26,False,1043.9637
6226,568.5192,51520.133,1,21,False,1250.7423
6227,600.8432,21367.79,1,42,False,1321.8551
6228,510.776,32433.867,1,23,False,1123.7073
6229,2854.57,200520.36,1,45,False,6280.054
6230,624.6409,62625.906,1,26,False,1374.2101
6231,654.22546,62023.88,1,30,False,1439.296
6232,640.8201,23580.922,1,43,False,1409.8043
6233,910.12866,35599.293,1,47,False,2002.2831
6234,1317.1057,214974.67,1,31,False,2897.6326
6235,719.4812,74553.19,1,31,False,1582.8586
6236,994.28784,38101.402,1,48,False,2187.4333
6237,1343.6324,71129.98,1,46,False,2955.9915
6238,1456.6102,61939.25,1,49,False,3204.5425
6239,1100.6031,25545.758,1,55,False,2421.327
6240,618.3518,37224.844,1,36,False,1360.374
6241,1543.4425,303582.03,1,28,False,3395.5735
6242,619.1318,68417.26,1,20,False,1362.09
6243,446.5929,14250.463,1,18,False,982.5044
6244,707.7455,75203.0,1,30,False,1557.04
6245,866.13605,141810.78,1,22,False,1905.4994
6246,496.99948,24252.518,1,29,False,1093.3989
6247,1152.5691,34693.39,1,52,False,2535.652
6248,956.016,159978.55,1,25,False,2103.235
6249,780.81165,51416.184,1,39,False,1717.7856
6250,1097.1201,44599.402,1,48,False,2413.6643
6251,462.23193,17170.22,1,25,False,1016.9103
6252,961.5591,117739.68,1,33,False,2115.43
6253,545.8997,43002.05,1,23,False,1200.9794
6254,441.48746,8804.269,1,32,False,971.2724
6255,569.07,14209.532,1,45,False,1251.9541
6256,601.7703,31904.865,1,37,False,1323.8948
6257,785.4836,21194.658,1,50,False,1728.064
6258,504.45248,24028.812,1,31,False,1109.7955
6259,1790.8176,326280.97,1,31,False,3939.7988
6260,956.2464,88062.02,1,37,False,2103.7422
6261,546.9274,6360.7544,1,54,False,1203.2404
6262,576.3994,38883.324,1,32,False,1268.0787
6263,567.67566,46545.406,1,26,False,1248.8865
6264,522.36743,15340.185,1,40,False,1149.2084
6265,1417.6396,76671.66,1,46,False,3118.8074
6266,571.41174,9766.045,1,50,False,1257.1058
6267,1542.4825,120250.92,1,42,False,3393.4617
6268,1204.3701,158419.56,1,34,False,2649.6143
6269,1598.2644,328353.6,1,27,False,3516.182
6270,447.18878,14190.313,1,19,False,983.81537
6271,459.46735,16698.27,1,24,False,1010.8282
6272,677.8664,87021.97,1,20,False,1491.3062
6273,1280.5444,128787.92,1,38,False,2817.1978
6274,761.5057,95505.625,1,28,False,1675.3125
6275,770.868,118604.76,1,19,False,1695.9095
6276,1349.9136,150428.05,1,37,False,2969.8098
6277,744.32806,58781.273,1,36,False,1637.5217
6278,1570.5352,42181.555,1,55,False,3455.1775
6279,481.33597,16734.646,1,33,False,1058.9392
6280,523.0315,39391.05,1,18,False,1150.6693
6281,643.00745,44527.74,1,35,False,1414.6165
6282,501.7306,23389.223,1,31,False,1103.8074
6283,558.8028,48494.17,1,21,False,1229.3662
6284,471.71426,21372.816,1,21,False,1037.7714
6285,897.1269,121837.586,1,30,False,1973.6792
6286,636.60504,70293.73,1,23,False,1400.5311
6287,727.0104,34616.832,1,42,False,1599.4229
6288,717.0106,58154.047,1,35,False,1577.4233
6289,552.587,20654.871,1,39,False,1215.6914
6290,471.37158,22400.176,1,18,False,1037.0175
6291,509.46173,30112.467,1,26,False,1120.8158
6292,840.749,42883.22,1,43,False,1849.648
6293,1526.7598,55979.438,1,51,False,3358.8716
6294,621.3349,56156.816,1,29,False,1366.9368
6295,458.98697,17409.236,1,21,False,1009.77136
6296,1019.6879,46872.91,1,46,False,2243.3135
6297,485.1782,25986.541,1,20,False,1067.3921
6298,413.46255,3270.195,1,20,False,909.6176
6299,2218.2654,585514.8,1,19,False,4880.184
6300,1068.865,26393.096,1,54,False,2351.503
6301,762.18866,27591.322,1,46,False,1676.8151
6302,466.59305,17028.256,1,28,False,1026.5048
6303,535.8179,21456.521,1,37,False,1178.7993
6304,538.8739,42995.06,1,20,False,1185.5226
6305,902.19275,147447.72,1,24,False,1984.8241
6306,1068.6481,42800.254,1,48,False,2351.026
6307,543.2374,38596.945,1,27,False,1195.1223
6308,958.0699,130613.445,1,31,False,2107.754
6309,568.078,32868.207,1,34,False,1249.7716
6310,582.93585,50853.17,1,26,False,1282.4589
6311,492.49634,23921.244,1,28,False,1083.492
6312,5816.9497,192506.48,1,55,False,12797.29
6313,1190.914,115680.4,1,38,False,2620.0107
6314,641.4456,44240.164,1,35,False,1411.1804
6315,564.9184,36323.625,1,32,False,1242.8206
6316,633.51556,48742.504,1,33,False,1393.7343
6317,576.9203,44760.094,1,29,False,1269.2246
6318,587.4399,14506.071,1,46,False,1292.3678
6319,2807.6792,118885.04,1,51,False,6176.8945
6320,763.2516,41692.15,1,41,False,1679.1536
6321,2238.6643,228307.94,1,40,False,4925.0615
6322,624.3451,70068.66,1,20,False,1373.5592
6323,428.41403,6653.571,1,29,False,942.51086
6324,475.17972,17934.465,1,30,False,1045.3954
6325,476.74918,8981.607,1,41,False,1048.8483
6326,566.45917,17757.084,1,42,False,1246.2102
6327,448.74988,13533.143,1,24,False,987.24976
6328,1443.8054,61195.703,1,49,False,3176.372
6329,529.83374,38828.508,1,22,False,1165.6343
6330,2228.0393,90419.05,1,51,False,4901.6865
6331,1097.6696,48499.008,1,47,False,2414.873
6332,1044.1962,41255.14,1,48,False,2297.2317
6333,1851.8079,248287.8,1,36,False,4073.9773
6334,808.50684,59756.688,1,38,False,1778.7151
6335,612.27124,46881.062,1,32,False,1346.9967
6336,548.4363,25261.217,1,36,False,1206.5598
6337,816.8624,19517.123,1,52,False,1797.0974
6338,1739.0067,92612.47,1,47,False,3825.815
6339,2503.4614,88285.84,1,53,False,5507.615
6340,1150.335,175789.28,1,31,False,2530.737
6341,989.8127,73343.38,1,40,False,2177.588
6342,614.16455,36508.34,1,36,False,1351.162
6343,676.6983,75251.16,1,27,False,1488.7363
6344,564.98956,46888.973,1,25,False,1242.977
6345,748.3401,99916.125,1,25,False,1646.3483
6346,2893.8767,145399.98,1,49,False,6366.529
6347,977.21533,43692.562,1,46,False,2149.8738
6348,3902.1436,203949.16,1,49,False,8584.716
6349,888.7776,129373.14,1,28,False,1955.3108
6350,587.3507,50712.402,1,27,False,1292.1716
6351,682.27405,85508.66,1,22,False,1501.0029
6352,773.9062,63842.59,1,36,False,1702.5936
6353,1423.0754,50887.547,1,51,False,3130.766
6354,4368.466,231028.03,1,49,False,9610.625
6355,697.29913,75649.18,1,29,False,1534.0581
6356,482.2933,25514.535,1,19,False,1061.0453
6357,482.69492,21969.328,1,27,False,1061.9288
6358,780.8692,22699.559,1,49,False,1717.9122
6359,2159.6038,73967.56,1,53,False,4751.1284
6360,607.80914,38046.613,1,35,False,1337.1802
6361,694.7866,65278.19,1,32,False,1528.5306
6362,876.3419,105756.58,1,32,False,1927.9523
6363,1245.1864,253406.22,1,23,False,2739.4102
6364,737.5204,38754.406,1,41,False,1622.5449
6365,456.83142,16202.775,1,23,False,1005.0292
6366,1540.3466,209755.94,1,35,False,3388.7625
6367,585.9495,15585.521,1,45,False,1289.089
6368,612.1434,15102.798,1,47,False,1346.7155
6369,1601.4395,205446.0,1,36,False,3523.167
6370,1269.8551,117332.086,1,39,False,2793.6814
6371,635.78436,73692.08,1,20,False,1398.7256
6372,1632.9348,48042.508,1,54,False,3592.4568
6373,642.11816,41291.63,1,36,False,1412.66
6374,574.414,29706.39,1,36,False,1263.7108
6375,695.1376,39868.58,1,39,False,1529.3027
6376,1218.9562,48138.906,1,49,False,2681.7036
6377,480.93784,16650.88,1,33,False,1058.0632
6378,915.10815,25941.4,1,51,False,2013.238
6379,548.91626,9230.2705,1,49,False,1207.6158
6380,602.5852,53216.312,1,28,False,1325.6875
6381,609.9042,53223.71,1,29,False,1341.7892
6382,1244.7489,207438.6,1,30,False,2738.4478
6383,2140.493,67522.91,1,54,False,4709.0845
6384,513.6693,32046.545,1,25,False,1130.0725
6385,537.61115,42595.09,1,20,False,1182.7445
6386,1300.1849,73809.016,1,45,False,2860.407
6387,1340.618,59986.113,1,48,False,2949.3599
6388,942.9113,79412.18,1,38,False,2074.405
6389,648.8524,67603.44,1,27,False,1427.4753
6390,702.41895,40850.03,1,39,False,1545.3217
6391,1105.5962,32569.895,1,52,False,2432.3118
6392,1075.2627,31198.602,1,52,False,2365.578
6393,956.0251,23850.52,1,53,False,2103.2551
6394,674.6707,21037.941,1,46,False,1484.2756
6395,2469.7954,217629.52,1,42,False,5433.55
6396,723.66614,55245.734,1,36,False,1592.0656
6397,983.43555,44158.34,1,46,False,2163.5583
6398,692.6072,33626.54,1,41,False,1523.7358
6399,1068.3907,70465.72,1,42,False,2350.4597
6400,855.7077,130968.14,1,25,False,1882.557
6401,801.9829,89178.016,1,32,False,1764.3624
6402,1911.9941,104511.2,1,47,False,4206.387
6403,974.28955,31274.404,1,50,False,2143.437
6404,557.68585,49835.1,1,19,False,1226.9089
6405,501.1737,31605.164,1,19,False,1102.5822
6406,587.36414,54469.895,1,24,False,1292.2012
6407,3706.7998,138392.77,1,53,False,8154.96
6408,1020.48944,71061.52,1,41,False,2245.077
6409,1118.4529,183716.62,1,29,False,2460.5964
6410,745.7515,39694.16,1,41,False,1640.6534
6411,773.74335,26218.209,1,47,False,1702.2354
6412,1318.7025,75318.5,1,45,False,2901.1455
6413,592.9924,54987.71,1,25,False,1304.5833
6414,1415.65,64727.414,1,48,False,3114.4302
6415,792.6094,57431.855,1,38,False,1743.7407
6416,928.3683,33935.97,1,48,False,2042.4103
6417,581.05725,58475.734,1,18,False,1278.3259
6418,752.8719,108931.52,1,21,False,1656.3182
6419,3001.1648,118262.79,1,52,False,6602.5625
6420,694.1114,33798.273,1,41,False,1527.045
6421,615.8673,60149.176,1,26,False,1354.9081
6422,4297.5996,162993.75,1,53,False,9454.72
6423,724.83215,34388.094,1,42,False,1594.6307
6424,588.1001,29739.195,1,37,False,1293.8202
6425,2309.1084,94400.41,1,51,False,5080.0386
6426,2518.6968,82038.64,1,54,False,5541.133
6427,867.9288,25596.154,1,50,False,1909.4434
6428,455.49246,16321.031,1,21,False,1002.08344
6429,683.333,59220.508,1,33,False,1503.3326
6430,738.00397,35771.28,1,42,False,1623.6088
6431,554.20276,12997.564,1,45,False,1219.2461
6432,1194.0651,28854.357,1,55,False,2626.943
6433,1672.7339,80972.6,1,48,False,3680.0146
6434,590.7083,44296.004,1,31,False,1299.5583
6435,1039.968,175021.05,1,27,False,2287.9297
6436,433.77765,9414.331,1,22,False,954.31085
6437,1320.8671,145826.4,1,37,False,2905.9077
6438,823.683,37973.945,1,44,False,1812.1027
6439,671.35925,33827.902,1,40,False,1476.9904
6440,449.50192,14455.398,1,21,False,988.90424
6441,628.05865,72536.4,1,19,False,1381.7291
6442,499.64313,11595.457,1,41,False,1099.2148
6443,1313.3755,96191.98,1,42,False,2889.426
6444,451.69052,14899.562,1,22,False,993.7192
6445,466.12027,16902.443,1,28,False,1025.4646
6446,542.38434,19279.672,1,39,False,1193.2456
6447,512.37683,28198.338,1,29,False,1127.229
6448,762.65485,106238.2,1,24,False,1677.8407
6449,2813.6777,166532.12,1,47,False,6190.0913
6450,626.58746,30629.027,1,39,False,1378.4924
6451,557.7676,48171.74,1,21,False,1227.0887
6452,1664.1693,73991.99,1,49,False,3661.1726
6453,625.33514,38419.805,1,36,False,1375.7373
6454,2249.5837,71709.92,1,54,False,4949.0845
6455,740.67615,49837.086,1,38,False,1629.4875
6456,556.0136,40823.387,1,28,False,1223.23
6457,528.14764,16057.41,1,40,False,1161.9248
6458,1736.0729,56331.707,1,53,False,3819.3604
6459,1511.4072,107632.6,1,43,False,3325.096
6460,500.38132,26826.783,1,27,False,1100.8389
6461,650.97943,10354.348,1,54,False,1432.1548
6462,534.03754,38721.016,1,24,False,1174.8826
6463,981.3607,167308.52,1,25,False,2158.9937
6464,3071.459,131839.19,1,51,False,6757.21
6465,498.81592,31426.555,1,18,False,1097.395
6466,2412.385,71983.36,1,55,False,5307.247
6467,1005.3757,81684.13,1,39,False,2211.8264
6468,1726.274,164727.66,1,40,False,3797.803
6469,730.5677,14462.473,1,53,False,1607.2489
6470,655.5939,21262.828,1,45,False,1442.3065
6471,434.24966,10016.35,1,19,False,955.3493
6472,674.07556,29058.053,1,42,False,1482.9663
6473,2410.6426,117339.03,1,49,False,5303.4136
6474,545.3126,31952.412,1,32,False,1199.6877
6475,460.36966,17557.336,1,22,False,1012.8133
6476,1017.41144,59939.285,1,43,False,2238.3052
6477,1632.7775,61185.98,1,51,False,3592.1106
6478,1005.0206,22162.096,1,55,False,2211.0454
6479,627.96674,33354.285,1,38,False,1381.5269
6480,1737.7318,56400.848,1,53,False,3823.01
6481,743.8746,90813.88,1,28,False,1636.524
6482,501.8656,29752.854,1,23,False,1104.1044
6483,810.9017,26513.18,1,48,False,1783.9838
6484,1184.8313,230918.94,1,24,False,2606.629
6485,536.4447,40157.21,1,23,False,1180.1783
6486,1971.6475,61042.508,1,54,False,4337.6245
6487,1133.7386,83991.445,1,41,False,2494.225
6488,445.19675,11971.324,1,26,False,979.43286
6489,1664.7704,49264.387,1,54,False,3662.4949
6490,469.42676,13402.617,1,34,False,1032.7389
6491,663.9844,45033.246,1,36,False,1460.7656
6492,2234.6216,149983.03,1,45,False,4916.1675
6493,490.14642,22493.994,1,29,False,1078.3221
6494,444.7558,13182.467,1,20,False,978.46277
6495,1417.3226,226370.19,1,32,False,3118.1099
6496,467.219,19972.918,1,21,False,1027.8818
6497,718.6413,15076.84,1,52,False,1581.0109
6498,3534.3362,182590.92,1,49,False,7775.5396
6499,506.2858,19352.992,1,35,False,1113.8287
6500,991.6376,186411.08,1,20,False,2181.6028
6501,1654.6188,62258.535,1,51,False,3640.1614
6502,1354.8663,139656.89,1,38,False,2980.706
6503,589.4072,58025.125,1,21,False,1296.6959
6504,1354.5608,118603.37,1,40,False,2980.0337
6505,509.55902,23981.05,1,32,False,1121.0299
6506,521.7532,30604.309,1,29,False,1147.857
6507,560.87976,9203.776,1,50,False,1233.9355
6508,2113.0007,108793.13,1,48,False,4648.6016
6509,1327.7793,69942.85,1,46,False,2921.1145
6510,879.19934,22335.186,1,52,False,1934.2386
6511,638.162,12340.683,1,51,False,1403.9564
6512,1045.43,62644.35,1,43,False,2299.9463
6513,1049.9956,191098.05,1,24,False,2309.9905
6514,557.6808,44775.195,1,25,False,1226.8977
6515,534.4288,29525.852,1,32,False,1175.7433
6516,475.09958,23626.373,1,18,False,1045.2191
6517,3645.571,135843.3,1,53,False,8020.2563
6518,487.76505,26805.973,1,20,False,1073.0831
6519,814.44574,37154.31,1,44,False,1791.7806
6520,2065.286,115055.08,1,47,False,4543.629
6521,925.95605,83263.336,1,37,False,2037.1034
6522,827.4639,38309.41,1,44,False,1820.4207
6523,629.0974,28583.838,1,40,False,1384.0143
6524,3675.3647,161496.84,1,51,False,8085.8027
6525,874.8241,20469.322,1,53,False,1924.613
6526,602.68585,42258.05,1,33,False,1325.9089
6527,465.98007,14989.078,1,31,False,1025.1561
6528,811.739,129426.97,1,20,False,1785.8259
6529,978.8517,34196.19,1,49,False,2153.4736
6530,523.77527,28569.004,1,31,False,1152.3057
6531,1275.842,84889.72,1,43,False,2806.8525
6532,452.7502,15984.359,1,19,False,996.0505
6533,655.99774,83123.555,1,18,False,1443.1951
6534,523.40924,37471.805,1,21,False,1151.5004
6535,462.29575,19063.654,1,19,False,1017.05066
6536,554.71674,22642.137,1,38,False,1220.3768
6537,1134.8,28923.746,1,54,False,2496.56
6538,517.4957,35050.438,1,22,False,1138.4906
6539,611.72833,19167.232,1,44,False,1345.8024
6540,2166.6487,63284.207,1,55,False,4766.6274
6541,503.11813,18769.729,1,35,False,1106.8599
6542,428.03287,7537.76,1,23,False,941.6723
6543,1757.9529,232227.78,1,36,False,3867.4963
6544,615.9912,58578.344,1,27,False,1355.1807
6545,1340.3533,249539.27,1,28,False,2948.7773
6546,475.086,21695.297,1,23,False,1045.1892
6547,1096.2876,73395.22,1,42,False,2411.8328
6548,2009.9213,102279.57,1,48,False,4421.8267
6549,548.43115,42971.883,1,24,False,1206.5486
6550,469.19315,15744.058,1,31,False,1032.225
6551,526.2967,40465.027,1,18,False,1157.8528
6552,703.19476,82528.24,1,27,False,1547.0286
6553,1099.1802,80045.83,1,41,False,2418.1965
6554,672.3732,49934.9,1,35,False,1479.2212
6555,801.93665,102499.03,1,29,False,1764.2606
6556,720.0197,98700.69,1,21,False,1584.0435
6557,519.29205,32887.38,1,26,False,1142.4425
6558,501.19925,14815.698,1,38,False,1102.6384
6559,798.05493,58228.223,1,38,False,1755.721
6560,659.37665,27514.494,1,42,False,1450.6287
6561,1082.8677,56093.61,1,45,False,2382.3088
6562,1326.4347,146708.39,1,37,False,2918.1565
6563,690.4858,70952.92,1,30,False,1519.0687
6564,3258.7659,141037.75,1,51,False,7169.285
6565,472.2077,22261.064,1,19,False,1038.8569
6566,2623.8892,119341.32,1,50,False,5772.556
6567,1147.6029,191196.44,1,29,False,2524.7266
6568,859.1425,52640.227,1,41,False,1890.1135
6569,1839.2056,320430.6,1,32,False,4046.2524
6570,987.9696,25180.705,1,53,False,2173.5332
6571,682.97644,29992.756,1,42,False,1502.5482
6572,682.4807,84097.05,1,23,False,1501.4576
6573,1091.187,52226.78,1,46,False,2400.6116
6574,541.3623,27596.727,1,34,False,1190.9971
6575,735.5432,82048.15,1,30,False,1618.1951
6576,1358.6538,66450.43,1,47,False,2989.0383
6577,1196.2104,31280.71,1,54,False,2631.663
6578,951.2434,58163.867,1,42,False,2092.7356
6579,838.06964,91766.14,1,33,False,1843.7533
6580,771.73517,30730.51,1,45,False,1697.8174
6581,1804.7933,75612.35,1,50,False,3970.5454
6582,480.6605,24987.818,1,19,False,1057.4531
6583,506.10474,29164.83,1,26,False,1113.4304
6584,1302.0212,121667.62,1,39,False,2864.4468
6585,661.0564,81697.23,1,20,False,1454.3241
6586,629.5959,11051.3545,1,52,False,1385.111
6587,1346.8899,37063.895,1,54,False,2963.1577
6588,1302.2692,73978.94,1,45,False,2864.9922
6589,1837.0068,55874.914,1,54,False,4041.415
6590,2517.4048,81989.11,1,54,False,5538.2905
6591,1334.722,54861.31,1,49,False,2936.3887
6592,549.8821,44967.72,1,22,False,1209.7406
6593,639.49774,43881.52,1,35,False,1406.895
6594,970.8669,119697.35,1,33,False,2135.9072
6595,678.36536,87179.98,1,20,False,1492.4038
6596,836.6686,69118.195,1,37,False,1840.6709
6597,566.4842,53682.63,1,18,False,1246.2653
6598,1098.1277,32232.268,1,52,False,2415.8809
6599,714.0036,39119.46,1,40,False,1570.808
6600,1268.7686,117185.7,1,39,False,2791.2908
6601,746.24695,108681.875,1,20,False,1641.7433
6602,503.695,29759.996,1,24,False,1108.129
6603,613.55615,54160.88,1,29,False,1349.8236
6604,805.78314,74499.83,1,35,False,1772.7229
6605,637.9845,70708.836,1,23,False,1403.5659
6606,1124.461,70274.51,1,43,False,2473.8145
6607,465.71503,20539.773,1,18,False,1024.5731
6608,785.704,19586.406,1,51,False,1728.5488
6609,3445.3962,127507.96,1,53,False,7579.872
6610,1054.1194,167208.77,1,29,False,2319.0627
6611,810.7261,15283.993,1,55,False,1783.5974
6612,568.51044,48901.832,1,24,False,1250.723
6613,1171.5627,95895.94,1,40,False,2577.438
6614,499.96622,8576.279,1,45,False,1099.9257
6615,492.35498,21186.258,1,31,False,1083.181
6616,1126.324,46444.84,1,48,False,2477.9128
6617,717.74396,31007.592,1,43,False,1579.0367
6618,773.47144,59106.316,1,37,False,1701.6372
6619,1011.88165,162131.64,1,28,False,2226.1396
6620,509.753,25274.22,1,31,False,1121.4565
6621,592.2279,52051.902,1,27,False,1302.9014
6622,556.4495,37946.836,1,30,False,1224.189
6623,1618.6442,55763.26,1,52,False,3561.0173
6624,561.7224,50232.543,1,20,False,1235.7893
6625,2491.095,412312.5,1,34,False,5480.409
6626,1362.8951,164627.44,1,36,False,2998.3694
6627,447.70108,14115.516,1,20,False,984.9424
6628,505.75552,24334.988,1,31,False,1112.6622
6629,486.3892,26835.81,1,19,False,1070.0563
6630,490.3324,18626.822,1,33,False,1078.7313
6631,514.304,16732.16,1,38,False,1131.4689
6632,560.5472,43351.004,1,27,False,1233.2039
6633,533.31775,27667.902,1,33,False,1173.2991
6634,484.46573,24517.523,1,23,False,1065.8246
6635,3755.6365,251741.36,1,46,False,8262.4
6636,634.33453,29233.664,1,40,False,1395.536
6637,1225.5852,35075.008,1,53,False,2696.2876
6638,732.16693,90485.375,1,27,False,1610.7673
6639,704.4686,34980.832,1,41,False,1549.831
6640,468.3802,19677.664,1,23,False,1030.4364
6641,726.5586,40677.344,1,40,False,1598.429
6642,1374.3826,249387.95,1,29,False,3023.6416
6643,887.12946,34017.305,1,47,False,1951.6848
6644,743.08734,24109.588,1,47,False,1634.7922
6645,878.413,69979.84,1,38,False,1932.5087
6646,568.78925,39145.734,1,31,False,1251.3364
6647,2668.3848,447295.0,1,34,False,5870.447
6648,1131.5823,26642.44,1,55,False,2489.481
6649,1011.7744,200138.1,1,18,False,2225.9038
6650,3961.3008,126815.67,1,55,False,8714.862
6651,567.2945,36853.36,1,32,False,1248.048
6652,565.85693,49859.586,1,22,False,1244.8853
6653,606.25195,21935.781,1,42,False,1333.7543
6654,547.77295,32500.965,1,32,False,1205.1005
6655,631.6884,36644.61,1,37,False,1389.7146
6656,599.01715,56730.152,1,25,False,1317.8378
6657,539.52954,16149.336,1,41,False,1186.965
6658,915.71655,64149.145,1,40,False,2014.5764
6659,1039.4266,44492.84,1,47,False,2286.7388
6660,670.42084,68752.234,1,29,False,1474.9259
6661,1345.073,77468.26,1,45,False,2959.1606
6662,735.06036,41732.27,1,40,False,1617.1328
6663,627.92456,73890.27,1,18,False,1381.4341
6664,921.2582,46631.77,1,44,False,2026.7681
6665,2939.159,90631.46,1,55,False,6466.15
6666,599.03235,64387.766,1,18,False,1317.8712
6667,585.5886,57792.34,1,20,False,1288.295
6668,551.00464,46065.59,1,21,False,1212.2102
6669,2124.2808,140988.14,1,45,False,4673.418
6670,1242.9417,69142.61,1,45,False,2734.4717
6671,510.03494,17371.885,1,37,False,1122.0769
6672,698.3005,34276.582,1,41,False,1536.2611
6673,905.6112,41643.91,1,45,False,1992.3447
6674,1790.124,49955.094,1,55,False,3938.273
6675,1229.8711,57592.3,1,47,False,2705.7166
6676,865.2265,23491.758,1,51,False,1903.4983
6677,594.6466,47352.742,1,30,False,1308.2225
6678,1317.1926,38889.562,1,53,False,2897.8237
6679,836.2922,119082.72,1,27,False,1839.8428
6680,493.9441,22555.08,1,30,False,1086.677
6681,564.06104,49309.664,1,22,False,1240.9343
6682,749.2352,28896.34,1,45,False,1648.3175
6683,6163.864,221942.81,1,54,False,13560.501
6684,1594.8287,136635.11,1,41,False,3508.6233
6685,446.9196,13438.674,1,22,False,983.2231
6686,501.97888,26444.602,1,28,False,1104.3535
6687,987.3135,100359.79,1,36,False,2172.0896
6688,1279.0396,72085.25,1,45,False,2813.887
6689,2212.8425,70299.766,1,54,False,4868.254
6690,908.25696,58247.734,1,41,False,1998.1654
6691,819.54193,107016.484,1,29,False,1802.9923
6692,1038.5048,93391.87,1,38,False,2284.7104
6693,543.17645,39629.67,1,26,False,1194.9883
6694,880.3044,19156.004,1,54,False,1936.6697
6695,443.29855,12935.439,1,19,False,975.25684
6696,1488.4722,46021.652,1,53,False,3274.639
6697,443.43567,11474.207,1,26,False,975.5585
6698,662.3054,61118.85,1,31,False,1457.0719
6699,874.1533,39079.49,1,45,False,1923.1373
6700,2652.2058,236784.83,1,42,False,5834.853
6701,849.78845,65793.85,1,38,False,1869.5347
6702,551.7742,48844.55,1,18,False,1213.9032
6703,463.55,13723.191,1,32,False,1019.81
6704,463.51428,18213.557,1,23,False,1019.73145
6705,1452.6483,86237.6,1,45,False,3195.8264
6706,540.6677,38921.457,1,26,False,1189.469
6707,4333.1245,380057.9,1,43,False,9532.874
6708,746.45856,46785.906,1,39,False,1642.2089
6709,593.2028,57234.727,1,23,False,1305.0463
6710,646.05646,17435.45,1,47,False,1421.3242
6711,880.54803,106694.36,1,32,False,1937.2057
6712,483.65604,23841.941,1,24,False,1064.0433
6713,665.8613,76062.3,1,25,False,1464.8949
6714,1906.161,95722.91,1,48,False,4193.554
6715,582.307,53956.47,1,23,False,1281.0754
6716,1107.8611,203893.9,1,25,False,2437.2944
6717,1063.6882,30675.385,1,52,False,2340.1143
6718,1258.8347,191034.72,1,32,False,2769.4365
6719,460.24332,18088.316,1,20,False,1012.53534
6720,712.454,94750.375,1,22,False,1567.3988
6721,570.2657,44615.984,1,28,False,1254.5846
6722,494.1995,28375.24,1,21,False,1087.2389
6723,570.48883,13236.789,1,46,False,1255.0754
6724,656.5836,40588.617,1,37,False,1444.484
6725,536.29144,38589.14,1,25,False,1179.8412
6726,577.83984,57417.434,1,18,False,1271.2477
6727,719.0942,89288.7,1,26,False,1582.0072
6728,526.2752,26186.658,1,33,False,1157.8055
6729,1317.4596,204105.53,1,32,False,2898.4111
6730,510.991,32498.543,1,23,False,1124.1802
6731,746.687,80945.67,1,31,False,1642.7114
6732,868.7746,53739.96,1,41,False,1911.3042
6733,535.41595,42651.19,1,19,False,1177.9152
6734,1143.1633,51628.24,1,47,False,2514.9595
6735,507.6961,23565.717,1,32,False,1116.9314
6736,532.69324,36670.406,1,26,False,1171.9252
6737,458.05652,17119.512,1,21,False,1007.72437
6738,944.8303,32220.623,1,49,False,2078.6267
6739,521.8822,34421.777,1,25,False,1148.1409
6740,2942.8323,98317.31,1,54,False,6474.231
6741,1462.0059,38339.582,1,55,False,3216.4128
6742,620.9123,34937.395,1,37,False,1366.0071
6743,1934.6837,59623.82,1,54,False,4256.304
6744,595.02673,57783.605,1,23,False,1309.0588
6745,719.34045,31161.72,1,43,False,1582.5491
6746,615.66766,68539.195,1,19,False,1354.4689
6747,586.64514,43341.27,1,31,False,1290.6194
6748,809.3304,31121.297,1,46,False,1780.5269
6749,597.3869,33637.445,1,36,False,1314.2512
6750,804.16846,106858.29,1,28,False,1769.1707
6751,508.02628,34455.914,1,18,False,1117.6578
6752,937.7593,61616.105,1,41,False,2063.0706
6753,813.68115,17923.322,1,53,False,1790.0986
6754,1559.4247,122030.01,1,42,False,3430.7344
6755,502.15128,31362.96,1,20,False,1104.7328
6756,1576.0037,68872.336,1,49,False,3467.2083
6757,1289.5347,40885.215,1,52,False,2836.9763
6758,625.89404,68244.055,1,22,False,1376.9669
6759,644.32306,71291.36,1,24,False,1417.5107
6760,550.9971,44535.758,1,23,False,1212.1936
6761,458.45392,11237.443,1,34,False,1008.59863
6762,787.39105,119681.625,1,21,False,1732.2604
6763,1545.9952,44705.695,1,54,False,3401.1897
6764,897.2941,67116.36,1,39,False,1974.0471
6765,908.9797,86955.625,1,36,False,1999.7554
6766,637.06055,34684.18,1,38,False,1401.5332
6767,1008.16656,75620.8,1,40,False,2217.9666
6768,492.81686,27493.271,1,22,False,1084.1971
6769,1231.0544,68173.59,1,45,False,2708.3198
6770,658.9275,50794.355,1,34,False,1449.6405
6771,1056.4349,35659.902,1,50,False,2324.157
6772,980.80634,51915.465,1,44,False,2157.774
6773,899.4809,21496.03,1,53,False,1978.858
6774,1117.2692,64023.805,1,44,False,2457.9922
6775,618.8518,69566.33,1,19,False,1361.474
6776,888.46375,65926.15,1,39,False,1954.6202
6777,1109.9255,166294.39,1,31,False,2441.8362
6778,554.3692,46341.785,1,22,False,1219.6123
6779,1656.995,48965.938,1,54,False,3645.3892
6780,476.2779,19605.447,1,28,False,1047.8114
6781,1088.0469,175914.6,1,29,False,2393.7031
6782,774.15985,15082.095,1,54,False,1703.1517
6783,727.2081,60031.77,1,35,False,1599.8579
6784,1242.6836,30575.473,1,55,False,2733.904
6785,732.1235,52555.844,1,37,False,1610.6716
6786,744.4239,17559.156,1,51,False,1637.7325
6787,3261.3997,102038.87,1,55,False,7175.0796
6788,490.11163,23286.629,1,28,False,1078.2456
6789,1202.7032,127106.52,1,37,False,2645.9473
6790,487.12097,23805.928,1,26,False,1071.6661
6791,1625.1973,109092.15,1,44,False,3575.434
6792,623.35187,25719.543,1,41,False,1371.3741
6793,502.89587,30579.664,1,22,False,1106.371
6794,692.57886,49926.21,1,36,False,1523.6735
6795,573.3895,25372.898,1,38,False,1261.457
6796,698.76526,24782.12,1,45,False,1537.2836
6797,485.3174,25609.156,1,21,False,1067.6984
6798,603.23474,64528.53,1,19,False,1327.1165
6799,555.2327,49982.027,1,18,False,1221.5121
6800,573.33746,52150.2,1,22,False,1261.3424
6801,1172.1343,38563.906,1,51,False,2578.6956
6802,1135.8967,77554.66,1,42,False,2498.973
6803,1077.6853,115823.73,1,36,False,2370.9077
6804,1544.6335,79242.805,1,47,False,3398.1938
6805,1007.5822,42302.48,1,47,False,2216.681
6806,835.43,18828.938,1,53,False,1837.946
6807,531.02374,10281.626,1,46,False,1168.2523
6808,1027.6829,47471.574,1,46,False,2260.9023
6809,645.6538,10149.961,1,54,False,1420.4384
6810,1065.9672,42630.875,1,48,False,2345.128
6811,887.94165,153564.64,1,20,False,1953.4717
6812,535.7655,19870.713,1,38,False,1178.6841
6813,674.1251,17870.252,1,48,False,1483.0753
6814,968.99646,83226.88,1,38,False,2131.7922
6815,464.47632,5298.532,1,46,False,1021.8479
6816,863.9279,67861.55,1,38,False,1900.6415
6817,905.00684,161875.97,1,19,False,1991.0151
6818,654.26843,24879.273,1,43,False,1439.3906
6819,472.71753,21685.227,1,21,False,1039.9786
6820,1226.8667,80161.36,1,43,False,2699.1067
6821,500.8248,19598.01,1,34,False,1101.8146
6822,720.8717,95648.305,1,23,False,1585.9177
6823,487.29276,20917.268,1,30,False,1072.0441
6824,6191.541,205767.08,1,55,False,13621.391
6825,1083.2162,84933.41,1,40,False,2383.0757
6826,1621.1208,51545.145,1,53,False,3566.466
6827,2119.1064,196493.03,1,41,False,4662.034
6828,2051.704,114120.85,1,47,False,4513.749
6829,2275.8267,67149.164,1,55,False,5006.819
6830,438.11163,11262.145,1,19,False,963.84564
6831,503.84286,28526.338,1,26,False,1108.4543
6832,1152.4557,119146.125,1,37,False,2535.4026
6833,456.99252,17670.953,1,18,False,1005.38354
6834,1034.004,27097.578,1,53,False,2274.8088
6835,576.6252,22072.771,1,40,False,1268.5754
6836,1054.303,68986.336,1,42,False,2319.4666
6837,2413.035,108084.41,1,50,False,5308.677
6838,1516.9718,108169.79,1,43,False,3337.3381
6839,490.25134,25273.78,1,25,False,1078.553
6840,948.64044,68234.47,1,40,False,2087.009
6841,882.4967,24339.898,1,51,False,1941.4928
6842,688.7898,42249.15,1,38,False,1515.3375
6843,741.99945,75804.484,1,32,False,1632.3988
6844,3426.4048,116877.14,1,54,False,7538.091
6845,444.36075,8957.628,1,33,False,977.5937
6846,1907.358,54105.227,1,55,False,4196.188
6847,935.8261,154139.44,1,25,False,2058.8174
6848,970.7051,60207.598,1,42,False,2135.5513
6849,574.6077,53416.176,1,21,False,1264.1371
6850,938.76556,31868.475,1,49,False,2065.2842
6851,1220.7122,150901.2,1,35,False,2685.567
6852,517.2047,33068.98,1,25,False,1137.8503
6853,1010.03766,46150.3,1,46,False,2222.083
6854,587.5933,34324.26,1,35,False,1292.7053
6855,623.75507,54520.645,1,30,False,1372.2612
6856,1469.4926,156419.98,1,38,False,3232.8838
6857,1063.1246,24219.008,1,55,False,2338.8743
6858,569.6109,54711.047,1,18,False,1253.144
6859,1669.0585,68365.93,1,50,False,3671.9287
6860,497.75598,26105.795,1,27,False,1095.0632
6861,851.5433,47694.227,1,42,False,1873.3953
6862,5663.8115,219882.89,1,53,False,12460.386
6863,504.48996,12148.813,1,41,False,1109.8779
6864,526.2909,35696.848,1,25,False,1157.84
6865,1209.6519,61097.48,1,46,False,2661.2341
6866,812.8525,37012.98,1,44,False,1788.2755
6867,9055.792,503216.75,1,49,False,19922.742
6868,1520.0825,77554.086,1,47,False,3344.1816
6869,621.16187,21682.98,1,43,False,1366.5562
6870,596.7952,7710.7505,1,55,False,1312.9496
6871,668.9259,65643.836,1,30,False,1471.637
6872,492.24286,27317.506,1,22,False,1082.9343
6873,1220.1992,140210.08,1,36,False,2684.4382
6874,1026.3942,40130.254,1,48,False,2258.0671
6875,1275.3683,31732.51,1,55,False,2805.8103
6876,847.7185,31306.486,1,47,False,1864.9807
6877,1216.069,110082.53,1,39,False,2675.3518
6878,1118.7195,69720.16,1,43,False,2461.1829
6879,1068.3369,203728.53,1,22,False,2350.3413
6880,911.1494,42095.35,1,45,False,2004.5288
6881,712.1658,99668.19,1,19,False,1566.7648
6882,2444.3237,101040.75,1,51,False,5377.512
6883,809.3182,85718.94,1,33,False,1780.5
6884,504.3681,33252.727,1,18,False,1109.6099
6885,1756.2574,73021.17,1,50,False,3863.7664
6886,609.4754,46257.75,1,32,False,1340.846
6887,763.7771,45295.605,1,40,False,1680.3097
6888,579.3351,26242.357,1,38,False,1274.5372
6889,434.56406,9168.301,1,25,False,956.04095
6890,1802.5142,135737.67,1,43,False,3965.5312
6891,813.49585,70616.914,1,36,False,1789.6909
6892,493.90012,17072.422,1,35,False,1086.5803
6893,1918.877,88782.664,1,49,False,4221.5293
6894,904.80896,137900.36,1,27,False,1990.5797
6895,1213.9115,93144.96,1,41,False,2670.6055
6896,748.7775,24500.965,1,47,False,1647.3105
6897,493.9452,27838.766,1,22,False,1086.6794
6898,704.5342,32256.584,1,42,False,1549.9752
6899,740.08594,99572.984,1,24,False,1628.1891
6900,799.518,73346.21,1,35,False,1758.9397
6901,1820.2135,466032.94,1,18,False,4004.4697
6902,469.68976,13454.518,1,34,False,1033.3175
6903,1149.9813,47939.72,1,48,False,2529.959
6904,507.3558,10695.454,1,43,False,1116.1827
6905,1666.6365,80587.32,1,48,False,3666.6003
6906,1202.6339,117394.34,1,38,False,2645.7947
6907,950.87823,158492.6,1,25,False,2091.9321
6908,662.7667,58139.23,1,32,False,1458.0868
6909,562.54974,10819.775,1,48,False,1237.6095
6910,552.10156,48033.76,1,19,False,1214.6234
6911,1019.1889,70913.08,1,41,False,2242.2156
6912,717.8567,22374.145,1,47,False,1579.2848
6913,655.7022,40448.926,1,37,False,1442.5449
6914,506.00244,18000.207,1,36,False,1113.2054
6915,503.0483,30626.309,1,22,False,1106.7063
6916,806.81683,103751.26,1,29,False,1774.9971
6917,700.76013,86155.46,1,25,False,1541.6724
6918,459.4876,16376.5,1,25,False,1010.87274
6919,716.31036,28446.777,1,44,False,1575.8828
6920,571.1411,52336.633,1,21,False,1256.5105
6921,1194.113,59933.91,1,46,False,2627.0488
6922,504.5909,29420.932,1,25,False,1110.1
6923,828.5884,73199.53,1,36,False,1822.8945
6924,860.249,48608.44,1,42,False,1892.5479
6925,435.7459,6364.395,1,35,False,958.64105
6926,525.8221,31648.373,1,29,False,1156.8086
6927,595.6393,30933.582,1,37,False,1310.4065
6928,683.96124,86025.34,1,22,False,1504.7147
6929,683.2767,87258.1,1,21,False,1503.2087
6930,634.2854,13122.664,1,50,False,1395.4279
6931,619.1626,71008.555,1,18,False,1362.1577
6932,593.7309,47127.277,1,30,False,1306.208
6933,574.6934,55321.55,1,19,False,1264.3256
6934,713.50964,30598.818,1,43,False,1569.7212
6935,678.9084,47586.973,1,36,False,1493.5985
6936,2377.3474,125497.33,1,48,False,5230.1646
6937,1187.748,54694.96,1,47,False,2613.0457
6938,631.56116,48331.41,1,33,False,1389.4346
6939,547.2226,34078.28,1,31,False,1203.8898
6940,1132.7708,116027.56,1,37,False,2492.0957
6941,475.2286,17946.457,1,30,False,1045.5029
6942,579.8871,26323.111,1,38,False,1275.7516
6943,827.79517,17140.668,1,54,False,1821.1494
6944,2037.3708,58707.715,1,55,False,4482.216
6945,822.62286,128486.15,1,22,False,1809.7704
6946,524.4799,38435.7,1,20,False,1153.8558
6947,534.5332,21253.012,1,37,False,1175.973
6948,2314.3408,185152.58,1,43,False,5091.55
6949,663.9139,71740.07,1,27,False,1460.6106
6950,1160.5942,62429.773,1,45,False,2553.3074
6951,1129.4763,42942.863,1,49,False,2484.848
6952,1281.0289,85390.45,1,43,False,2818.2637
6953,1151.0543,61652.11,1,45,False,2532.3196
6954,540.51105,34022.03,1,30,False,1189.1244
6955,523.7859,38899.48,1,19,False,1152.329
6956,506.90173,22111.848,1,33,False,1115.1838
6957,472.06076,20012.775,1,25,False,1038.5337
6958,649.31396,39436.875,1,37,False,1428.4907
6959,1700.4956,125888.29,1,43,False,3741.0903
6960,472.15295,21860.742,1,20,False,1038.7366
6961,1936.2395,97623.58,1,48,False,4259.727
6962,693.097,26387.096,1,44,False,1524.8134
6963,442.777,11974.035,1,23,False,974.10944
6964,1723.2794,77424.46,1,49,False,3791.2148
6965,2009.8473,184018.72,1,41,False,4421.664
6966,504.7455,25214.896,1,30,False,1110.4402
6967,448.09744,14241.017,1,20,False,985.8144
6968,791.9286,71948.805,1,35,False,1742.2429
6969,487.42075,23890.566,1,26,False,1072.3257
6970,1017.7531,76810.414,1,40,False,2239.057
6971,2741.3682,125613.12,1,50,False,6031.0103
6972,694.16016,65138.582,1,32,False,1527.1523
6973,1781.9761,95567.96,1,47,False,3920.3474
6974,1912.012,96092.64,1,48,False,4206.4263
6975,1448.5386,110385.67,1,42,False,3186.785
6976,754.38257,51841.53,1,38,False,1659.6417
6977,765.89197,93250.01,1,29,False,1684.9624
6978,1293.8069,57028.117,1,48,False,2846.3752
6979,680.037,68379.914,1,30,False,1496.0814
6980,7441.4653,574437.94,1,45,False,16371.224
6981,1434.6007,60661.15,1,49,False,3156.1216
6982,449.13528,15086.723,1,18,False,988.09766
6983,554.0364,42695.25,1,26,False,1218.88
6984,549.1674,39001.59,1,28,False,1208.1683
6985,546.1001,40454.914,1,26,False,1201.4203
6986,882.8546,107208.65,1,32,False,1942.2802
6987,1480.058,123531.49,1,41,False,3256.1277
6988,588.9425,45948.207,1,30,False,1295.6736
6989,490.35895,16420.385,1,35,False,1078.7897
6990,1247.8678,54125.176,1,48,False,2745.3093
6991,533.8127,32372.588,1,30,False,1174.388
6992,618.1307,59165.984,1,27,False,1359.8876
6993,543.90076,45388.26,1,19,False,1196.5817
6994,918.09424,132304.9,1,29,False,2019.8074
6995,636.69977,62294.27,1,28,False,1400.7395
6996,792.8958,32455.492,1,45,False,1744.3708
6997,597.2155,16503.908,1,45,False,1313.8741
6998,557.58795,48115.85,1,21,False,1226.6935
6999,1742.0641,48253.73,1,55,False,3832.541
7000,1147.6667,40530.484,1,50,False,2524.867
7001,2279.9922,92970.48,1,51,False,5015.983
7002,460.0538,16540.307,1,25,False,1012.1184
7003,1146.3884,27166.586,1,55,False,2522.0547
7004,614.17725,52162.15,1,30,False,1351.19
7005,1150.7247,31957.805,1,53,False,2531.5945
7006,523.7787,37586.902,1,21,False,1152.3131
7007,701.1386,47647.105,1,37,False,1542.505
7008,681.0231,86556.29,1,21,False,1498.2507
7009,559.1405,46134.64,1,24,False,1230.1091
7010,671.14154,10342.643,1,55,False,1476.5115
7011,581.2142,30870.018,1,36,False,1278.6713
7012,778.2565,74340.09,1,34,False,1712.1643
7013,708.8607,92034.35,1,23,False,1559.4937
7014,833.42633,96188.45,1,32,False,1833.538
7015,943.1807,120658.61,1,32,False,2074.9976
7016,1506.1884,54969.188,1,51,False,3313.6145
7017,664.84985,61716.727,1,31,False,1462.6697
7018,470.8171,22217.854,1,18,False,1035.7976
7019,448.8594,8779.002,1,35,False,987.4907
7020,645.89087,16086.122,1,48,False,1420.96
7021,1184.5773,28518.498,1,55,False,2606.07
7022,457.18607,16848.46,1,21,False,1005.8094
7023,562.9785,39554.58,1,30,False,1238.5527
7024,1035.6097,34548.094,1,50,False,2278.3416
7025,743.0656,105877.695,1,21,False,1634.7444
7026,495.86487,23028.068,1,30,False,1090.9027
7027,849.6536,55951.684,1,40,False,1869.238
7028,595.2701,35737.797,1,35,False,1309.5942
7029,531.41425,22348.521,1,36,False,1169.1113
7030,1054.0975,27934.258,1,53,False,2319.0146
7031,433.7275,9689.232,1,20,False,954.20056
7032,705.3747,90985.53,1,23,False,1551.8243
7033,2820.8157,153520.17,1,48,False,6205.7944
7034,554.30414,40368.51,1,28,False,1219.4691
7035,779.0301,51176.1,1,39,False,1713.8662
7036,966.28564,39461.94,1,47,False,2125.8284
7037,542.08215,25944.25,1,35,False,1192.5808
7038,670.45245,87877.63,1,18,False,1474.9955
7039,691.4735,64539.516,1,32,False,1521.2417
7040,479.63187,4866.2104,1,50,False,1055.1902
7041,589.4853,21852.916,1,41,False,1296.8677
7042,435.1369,9675.278,1,23,False,957.3012
7043,990.51117,173530.69,1,24,False,2179.1245
7044,1080.9606,43578.33,1,48,False,2378.1133
7045,1433.8494,60617.54,1,49,False,3154.4688
7046,549.3658,37689.703,1,29,False,1208.6047
7047,3284.4292,120805.33,1,53,False,7225.7446
7048,2773.8015,99542.74,1,53,False,6102.3633
7049,566.48663,42082.824,1,29,False,1246.2706
7050,1072.1268,197634.12,1,24,False,2358.6792
7051,582.9667,57990.402,1,19,False,1282.5267
7052,545.4212,15547.859,1,42,False,1199.9266
7053,571.10864,54165.164,1,19,False,1256.4391
7054,917.1121,75639.266,1,38,False,2017.6467
7055,571.5028,44945.164,1,28,False,1257.3062
7056,583.8255,35975.44,1,34,False,1284.4161
7057,1802.3876,205102.95,1,38,False,3965.2527
7058,488.84357,19362.4,1,32,False,1075.4558
7059,426.57617,5479.7085,1,32,False,938.4676
7060,2136.1624,182594.2,1,42,False,4699.557
7061,518.7328,18749.838,1,37,False,1141.2122
7062,524.137,39754.72,1,18,False,1153.1014
7063,887.4232,36968.91,1,46,False,1952.3312
7064,1393.1018,133944.0,1,39,False,3064.824
7065,3595.5254,157576.03,1,51,False,7910.1562
7066,471.77866,17780.861,1,29,False,1037.9131
7067,1151.8174,148050.1,1,34,False,2533.9983
7068,2513.36,145875.17,1,47,False,5529.3926
7069,1130.8348,50780.223,1,47,False,2487.8367
7070,1801.712,105431.04,1,46,False,3963.7666
7071,789.7437,114238.34,1,24,False,1737.4362
7072,639.579,40857.105,1,36,False,1407.0737
7073,1624.1172,44078.395,1,55,False,3573.0579
7074,761.3413,80116.79,1,32,False,1674.9509
7075,450.92438,13588.217,1,26,False,992.0336
7076,592.43506,37674.28,1,34,False,1303.3572
7077,530.7632,19139.15,1,38,False,1167.6791
7078,4133.5024,156160.69,1,53,False,9093.706
7079,542.85187,37321.027,1,28,False,1194.2742
7080,765.31396,62372.344,1,36,False,1683.6908
7081,1391.5117,41984.203,1,53,False,3061.326
7082,1198.4148,39854.516,1,51,False,2636.5127
7083,633.16583,59192.57,1,29,False,1392.9648
7084,1052.5253,27868.809,1,53,False,2315.5557
7085,963.4118,42658.95,1,46,False,2119.506
7086,574.56805,42408.492,1,30,False,1264.0498
7087,736.74756,35639.363,1,42,False,1620.8446
7088,906.562,68365.516,1,39,False,1994.4365
7089,900.9477,34967.75,1,47,False,1982.085
7090,3787.0388,181438.19,1,50,False,8331.485
7091,677.8306,82697.91,1,23,False,1491.2274
7092,559.1464,16989.15,1,42,False,1230.1222
7093,771.1445,77689.91,1,33,False,1696.5178
7094,885.9556,28801.84,1,49,False,1949.1024
7095,1617.9779,55733.152,1,52,False,3559.5515
7096,511.0448,27856.51,1,29,False,1124.2986
7097,438.96228,8640.841,1,31,False,965.71704
7098,1236.1649,49138.176,1,49,False,2719.563
7099,736.20715,15870.95,1,52,False,1619.6558
7100,635.4656,69951.02,1,23,False,1398.0243
7101,901.7408,57503.79,1,41,False,1983.8297
7102,1250.2456,30843.172,1,55,False,2750.5403
7103,1070.8987,215390.5,1,19,False,2355.977
7104,462.6573,18552.287,1,21,False,1017.84607
7105,710.8563,30342.607,1,43,False,1563.8839
7106,520.0193,20398.67,1,36,False,1144.0425
7107,1364.5343,255973.98,1,28,False,3001.9756
7108,939.7567,147498.55,1,27,False,2067.4648
7109,527.9091,16027.8125,1,40,False,1161.4001
7110,956.51886,25830.557,1,52,False,2104.3416
7111,720.3434,26541.143,1,45,False,1584.7555
7112,758.4189,32183.098,1,44,False,1668.5216
7113,477.93076,21710.553,1,25,False,1051.4476
7114,920.31647,30797.15,1,49,False,2024.6963
7115,932.8991,111711.63,1,33,False,2052.3782
7116,1412.3512,237354.05,1,31,False,3107.1726
7117,573.0528,14534.199,1,45,False,1260.7162
7118,947.6206,21739.64,1,54,False,2084.7654
7119,618.675,59315.496,1,27,False,1361.085
7120,512.55536,14122.63,1,40,False,1127.6218
7121,1349.6366,60556.004,1,48,False,2969.2007
7122,641.9672,77023.086,1,19,False,1412.3279
7123,2486.496,87579.336,1,53,False,5470.2915
7124,2343.6301,75319.47,1,54,False,5155.9863
7125,506.00638,32584.092,1,20,False,1113.2141
7126,570.9831,43236.6,1,29,False,1256.1628
7127,471.728,19460.775,1,26,False,1037.8016
7128,1446.5074,72493.28,1,47,False,3182.3164
7129,951.5068,180316.06,1,18,False,2093.315
7130,631.6087,72369.414,1,20,False,1389.5392
7131,1128.3171,28674.906,1,54,False,2482.2979
7132,2643.3394,110814.375,1,51,False,5815.3467
7133,2668.7625,331802.66,1,38,False,5871.2773
7134,975.7403,60736.38,1,42,False,2146.6287
7135,1139.3153,77913.66,1,42,False,2506.4937
7136,725.7313,85985.945,1,28,False,1596.6089
7137,540.0543,13852.382,1,43,False,1188.1195
7138,518.6375,35985.832,1,21,False,1141.0026
7139,874.46576,33146.258,1,47,False,1923.8247
7140,740.0077,97506.234,1,25,False,1628.017
7141,1316.6489,88829.47,1,43,False,2896.6277
7142,710.3107,45396.438,1,38,False,1562.6836
7143,525.60455,31592.525,1,29,False,1156.3301
7144,672.06775,12971.391,1,52,False,1478.5491
7145,564.31464,49387.285,1,22,False,1241.4922
7146,475.4223,23298.023,1,19,False,1045.9291
7147,753.3048,21098.922,1,49,False,1657.2706
7148,1396.3302,104903.2,1,42,False,3071.9265
7149,723.7077,96501.53,1,23,False,1592.157
7150,809.6738,33823.223,1,45,False,1781.2825
7151,458.0201,14250.4375,1,29,False,1007.6443
7152,532.38715,25825.793,1,34,False,1171.2517
7153,777.68854,110678.12,1,24,False,1710.9148
7154,1364.4606,72689.57,1,46,False,3001.8132
7155,601.1454,34280.586,1,36,False,1322.5199
7156,667.0961,52406.234,1,34,False,1467.6116
7157,495.0597,9508.304,1,43,False,1089.1313
7158,432.25964,8949.552,1,22,False,950.97125
7159,3641.0493,243161.11,1,46,False,8010.3086
7160,1054.825,74981.695,1,41,False,2320.615
7161,874.1339,50066.527,1,42,False,1923.0946
7162,613.50793,36395.97,1,36,False,1349.7175
7163,655.3068,12213.67,1,52,False,1441.675
7164,1752.4192,110674.59,1,45,False,3855.3223
7165,480.95715,20136.055,1,29,False,1058.1057
7166,670.29846,87827.016,1,18,False,1474.6566
7167,779.87067,55568.895,1,38,False,1715.7155
7168,1363.4443,47959.047,1,51,False,2999.5776
7169,460.63733,17639.31,1,22,False,1013.40216
7170,521.79913,17828.227,1,38,False,1147.9581
7171,2160.848,68304.15,1,54,False,4753.8657
7172,1471.6136,53271.234,1,51,False,3237.55
7173,934.37836,51922.73,1,43,False,2055.6323
7174,742.55005,62856.62,1,35,False,1633.6101
7175,455.31866,10618.823,1,34,False,1001.7011
7176,784.3095,112633.375,1,24,False,1725.481
7177,1361.1514,37611.25,1,54,False,2994.533
7178,834.48596,127451.9,1,24,False,1835.8691
7179,468.45972,10027.826,1,38,False,1030.6115
7180,755.55194,78826.07,1,32,False,1662.2144
7181,1277.4052,78232.6,1,44,False,2810.2915
7182,456.73233,15227.711,1,26,False,1004.81116
7183,1103.2897,29982.627,1,53,False,2427.2373
7184,478.6758,21421.988,1,26,False,1053.0868
7185,849.3679,99742.625,1,32,False,1868.6095
7186,1492.3746,64016.047,1,49,False,3283.2244
7187,2598.7512,179666.45,1,45,False,5717.253
7188,1490.1466,58814.367,1,50,False,3278.3225
7189,2721.4622,89820.96,1,54,False,5987.217
7190,3449.8462,127693.336,1,53,False,7589.6616
7191,772.19495,77910.78,1,33,False,1698.829
7192,521.1549,36769.785,1,21,False,1146.5408
7193,654.07513,31683.229,1,40,False,1438.9653
7194,592.8494,46910.254,1,30,False,1304.2688
7195,717.27234,94565.25,1,23,False,1577.9991
7196,600.32574,27089.348,1,39,False,1320.7167
7197,1840.7587,84246.4,1,49,False,4049.6692
7198,729.52155,64723.793,1,34,False,1604.9474
7199,546.58624,18345.387,1,40,False,1202.4897
7200,1570.6542,81032.57,1,47,False,3455.4392
7201,976.73,56011.656,1,43,False,2148.806
7202,509.95987,32188.32,1,23,False,1121.9117
7203,1712.8806,55366.01,1,53,False,3768.3374
7204,511.4694,33205.06,1,22,False,1125.2327
7205,816.71094,60956.51,1,38,False,1796.7642
7206,1207.287,43713.402,1,50,False,2656.0315
7207,454.87518,14703.472,1,26,False,1000.7254
7208,662.46045,44772.52,1,36,False,1457.413
7209,681.51904,35088.586,1,40,False,1499.3419
7210,660.9205,83137.19,1,19,False,1454.025
7211,1990.8193,101072.47,1,48,False,4379.8027
7212,537.4795,33275.508,1,30,False,1182.455
7213,1021.79614,26589.24,1,53,False,2247.9517
7214,443.61786,13038.412,1,19,False,975.9593
7215,525.7216,26070.21,1,33,False,1156.5876
7216,610.8469,38606.01,1,35,False,1343.8633
7217,483.19785,17126.25,1,33,False,1063.0353
7218,3264.7998,102159.19,1,55,False,7182.5596
7219,590.76074,61667.223,1,18,False,1299.6737
7220,1661.679,45408.06,1,55,False,3655.6938
7221,689.1388,49337.574,1,36,False,1516.1053
7222,836.6379,63870.586,1,38,False,1840.6034
7223,2722.7842,82971.65,1,55,False,5990.1255
7224,3076.9668,95509.83,1,55,False,6769.327
7225,577.12494,39045.133,1,32,False,1269.6749
7226,858.87335,44633.07,1,43,False,1889.5214
7227,1877.273,57420.367,1,54,False,4130.0005
7228,808.73486,43198.85,1,42,False,1779.2168
7229,1627.2604,100471.78,1,45,False,3579.973
7230,1312.5634,133470.56,1,38,False,2887.6394
7231,1964.5034,65843.56,1,53,False,4321.9077
7232,647.01154,24178.643,1,43,False,1423.4254
7233,684.801,75094.24,1,28,False,1506.5623
7234,1888.5367,67964.28,1,52,False,4154.781
7235,532.942,22609.934,1,36,False,1172.4724
7236,745.64166,67904.55,1,34,False,1640.4117
7237,533.72833,32351.83,1,30,False,1174.2024
7238,2236.237,90821.68,1,51,False,4919.7217
7239,736.63055,74607.38,1,32,False,1620.5873
7240,685.9194,59764.523,1,33,False,1509.0227
7241,568.6662,51565.89,1,21,False,1251.0657
7242,461.93185,9073.203,1,38,False,1016.2501
7243,479.2115,18927.254,1,30,False,1054.2653
7244,540.1834,45032.39,1,18,False,1188.4036
7245,1650.2224,168600.14,1,39,False,3630.4895
7246,655.3225,78552.555,1,21,False,1441.7096
7247,2800.9844,213419.58,1,44,False,6162.1655
7248,713.0675,53432.156,1,36,False,1568.7485
7249,708.2964,48781.074,1,37,False,1558.2521
7250,1103.2836,156354.08,1,32,False,2427.2239
7251,1283.241,44020.33,1,51,False,2823.1301
7252,631.8092,22710.947,1,43,False,1389.9802
7253,676.3555,64420.14,1,31,False,1487.9822
7254,1239.1597,122735.81,1,38,False,2726.1514
7255,624.25793,25822.984,1,41,False,1373.3674
7256,2156.952,80098.555,1,52,False,4745.2944
7257,552.09814,46406.234,1,21,False,1214.616
7258,633.4593,71743.9,1,21,False,1393.6105
7259,644.06573,64254.395,1,28,False,1416.9447
7260,959.36005,35894.336,1,48,False,2110.592
7261,958.1634,45927.9,1,45,False,2107.9595
7262,520.0421,37691.73,1,19,False,1144.0927
7263,1506.4664,54982.863,1,51,False,3314.2263
7264,487.4322,25410.062,1,23,False,1072.3508
7265,511.77087,30764.305,1,26,False,1125.896
7266,542.40784,35904.215,1,29,False,1193.2972
7267,1166.5995,68400.85,1,44,False,2566.519
7268,474.2668,16112.508,1,32,False,1043.387
7269,607.8408,45893.31,1,32,False,1337.2499
7270,772.6345,28373.506,1,46,False,1699.796
7271,801.1826,35977.492,1,44,False,1762.6018
7272,586.49664,29485.176,1,37,False,1290.2926
7273,650.82465,58421.3,1,31,False,1431.8142
7274,935.67206,44094.383,1,45,False,2058.4785
7275,682.06055,88350.44,1,20,False,1500.5332
7276,647.05066,68951.83,1,26,False,1423.5115
7277,708.5343,14619.937,1,52,False,1558.7755
7278,481.47232,23197.018,1,24,False,1059.2391
7279,566.199,43533.78,1,28,False,1245.6378
7280,569.909,48311.754,1,25,False,1253.7998
7281,570.1099,24893.293,1,38,False,1254.2418
7282,1076.4818,141911.34,1,33,False,2368.26
7283,1727.3171,99860.4,1,46,False,3800.098
7284,465.5439,13413.08,1,33,False,1024.1967
7285,603.67566,65914.875,1,18,False,1328.0864
7286,787.1938,48201.29,1,40,False,1731.8264
7287,3631.3174,135249.75,1,53,False,7988.8984
7288,505.0003,14240.868,1,39,False,1111.0007
7289,3863.2393,259798.64,1,46,False,8499.127
7290,762.92676,25474.207,1,47,False,1678.4388
7291,768.7648,67683.64,1,35,False,1691.2826
7292,627.7242,30782.225,1,39,False,1380.9933
7293,517.918,37006.586,1,19,False,1139.4197
7294,630.9039,12942.14,1,50,False,1387.9885
7295,892.11035,130259.99,1,28,False,1962.6428
7296,536.91327,40298.133,1,23,False,1181.2092
7297,575.1456,42550.715,1,30,False,1265.3204
7298,1597.5732,317986.38,1,28,False,3514.6611
7299,748.996,107724.516,1,21,False,1647.7911
7300,725.8423,29292.572,1,44,False,1596.853
7301,876.9426,30686.361,1,48,False,1929.2738
7302,1034.1039,61550.87,1,43,False,2275.0286
7303,730.9289,92629.43,1,26,False,1608.0436
7304,1588.0597,203156.5,1,36,False,3493.7314
7305,528.89197,13812.079,1,42,False,1163.5624
7306,1930.3048,89446.3,1,49,False,4246.671
7307,1871.3182,101713.336,1,47,False,4116.9004
7308,545.5723,26586.871,1,35,False,1200.2592
7309,519.3864,37480.285,1,19,False,1142.6501
7310,448.07663,13568.592,1,23,False,985.7686
7311,528.4629,33492.047,1,28,False,1162.6184
7312,658.40155,60201.56,1,31,False,1448.4834
7313,3472.2861,178987.67,1,49,False,7639.03
7314,1055.4072,192696.3,1,24,False,2321.896
7315,475.91907,21945.967,1,23,False,1047.022
7316,1027.9845,160502.64,1,29,False,2261.566
7317,570.994,10512.309,1,49,False,1256.1869
7318,886.8823,31314.432,1,48,False,1951.1411
7319,963.56036,39274.48,1,47,False,2119.8328
7320,596.2131,61157.625,1,20,False,1311.6688
7321,1120.8396,54447.19,1,46,False,2465.8472
7322,646.62823,66992.58,1,27,False,1422.5822
7323,577.75024,43192.08,1,30,False,1271.0505
7324,839.8649,107737.09,1,30,False,1847.7029
7325,1461.5557,86963.766,1,45,False,3215.4226
7326,537.2208,39661.17,1,24,False,1181.8859
7327,1943.7029,98095.16,1,48,False,4276.1465
7328,1198.6097,261588.14,1,18,False,2636.9414
7329,501.7243,29178.037,1,24,False,1103.7935
7330,1258.6946,191003.6,1,32,False,2769.1282
7331,505.4143,31350.893,1,22,False,1111.9115
7332,2290.2024,154513.86,1,45,False,5038.4453
7333,681.0471,32306.686,1,41,False,1498.3037
7334,762.0128,92254.67,1,29,False,1676.4282
7335,612.892,57727.258,1,27,False,1348.3625
7336,553.79724,11986.922,1,46,False,1218.354
7337,3234.275,231473.39,1,45,False,7115.405
7338,719.9212,24426.324,1,46,False,1583.8267
7339,473.0527,18107.814,1,29,False,1040.716
7340,906.2143,29978.246,1,49,False,1993.6715
7341,2458.436,378804.72,1,35,False,5408.5596
7342,760.3117,18339.406,1,51,False,1672.6858
7343,993.8355,57663.12,1,43,False,2186.4382
7344,466.30927,20358.39,1,19,False,1025.8804
7345,547.77875,23351.389,1,37,False,1205.1133
7346,717.25836,13908.288,1,53,False,1577.9684
7347,1593.62,64338.457,1,50,False,3505.964
7348,541.88776,43949.758,1,20,False,1192.1531
7349,528.04553,20225.213,1,37,False,1161.7002
7350,1087.405,100543.03,1,38,False,2392.291
7351,754.3721,109398.766,1,21,False,1659.6185
7352,2335.3176,69255.18,1,55,False,5137.6987
7353,867.14557,127556.445,1,27,False,1907.7203
7354,536.7627,37819.12,1,26,False,1180.8779
7355,920.2403,64710.453,1,40,False,2024.5287
7356,531.3798,37936.105,1,24,False,1169.0356
7357,454.6301,14971.621,1,25,False,1000.1862
7358,841.4247,59585.97,1,39,False,1851.1344
7359,656.61426,56767.58,1,32,False,1444.5514
7360,733.63055,48806.7,1,38,False,1613.9873
7361,743.248,67432.24,1,34,False,1635.1456
7362,873.64886,154708.84,1,18,False,1922.0276
7363,1578.3105,42456.797,1,55,False,3472.2832
7364,679.96594,23249.602,1,45,False,1495.925
7365,568.89,41010.258,1,30,False,1251.5581
7366,706.3376,44815.363,1,38,False,1553.9427
7367,2129.3394,109825.625,1,48,False,4684.547
7368,1327.7057,54453.848,1,49,False,2920.9526
7369,547.3936,19954.836,1,39,False,1204.266
7370,1777.1919,95238.98,1,47,False,3909.8223
7371,728.96344,83774.22,1,29,False,1603.7196
7372,595.75903,54472.99,1,26,False,1310.6699
7373,764.43536,106763.94,1,24,False,1681.7578
7374,1382.4133,122059.5,1,40,False,3041.3093
7375,1202.8987,36968.664,1,52,False,2646.3772
7376,718.6949,24334.475,1,46,False,1581.1288
7377,637.2465,49527.19,1,33,False,1401.9424
7378,714.26434,76808.27,1,30,False,1571.3816
7379,835.0143,45958.51,1,42,False,1837.0315
7380,472.2084,22675.479,1,18,False,1038.8585
7381,585.9528,56949.254,1,21,False,1289.0962
7382,506.47192,9827.872,1,44,False,1114.2383
7383,685.4972,38569.203,1,39,False,1508.0939
7384,978.1166,98785.984,1,36,False,2151.8564
7385,2860.9004,103169.55,1,53,False,6293.981
7386,426.70135,2469.9548,1,46,False,938.743
7387,633.954,42860.72,1,35,False,1394.6987
7388,952.10675,80756.92,1,38,False,2094.635
7389,467.83795,19514.492,1,23,False,1029.2435
7390,1206.4956,37131.26,1,52,False,2654.2903
7391,824.99835,131393.47,1,21,False,1814.9965
7392,651.177,33943.33,1,39,False,1432.5895
7393,2420.2458,179636.67,1,44,False,5324.541
7394,733.75916,27634.762,1,45,False,1614.2701
7395,3801.8347,154458.77,1,52,False,8364.036
7396,1024.809,51360.73,1,45,False,2254.5798
7397,1026.4001,24763.262,1,54,False,2258.0803
7398,1754.5548,154871.27,1,41,False,3860.0208
7399,470.25784,19045.732,1,26,False,1034.5673
7400,1018.44507,26449.71,1,53,False,2240.579
7401,1162.9675,73992.12,1,43,False,2558.5286
7402,618.95856,53339.49,1,30,False,1361.7089
7403,645.08936,62252.207,1,29,False,1419.1967
7404,534.7092,37239.438,1,26,False,1176.3604
7405,512.7452,19153.936,1,36,False,1128.0394
7406,507.90295,29672.432,1,26,False,1117.3865
7407,1046.923,143788.34,1,32,False,2303.2307
7408,462.18826,17157.549,1,25,False,1016.8142
7409,5642.885,186344.47,1,55,False,12414.347
7410,637.09406,64374.023,1,27,False,1401.6069
7411,497.57477,31018.354,1,18,False,1094.6646
7412,528.30774,10078.26,1,46,False,1162.2771
7413,496.1366,11195.082,1,41,False,1091.5005
7414,701.8529,37611.727,1,40,False,1544.0764
7415,813.52515,34137.203,1,45,False,1789.7554
7416,1127.4062,54938.91,1,46,False,2480.2937
7417,1016.4199,197816.23,1,19,False,2236.1238
7418,1071.3523,76868.66,1,41,False,2356.975
7419,558.8334,45108.56,1,25,False,1229.4335
7420,1557.3529,132356.42,1,41,False,3426.1765
7421,934.48773,56404.344,1,42,False,2055.873
7422,2600.269,179790.12,1,45,False,5720.592
7423,500.0461,29205.41,1,23,False,1100.1014
7424,496.6764,19961.2,1,33,False,1092.6881
7425,459.7876,10092.143,1,36,False,1011.5327
7426,913.6468,45956.44,1,44,False,2010.023
7427,463.84442,18621.37,1,22,False,1020.45776
7428,484.57883,18411.592,1,32,False,1066.0735
7429,1581.2391,114374.55,1,43,False,3478.726
7430,453.54968,12608.128,1,30,False,997.8093
7431,1687.7307,54318.766,1,53,False,3713.0076
7432,922.9184,46779.113,1,44,False,2030.4205
7433,570.0524,53824.457,1,19,False,1254.1154
7434,4323.4434,151306.11,1,54,False,9511.575
7435,488.82202,25828.28,1,23,False,1075.4084
7436,1168.8383,151408.55,1,34,False,2571.4443
7437,445.149,12229.597,1,25,False,979.3278
7438,673.30066,84151.26,1,21,False,1481.2615
7439,1711.5259,162897.6,1,40,False,3765.357
7440,412.70047,1951.8604,1,37,False,907.94104
7441,609.0436,48604.137,1,31,False,1339.8959
7442,868.28973,45542.16,1,43,False,1910.2374
7443,582.2455,52958.14,1,24,False,1280.9401
7444,2120.2122,196619.3,1,41,False,4664.467
7445,701.616,27142.977,1,44,False,1543.5553
7446,781.5699,19383.383,1,51,False,1719.4537
7447,712.1038,53267.223,1,36,False,1566.6284
7448,1780.9563,122912.625,1,44,False,3918.104
7449,1028.7386,78173.516,1,40,False,2263.225
7450,701.1443,51391.902,1,36,False,1542.5175
7451,1382.8228,41622.387,1,53,False,3042.2102
7452,447.02563,10039.013,1,32,False,983.4564
7453,1224.108,79894.984,1,43,False,2693.0378
7454,1567.7026,87908.41,1,46,False,3448.9458
7455,1020.79236,28736.156,1,52,False,2245.7432
7456,528.23047,34475.438,1,27,False,1162.107
7457,490.13092,21616.129,1,30,False,1078.2881
7458,2990.1985,100135.25,1,54,False,6578.437
7459,752.6813,37312.56,1,42,False,1655.8988
7460,939.0612,44370.695,1,45,False,2065.9348
7461,795.04944,82717.76,1,33,False,1749.1088
7462,753.913,64948.992,1,35,False,1658.6086
7463,641.8327,78464.625,1,18,False,1412.032
7464,944.9802,57506.203,1,42,False,2078.9565
7465,742.9206,58540.434,1,36,False,1634.4253
7466,767.1074,58098.117,1,37,False,1687.6364
7467,633.7482,71833.836,1,21,False,1394.2461
7468,646.9154,74681.22,1,22,False,1423.2139
7469,834.01263,18769.94,1,53,False,1834.8279
7470,923.9598,31008.693,1,49,False,2032.7115
7471,557.42267,42492.875,1,27,False,1226.33
7472,820.2392,71770.8,1,36,False,1804.5262
7473,3750.0168,179461.67,1,50,False,8250.037
7474,504.14948,26087.195,1,29,False,1109.1289
7475,3231.5503,100982.21,1,55,False,7109.4106
7476,512.5313,31717.412,1,25,False,1127.569
7477,1604.9302,149670.55,1,40,False,3530.8464
7478,1157.0038,230880.02,1,22,False,2545.4084
7479,442.1258,12349.456,1,20,False,972.67676
7480,1237.0269,38511.473,1,52,False,2721.4592
7481,426.84583,7628.012,1,19,False,939.06085
7482,693.95233,12937.812,1,53,False,1526.6952
7483,457.574,13599.089,1,30,False,1006.66284
7484,687.6867,82374.49,1,25,False,1512.9108
7485,1513.7142,70924.07,1,48,False,3330.1714
7486,2319.6587,94918.49,1,51,False,5103.249
7487,668.58594,81317.09,1,22,False,1470.889
7488,1769.0721,73705.31,1,50,False,3891.9587
7489,1123.9565,54680.582,1,46,False,2472.7043
7490,1231.94,45029.543,1,50,False,2710.2678
7491,939.193,113035.414,1,33,False,2066.2246
7492,562.5463,50493.535,1,20,False,1237.6019
7493,920.3241,76108.98,1,38,False,2024.713
7494,435.17422,7750.7896,1,31,False,957.3833
7495,473.81424,19530.312,1,27,False,1042.3914
7496,956.6012,109530.43,1,34,False,2104.5227
7497,492.3224,29290.846,1,18,False,1083.1093
7498,553.2949,16374.692,1,42,False,1217.2489
7499,1018.97784,83517.555,1,39,False,2241.7512
7500,1492.3397,50053.402,1,52,False,3283.1475
7501,555.85443,36106.457,1,31,False,1222.8798
7502,969.1437,167220.25,1,24,False,2132.1162
7503,4178.974,145761.3,1,54,False,9193.743
7504,570.1537,43023.793,1,29,False,1254.3381
7505,825.4626,89114.61,1,33,False,1816.0177
7506,439.40512,8339.973,1,32,False,966.6913
7507,1539.2004,119906.26,1,42,False,3386.241
7508,927.3826,20962.89,1,54,False,2040.2418
7509,731.2639,15647.474,1,52,False,1608.7806
7510,541.8043,11986.859,1,45,False,1191.9695
7511,439.26746,11268.165,1,21,False,966.3884
7512,1850.4097,118662.516,1,45,False,4070.9014
7513,683.43494,82842.3,1,24,False,1503.5569
7514,786.48505,27094.623,1,47,False,1730.2671
7515,753.7853,99081.45,1,26,False,1658.3276
7516,924.9057,31063.635,1,49,False,2034.7926
7517,1258.7842,64776.48,1,46,False,2769.3252
7518,534.96216,33993.72,1,29,False,1176.9167
7519,573.3043,45424.54,1,28,False,1261.2695
7520,532.49286,24178.541,1,35,False,1171.4844
7521,1037.0857,27225.904,1,53,False,2281.5886
7522,684.0471,77269.55,1,27,False,1504.9037
7523,2328.837,87868.92,1,52,False,5123.4414
7524,1060.9232,35899.51,1,50,False,2334.0312
7525,455.05832,14755.13,1,26,False,1001.1283
7526,9054.027,361051.5,1,53,False,19918.861
7527,568.4215,51489.625,1,21,False,1250.5273
7528,602.16296,64182.824,1,19,False,1324.7585
7529,479.76477,18228.006,1,31,False,1055.4825
7530,1173.3065,132185.98,1,36,False,2581.2744
7531,4272.658,149356.97,1,54,False,9399.849
7532,454.12918,12750.814,1,30,False,999.0842
7533,553.4745,46067.812,1,22,False,1217.6439
7534,571.1493,43279.254,1,29,False,1256.5284
7535,7267.5947,337910.28,1,51,False,15988.709
7536,2040.184,158683.88,1,43,False,4488.405
7537,546.5325,15664.551,1,42,False,1202.3715
7538,955.5324,27926.645,1,51,False,2102.1714
7539,511.77185,24474.402,1,32,False,1125.8981
7540,1292.6677,67313.72,1,46,False,2843.8691
7541,2072.2046,175877.92,1,42,False,4558.85
7542,744.7953,54563.34,1,37,False,1638.5497
7543,693.4475,74660.86,1,29,False,1525.5846
7544,1146.8889,29387.695,1,54,False,2523.1558
7545,633.65454,74341.484,1,19,False,1394.04
7546,513.152,34277.484,1,21,False,1128.9343
7547,621.6849,13455.869,1,49,False,1367.7068
7548,637.5499,70578.08,1,23,False,1402.6099
7549,578.52295,49607.453,1,26,False,1272.7505
7550,473.3076,20785.693,1,24,False,1041.2767
7551,4510.1914,186481.36,1,52,False,9922.421
7552,984.19556,27081.742,1,52,False,2165.2302
7553,678.53143,81394.2,1,24,False,1492.7692
7554,604.36115,37411.734,1,35,False,1329.5946
7555,2034.2784,171895.17,1,42,False,4475.4126
7556,791.0813,41345.047,1,42,False,1740.3789
7557,489.4411,13096.18,1,38,False,1076.7704
7558,920.2995,95585.84,1,35,False,2024.6589
7559,953.27435,171341.42,1,21,False,2097.2036
7560,515.25696,35514.246,1,20,False,1133.5653
7561,670.00415,86067.414,1,19,False,1474.0092
7562,810.77484,55454.8,1,39,False,1783.7047
7563,973.8981,36812.97,1,48,False,2142.5757
7564,1499.816,97967.06,1,44,False,3299.5955
7565,843.9715,26363.861,1,49,False,1856.7373
7566,567.86676,51316.85,1,21,False,1249.3069
7567,633.4543,61430.617,1,28,False,1393.5995
7568,1014.6631,59673.887,1,43,False,2232.2588
7569,511.54175,26888.47,1,30,False,1125.3918
7570,1251.2725,259746.77,1,22,False,2752.7996
7571,836.44257,137252.08,1,20,False,1840.1737
7572,1365.2781,110426.82,1,41,False,3003.6118
7573,1255.8384,157369.0,1,35,False,2762.8445
7574,860.78284,52827.52,1,41,False,1893.7223
7575,979.2472,37151.004,1,48,False,2154.3438
7576,780.3735,20921.857,1,50,False,1716.8217
7577,506.4085,28482.154,1,27,False,1114.0988
7578,577.778,22215.812,1,40,False,1271.1117
7579,579.15674,32770.824,1,35,False,1274.1449
7580,765.344,62377.43,1,36,False,1683.7568
7581,1566.4626,103880.68,1,44,False,3446.218
7582,729.34985,101606.33,1,21,False,1604.5697
7583,556.58466,19586.037,1,40,False,1224.4863
7584,1373.6868,86775.69,1,44,False,3022.1108
7585,1689.7357,124849.49,1,43,False,3717.4187
7586,536.2654,40798.074,1,22,False,1179.7838
7587,4061.1387,130349.984,1,55,False,8934.505
7588,732.0535,100752.12,1,22,False,1610.5178
7589,524.208,18180.512,1,38,False,1153.2577
7590,2725.4182,288706.9,1,40,False,5995.9204
7591,554.361,28205.16,1,35,False,1219.5942
7592,1135.3204,107550.336,1,38,False,2497.705
7593,2189.2073,104480.516,1,49,False,4816.2563
7594,496.6813,18780.395,1,34,False,1092.6989
7595,1884.4829,57697.082,1,54,False,4145.8623
7596,753.2377,103457.0,1,24,False,1657.1229
7597,605.58075,18621.79,1,44,False,1332.2777
7598,606.0856,54147.723,1,28,False,1333.3883
7599,770.6531,110626.695,1,23,False,1695.4368
7600,1135.6969,116491.17,1,37,False,2498.5332
7601,648.7424,36392.566,1,38,False,1427.2333
7602,1576.0564,172004.11,1,38,False,3467.3242
7603,3795.519,142087.16,1,53,False,8350.142
7604,708.8404,60643.07,1,34,False,1559.4489
7605,497.8558,29513.916,1,21,False,1095.2828
7606,545.31616,19674.857,1,39,False,1199.6956
7607,2143.296,67630.53,1,54,False,4715.251
7608,4937.096,161359.22,1,55,False,10861.612
7609,1221.0312,44447.152,1,50,False,2686.2688
7610,1036.4105,25147.477,1,54,False,2280.1033
7611,2706.3408,96733.73,1,53,False,5953.9497
7612,1301.1359,57491.266,1,48,False,2862.499
7613,645.66943,75546.4,1,21,False,1420.4728
7614,710.13794,32845.02,1,42,False,1562.3035
7615,520.5592,37193.797,1,20,False,1145.2302
7616,909.14636,32721.307,1,48,False,2000.1221
7617,666.8529,74541.67,1,26,False,1467.0764
7618,519.1401,38111.133,1,18,False,1142.1082
7619,680.56744,80315.49,1,25,False,1497.2484
7620,510.5324,30414.69,1,26,False,1123.1713
7621,835.8515,74442.3,1,36,False,1838.8733
7622,2033.06,87798.81,1,50,False,4472.7324
7623,882.97864,65186.824,1,39,False,1942.5531
7624,1906.4801,104131.836,1,47,False,4194.2563
7625,518.1092,34016.91,1,24,False,1139.8402
7626,692.1948,87019.89,1,23,False,1522.8286
7627,811.96136,60261.85,1,38,False,1786.3151
7628,627.2108,26160.115,1,41,False,1379.8638
7629,442.2968,10874.248,1,27,False,973.05304
7630,649.62177,12903.452,1,51,False,1429.168
7631,492.0125,8544.894,1,44,False,1082.4275
7632,1414.7782,70310.875,1,47,False,3112.5122
7633,526.9024,38559.703,1,21,False,1159.1853
7634,572.3949,53613.07,1,20,False,1259.2688
7635,546.8252,43280.48,1,23,False,1203.0155
7636,833.6305,79627.46,1,35,False,1833.9872
7637,733.3668,81512.22,1,30,False,1613.407
7638,581.78296,51745.82,1,25,False,1279.9225
7639,571.5663,54312.77,1,19,False,1257.4458
7640,1027.7004,56076.383,1,44,False,2260.941
7641,3486.845,152238.66,1,51,False,7671.059
7642,435.87875,10057.757,1,22,False,958.9333
7643,599.8467,29242.008,1,38,False,1319.6627
7644,712.90356,99906.23,1,19,False,1568.3878
7645,946.10065,121309.484,1,32,False,2081.4214
7646,736.34753,70371.125,1,33,False,1619.9646
7647,635.53424,43151.684,1,35,False,1398.1754
7648,1799.7214,221687.95,1,37,False,3959.3872
7649,591.2755,57643.207,1,22,False,1300.8062
7650,1716.4202,51246.73,1,54,False,3776.1245
7651,991.6107,145104.08,1,30,False,2181.5437
7652,669.03485,73146.48,1,27,False,1471.8767
7653,977.1156,106047.51,1,35,False,2149.6543
7654,1708.3033,116466.17,1,44,False,3758.2673
7655,568.47205,37115.91,1,32,False,1250.6385
7656,1806.1749,205656.73,1,38,False,3973.585
7657,510.078,6974.9624,1,49,False,1122.1716
7658,453.50244,10260.458,1,34,False,997.7054
7659,1026.9849,29016.113,1,52,False,2259.3667
7660,1239.0392,35635.223,1,53,False,2725.8862
7661,856.861,66828.04,1,38,False,1885.0942
7662,510.84036,28802.648,1,28,False,1123.8489
7663,574.1061,49525.53,1,25,False,1263.0334
7664,544.00604,42432.258,1,23,False,1196.8134
7665,7399.7373,248537.83,1,55,False,16279.423
7666,744.40765,26259.885,1,46,False,1637.6969
7667,455.1749,13008.297,1,30,False,1001.38477
7668,2879.0747,122391.29,1,51,False,6333.9644
7669,500.51923,28243.342,1,25,False,1101.1423
7670,560.2581,46464.676,1,24,False,1232.5679
7671,497.27118,29817.117,1,20,False,1093.9966
7672,1187.9076,90176.055,1,41,False,2613.3967
7673,676.7457,16653.217,1,49,False,1488.8406
7674,419.95383,5326.3677,1,20,False,923.89844
7675,3029.1492,140976.9,1,50,False,6664.1284
7676,1278.6383,60946.695,1,47,False,2813.0044
7677,820.576,117935.58,1,26,False,1805.2672
7678,2753.499,137248.42,1,49,False,6057.6978
7679,608.4583,24019.117,1,41,False,1338.6083
7680,593.8101,52486.45,1,27,False,1306.3823
7681,661.8892,74913.48,1,25,False,1456.1564
7682,689.79877,45850.65,1,37,False,1517.5574
7683,526.1065,38950.906,1,20,False,1157.4343
7684,1005.28455,42144.41,1,47,False,2211.626
7685,1281.9939,118968.33,1,39,False,2820.3867
7686,700.8792,40642.457,1,39,False,1541.9343
7687,2032.5466,80818.555,1,51,False,4471.6025
7688,622.3086,65992.24,1,23,False,1369.079
7689,938.4694,23119.504,1,53,False,2064.6328
7690,600.55054,63662.684,1,19,False,1321.2112
7691,499.73074,14600.943,1,38,False,1099.4077
7692,695.5721,68935.38,1,31,False,1530.2587
7693,1220.7087,101994.28,1,40,False,2685.5593
7694,1238.4215,122627.86,1,38,False,2724.5273
7695,943.5976,23333.053,1,53,False,2075.9148
7696,998.37946,32560.496,1,50,False,2196.4348
7697,597.7441,62757.316,1,19,False,1315.037
7698,535.64075,34167.78,1,29,False,1178.4097
7699,680.8371,10685.86,1,55,False,1497.8417
7700,826.6264,32416.443,1,46,False,1818.5781
7701,718.57385,62563.64,1,34,False,1580.8625
7702,3441.431,117453.87,1,54,False,7571.148
7703,1128.3904,193135.08,1,28,False,2482.459
7704,649.83575,55256.24,1,32,False,1429.6387
7705,2125.2766,78666.59,1,52,False,4675.609
7706,914.49225,107840.164,1,33,False,2011.8829
7707,482.99463,9694.662,1,41,False,1062.5883
7708,837.3696,22123.715,1,51,False,1842.2133
7709,614.0029,54275.492,1,29,False,1350.8065
7710,1797.8119,173604.36,1,40,False,3955.1863
7711,2716.5415,82750.625,1,55,False,5976.3916
7712,615.5966,65090.766,1,22,False,1354.3126
7713,998.23676,41659.664,1,47,False,2196.1208
7714,1014.24207,70348.28,1,41,False,2231.3325
7715,558.7488,31027.395,1,34,False,1229.2473
7716,1079.2975,26793.508,1,54,False,2374.4546
7717,612.4408,28722.287,1,39,False,1347.3698
7718,908.08734,146117.08,1,25,False,1997.7922
7719,1100.134,25529.16,1,55,False,2420.295
7720,574.56287,36342.99,1,33,False,1264.0383
7721,940.0653,72881.29,1,39,False,2068.1438
7722,481.20026,24726.49,1,20,False,1058.6406
7723,1070.9806,59916.633,1,44,False,2356.1575
7724,809.4826,59899.39,1,38,False,1780.8618
7725,546.02094,30339.78,1,33,False,1201.2461
7726,726.33813,40650.0,1,40,False,1597.944
7727,947.69824,23503.797,1,53,False,2084.9363
7728,896.6162,151144.42,1,22,False,1972.5557
7729,651.8635,61442.273,1,30,False,1434.0997
7730,793.2441,21608.97,1,50,False,1745.137
7731,1132.4531,55316.844,1,46,False,2491.397
7732,635.27405,57357.2,1,30,False,1397.6029
7733,568.9503,8309.764,1,52,False,1251.6907
7734,2703.5908,146112.7,1,48,False,5947.9
7735,971.44415,22654.002,1,54,False,2137.1772
7736,1535.0565,266185.84,1,31,False,3377.1245
7737,696.0435,94467.48,1,19,False,1531.2958
7738,870.7279,20298.748,1,53,False,1915.6014
7739,1394.3533,38885.543,1,54,False,3067.5771
7740,899.0745,104597.28,1,33,False,1977.964
7741,528.9559,41339.598,1,18,False,1163.703
7742,869.96625,128331.0,1,27,False,1913.9258
7743,541.68024,37009.254,1,28,False,1191.6965
7744,696.74066,46950.36,1,37,False,1532.8295
7745,792.0313,106926.64,1,27,False,1742.4689
7746,1168.9272,81023.22,1,42,False,2571.64
7747,739.3332,23851.355,1,47,False,1626.5331
7748,1193.1638,70757.91,1,44,False,2624.9604
7749,583.6155,57167.27,1,20,False,1283.9541
7750,496.44507,24110.23,1,29,False,1092.1792
7751,721.6096,16438.75,1,51,False,1587.5411
7752,463.1322,10664.453,1,36,False,1018.89087
7753,589.6073,39507.23,1,33,False,1297.1361
7754,702.6448,47885.74,1,37,False,1545.8185
7755,635.27673,74864.92,1,19,False,1397.6089
7756,778.13025,96390.33,1,29,False,1711.8866
7757,548.16614,35907.133,1,30,False,1205.9656
7758,655.26733,46785.152,1,35,False,1441.5881
7759,486.11633,27249.771,1,18,False,1069.4559
7760,673.21826,53614.188,1,34,False,1481.0802
7761,1430.6641,108508.66,1,42,False,3147.461
7762,659.52924,54213.9,1,33,False,1450.9644
7763,817.1462,126809.164,1,22,False,1797.7217
7764,857.855,107066.305,1,31,False,1887.281
7765,1027.9039,160481.92,1,29,False,2261.3887
7766,594.5767,55445.965,1,25,False,1308.0688
7767,548.4757,32657.64,1,32,False,1206.6466
7768,919.1684,82188.04,1,37,False,2022.1705
7769,849.9085,37103.1,1,45,False,1869.7987
7770,2158.0984,80150.36,1,52,False,4747.8164
7771,517.1501,29423.107,1,29,False,1137.7302
7772,484.50143,25772.25,1,20,False,1065.9032
7773,1174.0563,132314.25,1,36,False,2582.9238
7774,507.51846,22241.578,1,33,False,1116.5406
7775,786.4827,113275.31,1,24,False,1730.2621
7776,1374.9746,79905.75,1,45,False,3024.944
7777,1176.4507,53917.82,1,47,False,2588.1917
7778,610.8653,11000.13,1,51,False,1343.9037
7779,902.23944,164112.19,1,18,False,1984.9268
7780,529.7236,23668.646,1,35,False,1165.3918
7781,1262.5323,107183.88,1,40,False,2777.5713
7782,810.81604,28768.193,1,47,False,1783.7953
7783,818.2878,26979.908,1,48,False,1800.2332
7784,1441.922,85363.266,1,45,False,3172.2285
7785,818.9391,76922.24,1,35,False,1801.666
7786,621.1614,20004.254,1,44,False,1366.555
7787,3876.1013,157816.08,1,52,False,8527.423
7788,541.50183,42401.617,1,22,False,1191.3041
7789,1378.138,52834.582,1,50,False,3031.9036
7790,534.00635,39423.453,1,23,False,1174.814
7791,470.61063,20693.34,1,22,False,1035.3434
7792,968.7026,90035.37,1,37,False,2131.1458
7793,798.25964,63033.324,1,37,False,1756.1713
7794,628.06445,26257.592,1,41,False,1381.7418
7795,907.7075,106413.2,1,33,False,1996.9565
7796,568.0673,52242.3,1,20,False,1249.7482
7797,576.60333,53150.348,1,22,False,1268.5273
7798,4604.114,207107.5,1,51,False,10129.051
7799,454.51096,13813.18,1,28,False,999.92413
7800,444.822,13668.035,1,18,False,978.6084
7801,462.2934,16366.212,1,27,False,1017.0455
7802,1641.2631,66881.984,1,50,False,3610.7788
7803,580.14355,37516.773,1,33,False,1276.3158
7804,748.2573,39980.26,1,41,False,1646.1661
7805,734.5974,23525.615,1,47,False,1616.1144
7806,990.54346,189468.73,1,19,False,2179.1956
7807,2094.7156,247853.39,1,38,False,4608.3745
7808,715.3111,102631.68,1,18,False,1573.6844
7809,610.2445,14972.189,1,47,False,1342.538
7810,515.54626,33869.184,1,23,False,1134.2018
7811,1012.2244,96930.27,1,37,False,2226.8938
7812,583.7344,48200.023,1,28,False,1284.2157
7813,1299.3906,102904.3,1,41,False,2858.6594
7814,853.90814,135676.77,1,23,False,1878.5979
7815,1494.9667,229931.08,1,33,False,3288.9268
7816,1094.3542,29610.555,1,53,False,2407.5793
7817,1308.8591,53359.44,1,49,False,2879.4902
7818,660.07404,35142.54,1,39,False,1452.163
7819,501.0691,10088.511,1,43,False,1102.352
7820,775.19867,87644.88,1,31,False,1705.4371
7821,646.4672,78474.71,1,19,False,1422.2279
7822,576.511,32283.688,1,35,False,1268.3242
7823,565.5615,13923.508,1,45,False,1244.2354
7824,587.8602,36771.547,1,34,False,1293.2925
7825,1121.9581,89740.695,1,40,False,2468.3079
7826,906.8164,145749.48,1,25,False,1994.9961
7827,505.65237,28274.492,1,27,False,1112.4353
7828,1652.8624,121289.48,1,43,False,3636.2974
7829,658.23065,82269.445,1,19,False,1448.1074
7830,1588.3506,69589.266,1,49,False,3494.3713
7831,512.5106,17764.13,1,37,False,1127.5234
7832,639.3423,18392.566,1,46,False,1406.5531
7833,766.5473,25723.225,1,47,False,1686.404
7834,1109.8176,38509.81,1,50,False,2441.5989
7835,1843.8118,211160.78,1,38,False,4056.386
7836,939.86285,29436.486,1,50,False,2067.6982
7837,700.6486,92668.086,1,21,False,1541.427
7838,517.5571,34474.242,1,23,False,1138.6257
7839,1290.0183,72980.25,1,45,False,2838.0403
7840,627.8133,47543.168,1,33,False,1381.1893
7841,764.0063,57606.85,1,37,False,1680.8138
7842,664.3825,67202.8,1,29,False,1461.6416
7843,527.7845,40954.312,1,18,False,1161.1259
7844,612.33453,67464.01,1,19,False,1347.136
7845,4169.229,134176.44,1,55,False,9172.304
7846,499.6769,27350.387,1,26,False,1099.2892
7847,4026.2979,129116.57,1,55,False,8857.855
7848,546.0531,40441.668,1,26,False,1201.3169
7849,1143.5446,37159.86,1,51,False,2515.798
7850,731.4315,87502.77,1,28,False,1609.1494
7851,594.3768,38057.402,1,34,False,1307.6289
7852,676.8854,64544.727,1,31,False,1489.1478
7853,670.64905,59896.695,1,32,False,1475.428
7854,432.47098,9442.618,1,19,False,951.43616
7855,656.96606,69831.914,1,27,False,1445.3253
7856,762.3595,15786.287,1,53,False,1677.1909
7857,656.853,16778.826,1,48,False,1445.0767
7858,1452.1458,67033.6,1,48,False,3194.7207
7859,1827.1688,76806.93,1,50,False,4019.7715
7860,1113.2461,131113.39,1,35,False,2449.1414
7861,613.2208,20916.303,1,43,False,1349.0858
7862,519.7904,27632.7,1,31,False,1143.539
7863,982.9741,72494.86,1,40,False,2162.5432
7864,1471.7584,133145.83,1,40,False,3237.8687
7865,952.6286,58309.37,1,42,False,2095.783
7866,698.61383,24769.768,1,45,False,1536.9504
7867,938.88495,166860.25,1,21,False,2065.5469
7868,753.10333,40533.54,1,41,False,1656.8274
7869,532.0236,41556.855,1,19,False,1170.452
7870,605.42444,15852.783,1,46,False,1331.9338
7871,727.6209,89236.766,1,27,False,1600.766
7872,720.6594,98899.83,1,21,False,1585.4508
7873,965.73193,28427.535,1,51,False,2124.6104
7874,1787.7062,202955.89,1,38,False,3932.9536
7875,500.102,31259.404,1,19,False,1100.2244
7876,1063.2257,82452.85,1,40,False,2339.0967
7877,588.5645,59796.215,1,19,False,1294.8419
7878,441.02896,9890.533,1,29,False,970.26373
7879,1133.0684,77257.64,1,42,False,2492.7505
7880,1206.0731,71903.34,1,44,False,2653.3608
7881,556.233,12169.306,1,46,False,1223.7125
7882,1002.9051,169404.55,1,26,False,2206.3914
7883,642.73236,72137.484,1,23,False,1414.0112
7884,975.7451,134766.53,1,31,False,2146.6394
7885,441.78354,12668.736,1,18,False,971.9238
7886,533.8025,36005.695,1,27,False,1174.3655
7887,809.04626,128574.055,1,20,False,1779.9019
7888,456.18655,14259.023,1,28,False,1003.6104
7889,720.9305,36860.293,1,41,False,1586.0471
7890,712.44617,69215.46,1,32,False,1567.3816
7891,437.81223,10983.111,1,20,False,963.1869
7892,460.72028,17372.895,1,23,False,1013.58466
7893,1353.9156,151062.0,1,37,False,2978.6145
7894,758.54297,52449.914,1,38,False,1668.7946
7895,2789.324,128173.28,1,50,False,6136.5127
7896,2012.8896,57841.094,1,55,False,4428.3574
7897,4415.1587,356644.75,1,44,False,9713.35
7898,648.43835,71023.36,1,25,False,1426.5645
7899,1511.5358,138081.78,1,40,False,3325.3787
7900,989.5897,41064.906,1,47,False,2177.0974
7901,1009.561,59181.363,1,43,False,2221.0342
7902,685.8524,83556.21,1,24,False,1508.8754
7903,693.3786,95418.086,1,18,False,1525.433
7904,558.70734,48464.438,1,21,False,1229.1561
7905,605.843,50109.895,1,30,False,1332.8546
7906,630.4042,74705.88,1,18,False,1386.8892
7907,1169.9542,74666.65,1,43,False,2573.8994
7908,520.7728,22020.555,1,35,False,1145.7002
7909,750.62616,59859.008,1,36,False,1651.3776
7910,1502.907,64627.637,1,49,False,3306.3955
7911,525.52814,22896.143,1,35,False,1156.162
7912,734.49896,103209.87,1,21,False,1615.8977
7913,630.198,69562.016,1,22,False,1386.4357
7914,1475.2936,322641.72,1,23,False,3245.646
7915,1384.0332,48970.21,1,51,False,3044.873
7916,3129.802,124078.18,1,52,False,6885.5645
7917,658.76996,76962.9,1,23,False,1449.294
7918,3773.7034,232566.12,1,47,False,8302.147
7919,570.079,23012.52,1,39,False,1254.1738
7920,1071.9094,33641.883,1,51,False,2358.2007
7921,488.82236,23652.22,1,27,False,1075.4092
7922,573.75507,46978.445,1,27,False,1262.2612
7923,493.19653,20332.967,1,32,False,1085.0323
7924,537.8113,14748.714,1,42,False,1183.1848
7925,457.64932,9072.83,1,37,False,1006.82855
7926,463.2956,8619.675,1,39,False,1019.2503
7927,860.2697,84532.52,1,35,False,1892.5934
7928,657.0309,34732.38,1,39,False,1445.468
7929,475.1057,18634.623,1,29,False,1045.2325
7930,561.4523,29510.889,1,35,False,1235.1951
7931,1235.1732,32776.133,1,54,False,2717.381
7932,635.96094,23111.79,1,43,False,1399.1141
7933,3771.9436,180632.28,1,50,False,8298.276
7934,2300.0886,155319.78,1,45,False,5060.1953
7935,5023.7324,178183.67,1,54,False,11052.212
7936,1469.4058,57707.094,1,50,False,3232.6926
7937,646.3543,62576.8,1,29,False,1421.9795
7938,551.8388,29663.928,1,34,False,1214.0454
7939,501.4335,25390.271,1,29,False,1103.1537
7940,557.9527,50876.62,1,18,False,1227.496
7941,669.1473,84260.05,1,20,False,1472.124
7942,4055.3044,130143.48,1,55,False,8921.67
7943,524.0032,32305.312,1,28,False,1152.807
7944,659.4077,18353.787,1,47,False,1450.697
7945,2919.8015,89946.13,1,55,False,6423.5635
7946,446.47827,11675.682,1,28,False,982.2522
7947,664.3409,48455.92,1,35,False,1461.5499
7948,1573.068,53702.883,1,52,False,3460.7498
7949,523.62994,36928.84,1,22,False,1151.986
7950,480.06165,14524.355,1,35,False,1056.1356
7951,676.23035,37320.18,1,39,False,1487.7068
7952,979.9686,186057.72,1,19,False,2155.931
7953,1892.0432,80270.35,1,50,False,4162.495
7954,3186.6016,126645.86,1,52,False,7010.5234
7955,468.154,18882.99,1,25,False,1029.9388
7956,1636.1104,61349.645,1,51,False,3599.4429
7957,1172.7233,53661.473,1,47,False,2579.9912
7958,1328.4875,54499.273,1,49,False,2922.6726
7959,1081.2548,77999.29,1,41,False,2378.7605
7960,580.73303,56254.22,1,20,False,1277.6127
7961,750.1212,19306.77,1,50,False,1650.2667
7962,815.37946,81665.06,1,34,False,1793.8348
7963,749.8718,97976.77,1,26,False,1649.718
7964,2481.4827,143682.53,1,47,False,5459.262
7965,2746.9243,148850.92,1,48,False,6043.2334
7966,713.7139,73198.1,1,31,False,1570.1707
7967,683.929,20040.46,1,47,False,1504.6439
7968,451.86957,14709.829,1,23,False,994.1131
7969,1169.4542,41693.62,1,50,False,2572.7993
7970,967.8109,104334.26,1,35,False,2129.184
7971,846.45056,99092.234,1,32,False,1862.1913
7972,599.67426,62253.977,1,20,False,1319.2834
7973,599.54425,48558.81,1,30,False,1318.9974
7974,6355.434,229295.4,1,54,False,13981.955
7975,778.05054,79142.38,1,33,False,1711.7112
7976,577.8274,46628.156,1,28,False,1271.2203
7977,503.94775,29834.64,1,24,False,1108.685
7978,475.89755,22312.314,1,22,False,1046.9746
7979,489.95453,20622.275,1,31,False,1077.9
7980,497.15567,22314.312,1,31,False,1093.7426
7981,1382.0022,62601.215,1,48,False,3040.4048
7982,866.6669,49282.414,1,42,False,1906.6671
7983,610.4036,38524.375,1,35,False,1342.8881
7984,722.05914,90125.695,1,26,False,1588.5302
7985,4370.542,212589.47,1,50,False,9615.192
7986,576.8352,25876.766,1,38,False,1269.0375
7987,532.76135,29154.06,1,32,False,1172.075
7988,447.26624,8485.688,1,35,False,983.9857
7989,686.91956,48957.78,1,36,False,1511.223
7990,708.60614,45147.12,1,38,False,1558.9336
7991,2644.3188,102130.89,1,52,False,5817.5015
7992,1129.4977,46645.332,1,48,False,2484.895
7993,810.84753,31234.885,1,46,False,1783.8646
7994,596.85364,58333.21,1,23,False,1313.078
7995,645.2297,78075.61,1,19,False,1419.5054
7996,550.17975,13706.083,1,44,False,1210.3955
7997,1656.7545,111892.19,1,44,False,3644.86
7998,2138.8518,142175.94,1,45,False,4705.474
7999,1617.4227,77477.47,1,48,False,3558.33
8000,476.58774,23674.037,1,19,False,1048.493
8001,596.726,38520.934,1,34,False,1312.7972
8002,3234.4277,128807.96,1,52,False,7115.741
8003,491.57767,22861.318,1,29,False,1081.471
8004,850.1909,82676.71,1,35,False,1870.42
8005,893.8493,48009.812,1,43,False,1966.4685
8006,938.6021,56836.438,1,42,False,2064.9248
8007,511.22815,25620.834,1,31,False,1124.7019
8008,1263.6521,65141.02,1,46,False,2780.0347
8009,788.6766,61515.156,1,37,False,1735.0885
8010,494.73077,14947.382,1,37,False,1088.4077
8011,834.463,49822.56,1,41,False,1835.8187
8012,656.48737,81707.086,1,19,False,1444.2722
8013,600.69916,36737.44,1,35,False,1321.5382
8014,459.8811,7055.7197,1,41,False,1011.73846
8015,667.366,45611.945,1,36,False,1468.2053
8016,1701.1638,161611.83,1,40,False,3742.5605
8017,1370.1534,37956.754,1,54,False,3014.3376
8018,973.6083,156795.73,1,27,False,2141.9382
8019,493.1264,26105.264,1,25,False,1084.878
8020,585.4547,19751.836,1,42,False,1288.0004
8021,800.048,49796.31,1,40,False,1760.1056
8022,518.13324,25892.68,1,32,False,1139.8932
8023,781.2488,65099.0,1,36,False,1718.7473
8024,518.2478,37112.965,1,19,False,1140.1451
8025,1426.6055,162577.8,1,37,False,3138.532
8026,731.7747,35117.13,1,42,False,1609.9044
8027,1673.3861,53721.46,1,53,False,3681.4495
8028,2027.4299,80567.195,1,51,False,4460.3457
8029,1828.7458,107455.4,1,46,False,4023.241
8030,3447.742,163324.2,1,50,False,7585.032
8031,611.4956,41435.266,1,34,False,1345.2904
8032,585.6099,36327.555,1,34,False,1288.3419
8033,642.9609,10814.52,1,53,False,1414.5139
8034,1699.1848,256054.98,1,34,False,3738.2068
8035,1447.4893,66739.32,1,48,False,3184.4763
8036,2097.4773,91237.81,1,50,False,4614.45
8037,1351.4979,77991.984,1,45,False,2973.2954
8038,623.58636,52021.18,1,31,False,1371.89
8039,977.69116,66175.16,1,41,False,2150.9207
8040,500.41895,31953.861,1,18,False,1100.9218
8041,1253.704,39265.414,1,52,False,2758.149
8042,944.71246,23379.473,1,53,False,2078.3674
8043,4909.122,173784.88,1,54,False,10800.068
8044,1355.9103,78351.71,1,45,False,2983.0027
8045,1556.9862,242975.61,1,33,False,3425.3696
8046,9246.595,313917.3,1,55,False,20342.51
8047,503.0153,16259.836,1,37,False,1106.6337
8048,815.861,109969.79,1,28,False,1794.8943
8049,457.26132,16871.943,1,21,False,1005.9749
8050,1467.8684,57625.027,1,50,False,3229.3105
8051,707.5584,64315.88,1,33,False,1556.6285
8052,521.983,17855.115,1,38,False,1148.3625
8053,490.63785,27715.957,1,20,False,1079.4033
8054,645.5868,66706.62,1,27,False,1420.291
8055,713.85803,57573.566,1,35,False,1570.4877
8056,473.03015,22138.668,1,20,False,1040.6664
8057,490.23834,28605.475,1,18,False,1078.5244
8058,720.5516,15163.189,1,52,False,1585.2135
8059,472.247,19099.92,1,27,False,1038.9435
8060,531.3055,37147.137,1,25,False,1168.8721
8061,896.11804,110165.69,1,32,False,1971.4597
8062,808.2049,121925.41,1,23,False,1778.0508
8063,3053.7349,216756.02,1,45,False,6718.217
8064,616.72284,70206.04,1,18,False,1356.7903
8065,767.2971,58128.117,1,37,False,1688.0537
8066,1104.9238,74302.164,1,42,False,2430.8325
8067,643.8232,73734.28,1,22,False,1416.411
8068,766.5297,13719.417,1,55,False,1686.3655
8069,1322.5038,226585.36,1,30,False,2909.5083
8070,484.71667,10668.248,1,40,False,1066.3767
8071,1191.5553,125340.36,1,37,False,2621.4216
8072,820.28235,52307.125,1,40,False,1804.6212
8073,722.29535,20914.135,1,48,False,1589.0498
8074,1944.3489,76487.13,1,51,False,4277.5674
8075,568.3386,45490.89,1,27,False,1250.345
8076,888.71765,28962.23,1,49,False,1955.1788
8077,460.11328,16557.527,1,25,False,1012.24927
8078,485.2576,15481.06,1,35,False,1067.5668
8079,609.6133,30670.275,1,38,False,1341.1493
8080,545.45953,36687.367,1,29,False,1200.011
8081,773.4343,18983.857,1,51,False,1701.5555
8082,1027.2919,51563.14,1,45,False,2260.0422
8083,655.73846,21274.604,1,45,False,1442.6246
8084,628.7751,66699.64,1,24,False,1383.3052
8085,833.0617,133904.45,1,21,False,1832.7358
8086,605.4606,63024.434,1,21,False,1332.0133
8087,636.57587,46384.027,1,34,False,1400.4669
8088,504.23685,32593.256,1,19,False,1109.321
8089,1911.4775,158999.64,1,42,False,4205.2505
8090,538.34894,42828.785,1,20,False,1184.3677
8091,4527.0674,366574.6,1,44,False,9959.549
8092,814.40924,19406.234,1,52,False,1791.7003
8093,684.7984,63051.31,1,32,False,1506.5565
8094,951.2056,154810.52,1,26,False,2092.6523
8095,495.52072,28786.713,1,21,False,1090.1456
8096,587.658,41393.484,1,32,False,1292.8477
8097,1495.6318,82511.71,1,46,False,3290.3901
8098,866.1914,68192.54,1,38,False,1905.6211
8099,720.07886,78240.09,1,30,False,1584.1735
8100,895.4655,126498.414,1,29,False,1970.0242
8101,899.68994,37887.44,1,46,False,1979.3179
8102,1780.642,157849.77,1,41,False,3917.4124
8103,445.68896,12629.193,1,24,False,980.51575
8104,2428.7183,118388.67,1,49,False,5343.18
8105,2545.7458,125184.36,1,49,False,5600.641
8106,485.07928,26908.621,1,18,False,1067.1744
8107,659.7509,15666.334,1,49,False,1451.452
8108,1105.0548,41524.727,1,49,False,2431.1206
8109,1242.0039,69066.2,1,45,False,2732.4087
8110,1301.6506,38242.36,1,53,False,2863.6313
8111,1108.7812,74707.22,1,42,False,2439.3188
8112,1359.1912,235619.45,1,30,False,2990.2207
8113,506.30573,16781.104,1,37,False,1113.8726
8114,451.56226,10472.3545,1,33,False,993.437
8115,1139.9133,47303.527,1,48,False,2507.8093
8116,1027.0082,29017.182,1,52,False,2259.418
8117,547.0934,34047.992,1,31,False,1203.6055
8118,845.46,137765.58,1,21,False,1860.0121
8119,666.1323,45400.81,1,36,False,1465.4911
8120,554.643,48853.53,1,19,False,1220.2146
8121,622.91187,35254.21,1,37,False,1370.4061
8122,574.5,48471.793,1,26,False,1263.9
8123,1549.4567,61980.77,1,50,False,3408.8047
8124,2920.6414,463911.38,1,35,False,6425.411
8125,902.71985,62536.414,1,40,False,1985.9838
8126,810.0725,126745.25,1,21,False,1782.1595
8127,1168.8284,58040.594,1,46,False,2571.4224
8128,440.96027,9872.879,1,29,False,970.1126
8129,753.70715,31765.016,1,44,False,1658.1558
8130,618.9641,62499.062,1,25,False,1361.7211
8131,1179.2599,89188.73,1,41,False,2594.3718
8132,642.58575,59157.65,1,30,False,1413.6887
8133,1675.5436,104407.77,1,45,False,3686.196
8134,459.32007,15549.604,1,27,False,1010.50415
8135,935.07794,51990.29,1,43,False,2057.1716
8136,883.76733,144661.05,1,23,False,1944.2882
8137,500.0036,22983.465,1,31,False,1100.0079
8138,3574.1355,122547.19,1,54,False,7863.098
8139,2414.853,117583.53,1,49,False,5312.677
8140,472.4465,18585.9,1,28,False,1039.3823
8141,885.4363,65518.062,1,39,False,1947.9598
8142,575.8827,56773.758,1,18,False,1266.9419
8143,973.5827,43420.55,1,46,False,2141.882
8144,453.82632,14739.215,1,25,False,998.4179
8145,583.7002,40511.066,1,32,False,1284.1405
8146,555.42633,44123.227,1,25,False,1221.938
8147,444.99884,12850.49,1,22,False,978.9975
8148,490.6992,17600.049,1,34,False,1079.5382
8149,738.8429,23817.645,1,47,False,1625.4543
8150,733.38995,21615.22,1,48,False,1613.4579
8151,604.42487,64912.44,1,19,False,1329.7347
8152,718.47406,103671.93,1,18,False,1580.643
8153,835.2583,39001.047,1,44,False,1837.5684
8154,1031.045,92300.97,1,38,False,2268.299
8155,1262.0725,107126.87,1,40,False,2776.5596
8156,1504.8134,46702.08,1,53,False,3310.5894
8157,1400.0953,69300.91,1,47,False,3080.2097
8158,645.19904,41818.836,1,36,False,1419.4379
8159,607.4986,20363.809,1,43,False,1336.497
8160,826.7049,27511.812,1,48,False,1818.7509
8161,1068.8568,64906.094,1,43,False,2351.485
8162,1388.8485,45374.914,1,52,False,3055.4668
8163,1500.9587,90175.83,1,45,False,3302.1094
8164,454.3089,11050.032,1,33,False,999.4796
8165,446.77203,13393.449,1,22,False,982.8985
8166,476.12076,14723.475,1,34,False,1047.4657
8167,734.68304,57130.926,1,36,False,1616.3027
8168,675.86884,16602.29,1,49,False,1486.9115
8169,626.20905,64594.312,1,25,False,1377.6599
8170,2246.4976,91325.58,1,51,False,4942.295
8171,1998.8796,168177.98,1,42,False,4397.535
8172,963.31476,153968.66,1,27,False,2119.2925
8173,670.33594,28665.299,1,42,False,1474.7391
8174,532.76434,13148.564,1,43,False,1172.0815
8175,496.6897,30158.578,1,19,False,1092.7174
8176,1039.1742,109233.914,1,36,False,2286.1833
8177,1262.4039,36608.152,1,53,False,2777.2888
8178,621.9391,49036.58,1,32,False,1368.266
8179,728.20807,32017.877,1,43,False,1602.0577
8180,1196.5488,177147.94,1,32,False,2632.4075
8181,486.05838,22208.041,1,28,False,1069.3285
8182,652.5372,52743.23,1,33,False,1435.5818
8183,786.2152,121342.1,1,20,False,1729.6735
8184,2156.9429,218167.39,1,40,False,4745.2744
8185,492.10425,28679.465,1,19,False,1082.6294
8186,807.8651,107842.055,1,28,False,1777.3033
8187,537.2319,30150.787,1,32,False,1181.9102
8188,2772.5156,150468.06,1,48,False,6099.5347
8189,2145.0642,199456.6,1,41,False,4719.1416
8190,779.69196,24541.047,1,48,False,1715.3224
8191,976.57153,84334.734,1,38,False,2148.4575
8192,948.449,121833.12,1,32,False,2086.588
8193,1070.3975,39512.184,1,49,False,2354.8745
8194,717.0475,77493.54,1,30,False,1577.5045
8195,689.04,80804.836,1,26,False,1515.888
8196,5468.78,249570.92,1,51,False,12031.315
8197,461.18796,10331.749,1,36,False,1014.6135
8198,784.0624,47812.742,1,40,False,1724.9373
8199,516.46295,18390.244,1,37,False,1136.2185
8200,696.2534,50554.98,1,36,False,1531.7576
8201,497.47455,26728.666,1,26,False,1094.444
8202,1287.115,40775.82,1,52,False,2831.653
8203,1028.5615,24846.207,1,54,False,2262.8354
8204,787.04,56617.434,1,38,False,1731.488
8205,1726.1938,118053.55,1,44,False,3797.6265
8206,634.6141,37108.098,1,37,False,1396.151
8207,959.1147,157043.17,1,26,False,2110.0522
8208,1254.4802,115259.77,1,39,False,2759.8564
8209,2006.8015,254494.25,1,37,False,4414.9634
8210,1586.5522,69484.84,1,49,False,3490.415
8211,978.6023,47594.05,1,45,False,2152.925
8212,448.9716,14067.022,1,22,False,987.7375
8213,814.70776,26753.715,1,48,False,1792.3572
8214,552.7733,42338.66,1,26,False,1216.1013
8215,1501.0391,46544.9,1,53,False,3302.286
8216,1795.3268,327340.5,1,31,False,3949.719
8217,539.13776,42370.043,1,21,False,1186.1031
8218,675.0362,12150.136,1,53,False,1485.0797
8219,1737.8522,85087.43,1,48,False,3823.275
8220,1237.8827,81224.88,1,43,False,2723.342
8221,520.20374,34635.504,1,24,False,1144.4482
8222,3237.5303,274282.72,1,43,False,7122.567
8223,437.7557,10965.195,1,20,False,963.06256
8224,1047.6879,135855.08,1,33,False,2304.9133
8225,590.10767,39612.535,1,33,False,1298.2369
8226,862.8594,23375.508,1,51,False,1898.2906
8227,1854.1272,341156.6,1,31,False,4079.0798
8228,1411.6194,90141.48,1,44,False,3105.5627
8229,589.0047,39380.55,1,33,False,1295.8104
8230,1114.2301,38745.402,1,50,False,2451.3064
8231,1763.7866,62324.715,1,52,False,3880.3306
8232,938.11035,34551.543,1,48,False,2063.8428
8233,857.1835,141416.56,1,21,False,1885.8037
8234,572.459,53633.363,1,20,False,1259.4098
8235,765.4597,112851.7,1,21,False,1684.0114
8236,959.67,59048.793,1,42,False,2111.274
8237,2603.2092,100272.45,1,52,False,5727.0605
8238,899.6814,146706.03,1,24,False,1979.2991
8239,1944.9347,191860.17,1,40,False,4278.8564
8240,1102.551,74052.945,1,42,False,2425.6123
8241,528.1906,24997.738,1,34,False,1162.0194
8242,929.0188,43552.066,1,45,False,2043.8414
8243,1305.662,48965.34,1,50,False,2872.4565
8244,561.6987,31609.443,1,34,False,1235.7372
8245,1101.8107,27657.574,1,54,False,2423.9836
8246,659.858,57490.715,1,32,False,1451.6876
8247,478.6529,22768.475,1,23,False,1053.0364
8248,675.98334,19493.92,1,47,False,1487.1633
8249,445.82224,12890.29,1,23,False,980.80896
8250,651.55414,73427.05,1,24,False,1433.4192
8251,1960.9336,65694.91,1,53,False,4314.054
8252,574.9608,38562.59,1,32,False,1264.9138
8253,1872.9413,110764.69,1,46,False,4120.4707
8254,493.6712,22487.857,1,30,False,1086.0767
8255,2011.7479,67810.85,1,53,False,4425.8457
8256,1289.1361,52214.16,1,49,False,2836.0996
8257,1047.1732,27645.936,1,53,False,2303.7812
8258,507.7193,33716.56,1,19,False,1116.9824
8259,853.4901,31703.473,1,47,False,1877.6783
8260,610.16925,61204.836,1,24,False,1342.3724
8261,2649.576,80380.055,1,55,False,5829.0674
8262,594.2441,35548.855,1,35,False,1307.337
8263,645.8237,28285.219,1,41,False,1420.8123
8264,974.5535,55801.496,1,43,False,2144.0178
8265,456.514,13338.066,1,30,False,1004.3308
8266,724.7854,51393.36,1,37,False,1594.528
8267,3151.4973,174416.03,1,48,False,6933.2944
8268,966.59735,28470.043,1,51,False,2126.5142
8269,1512.0653,43403.45,1,54,False,3326.5437
8270,3584.7397,113485.195,1,55,False,7886.4277
8271,712.5718,91447.195,1,24,False,1567.658
8272,600.0279,52535.77,1,28,False,1320.0614
8273,1440.5647,47712.824,1,52,False,3169.2424
8274,685.7957,18607.727,1,48,False,1508.7506
8275,1775.8126,74065.164,1,50,False,3906.7878
8276,536.308,17070.008,1,40,False,1179.8776
8277,649.652,9581.893,1,55,False,1429.2344
8278,756.7244,112000.734,1,20,False,1664.7938
8279,638.4799,68143.24,1,25,False,1404.6559
8280,991.4635,101069.82,1,36,False,2181.2197
8281,998.71967,27738.332,1,52,False,2197.1833
8282,1214.0471,72610.836,1,44,False,2670.9038
8283,522.0821,35190.24,1,24,False,1148.5807
8284,1466.0709,38483.473,1,55,False,3225.3562
8285,2115.719,108964.95,1,48,False,4654.582
8286,895.5809,44353.426,1,44,False,1970.278
8287,501.90152,28643.152,1,25,False,1104.1833
8288,459.7112,16770.28,1,24,False,1011.3647
8289,1213.2803,66724.66,1,45,False,2669.2166
8290,784.1322,116699.695,1,22,False,1725.091
8291,597.6069,26722.885,1,39,False,1314.7351
8292,754.6992,86765.25,1,30,False,1660.3383
8293,502.2822,23518.799,1,31,False,1105.0209
8294,711.24396,91055.1,1,24,False,1564.7367
8295,928.2808,51334.066,1,43,False,2042.2179
8296,791.4074,61947.79,1,37,False,1741.0963
8297,499.8339,28619.684,1,24,False,1099.6346
8298,638.5681,66557.33,1,26,False,1404.8499
8299,1188.8047,30996.467,1,54,False,2615.3704
8300,563.0744,35912.457,1,32,False,1238.7637
8301,528.1387,14848.827,1,41,False,1161.9052
8302,634.2041,26958.57,1,41,False,1395.249
8303,1171.894,32839.324,1,53,False,2578.167
8304,875.78467,64217.168,1,39,False,1926.7263
8305,665.9937,80523.38,1,22,False,1465.1862
8306,503.43088,30743.469,1,22,False,1107.548
8307,598.61566,43836.523,1,32,False,1316.9545
8308,1526.948,192699.36,1,36,False,3359.2856
8309,578.44415,55529.246,1,20,False,1272.5771
8310,1104.9628,32541.268,1,52,False,2430.9182
8311,443.63422,13043.684,1,19,False,975.9953
8312,538.31964,25251.486,1,35,False,1184.3032
8313,491.82486,24476.838,1,27,False,1082.0148
8314,1143.0255,243306.5,1,18,False,2514.6562
8315,946.15643,25362.127,1,52,False,2081.5442
8316,982.7055,52083.977,1,44,False,2161.9521
8317,1455.7959,67264.26,1,48,False,3202.751
8318,1228.4921,121175.87,1,38,False,2702.6826
8319,917.7978,50322.004,1,43,False,2019.1552
8320,520.5432,33240.58,1,26,False,1145.1951
8321,505.98425,31525.406,1,22,False,1113.1654
8322,2257.3481,66495.016,1,55,False,4966.166
8323,569.8211,28920.521,1,36,False,1253.6064
8324,530.8526,20669.89,1,37,False,1167.8757
8325,527.4988,33235.53,1,28,False,1160.4973
8326,479.72733,17329.938,1,32,False,1055.4001
8327,3869.0068,219755.66,1,48,False,8511.815
8328,661.83655,80581.19,1,21,False,1456.0404
8329,980.41406,182855.84,1,20,False,2156.911
8330,904.03735,73727.2,1,38,False,1988.8822
8331,988.261,169304.25,1,25,False,2174.1743
8332,897.07855,67087.3,1,39,False,1973.5729
8333,728.1658,89386.36,1,27,False,1601.9647
8334,497.93826,9070.685,1,44,False,1095.4642
8335,917.35785,24060.207,1,52,False,2018.1873
8336,565.7212,51499.145,1,20,False,1244.5867
8337,821.90454,52508.402,1,40,False,1808.1901
8338,1076.4032,47036.23,1,47,False,2368.0872
8339,891.12213,71838.41,1,38,False,1960.4688
8340,1668.5443,74246.11,1,49,False,3670.7976
8341,1431.2596,99894.6,1,43,False,3148.7712
8342,2433.8958,85389.05,1,53,False,5354.571
8343,1545.5817,131012.52,1,41,False,3400.2798
8344,1028.7367,131869.12,1,33,False,2263.2207
8345,825.9355,57498.254,1,39,False,1817.0581
8346,1396.0785,264368.0,1,28,False,3071.3728
8347,942.8099,148337.11,1,27,False,2074.182
8348,488.65363,26218.422,1,22,False,1075.038
8349,2027.102,68450.15,1,53,False,4459.6245
8350,572.51227,11449.299,1,48,False,1259.527
8351,443.09695,13100.684,1,18,False,974.8133
8352,691.75793,33529.562,1,41,False,1521.8674
8353,503.14346,24820.43,1,30,False,1106.9156
8354,572.268,33694.973,1,34,False,1258.9896
8355,780.8341,65028.008,1,36,False,1717.8351
8356,1311.0809,133253.75,1,38,False,2884.3782
8357,1613.1034,127666.91,1,42,False,3548.8276
8358,1179.9677,69587.016,1,44,False,2595.929
8359,470.36923,20953.957,1,21,False,1034.8124
8360,728.1481,32012.053,1,43,False,1601.9258
8361,969.10974,83243.47,1,38,False,2132.0415
8362,590.9045,25819.494,1,39,False,1299.9899
8363,728.39215,18146.717,1,50,False,1602.4628
8364,1164.4388,74134.18,1,43,False,2561.7656
8365,1366.3638,48102.44,1,51,False,3006.0002
8366,688.704,42236.625,1,38,False,1515.1488
8367,2016.2264,121493.96,1,46,False,4435.698
8368,1098.9971,119470.5,1,36,False,2417.7937
8369,1530.1093,207870.94,1,35,False,3366.2405
8370,510.8155,29692.473,1,27,False,1123.7941
8371,702.29016,70513.9,1,31,False,1545.0383
8372,1703.899,50766.15,1,54,False,3748.578
8373,648.9005,65540.984,1,28,False,1427.5812
8374,503.75668,20176.49,1,34,False,1108.2648
8375,484.0182,16281.741,1,34,False,1064.8401
8376,1223.745,48416.957,1,49,False,2692.239
8377,483.5884,25483.035,1,20,False,1063.8945
8378,800.6043,105909.94,1,28,False,1761.3295
8379,744.7144,15051.552,1,53,False,1638.3717
8380,452.14984,16078.168,1,18,False,994.7297
8381,1314.655,35826.688,1,54,False,2892.2412
8382,475.5351,14607.907,1,34,False,1046.1772
8383,4278.272,191105.48,1,51,False,9412.198
8384,695.247,43193.46,1,38,False,1529.5435
8385,921.5694,30869.926,1,49,False,2027.4528
8386,1993.3783,72703.84,1,52,False,4385.432
8387,1286.2404,101402.914,1,41,False,2829.7288
8388,1181.682,59003.11,1,46,False,2599.7004
8389,658.3306,47349.195,1,35,False,1448.3274
8390,504.10696,22765.465,1,32,False,1109.0354
8391,673.5155,82826.695,1,22,False,1481.7341
8392,1308.4095,155304.16,1,36,False,2878.501
8393,547.87866,41940.3,1,25,False,1205.3331
8394,505.31638,25355.473,1,30,False,1111.696
8395,619.8605,57813.344,1,28,False,1363.6931
8396,1794.3896,50106.11,1,55,False,3947.6572
8397,511.23672,18895.826,1,36,False,1124.7208
8398,596.2564,33443.99,1,36,False,1311.7642
8399,1829.7185,209099.8,1,38,False,4025.3809
8400,547.094,17013.023,1,41,False,1203.6068
8401,596.6571,28775.568,1,38,False,1312.6456
8402,487.93118,23407.402,1,27,False,1073.4486
8403,636.6028,25122.984,1,42,False,1400.5261
8404,680.8878,35010.285,1,40,False,1497.9532
8405,1137.919,71573.77,1,43,False,2503.4216
8406,868.1687,142433.19,1,22,False,1909.9712
8407,1116.4556,58831.668,1,45,False,2456.2024
8408,696.11633,28919.541,1,43,False,1531.4559
8409,2171.8157,171392.31,1,43,False,4777.9946
8410,554.52625,9556.028,1,49,False,1219.9578
8411,835.8083,85695.945,1,34,False,1838.7783
8412,800.39294,21990.623,1,50,False,1760.8645
8413,557.22876,48004.008,1,21,False,1225.9033
8414,1030.9932,78453.25,1,40,False,2268.185
8415,668.737,13842.203,1,51,False,1471.2214
8416,1623.8741,55999.684,1,52,False,3572.5232
8417,1066.8407,59549.31,1,44,False,2347.0496
8418,2734.394,161078.72,1,47,False,6015.667
8419,6772.634,438843.3,1,47,False,14899.795
8420,491.4958,14434.875,1,37,False,1081.2908
8421,1308.7365,155360.14,1,36,False,2879.2202
8422,731.5847,48507.52,1,38,False,1609.4865
8423,487.16467,26184.457,1,21,False,1071.7623
8424,765.9896,67172.61,1,35,False,1685.1772
8425,458.82925,17640.367,1,20,False,1009.4244
8426,547.85645,18503.0,1,40,False,1205.2842
8427,473.7255,12477.114,1,36,False,1042.1962
8428,1427.2711,77392.836,1,46,False,3139.9966
8429,1821.8798,64950.957,1,52,False,4008.1355
8430,741.77826,26062.984,1,46,False,1631.9122
8431,1018.66425,169170.06,1,27,False,2241.0613
8432,541.6455,29419.521,1,33,False,1191.6201
8433,3002.4014,139548.84,1,50,False,6605.283
8434,1129.9535,55129.652,1,46,False,2485.8977
8435,815.7204,29105.535,1,47,False,1794.585
8436,1667.2681,45605.938,1,55,False,3667.9897
8437,859.0172,18338.982,1,54,False,1889.8379
8438,1187.8679,59466.297,1,46,False,2613.3096
8439,610.4204,51237.06,1,30,False,1342.9249
8440,1411.9716,76247.22,1,46,False,3106.3374
8441,3232.6934,101022.664,1,55,False,7111.926
8442,635.60535,54845.254,1,31,False,1398.3318
8443,634.2052,15347.701,1,48,False,1395.2515
8444,3127.7842,105415.92,1,54,False,6881.1255
8445,745.8249,50590.01,1,38,False,1640.8148
8446,501.99557,10987.661,1,42,False,1104.3903
8447,629.6975,64053.254,1,26,False,1385.3346
8448,658.29834,68041.8,1,28,False,1448.2563
8449,554.7717,37533.703,1,30,False,1220.4978
8450,1124.9668,42680.984,1,49,False,2474.927
8451,1190.371,31056.586,1,54,False,2618.8162
8452,664.71954,69750.484,1,28,False,1462.383
8453,814.2652,55925.258,1,39,False,1791.3834
8454,919.96136,24177.926,1,52,False,2023.915
8455,1326.0848,182436.0,1,34,False,2917.3867
8456,550.26105,29352.584,1,34,False,1210.5743
8457,460.3587,5736.2646,1,44,False,1012.7892
8458,575.3933,34311.605,1,34,False,1265.8654
8459,750.075,114065.52,1,18,False,1650.165
8460,557.0304,42385.12,1,27,False,1225.4669
8461,457.2546,13520.394,1,30,False,1005.96014
8462,799.95404,21967.188,1,50,False,1759.8989
8463,477.3827,21057.018,1,26,False,1050.242
8464,501.02426,31556.955,1,19,False,1102.2534
8465,607.03467,40554.996,1,34,False,1335.4763
8466,1898.2943,74225.42,1,51,False,4176.2476
8467,1198.155,55410.77,1,47,False,2635.9412
8468,578.32874,57578.316,1,18,False,1272.3232
8469,2374.0735,207577.66,1,42,False,5222.962
8470,711.80756,99552.63,1,19,False,1565.9767
8471,943.0367,92783.305,1,36,False,2074.6807
8472,457.50522,11722.305,1,33,False,1006.5115
8473,489.6435,27400.973,1,20,False,1077.2157
8474,450.11063,13935.002,1,24,False,990.2434
8475,523.2142,27025.498,1,32,False,1151.0712
8476,880.0993,94435.44,1,34,False,1936.2185
8477,630.87897,36516.35,1,37,False,1387.9337
8478,1968.4506,117916.445,1,46,False,4330.5913
8479,1226.359,87054.22,1,42,False,2697.99
8480,564.5808,52059.39,1,19,False,1242.0778
8481,2639.3052,120164.32,1,50,False,5806.4717
8482,4261.8403,148941.83,1,54,False,9376.049
8483,637.8933,71918.445,1,22,False,1403.3654
8484,610.66614,60099.21,1,25,False,1343.4656
8485,704.8756,82989.83,1,27,False,1550.7263
8486,610.4387,16228.252,1,46,False,1342.9652
8487,549.2253,45511.535,1,21,False,1208.2957
8488,827.693,49049.53,1,41,False,1820.9247
8489,1085.784,37226.75,1,50,False,2388.725
8490,528.17896,26587.105,1,33,False,1161.9938
8491,1294.1177,111103.164,1,40,False,2847.0588
8492,611.2886,57286.76,1,27,False,1344.8348
8493,621.0403,61609.47,1,26,False,1366.2887
8494,878.4439,156285.9,1,18,False,1932.5767
8495,1126.4431,42766.723,1,49,False,2478.1748
8496,776.0297,36634.836,1,43,False,1707.2654
8497,929.0991,148570.19,1,26,False,2044.0181
8498,455.32147,15171.694,1,25,False,1001.7073
8499,756.0831,52090.152,1,38,False,1663.3829
8500,1048.789,27713.207,1,53,False,2307.3357
8501,1900.8079,63191.277,1,53,False,4181.7773
8502,1364.006,79011.625,1,45,False,3000.8132
8503,1593.5449,82607.09,1,47,False,3505.7988
8504,1117.6848,113637.58,1,37,False,2458.9067
8505,556.1282,40853.85,1,28,False,1223.482
8506,1335.0282,42941.812,1,52,False,2937.062
8507,1702.1184,76195.68,1,49,False,3744.6606
8508,2825.6006,101699.7,1,53,False,6216.3213
8509,530.4301,17668.44,1,39,False,1166.9463
8510,1695.8733,64284.59,1,51,False,3730.9214
8511,544.5186,36445.848,1,29,False,1197.941
8512,588.2302,53610.508,1,25,False,1294.1066
8513,523.78076,37587.52,1,21,False,1152.3177
8514,1005.5128,28045.432,1,52,False,2212.1282
8515,1004.283,22135.98,1,55,False,2209.4226
8516,728.08734,44309.707,1,39,False,1601.7922
8517,1146.3359,66602.87,1,44,False,2521.9392
8518,509.5835,30864.812,1,25,False,1121.0837
8519,861.63074,129524.83,1,26,False,1895.5876
8520,8290.421,357374.16,1,52,False,18238.926
8521,1248.3464,69583.195,1,45,False,2746.3623
8522,940.93274,48377.49,1,44,False,2070.052
8523,510.09256,24100.023,1,32,False,1122.2036
8524,607.66394,67226.63,1,18,False,1336.8607
8525,2762.3582,163002.19,1,47,False,6077.188
8526,1605.9175,237651.8,1,34,False,3533.0186
8527,3020.832,152772.16,1,49,False,6645.8306
8528,2740.7634,98167.06,1,53,False,6029.6797
8529,1246.3466,69420.19,1,45,False,2741.9624
8530,511.01425,21608.54,1,34,False,1124.2313
8531,651.9051,46166.1,1,35,False,1434.1913
8532,737.7769,42069.395,1,40,False,1623.1093
8533,622.4137,46407.438,1,33,False,1369.3102
8534,739.71576,28120.342,1,45,False,1627.3748
8535,1201.0873,91680.766,1,41,False,2642.392
8536,1347.7604,40162.4,1,53,False,2965.073
8537,525.94385,37637.418,1,22,False,1157.0765
8538,770.2722,28196.61,1,46,False,1694.5989
8539,1612.9341,60211.477,1,51,False,3548.455
8540,1368.4502,165578.05,1,36,False,3010.5906
8541,564.98737,49593.332,1,22,False,1242.9723
8542,682.95685,62640.715,1,32,False,1502.5051
8543,3279.3975,235151.84,1,45,False,7214.675
8544,2644.9487,130944.95,1,49,False,5818.887
8545,686.24347,80015.38,1,26,False,1509.7357
8546,1343.8502,77368.62,1,45,False,2956.4705
8547,497.10345,30863.377,1,18,False,1093.6276
8548,923.0822,28540.594,1,50,False,2030.7809
8549,582.86816,55988.68,1,21,False,1282.3099
8550,859.2017,57136.453,1,40,False,1890.2438
8551,638.6278,25335.615,1,42,False,1404.9812
8552,2667.8892,87764.78,1,54,False,5869.3564
8553,1345.1158,40052.242,1,53,False,2959.255
8554,828.8779,123208.69,1,25,False,1823.5315
8555,1627.4524,47832.062,1,54,False,3580.3953
8556,583.3143,44562.24,1,30,False,1283.2914
8557,498.2699,23620.285,1,30,False,1096.1938
8558,563.131,25783.512,1,37,False,1238.8882
8559,941.8111,143485.58,1,28,False,2071.9844
8560,617.2511,62003.695,1,25,False,1357.9524
8561,679.589,68269.625,1,30,False,1495.0958
8562,1057.8239,179925.08,1,27,False,2327.2126
8563,528.6302,17425.805,1,39,False,1162.9865
8564,1088.1345,85543.72,1,40,False,2393.896
8565,451.39893,14037.191,1,25,False,993.07764
8566,1048.3849,35230.12,1,50,False,2306.4468
8567,464.0875,20004.422,1,18,False,1020.9925
8568,825.1188,99374.49,1,31,False,1815.2614
8569,565.8109,11025.844,1,48,False,1244.784
8570,643.885,41593.977,1,36,False,1416.547
8571,585.78625,19786.639,1,42,False,1288.7297
8572,509.58005,25233.596,1,31,False,1121.0762
8573,648.09235,28544.209,1,41,False,1425.8032
8574,3311.743,143639.5,1,51,False,7285.8345
8575,624.27484,38238.37,1,36,False,1373.4047
8576,4789.6577,199115.2,1,52,False,10537.247
8577,3814.9236,235401.38,1,47,False,8392.832
8578,3452.5273,271230.78,1,44,False,7595.5605
8579,815.90497,47703.723,1,41,False,1794.991
8580,624.93524,59163.73,1,28,False,1374.8575
8581,1097.3055,67652.72,1,43,False,2414.0723
8582,522.74243,37264.188,1,21,False,1150.0333
8583,757.3361,70212.0,1,34,False,1666.1395
8584,685.0232,23661.896,1,45,False,1507.051
8585,443.30927,11152.263,1,27,False,975.2804
8586,692.1376,88529.05,1,22,False,1522.7026
8587,530.9055,37796.04,1,24,False,1167.9922
8588,725.3467,22889.299,1,47,False,1595.7627
8589,560.24457,25326.264,1,37,False,1232.5381
8590,914.14,168026.3,1,18,False,2011.108
8591,631.9583,72480.19,1,20,False,1390.3083
8592,501.04648,14793.343,1,38,False,1102.3022
8593,596.94556,19344.998,1,43,False,1313.2803
8594,570.6703,39587.734,1,31,False,1255.4746
8595,2141.091,73196.71,1,53,False,4710.4004
8596,694.1372,26479.37,1,44,False,1527.1019
8597,1080.3448,43539.375,1,48,False,2376.7588
8598,576.1378,54798.562,1,20,False,1267.5032
8599,575.91125,55714.348,1,19,False,1267.0048
8600,431.16293,7358.9263,1,29,False,948.5585
8601,1816.9685,59700.242,1,53,False,3997.3308
8602,516.3981,12500.083,1,42,False,1136.0758
8603,552.02386,39761.703,1,28,False,1214.4525
8604,516.28455,33478.082,1,24,False,1135.826
8605,615.0718,21095.014,1,43,False,1353.158
8606,934.25665,98155.875,1,35,False,2055.3647
8607,468.41415,20345.145,1,21,False,1030.5111
8608,549.5923,32906.61,1,32,False,1209.103
8609,881.9185,100988.875,1,33,False,1940.2208
8610,511.8323,32163.191,1,24,False,1126.0311
8611,560.0842,27254.4,1,36,False,1232.1853
8612,675.7778,40346.258,1,38,False,1486.7112
8613,663.8143,77047.73,1,24,False,1460.3915
8614,1579.1924,159026.22,1,39,False,3474.2234
8615,514.18787,23644.387,1,33,False,1131.2134
8616,492.15887,25228.074,1,26,False,1082.7495
8617,886.4647,40083.094,1,45,False,1950.2224
8618,1714.7421,60107.555,1,52,False,3772.4326
8619,616.331,26999.697,1,40,False,1355.9282
8620,1373.2444,86736.41,1,44,False,3021.1377
8621,541.08606,24003.527,1,36,False,1190.3894
8622,437.07614,10928.12,1,19,False,961.5675
8623,652.8933,76511.664,1,22,False,1436.3654
8624,1265.9983,83939.36,1,43,False,2785.1963
8625,779.63916,115323.766,1,22,False,1715.2062
8626,627.25287,10160.454,1,53,False,1379.9563
8627,521.5664,29356.998,1,30,False,1147.4462
8628,987.2199,40901.9,1,47,False,2171.8838
8629,2508.4373,203891.81,1,43,False,5518.562
8630,562.98584,44020.785,1,27,False,1238.5688
8631,640.1206,17027.158,1,47,False,1408.2654
8632,833.39905,63396.926,1,38,False,1833.4779
8633,2844.5408,142535.06,1,49,False,6257.9897
8634,789.12384,120221.3,1,21,False,1736.0725
8635,673.846,78371.59,1,25,False,1482.4613
8636,938.4107,61690.434,1,41,False,2064.5037
8637,445.43457,8148.3965,1,35,False,979.95605
8638,778.0002,51037.27,1,39,False,1711.6005
8639,1045.5297,57658.36,1,44,False,2300.1653
8640,544.35846,43995.848,1,21,False,1197.5886
8641,723.23505,88032.23,1,27,False,1591.1172
8642,1078.665,43433.227,1,48,False,2373.0632
8643,1430.7225,37232.145,1,55,False,3147.5896
8644,1926.8752,114803.41,1,46,False,4239.1255
8645,522.3453,35914.89,1,23,False,1149.1597
8646,789.9971,52654.215,1,39,False,1737.9937
8647,2155.429,102518.984,1,49,False,4741.944
8648,483.80966,22275.514,1,27,False,1064.3812
8649,550.86884,20423.25,1,39,False,1211.9115
8650,1931.3059,148172.2,1,43,False,4248.873
8651,497.88412,31120.084,1,18,False,1095.3451
8652,682.465,87005.29,1,21,False,1501.4231
8653,542.9787,12082.598,1,45,False,1194.5532
8654,425.41547,6750.2646,1,23,False,935.91406
8655,740.6212,66913.92,1,34,False,1629.3667
8656,1048.9911,45150.73,1,47,False,2307.7805
8657,1458.2463,67419.086,1,48,False,3208.142
8658,3936.685,224032.25,1,48,False,8660.707
8659,463.71313,18581.186,1,22,False,1020.16895
8660,1525.4694,51551.09,1,52,False,3356.0327
8661,1037.8734,163040.05,1,29,False,2283.3215
8662,474.97528,20855.775,1,25,False,1044.9457
8663,560.2294,31319.516,1,34,False,1232.5046
8664,445.8669,12160.522,1,26,False,980.9072
8665,1745.5795,299556.3,1,32,False,3840.275
8666,431.0237,8571.053,1,22,False,948.2522
8667,2315.5518,94716.82,1,51,False,5094.214
8668,510.1808,17395.004,1,37,False,1122.3977
8669,602.7699,21570.125,1,42,False,1326.0938
8670,2406.8442,117118.49,1,49,False,5295.0576
8671,500.5807,27605.49,1,26,False,1101.2776
8672,709.3607,84221.74,1,27,False,1560.5936
8673,2095.4114,150814.14,1,44,False,4609.9053
8674,585.192,58708.27,1,19,False,1287.4225
8675,799.38776,101844.96,1,29,False,1758.6531
8676,583.5158,53333.336,1,24,False,1283.7349
8677,1513.8867,55347.3,1,51,False,3330.5508
8678,536.9439,30086.596,1,32,False,1181.2766
8679,2447.1873,233950.73,1,41,False,5383.812
8680,689.11786,90585.91,1,20,False,1516.0593
8681,2206.103,75903.836,1,53,False,4853.427
8682,695.46765,92597.195,1,20,False,1530.0288
8683,583.9646,29084.074,1,37,False,1284.7222
8684,2203.2964,105298.64,1,49,False,4847.252
8685,4552.2036,173595.45,1,53,False,10014.849
8686,460.14914,16567.863,1,25,False,1012.3281
8687,2090.9126,77113.11,1,52,False,4600.008
8688,566.1815,52575.754,1,19,False,1245.5994
8689,872.4197,33005.527,1,47,False,1919.3234
8690,470.03967,20851.34,1,21,False,1034.0873
8691,1817.7024,115996.35,1,45,False,3998.9453
8692,589.56494,59051.78,1,20,False,1297.0428
8693,582.4898,42364.85,1,31,False,1281.4777
8694,748.0957,77163.664,1,32,False,1645.8105
8695,555.8139,45152.17,1,24,False,1222.7906
8696,555.7863,28467.572,1,35,False,1222.73
8697,845.4779,55433.53,1,40,False,1860.0514
8698,1655.0739,48892.22,1,54,False,3641.1626
8699,512.52704,12093.555,1,42,False,1127.5596
8700,1002.1484,30215.943,1,51,False,2204.7266
8701,459.56705,18183.361,1,19,False,1011.04755
8702,448.9945,13341.79,1,25,False,987.78796
8703,769.88635,72688.45,1,34,False,1693.75
8704,512.6459,29283.068,1,28,False,1127.8209
8705,1692.0599,115024.836,1,44,False,3722.532
8706,479.06305,11578.454,1,38,False,1053.9387
8707,1492.0217,39402.13,1,55,False,3282.4478
8708,1008.8995,30547.473,1,51,False,2219.5789
8709,454.2209,14149.104,1,27,False,999.28595
8710,694.20154,50203.895,1,36,False,1527.2434
8711,503.6399,15172.603,1,38,False,1108.0078
8712,614.4587,59751.582,1,26,False,1351.8091
8713,763.7724,88999.44,1,30,False,1680.2993
8714,1870.6079,61933.766,1,53,False,4115.3374
8715,709.32794,68520.28,1,32,False,1560.5215
8716,944.2193,114092.664,1,33,False,2077.2825
8717,1305.2034,48940.844,1,50,False,2871.4475
8718,503.1134,25821.33,1,29,False,1106.8495
8719,1064.6398,30718.398,1,52,False,2342.2075
8720,520.0496,31253.26,1,28,False,1144.1093
8721,640.2826,21700.863,1,44,False,1408.6217
8722,1218.1936,93633.86,1,41,False,2680.026
8723,964.7914,76214.01,1,39,False,2122.541
8724,617.2336,13197.407,1,49,False,1357.914
8725,483.2253,25815.2,1,19,False,1063.0957
8726,470.10776,20872.547,1,21,False,1034.237
8727,1329.5802,64450.65,1,47,False,2925.0764
8728,1208.8326,118300.81,1,38,False,2659.432
8729,1202.2323,71562.55,1,44,False,2644.9111
8730,518.22107,28533.22,1,30,False,1140.0864
8731,527.4775,38738.75,1,21,False,1160.4504
8732,566.5203,16407.557,1,43,False,1246.3447
8733,528.77765,17445.697,1,39,False,1163.3109
8734,2084.1943,98382.484,1,49,False,4585.2275
8735,1909.073,158747.16,1,42,False,4199.9604
8736,666.1429,28225.002,1,42,False,1465.5144
8737,1213.6392,51962.28,1,48,False,2670.006
8738,679.041,88982.7,1,19,False,1493.8903
8739,464.57657,13209.672,1,33,False,1022.0685
8740,504.5073,21608.219,1,33,False,1109.916
8741,1739.3242,246393.88,1,35,False,3826.5134
8742,480.21783,23239.416,1,23,False,1056.4792
8743,1034.5939,37433.11,1,49,False,2276.1067
8744,1250.9083,30866.625,1,55,False,2751.9983
8745,452.87708,10137.075,1,34,False,996.3296
8746,655.75867,53420.844,1,33,False,1442.6691
8747,1233.787,49000.07,1,49,False,2714.3315
8748,738.4972,57783.54,1,36,False,1624.6938
8749,1071.9347,46728.887,1,47,False,2358.2563
8750,557.2312,34609.71,1,32,False,1225.9087
8751,1059.9806,33056.07,1,51,False,2331.9573
8752,743.67676,33511.28,1,43,False,1636.0889
8753,487.79684,22670.652,1,28,False,1073.1531
8754,952.7721,25661.18,1,52,False,2096.0986
8755,488.9478,22976.963,1,28,False,1075.6852
8756,1870.1775,79103.05,1,50,False,4114.3906
8757,635.27136,63873.53,1,27,False,1397.597
8758,564.45245,51097.22,1,20,False,1241.7954
8759,1324.0525,236473.27,1,29,False,2912.9155
8760,508.93735,23842.43,1,32,False,1119.6622
8761,1562.6566,122369.414,1,42,False,3437.8447
8762,726.0107,40609.37,1,40,False,1597.2235
8763,688.85156,56698.9,1,34,False,1515.4735
8764,1636.1199,85535.54,1,47,False,3599.4639
8765,849.42676,34123.754,1,46,False,1868.7389
8766,898.86017,21470.174,1,53,False,1977.4924
8767,596.1721,24498.266,1,40,False,1311.5787
8768,451.53662,9271.971,1,35,False,993.3806
8769,1573.7316,81244.24,1,47,False,3462.2095
8770,1222.0431,79695.625,1,43,False,2688.4949
8771,942.92975,177495.17,1,18,False,2074.4456
8772,649.6431,69683.68,1,26,False,1429.215
8773,894.35767,84453.65,1,36,False,1967.5869
8774,843.43036,46842.266,1,42,False,1855.5469
8775,1087.9974,72524.64,1,42,False,2393.5945
8776,1362.1539,119545.54,1,40,False,2996.7388
8777,598.68176,57812.254,1,24,False,1317.0999
8778,957.41693,32951.53,1,49,False,2106.3174
8779,628.86304,41923.312,1,35,False,1383.4987
8780,686.0448,91241.87,1,19,False,1509.2986
8781,1020.6806,33751.074,1,50,False,2245.4973
8782,1289.9562,101827.08,1,41,False,2837.9036
8783,3467.813,230189.14,1,46,False,7629.189
8784,839.8755,102841.88,1,31,False,1847.7261
8785,974.14386,90897.43,1,37,False,2143.1165
8786,786.69745,66031.3,1,36,False,1730.7344
8787,511.41397,26857.025,1,30,False,1125.1107
8788,635.21326,24977.05,1,42,False,1397.4692
8789,978.2806,24777.23,1,53,False,2152.2173
8790,1139.4692,77929.82,1,42,False,2506.8323
8791,843.9185,36614.805,1,45,False,1856.6207
8792,1046.1399,48853.65,1,46,False,2301.5078
8793,917.8861,69891.79,1,39,False,2019.3495
8794,621.654,25525.705,1,41,False,1367.6388
8795,516.2384,33464.46,1,24,False,1135.7245
8796,1333.7395,64736.76,1,47,False,2934.227
8797,546.963,39620.234,1,27,False,1203.3186
8798,1066.9691,42694.16,1,48,False,2347.332
8799,538.53595,21887.135,1,37,False,1184.7792
8800,695.01215,43159.12,1,38,False,1529.0267
8801,2508.825,187496.28,1,44,False,5519.415
8802,992.4477,34985.754,1,49,False,2183.385
8803,487.194,19973.658,1,31,False,1071.8268
8804,2243.1338,107611.98,1,49,False,4934.8945
8805,725.6302,75997.99,1,31,False,1596.3865
8806,590.2564,59270.86,1,20,False,1298.5641
8807,476.28812,17411.127,1,31,False,1047.8339
8808,851.694,19506.193,1,53,False,1873.7268
8809,454.5681,14616.747,1,26,False,1000.04987
8810,622.1036,70615.4,1,19,False,1368.6279
8811,766.12836,113059.945,1,21,False,1685.4824
8812,1284.7058,72547.18,1,45,False,2826.3528
8813,1902.1973,237922.48,1,37,False,4184.834
8814,1370.7904,35110.496,1,55,False,3015.739
8815,663.79333,38593.637,1,38,False,1460.3453
8816,646.21716,54449.438,1,32,False,1421.6777
8817,1305.6442,41613.484,1,52,False,2872.4172
8818,674.0153,74514.35,1,27,False,1482.8337
8819,1162.1609,29973.877,1,54,False,2556.754
8820,672.09235,16382.989,1,49,False,1478.6031
8821,630.163,11947.841,1,51,False,1386.3586
8822,773.682,73437.38,1,34,False,1702.1005
8823,869.84454,32828.402,1,47,False,1913.6581
8824,534.0297,19616.877,1,38,False,1174.8655
8825,1007.34216,30471.01,1,51,False,2216.1528
8826,1696.038,238423.5,1,35,False,3731.2837
8827,468.0438,20559.195,1,20,False,1029.6964
8828,1588.4056,89458.625,1,46,False,3494.4924
8829,616.18207,70028.19,1,18,False,1355.6006
8830,1678.8531,146228.33,1,41,False,3693.477
8831,1309.5219,45310.95,1,51,False,2880.9482
8832,534.014,14349.965,1,42,False,1174.8308
8833,833.5671,110615.39,1,29,False,1833.8477
8834,658.8168,40942.355,1,37,False,1449.397
8835,840.69916,138600.2,1,20,False,1849.5382
8836,716.6756,96043.2,1,22,False,1576.6864
8837,765.22516,110909.96,1,22,False,1683.4954
8838,1698.4998,332556.03,1,29,False,3736.6995
8839,741.4476,62653.617,1,35,False,1631.1847
8840,2901.0088,158587.6,1,48,False,6382.219
8841,612.16956,36166.98,1,36,False,1346.7731
8842,637.56384,77060.6,1,18,False,1402.6405
8843,628.6564,33455.17,1,38,False,1383.0441
8844,662.676,73362.65,1,26,False,1457.8873
8845,900.01013,67482.44,1,39,False,1980.0223
8846,597.8748,9617.359,1,52,False,1315.3246
8847,526.8183,30650.246,1,30,False,1159.0002
8848,628.514,60115.973,1,28,False,1382.7308
8849,428.6693,8216.207,1,19,False,943.0725
8850,962.8448,46309.52,1,45,False,2118.2585
8851,1379.352,112033.65,1,41,False,3034.5745
8852,1367.3923,141488.75,1,38,False,3008.2632
8853,1134.2677,26737.504,1,55,False,2495.389
8854,917.8509,148940.66,1,25,False,2019.272
8855,961.56805,131435.5,1,31,False,2115.4497
8856,476.63376,8968.429,1,41,False,1048.5942
8857,573.241,54852.98,1,19,False,1261.1302
8858,620.9104,59929.35,1,27,False,1366.0029
8859,2842.5898,168520.8,1,47,False,6253.6978
8860,996.0954,62873.89,1,42,False,2191.41
8861,1021.5486,152476.1,1,30,False,2247.407
8862,522.0821,26773.1,1,32,False,1148.5807
8863,450.07202,13923.577,1,24,False,990.15845
8864,497.14606,29777.482,1,20,False,1093.7213
8865,989.7573,176551.7,1,23,False,2177.466
8866,758.0349,104873.88,1,24,False,1667.6769
8867,2981.9207,320535.22,1,40,False,6560.2256
8868,661.3324,15758.178,1,49,False,1454.9313
8869,821.48926,115017.08,1,27,False,1807.2764
8870,791.44104,91461.305,1,31,False,1741.1703
8871,552.15326,39796.13,1,28,False,1214.7372
8872,906.3392,93015.4,1,35,False,1993.9462
8873,814.25635,55924.07,1,39,False,1791.364
8874,1983.5569,72259.875,1,52,False,4363.825
8875,694.74347,86182.14,1,24,False,1528.4357
8876,829.2994,109520.36,1,29,False,1824.4586
8877,796.9834,53595.887,1,39,False,1753.3635
8878,4969.4478,207242.97,1,52,False,10932.785
8879,614.7357,42074.54,1,34,False,1352.4186
8880,1089.3721,225659.92,1,18,False,2396.6187
8881,504.29303,20282.285,1,34,False,1109.4447
8882,543.8978,22736.588,1,37,False,1196.5752
8883,624.2604,23826.89,1,42,False,1373.3728
8884,3415.7305,107502.234,1,55,False,7514.6074
8885,488.75577,26249.68,1,22,False,1075.2627
8886,1621.2838,164699.61,1,39,False,3566.8245
8887,797.28925,32813.633,1,45,False,1754.0364
8888,1238.9476,68817.055,1,45,False,2725.6848
8889,1951.3605,83437.09,1,50,False,4292.993
8890,485.9728,22185.248,1,28,False,1069.1403
8891,613.1979,16434.854,1,46,False,1349.0354
8892,669.0262,62698.0,1,31,False,1471.8577
8893,558.5802,40054.047,1,29,False,1228.8765
8894,704.8854,74498.74,1,30,False,1550.7478
8895,587.74115,17038.86,1,44,False,1293.0305
8896,605.3046,37585.46,1,35,False,1331.6702
8897,586.17487,43230.785,1,31,False,1289.5847
8898,425.2521,7113.876,1,19,False,935.5546
8899,2837.7075,110873.38,1,52,False,6242.9565
8900,729.379,27277.701,1,45,False,1604.6339
8901,2609.1804,165894.5,1,46,False,5740.1973
8902,971.7837,28724.73,1,51,False,2137.924
8903,625.1953,32949.023,1,38,False,1375.4297
8904,485.03543,18513.373,1,32,False,1067.078
8905,1080.7236,125124.99,1,35,False,2377.592
8906,1141.3544,71905.48,1,43,False,2510.9797
8907,1983.9982,153259.34,1,43,False,4364.796
8908,541.358,42357.43,1,22,False,1190.9875
8909,821.6435,48358.906,1,41,False,1807.6157
8910,542.4368,13019.034,1,44,False,1193.3611
8911,1004.87225,30349.727,1,51,False,2210.719
8912,1041.5693,57306.953,1,44,False,2291.4526
8913,771.32465,68154.945,1,35,False,1696.9143
8914,1657.9456,215115.05,1,36,False,3647.4802
8915,571.30884,11373.264,1,48,False,1256.8795
8916,671.447,60074.582,1,32,False,1477.1835
8917,1424.2856,37004.266,1,55,False,3133.4285
8918,586.51086,53113.223,1,25,False,1290.324
8919,659.8537,54282.18,1,33,False,1451.6782
8920,536.2144,42908.73,1,19,False,1179.6718
8921,561.509,20197.053,1,40,False,1235.3198
8922,502.54913,17409.242,1,36,False,1105.6082
8923,752.3814,40451.09,1,41,False,1655.2391
8924,482.82907,16047.114,1,34,False,1062.224
8925,798.1955,45681.78,1,41,False,1756.0302
8926,755.668,40826.34,1,41,False,1662.4697
8927,430.94873,7042.722,1,30,False,948.0872
8928,5168.862,234842.12,1,51,False,11371.496
8929,903.8573,53187.805,1,42,False,1988.4861
8930,452.12717,7114.3286,1,39,False,994.6798
8931,851.39795,60930.227,1,39,False,1873.0756
8932,592.5844,42491.82,1,32,False,1303.6858
8933,489.8036,17423.336,1,34,False,1077.5679
8934,643.2497,64037.277,1,28,False,1415.1494
8935,994.2821,23530.559,1,54,False,2187.4207
8936,953.0102,58349.402,1,42,False,2096.6226
8937,493.19513,28525.98,1,20,False,1085.0293
8938,484.96768,24229.229,1,24,False,1066.929
8939,1392.429,49382.492,1,51,False,3063.3438
8940,517.71124,13658.316,1,41,False,1138.9647
8941,1265.1987,46805.15,1,50,False,2783.4373
8942,684.1221,84590.84,1,23,False,1505.0686
8943,1151.5903,138173.7,1,35,False,2533.4988
8944,3251.8232,119447.58,1,53,False,7154.011
8945,869.1959,147626.8,1,20,False,1912.2311
8946,512.8522,34752.508,1,20,False,1128.2748
8947,872.4043,22028.0,1,52,False,1919.2896
8948,1675.7114,95996.15,1,46,False,3686.5652
8949,1116.5723,33066.09,1,52,False,2456.459
8950,606.41675,50251.12,1,30,False,1334.1168
8951,710.6439,90877.875,1,24,False,1563.4166
8952,4377.1763,251867.02,1,48,False,9629.788
8953,1331.1073,76329.8,1,45,False,2928.436
8954,745.1131,58915.57,1,36,False,1639.2489
8955,475.02646,20391.83,1,26,False,1045.0582
8956,3978.4385,127422.375,1,55,False,8752.564
8957,752.88684,69334.13,1,34,False,1656.3511
8958,703.9802,37875.688,1,40,False,1548.7565
8959,509.2919,34872.145,1,18,False,1120.4423
8960,555.8637,36108.668,1,31,False,1222.9001
8961,1085.3527,51789.902,1,46,False,2387.776
8962,459.3644,15561.772,1,27,False,1010.60175
8963,1888.797,132481.27,1,44,False,4155.3535
8964,2055.8628,114406.94,1,47,False,4522.8984
8965,536.2234,43729.91,1,18,False,1179.6915
8966,741.8262,36172.652,1,42,False,1632.0176
8967,827.9722,49081.434,1,41,False,1821.539
8968,729.3601,56219.996,1,36,False,1604.5923
8969,1067.2316,39328.35,1,49,False,2347.9094
8970,1456.2515,111195.625,1,42,False,3203.7532
8971,452.80603,16002.364,1,19,False,996.1733
8972,578.9462,28289.03,1,37,False,1273.6818
8973,2615.819,92964.4,1,53,False,5754.8022
8974,1818.7401,64808.984,1,52,False,4001.2283
8975,673.8249,29031.748,1,42,False,1482.4148
8976,2324.7817,68882.195,1,55,False,5114.52
8977,510.019,26513.516,1,30,False,1122.0419
8978,1119.2688,39014.383,1,50,False,2462.3914
8979,1932.6777,115237.836,1,46,False,4251.891
8980,1401.7916,105476.68,1,42,False,3083.9417
8981,601.92554,62967.1,1,20,False,1324.2362
8982,943.0884,21565.693,1,54,False,2074.7944
8983,552.4514,36962.316,1,30,False,1215.3932
8984,632.0565,54011.42,1,31,False,1390.5244
8985,956.7468,160189.92,1,25,False,2104.843
8986,511.7757,12014.658,1,42,False,1125.9065
8987,893.6183,24886.059,1,51,False,1965.9603
8988,2040.815,123335.19,1,46,False,4489.793
8989,2215.649,148436.4,1,45,False,4874.4277
8990,614.09534,47287.785,1,32,False,1351.0098
8991,1215.6609,171184.78,1,33,False,2674.454
8992,526.7242,27808.064,1,32,False,1158.7932
8993,742.24677,14948.807,1,53,False,1632.9429
8994,700.16724,94085.81,1,20,False,1540.3679
8995,889.92017,140862.88,1,25,False,1957.8245
8996,1025.429,138996.17,1,32,False,2255.9438
8997,520.91785,25059.86,1,33,False,1146.0193
8998,581.57635,58646.44,1,18,False,1279.468
8999,1329.5762,97893.234,1,42,False,2925.0676
9000,955.2426,63612.195,1,41,False,2101.5337
9001,3367.3523,159032.47,1,50,False,7408.1753
9002,521.1229,36161.184,1,22,False,1146.4705
9003,1713.8135,47253.67,1,55,False,3770.3896
9004,593.8187,60399.17,1,20,False,1306.4012
9005,710.3963,97326.016,1,20,False,1562.872
9006,1258.3197,42796.453,1,51,False,2768.3035
9007,722.5153,105001.05,1,18,False,1589.5337
9008,962.7356,180498.56,1,19,False,2118.0183
9009,509.16196,33034.95,1,21,False,1120.1564
9010,781.9673,43828.992,1,41,False,1720.3281
9011,3206.6719,108443.65,1,54,False,7054.678
9012,1210.9264,233701.75,1,25,False,2664.038
9013,2380.4116,83161.99,1,53,False,5236.906
9014,672.6768,26656.525,1,43,False,1479.889
9015,1681.1686,58589.812,1,52,False,3698.571
9016,2246.1868,107789.23,1,49,False,4941.611
9017,578.3674,26100.857,1,38,False,1272.4082
9018,477.53842,21100.967,1,26,False,1050.5846
9019,1159.454,37941.16,1,51,False,2550.7988
9020,861.4618,84752.04,1,35,False,1895.216
9021,470.25098,16720.77,1,30,False,1034.5521
9022,971.66724,28719.03,1,51,False,2137.668
9023,1461.7388,62237.08,1,49,False,3215.8254
9024,1286.9342,119634.11,1,39,False,2831.2554
9025,997.93085,63066.617,1,42,False,2195.448
9026,648.3881,67475.92,1,27,False,1426.4539
9027,1553.7021,111716.05,1,43,False,3418.1448
9028,1254.9003,179437.9,1,33,False,2760.7808
9029,1000.17773,164092.86,1,27,False,2200.391
9030,442.00894,9766.262,1,30,False,972.4197
9031,1005.20374,54080.266,1,44,False,2211.4482
9032,867.3659,103755.34,1,32,False,1908.2051
9033,1731.7749,194776.44,1,38,False,3809.9048
9034,680.4869,83497.13,1,23,False,1497.0712
9035,497.09662,25145.375,1,28,False,1093.6125
9036,534.6582,27949.875,1,33,False,1176.248
9037,692.6265,28582.584,1,43,False,1523.7784
9038,725.5795,63945.945,1,34,False,1596.275
9039,887.7708,34061.42,1,47,False,1953.0958
9040,445.03616,4376.6924,1,44,False,979.0796
9041,675.7819,19480.068,1,47,False,1486.7202
9042,790.6697,35044.676,1,44,False,1739.4734
9043,786.9694,16811.06,1,53,False,1731.3328
9044,804.06415,18938.549,1,52,False,1768.9412
9045,1202.8582,257958.7,1,19,False,2646.288
9046,910.90283,49656.312,1,43,False,2003.9863
9047,809.4721,36713.01,1,44,False,1780.8386
9048,704.8805,85276.4,1,26,False,1550.737
9049,1080.4282,125070.62,1,35,False,2376.9421
9050,6011.9673,300220.0,1,50,False,13226.328
9051,1196.8718,195648.84,1,30,False,2633.1182
9052,884.0264,70800.78,1,38,False,1944.8582
9053,454.7551,14669.591,1,26,False,1000.46124
9054,482.21774,22421.877,1,26,False,1060.879
9055,534.7047,36253.51,1,27,False,1176.3503
9056,675.725,74983.914,1,27,False,1486.595
9057,1484.7966,53918.64,1,51,False,3266.5527
9058,467.67883,15388.21,1,31,False,1028.8934
9059,703.5644,13338.067,1,53,False,1547.8417
9060,642.2041,61511.824,1,29,False,1412.849
9061,589.2937,55039.74,1,24,False,1296.4462
9062,712.9677,42271.855,1,39,False,1568.529
9063,991.7136,73579.305,1,40,False,2181.77
9064,823.45325,135567.95,1,19,False,1811.5972
9065,1060.2644,64076.53,1,43,False,2332.5818
9066,640.39685,23540.04,1,43,False,1408.873
9067,2793.4827,231411.78,1,43,False,6145.662
9068,565.7805,43422.434,1,28,False,1244.7172
9069,665.24243,52040.44,1,34,False,1463.5333
9070,496.7094,29639.164,1,20,False,1092.7607
9071,817.9102,21168.033,1,51,False,1799.4025
9072,480.98108,22592.715,1,25,False,1058.1584
9073,564.05676,18949.691,1,41,False,1240.9249
9074,419.51276,4499.9673,1,28,False,922.9281
9075,563.3638,44124.5,1,27,False,1239.4003
9076,873.14746,120771.71,1,29,False,1920.9244
9077,494.7362,22750.18,1,30,False,1088.4197
9078,3273.9895,387460.28,1,39,False,7202.777
9079,1169.716,151581.78,1,34,False,2573.3752
9080,611.90436,49276.336,1,31,False,1346.1896
9081,520.93915,20556.096,1,36,False,1146.0662
9082,447.12875,13934.179,1,20,False,983.6833
9083,596.48505,45653.31,1,31,False,1312.2671
9084,575.4606,52800.44,1,22,False,1266.0133
9085,714.3485,42457.914,1,39,False,1571.5668
9086,2987.003,117622.63,1,52,False,6571.4067
9087,3759.2976,165618.78,1,51,False,8270.455
9088,712.7783,72978.3,1,31,False,1568.1123
9089,651.83386,76187.375,1,22,False,1434.0345
9090,957.31586,38844.977,1,47,False,2106.095
9091,560.3684,49803.664,1,20,False,1232.8105
9092,1402.9923,69500.21,1,47,False,3086.5833
9093,1005.4733,38808.234,1,48,False,2212.0413
9094,935.87244,84834.37,1,37,False,2058.9194
9095,483.31924,21479.145,1,28,False,1063.3024
9096,507.20068,27834.08,1,28,False,1115.8416
9097,536.96924,21638.898,1,37,False,1181.3324
9098,541.013,29286.46,1,33,False,1190.2286
9099,590.6831,39733.54,1,33,False,1299.5028
9100,1679.3508,113897.16,1,44,False,3694.572
9101,563.4206,51685.06,1,19,False,1239.5254
9102,463.52292,17895.992,1,24,False,1019.7504
9103,629.38043,16288.424,1,47,False,1384.637
9104,958.59174,35845.75,1,48,False,2108.9019
9105,1933.8079,97469.92,1,48,False,4254.3774
9106,1001.11566,153608.1,1,29,False,2202.4546
9107,520.7473,14004.952,1,41,False,1145.6442
9108,825.5082,67350.14,1,37,False,1816.118
9109,564.60236,36253.105,1,32,False,1242.1252
9110,531.1918,38576.62,1,23,False,1168.622
9111,545.81934,21340.986,1,38,False,1200.8026
9112,1173.8589,41928.777,1,50,False,2582.4895
9113,521.1222,20587.404,1,36,False,1146.4689
9114,933.521,40420.71,1,46,False,2053.7463
9115,827.1643,125289.78,1,24,False,1819.7615
9116,655.1612,82848.445,1,18,False,1441.3546
9117,6403.5,231140.16,1,54,False,14087.7
9118,651.8124,76180.75,1,22,False,1433.9873
9119,675.11255,57491.52,1,33,False,1485.2477
9120,648.8015,77815.414,1,20,False,1427.3634
9121,852.8606,26880.053,1,49,False,1876.2933
9122,433.34375,9423.441,1,21,False,953.35626
9123,737.6757,94534.03,1,26,False,1622.8866
9124,445.99796,11890.737,1,27,False,981.1955
9125,2332.2283,122646.21,1,48,False,5130.9023
9126,2401.7537,91165.266,1,52,False,5283.8584
9127,1094.8064,25340.555,1,55,False,2408.5742
9128,733.2701,35274.18,1,42,False,1613.1942
9129,562.16296,49540.58,1,21,False,1236.7585
9130,563.3844,23909.74,1,38,False,1239.4457
9131,2388.6868,77048.81,1,54,False,5255.111
9132,922.2639,82678.44,1,37,False,2028.9807
9133,791.8957,15762.817,1,54,False,1742.1705
9134,664.65125,25881.691,1,43,False,1462.2328
9135,579.47424,48549.19,1,27,False,1274.8434
9136,833.4211,124522.61,1,25,False,1833.5264
9137,701.2628,84255.26,1,26,False,1542.7782
9138,429.64908,7746.8657,1,25,False,945.22797
9139,744.78735,39584.105,1,41,False,1638.5322
9140,1453.5583,72978.28,1,47,False,3197.8284
9141,968.3511,26365.469,1,52,False,2130.3723
9142,482.65933,24781.395,1,21,False,1061.8506
9143,732.1982,27507.516,1,45,False,1610.836
9144,1249.6288,39081.19,1,52,False,2749.1833
9145,472.7252,22845.365,1,18,False,1039.9955
9146,861.5713,84772.17,1,35,False,1895.4569
9147,618.0562,25114.914,1,41,False,1359.7238
9148,622.64197,21825.871,1,43,False,1369.8124
9149,879.09705,36345.465,1,46,False,1934.0135
9150,981.03,163229.34,1,26,False,2158.266
9151,2211.178,76115.12,1,53,False,4864.592
9152,2467.8474,80087.04,1,54,False,5429.2646
9153,620.2369,62867.164,1,25,False,1364.5211
9154,991.9191,23439.865,1,54,False,2182.2222
9155,1225.3883,29963.213,1,55,False,2695.8542
9156,805.22723,26154.63,1,48,False,1771.5
9157,1218.6316,119733.805,1,38,False,2680.9895
9158,869.1709,63325.773,1,39,False,1912.176
9159,655.11273,13173.121,1,51,False,1441.248
9160,889.2364,159835.55,1,18,False,1956.3201
9161,535.4259,38338.777,1,25,False,1177.937
9162,976.5324,84328.97,1,38,False,2148.3713
9163,1132.819,116035.17,1,37,False,2492.202
9164,443.91895,6438.967,1,38,False,976.6217
9165,821.1727,71930.555,1,36,False,1806.5801
9166,527.47424,40852.26,1,18,False,1160.4434
9167,428.92984,7203.085,1,27,False,943.6457
9168,472.73026,20206.44,1,25,False,1040.0066
9169,1360.7606,34755.44,1,55,False,2993.6733
9170,1822.4374,98351.14,1,47,False,4009.3623
9171,1078.5328,43424.883,1,48,False,2372.7722
9172,583.8363,56290.176,1,21,False,1284.44
9173,727.4475,37604.37,1,41,False,1600.3845
9174,773.2842,119384.15,1,19,False,1701.2252
9175,1325.3055,75856.84,1,45,False,2915.6724
9176,589.0365,56957.613,1,22,False,1295.8804
9177,503.0432,20035.719,1,34,False,1106.6951
9178,616.94714,55030.883,1,29,False,1357.2837
9179,3322.3306,462904.34,1,37,False,7309.1274
9180,2651.8745,94465.7,1,53,False,5834.124
9181,575.07355,27675.533,1,37,False,1265.1619
9182,1389.1091,220079.95,1,32,False,3056.04
9183,632.0902,26717.215,1,41,False,1390.5985
9184,850.2269,88541.05,1,34,False,1870.4993
9185,729.3846,48185.742,1,38,False,1604.6461
9186,864.8931,57842.645,1,40,False,1902.7649
9187,604.62054,59566.11,1,24,False,1330.1653
9188,596.7816,41016.246,1,33,False,1312.9196
9189,1020.5634,36618.414,1,49,False,2245.2395
9190,459.07376,17436.326,1,21,False,1009.9623
9191,478.99387,20328.174,1,28,False,1053.7865
9192,1716.8179,65313.188,1,51,False,3776.9995
9193,780.4423,28958.146,1,46,False,1716.9731
9194,500.39453,24143.498,1,30,False,1100.868
9195,4267.4126,480046.1,1,40,False,9388.308
9196,1559.6003,366317.1,1,20,False,3431.1208
9197,740.8476,79573.59,1,31,False,1629.8647
9198,2701.4543,89053.06,1,54,False,5943.1997
9199,485.54883,26104.03,1,20,False,1068.2074
9200,488.8864,19372.03,1,32,False,1075.5502
9201,731.63525,38082.48,1,41,False,1609.5975
9202,959.35223,50011.863,1,44,False,2110.575
9203,849.78656,88454.21,1,34,False,1869.5305
9204,682.4533,11562.347,1,54,False,1501.3973
9205,3535.7163,278612.16,1,44,False,7778.576
9206,691.668,60973.71,1,33,False,1521.6697
9207,479.71848,14461.148,1,35,False,1055.3806
9208,787.6937,56712.965,1,38,False,1732.9263
9209,669.46216,24289.941,1,44,False,1472.8168
9210,510.96008,22965.451,1,33,False,1124.1122
9211,617.9453,21372.424,1,43,False,1359.4797
9212,533.8543,40724.676,1,21,False,1174.4795
9213,1332.4968,268861.28,1,25,False,2931.4932
9214,657.78705,53847.46,1,33,False,1447.1316
9215,815.9165,87106.79,1,33,False,1795.0164
9216,748.9818,105935.92,1,22,False,1647.76
9217,591.7146,44532.44,1,31,False,1301.7721
9218,618.30786,19751.057,1,44,False,1360.2773
9219,519.96686,13915.866,1,41,False,1143.9271
9220,600.353,36673.75,1,35,False,1320.7767
9221,2929.2908,124857.375,1,51,False,6444.44
9222,724.5541,105671.66,1,18,False,1594.019
9223,1284.9768,61382.668,1,47,False,2826.949
9224,1103.4556,68246.484,1,43,False,2427.6023
9225,644.57263,44815.92,1,35,False,1418.0598
9226,510.52756,34016.22,1,20,False,1123.1606
9227,575.2357,27701.21,1,37,False,1265.5186
9228,471.10544,15407.63,1,32,False,1036.432
9229,1631.268,210550.11,1,36,False,3588.7896
9230,1041.891,57335.49,1,44,False,2292.1602
9231,946.70654,35094.723,1,48,False,2082.7544
9232,1655.1624,214638.72,1,36,False,3641.3572
9233,1233.9888,250037.02,1,23,False,2714.7754
9234,7504.862,449506.22,1,48,False,16510.697
9235,539.2171,40991.348,1,23,False,1186.2777
9236,743.71045,54391.484,1,37,False,1636.163
9237,892.67487,84165.72,1,36,False,1963.8848
9238,1505.3552,189004.55,1,36,False,3311.7815
9239,625.8092,52543.508,1,31,False,1376.7803
9240,499.0849,22767.615,1,31,False,1097.9868
9241,990.49414,27366.492,1,52,False,2179.0872
9242,1521.3707,128248.29,1,41,False,3347.0156
9243,919.0858,82175.0,1,37,False,2021.9889
9244,655.26117,43540.65,1,36,False,1441.5746
9245,790.73755,41308.938,1,42,False,1739.6227
9246,1515.6808,43542.2,1,54,False,3334.4978
9247,1398.9147,134727.5,1,39,False,3077.6123
9248,521.29974,26598.654,1,32,False,1146.8595
9249,563.97516,18940.342,1,41,False,1240.7454
9250,1078.3948,213891.75,1,20,False,2372.4685
9251,575.65643,51012.29,1,24,False,1266.4442
9252,1603.8301,46925.44,1,54,False,3528.4263
9253,834.94507,85525.68,1,34,False,1836.8792
9254,567.5128,22666.65,1,39,False,1248.5282
9255,757.67755,91142.1,1,29,False,1666.8906
9256,927.7689,36812.637,1,47,False,2041.0917
9257,791.5955,123046.34,1,20,False,1741.5101
9258,454.71692,14658.725,1,26,False,1000.37726
9259,931.33563,71704.67,1,39,False,2048.9385
9260,1304.3684,41555.793,1,52,False,2869.6106
9261,1182.7716,28454.559,1,55,False,2602.0977
9262,985.3642,92674.99,1,37,False,2167.8013
9263,1094.0529,44405.594,1,48,False,2406.9163
9264,1990.8691,72590.44,1,52,False,4379.912
9265,903.83673,137633.25,1,27,False,1988.4408
9266,2645.0393,94181.1,1,53,False,5819.0864
9267,470.7335,21067.385,1,21,False,1035.6136
9268,604.99133,32415.152,1,37,False,1330.981
9269,638.81647,72201.16,1,22,False,1405.3962
9270,952.25507,94360.69,1,36,False,2094.9612
9271,524.5262,36571.09,1,23,False,1153.9576
9272,1579.6082,58574.87,1,51,False,3475.138
9273,1109.7126,58281.965,1,45,False,2441.368
9274,1511.9584,65153.26,1,49,False,3326.3086
9275,850.8205,19469.81,1,53,False,1871.8052
9276,834.3131,16118.978,1,55,False,1835.4889
9277,511.84766,8204.095,1,47,False,1126.0648
9278,802.99243,54405.86,1,39,False,1766.5834
9279,514.6865,16788.11,1,38,False,1132.3104
9280,5147.6875,276276.88,1,49,False,11324.913
9281,678.5838,84378.77,1,22,False,1492.8844
9282,532.71356,19424.389,1,38,False,1171.9698
9283,1578.0026,123980.91,1,42,False,3471.6057
9284,869.39716,124215.96,1,28,False,1912.6738
9285,3834.9043,132555.62,1,54,False,8436.79
9286,716.0967,26194.924,1,45,False,1575.4127
9287,2049.2874,88665.11,1,50,False,4508.432
9288,3122.8826,134364.58,1,51,False,6870.342
9289,1355.3258,175687.83,1,35,False,2981.7168
9290,451.28802,14776.362,1,22,False,992.8337
9291,737.30084,42010.336,1,40,False,1622.0619
9292,484.8145,25452.543,1,21,False,1066.5919
9293,2047.4691,222143.25,1,39,False,4504.432
9294,1665.3314,74059.5,1,49,False,3663.7292
9295,748.3207,102004.94,1,24,False,1646.3055
9296,642.05725,73193.55,1,22,False,1412.526
9297,616.26227,67508.36,1,20,False,1355.777
9298,528.5214,25062.996,1,34,False,1162.7472
9299,534.0597,34981.363,1,28,False,1174.9314
9300,1874.556,52944.027,1,55,False,4124.0234
9301,704.81824,29759.68,1,43,False,1550.6001
9302,709.7083,25674.174,1,45,False,1561.3583
9303,1250.5345,42414.113,1,51,False,2751.176
9304,533.3219,30812.11,1,31,False,1173.3082
9305,755.69147,52032.926,1,38,False,1662.5212
9306,1370.0234,35083.35,1,55,False,3014.0515
9307,497.43848,28908.512,1,22,False,1094.3646
9308,492.06195,23805.668,1,28,False,1082.5363
9309,717.5333,50244.434,1,37,False,1578.5734
9310,858.43634,101764.53,1,32,False,1888.5599
9311,673.3287,84160.04,1,21,False,1481.3231
9312,664.5608,14738.968,1,50,False,1462.0338
9313,1080.0452,99466.77,1,38,False,2376.0994
9314,742.1942,83685.875,1,30,False,1632.8273
9315,3030.4758,101681.13,1,54,False,6667.047
9316,2617.0276,118974.94,1,50,False,5757.461
9317,543.0794,27935.547,1,34,False,1194.7748
9318,715.76184,39337.598,1,40,False,1574.676
9319,1099.0327,209430.89,1,23,False,2417.872
9320,5179.3013,199707.8,1,53,False,11394.463
9321,554.0961,47028.42,1,21,False,1219.0115
9322,672.2046,81005.1,1,23,False,1478.8501
9323,1553.9392,86877.836,1,46,False,3418.6663
9324,4897.795,204003.81,1,52,False,10775.149
9325,816.39996,65907.17,1,37,False,1796.08
9326,462.98703,18957.383,1,20,False,1018.5715
9327,514.6059,34165.566,1,22,False,1132.133
9328,11876.314,613298.9,1,50,False,26127.893
9329,469.21643,18267.545,1,27,False,1032.2761
9330,1446.79,52052.16,1,51,False,3182.9382
9331,3982.4868,318254.0,1,44,False,8761.471
9332,494.04184,26370.037,1,25,False,1086.8921
9333,424.4776,5643.494,1,29,False,933.85077
9334,494.7889,6537.96,1,48,False,1088.5356
9335,520.79877,26486.941,1,32,False,1145.7573
9336,635.35693,12202.919,1,51,False,1397.7853
9337,1402.1403,114635.42,1,41,False,3084.7087
9338,608.9176,61963.055,1,23,False,1339.6188
9339,433.63666,9069.827,1,24,False,954.0007
9340,461.57333,13953.666,1,31,False,1015.46136
9341,880.4821,134846.27,1,26,False,1937.0607
9342,869.02435,58355.305,1,40,False,1911.8536
9343,960.45575,157421.69,1,26,False,2113.0027
9344,848.34283,122392.32,1,27,False,1866.3542
9345,477.4514,19917.654,1,28,False,1050.3931
9346,2285.0269,101250.484,1,50,False,5027.059
9347,650.76587,78437.63,1,20,False,1431.6849
9348,615.38086,10408.744,1,52,False,1353.8379
9349,462.36536,16817.842,1,26,False,1017.2038
9350,2454.8782,351482.3,1,36,False,5400.732
9351,643.1452,23805.361,1,43,False,1414.9194
9352,643.14996,69493.96,1,25,False,1414.9299
9353,605.8664,42927.06,1,33,False,1332.9061
9354,648.6761,57916.492,1,31,False,1427.0874
9355,763.49005,45260.043,1,40,False,1679.6781
9356,756.4434,108220.72,1,22,False,1664.1755
9357,2928.3052,105976.32,1,53,False,6442.2715
9358,807.00476,54946.65,1,39,False,1775.4105
9359,880.68024,24250.678,1,51,False,1937.4966
9360,512.54517,31721.412,1,25,False,1127.5994
9361,473.32733,14172.2705,1,34,False,1041.3202
9362,904.70306,38262.855,1,46,False,1990.3468
9363,447.01068,12168.892,1,27,False,983.4235
9364,1504.2432,59566.94,1,50,False,3309.335
9365,640.70215,63359.293,1,28,False,1409.5448
9366,798.64764,111745.57,1,26,False,1757.0249
9367,801.8725,18839.475,1,52,False,1764.1195
9368,546.9198,19890.988,1,39,False,1203.2236
9369,937.6781,169318.94,1,20,False,2062.8918
9370,486.27585,16727.242,1,34,False,1069.8069
9371,1450.1158,258009.39,1,30,False,3190.255
9372,551.09503,23876.754,1,37,False,1212.409
9373,484.22723,24010.623,1,24,False,1065.2999
9374,718.18005,98127.82,1,21,False,1579.9961
9375,665.6757,77597.58,1,24,False,1464.4866
9376,3095.3728,185908.1,1,47,False,6809.8203
9377,481.04437,11011.935,1,39,False,1058.2976
9378,1127.0496,76625.61,1,42,False,2479.509
9379,729.44415,48194.465,1,38,False,1604.7772
9380,890.66345,21128.875,1,53,False,1959.4596
9381,2214.0042,225247.84,1,40,False,4870.809
9382,603.5848,60358.562,1,23,False,1327.8866
9383,561.009,47548.19,1,23,False,1234.2197
9384,672.7841,71896.53,1,28,False,1480.1251
9385,537.0968,12545.219,1,44,False,1181.613
9386,494.8268,18414.496,1,34,False,1088.619
9387,583.9541,38318.242,1,33,False,1284.6991
9388,1594.809,64401.977,1,50,False,3508.5798
9389,855.71313,138619.19,1,22,False,1882.569
9390,814.1647,24632.977,1,49,False,1791.1624
9391,473.81366,20519.793,1,25,False,1042.39
9392,705.6071,74676.4,1,30,False,1552.3357
9393,571.1421,44849.15,1,28,False,1256.5126
9394,492.24738,10751.051,1,41,False,1082.9442
9395,487.74643,23982.457,1,26,False,1073.0421
9396,882.9556,43233.195,1,44,False,1942.5024
9397,625.4928,44197.145,1,34,False,1376.0842
9398,714.7889,53726.676,1,36,False,1572.5355
9399,670.928,17668.217,1,48,False,1476.0416
9400,603.9448,45024.7,1,32,False,1328.6786
9401,757.4836,106664.21,1,23,False,1666.4639
9402,487.92407,4962.5293,1,51,False,1073.433
9403,529.06934,39889.414,1,20,False,1163.9525
9404,677.7765,13229.463,1,52,False,1491.1083
9405,1463.0037,48727.21,1,52,False,3218.6082
9406,463.2719,15002.174,1,30,False,1019.19824
9407,1023.0206,55661.16,1,44,False,2250.6455
9408,2299.3496,183705.17,1,43,False,5058.5693
9409,544.5426,22838.684,1,37,False,1197.9938
9410,831.6454,25648.12,1,49,False,1829.6199
9411,515.15674,34334.2,1,22,False,1133.3448
9412,1597.0121,64519.58,1,50,False,3513.4268
9413,689.2109,22126.72,1,46,False,1516.2639
9414,533.45996,36886.812,1,26,False,1173.6119
9415,654.41534,29266.129,1,41,False,1439.7137
9416,982.8018,34425.617,1,49,False,2162.164
9417,2078.0886,65127.836,1,54,False,4571.795
9418,1078.6466,77701.46,1,41,False,2373.0227
9419,780.92676,15341.821,1,54,False,1718.039
9420,810.19867,64924.79,1,37,False,1782.4371
9421,8664.604,619326.3,1,46,False,19062.129
9422,1012.0442,171984.28,1,26,False,2226.4973
9423,529.5263,29920.291,1,31,False,1164.9579
9424,779.84106,55564.574,1,38,False,1715.6504
9425,579.93146,48674.75,1,27,False,1275.8492
9426,683.8986,72210.59,1,29,False,1504.577
9427,1174.1257,35667.906,1,52,False,2583.0767
9428,534.6853,40314.176,1,22,False,1176.3077
9429,685.19135,27864.79,1,43,False,1507.421
9430,3267.6326,120105.9,1,53,False,7188.792
9431,1923.1786,64122.797,1,53,False,4230.993
9432,617.39264,64513.07,1,23,False,1358.2638
9433,3316.5188,132519.03,1,52,False,7296.3413
9434,1785.5162,134096.75,1,43,False,3928.1357
9435,1188.3798,115309.69,1,38,False,2614.4355
9436,3052.656,130915.79,1,51,False,6715.8433
9437,963.54736,174540.61,1,21,False,2119.8042
9438,500.39105,23074.49,1,31,False,1100.8604
9439,1256.0844,39373.01,1,52,False,2763.3857
9440,1002.74634,88162.5,1,38,False,2206.042
9441,480.867,24620.99,1,20,False,1057.9075
9442,554.1904,37390.605,1,30,False,1219.219
9443,1054.0465,58414.07,1,44,False,2318.9023
9444,997.2572,41592.28,1,47,False,2193.9658
9445,733.1075,52711.73,1,37,False,1612.8365
9446,587.8138,19999.547,1,42,False,1293.1903
9447,1458.2513,48512.39,1,52,False,3208.153
9448,619.3946,55658.914,1,29,False,1362.6681
9449,1176.7827,182003.61,1,31,False,2588.922
9450,525.88904,40330.96,1,18,False,1156.9559
9451,619.8413,29719.756,1,39,False,1363.6509
9452,1172.7441,88444.766,1,41,False,2580.037
9453,417.8548,3944.112,1,29,False,919.2806
9454,536.9836,38789.293,1,25,False,1181.3639
9455,543.27325,33150.316,1,31,False,1195.2012
9456,594.17523,61606.066,1,19,False,1307.1855
9457,3637.4326,135504.39,1,53,False,8002.352
9458,1104.7246,172957.86,1,30,False,2430.3943
9459,592.052,60921.195,1,19,False,1302.5144
9460,451.00507,14449.734,1,23,False,992.2112
9461,509.49216,33137.77,1,21,False,1120.8828
9462,564.25415,36175.53,1,32,False,1241.3591
9463,614.8907,67073.92,1,20,False,1352.7595
9464,1092.1815,52301.25,1,46,False,2402.7993
9465,811.7012,28829.078,1,47,False,1785.7427
9466,732.56915,18369.73,1,50,False,1611.6522
9467,895.06665,24957.178,1,51,False,1969.1467
9468,524.31866,24233.73,1,34,False,1153.5011
9469,4432.365,182963.12,1,52,False,9751.204
9470,818.8016,27012.402,1,48,False,1801.3635
9471,986.9912,52464.242,1,44,False,2171.3806
9472,2108.4058,108502.82,1,48,False,4638.4927
9473,1316.0953,58436.555,1,48,False,2895.41
9474,632.07574,20972.686,1,44,False,1390.5667
9475,737.58405,109957.18,1,18,False,1622.6849
9476,819.37476,66378.47,1,37,False,1802.6245
9477,432.3936,8702.695,1,24,False,951.2659
9478,1584.446,135449.67,1,41,False,3485.7815
9479,1354.9442,100557.2,1,42,False,2980.8774
9480,1021.5856,65550.664,1,42,False,2247.4883
9481,4823.7695,184903.45,1,53,False,10612.293
9482,2953.6062,98730.82,1,54,False,6497.9336
9483,1242.8116,123269.92,1,38,False,2734.1858
9484,1686.8799,114565.22,1,44,False,3711.1357
9485,697.2857,91620.79,1,21,False,1534.0286
9486,566.0614,11933.108,1,47,False,1245.3351
9487,472.4855,13129.337,1,35,False,1039.4681
9488,1263.095,98760.266,1,41,False,2778.809
9489,848.1141,133933.53,1,23,False,1865.851
9490,1014.29614,28442.494,1,52,False,2231.4517
9491,475.45224,20512.055,1,26,False,1045.995
9492,1864.7859,61691.312,1,53,False,4102.529
9493,586.72296,15648.564,1,45,False,1290.7905
9494,597.9165,43680.63,1,32,False,1315.4164
9495,620.74945,37635.125,1,36,False,1365.6488
9496,565.3131,41781.668,1,29,False,1243.6888
9497,3675.0662,225781.52,1,47,False,8085.1455
9498,509.45004,30109.172,1,26,False,1120.7902
9499,786.4981,52182.645,1,39,False,1730.2959
9500,873.3726,17501.701,1,55,False,1921.4198
9501,801.295,106093.66,1,28,False,1762.849
9502,560.3933,43308.746,1,27,False,1232.8654
9503,1969.1028,128338.28,1,45,False,4332.0264
9504,563.6607,7002.9907,1,54,False,1240.0536
9505,553.8157,47728.0,1,20,False,1218.3945
9506,591.10474,55574.53,1,24,False,1300.4304
9507,1054.786,103672.99,1,37,False,2320.5293
9508,621.3043,29916.914,1,39,False,1366.8695
9509,720.63934,93829.836,1,24,False,1585.4066
9510,1110.4292,32788.395,1,52,False,2442.9443
9511,567.1283,53894.516,1,18,False,1247.6823
9512,764.33307,104541.516,1,25,False,1681.5328
9513,508.58926,23764.846,1,32,False,1118.8964
9514,709.1012,90422.28,1,24,False,1560.0227
9515,1196.5677,65362.26,1,45,False,2632.4492
9516,557.8267,38285.977,1,30,False,1227.2189
9517,492.33832,29296.197,1,18,False,1083.1443
9518,441.82095,9312.521,1,31,False,972.0061
9519,1341.681,46890.273,1,51,False,2951.6982
9520,522.04285,38337.24,1,19,False,1148.4943
9521,706.2716,83373.33,1,27,False,1553.7976
9522,645.8912,76893.5,1,20,False,1420.9606
9523,2988.657,117697.39,1,52,False,6575.0454
9524,843.9855,121195.68,1,27,False,1856.7681
9525,2407.4016,624189.06,1,21,False,5296.2837
9526,740.2338,75410.836,1,32,False,1628.5144
9527,521.20154,25119.553,1,33,False,1146.6434
9528,1923.7115,96831.984,1,48,False,4232.1655
9529,1003.48914,180683.39,1,23,False,2207.676
9530,749.36145,73108.23,1,33,False,1648.5952
9531,434.46387,9139.358,1,25,False,955.82056
9532,1732.6564,77968.99,1,49,False,3811.844
9533,498.50693,30208.566,1,20,False,1096.7152
9534,666.1364,17365.445,1,48,False,1465.5001
9535,603.59436,58053.93,1,25,False,1327.9076
9536,459.97424,14751.887,1,29,False,1011.94336
9537,2892.642,113356.836,1,52,False,6363.8125
9538,1251.7719,89722.93,1,42,False,2753.8982
9539,1129.5825,46650.695,1,48,False,2485.0815
9540,508.1867,32199.807,1,22,False,1118.0107
9541,808.2951,43152.64,1,42,False,1778.2493
9542,492.79068,22271.121,1,30,False,1084.1395
9543,546.2004,47011.28,1,18,False,1201.6409
9544,440.13974,5136.9307,1,40,False,968.30743
9545,584.6807,53677.344,1,24,False,1286.2976
9546,585.0576,54784.043,1,23,False,1287.1268
9547,713.5083,98311.67,1,20,False,1569.7183
9548,2037.0538,63552.875,1,54,False,4481.5186
9549,759.8946,109277.53,1,22,False,1671.7682
9550,1022.91754,77451.19,1,40,False,2250.4187
9551,982.17377,114576.47,1,34,False,2160.7822
9552,1845.0942,407142.44,1,26,False,4059.2075
9553,2063.5513,69967.914,1,53,False,4539.813
9554,608.00696,57930.402,1,26,False,1337.6154
9555,1103.0653,129238.836,1,35,False,2426.7437
9556,1208.8634,34378.723,1,53,False,2659.4995
9557,710.696,45452.727,1,38,False,1563.5312
9558,2205.6233,70022.65,1,54,False,4852.3716
9559,992.8282,52982.15,1,44,False,2184.2222
9560,990.6814,52791.688,1,44,False,2179.499
9561,766.6163,102703.516,1,26,False,1686.5558
9562,452.65436,12873.605,1,29,False,995.8396
9563,2006.0184,254370.1,1,37,False,4413.2407
9564,679.7665,73754.58,1,28,False,1495.4863
9565,539.0146,36299.863,1,28,False,1185.8322
9566,1333.5724,183913.47,1,34,False,2933.8594
9567,696.17596,54317.707,1,35,False,1531.5872
9568,1345.2993,55475.52,1,49,False,2959.6584
9569,1478.338,42108.953,1,54,False,3252.3438
9570,2951.3762,161770.38,1,48,False,6493.028
9571,578.59357,49627.355,1,26,False,1272.9059
9572,532.24164,31985.742,1,30,False,1170.9316
9573,760.05304,111167.87,1,21,False,1672.1167
9574,2429.8716,128816.3,1,48,False,5345.718
9575,1261.306,180785.22,1,33,False,2774.8733
9576,1015.176,83005.12,1,39,False,2233.3872
9577,3912.5642,125090.34,1,55,False,8607.642
9578,1359.1011,40634.62,1,53,False,2990.0225
9579,1176.6719,113597.62,1,38,False,2588.6782
9580,808.19293,90562.58,1,32,False,1778.0245
9581,1125.1989,76431.22,1,42,False,2475.4375
9582,449.28235,14386.974,1,21,False,988.4212
9583,551.1935,36652.582,1,30,False,1212.6257
9584,573.5528,48204.434,1,26,False,1261.8162
9585,644.65063,76500.695,1,20,False,1418.2314
9586,2130.9458,341249.1,1,34,False,4688.081
9587,2250.8599,99426.445,1,50,False,4951.8916
9588,526.12103,26154.266,1,33,False,1157.4663
9589,779.45874,34049.938,1,44,False,1714.8093
9590,1844.8693,152005.08,1,42,False,4058.7124
9591,512.235,32872.84,1,23,False,1126.917
9592,785.3973,112954.67,1,24,False,1727.874
9593,920.3122,54915.777,1,42,False,2024.6869
9594,548.44684,43768.39,1,23,False,1206.5831
9595,962.9667,33273.812,1,49,False,2118.5266
9596,433.9635,4370.526,1,40,False,954.7197
9597,1339.3466,77001.42,1,45,False,2946.5625
9598,498.65,21548.78,1,32,False,1097.03
9599,833.0996,16076.023,1,55,False,1832.8192
9600,1278.854,60961.516,1,47,False,2813.4788
9601,1019.97015,113938.33,1,35,False,2243.9343
9602,502.427,12865.851,1,40,False,1105.3395
9603,773.8204,111579.734,1,23,False,1702.4049
9604,808.004,24275.273,1,49,False,1777.6089
9605,668.41943,84029.49,1,20,False,1470.5228
9606,649.50397,79454.33,1,19,False,1428.9088
9607,1062.0183,42381.344,1,48,False,2336.4404
9608,595.04315,51209.31,1,28,False,1309.095
9609,967.64703,36417.984,1,48,False,2128.8235
9610,653.05255,61735.11,1,30,False,1436.7157
9611,787.3216,61300.492,1,37,False,1732.1075
9612,481.00723,23876.98,1,22,False,1058.216
9613,730.4666,16873.72,1,51,False,1607.0266
9614,1379.2607,112023.24,1,41,False,3034.3738
9615,836.0692,58864.11,1,39,False,1839.3523
9616,725.0671,100272.555,1,21,False,1595.1476
9617,936.27136,29244.748,1,50,False,2059.797
9618,517.9605,25854.18,1,32,False,1139.5132
9619,507.5808,22254.705,1,33,False,1116.6779
9620,1422.346,43268.156,1,53,False,3129.1611
9621,780.49194,60218.523,1,37,False,1717.0823
9622,1045.8334,32361.295,1,51,False,2300.8335
9623,994.9513,174842.0,1,24,False,2188.8928
9624,682.2203,29913.348,1,42,False,1500.8846
9625,785.4965,61011.35,1,37,False,1728.0924
9626,568.5831,24670.016,1,38,False,1250.8829
9627,1141.5105,29181.268,1,54,False,2511.3232
9628,558.06714,46663.062,1,23,False,1227.7477
9629,869.5964,25685.18,1,50,False,1913.112
9630,630.76373,53707.645,1,31,False,1387.6803
9631,1133.1118,71109.695,1,43,False,2492.846
9632,1157.2632,119907.734,1,37,False,2545.979
9633,479.43958,21075.277,1,27,False,1054.7671
9634,673.6567,57185.297,1,33,False,1482.0447
9635,575.95435,47582.473,1,27,False,1267.0996
9636,514.6374,11398.457,1,43,False,1132.2023
9637,467.1214,20266.988,1,20,False,1027.6671
9638,713.34357,73111.15,1,31,False,1569.3558
9639,558.7139,16943.725,1,42,False,1229.1707
9640,927.07367,47147.766,1,44,False,2039.5621
9641,547.5835,9152.884,1,49,False,1204.6837
9642,740.97565,46046.93,1,39,False,1630.1465
9643,482.7945,9671.813,1,41,False,1062.148
9644,1184.3646,30826.053,1,54,False,2605.6023
9645,580.0358,35227.676,1,34,False,1276.0789
9646,843.36523,55171.332,1,40,False,1855.4036
9647,551.452,40853.074,1,27,False,1213.1945
9648,527.0944,18602.623,1,38,False,1159.6078
9649,577.1792,18882.791,1,42,False,1269.7943
9650,447.22348,13745.839,1,21,False,983.89166
9651,721.50055,58980.766,1,35,False,1587.3013
9652,579.6943,56934.73,1,19,False,1275.3274
9653,681.97565,85417.375,1,22,False,1500.3464
9654,841.2595,33512.203,1,46,False,1850.771
9655,731.6668,12485.254,1,55,False,1609.667
9656,525.7287,38831.18,1,20,False,1156.6031
9657,805.26624,50443.84,1,40,False,1771.5858
9658,490.32288,19692.223,1,32,False,1078.7103
9659,893.4673,21245.63,1,53,False,1965.628
9660,1139.4274,71719.414,1,43,False,2506.7402
9661,586.42096,54191.293,1,24,False,1290.1261
9662,3605.6533,123756.82,1,54,False,7932.4375
9663,3804.5964,198284.66,1,49,False,8370.112
9664,529.68964,15025.911,1,41,False,1165.3173
9665,582.7515,35763.54,1,34,False,1282.0533
9666,923.0017,55198.215,1,42,False,2030.6038
9667,937.71515,66878.78,1,40,False,2062.9734
9668,1059.4291,112699.836,1,36,False,2330.7441
9669,712.53625,89561.27,1,25,False,1567.5798
9670,808.9803,124308.586,1,22,False,1779.7567
9671,1456.2281,52515.65,1,51,False,3203.702
9672,505.32587,30241.646,1,24,False,1111.7169
9673,1533.0111,237932.78,1,33,False,3372.6245
9674,935.6364,56525.008,1,42,False,2058.4001
9675,758.9794,41204.4,1,41,False,1669.7546
9676,556.6702,21205.225,1,39,False,1224.6746
9677,788.3128,56803.49,1,38,False,1734.2882
9678,798.40625,111677.48,1,26,False,1756.4938
9679,805.7524,33503.527,1,45,False,1772.6553
9680,577.6199,44939.6,1,29,False,1270.7638
9681,1971.2937,61028.938,1,54,False,4336.846
9682,1152.1646,72949.164,1,43,False,2534.762
9683,817.2623,40615.707,1,43,False,1797.9772
9684,806.9988,36493.555,1,44,False,1775.3973
9685,1063.4955,33228.68,1,51,False,2339.6902
9686,692.4995,20629.99,1,47,False,1523.4989
9687,894.2471,27001.18,1,50,False,1967.3436
9688,649.01654,26426.56,1,42,False,1427.8364
9689,760.5581,14560.048,1,54,False,1673.2279
9690,770.73303,110650.74,1,23,False,1695.6127
9691,1284.0016,66664.805,1,46,False,2824.8035
9692,728.2225,56025.375,1,36,False,1602.0895
9693,858.98114,141976.48,1,21,False,1889.7585
9694,1796.4836,88792.39,1,48,False,3952.2642
9695,1021.68396,26584.557,1,53,False,2247.7048
9696,799.47986,127834.42,1,19,False,1758.8557
9697,1523.8604,108834.914,1,43,False,3352.493
9698,465.42377,20443.924,1,18,False,1023.9323
9699,1228.4149,102950.45,1,40,False,2702.513
9700,519.42566,34405.74,1,24,False,1142.7365
9701,747.3667,111023.47,1,19,False,1644.2068
9702,791.7783,38155.336,1,43,False,1741.9124
9703,641.46326,32634.07,1,39,False,1411.2192
9704,515.01843,35438.676,1,20,False,1133.0405
9705,488.93018,22972.283,1,28,False,1075.6464
9706,462.10352,15298.243,1,29,False,1016.62775
9707,433.97012,6772.1934,1,33,False,954.7343
9708,791.2964,21504.982,1,50,False,1740.852
9709,1896.0896,410149.47,1,27,False,4171.397
9710,700.03845,73305.21,1,30,False,1540.0846
9711,1268.2747,222160.72,1,29,False,2790.2043
9712,597.95215,38762.86,1,34,False,1315.4948
9713,517.23157,34376.246,1,23,False,1137.9094
9714,2127.0913,197404.62,1,41,False,4679.601
9715,619.94165,67534.12,1,21,False,1363.8717
9716,861.0135,23284.842,1,51,False,1894.2297
9717,1598.6741,82959.87,1,47,False,3517.083
9718,832.5228,136010.31,1,20,False,1831.5503
9719,711.7437,15954.247,1,51,False,1565.8362
9720,1446.7767,72511.83,1,47,False,3182.909
9721,618.35815,16821.254,1,46,False,1360.388
9722,1992.5082,130246.3,1,45,False,4383.518
9723,970.0078,60134.383,1,42,False,2134.0173
9724,1409.7925,82744.04,1,45,False,3101.5435
9725,560.49805,42016.73,1,28,False,1233.0957
9726,445.3764,12022.033,1,26,False,979.8281
9727,1296.3401,35123.742,1,54,False,2851.9482
9728,797.9491,105203.3,1,28,False,1755.488
9729,1840.732,246392.56,1,36,False,4049.6106
9730,741.52686,62668.258,1,35,False,1631.3591
9731,695.64435,28873.982,1,43,False,1530.4176
9732,691.03235,76752.445,1,28,False,1520.2712
9733,1125.6782,97899.24,1,39,False,2476.4922
9734,572.3212,55602.38,1,18,False,1259.1067
9735,617.3008,52931.273,1,30,False,1358.0618
9736,702.1243,59317.812,1,34,False,1544.6736
9737,703.37,51772.715,1,36,False,1547.4141
9738,2171.3242,63449.72,1,55,False,4776.9136
9739,1243.2515,215739.92,1,29,False,2735.1533
9740,587.02673,9829.426,1,51,False,1291.4589
9741,542.8255,41316.355,1,24,False,1194.2162
9742,710.43164,23715.758,1,46,False,1562.9496
9743,830.37024,128594.68,1,23,False,1826.8146
9744,705.3481,44670.676,1,38,False,1551.7659
9745,663.01605,78240.45,1,23,False,1458.6354
9746,4462.082,156627.19,1,54,False,9816.581
9747,472.96332,21056.627,1,23,False,1040.5193
9748,607.33356,32786.24,1,37,False,1336.1339
9749,3323.4143,144212.64,1,51,False,7311.5117
9750,498.7276,20392.613,1,33,False,1097.2007
9751,718.11957,33683.184,1,42,False,1579.863
9752,445.52078,13897.912,1,18,False,980.14575
9753,1069.4757,148816.45,1,32,False,2352.8467
9754,632.35846,31406.842,1,39,False,1391.1886
9755,643.80756,66217.94,1,27,False,1416.3767
9756,987.05426,85867.66,1,38,False,2171.5195
9757,488.90833,26296.438,1,22,False,1075.5984
9758,480.21857,10900.655,1,39,False,1056.4808
9759,1474.1676,41948.88,1,54,False,3243.1687
9760,531.54767,41403.31,1,19,False,1169.4049
9761,564.2293,47637.496,1,24,False,1241.3046
9762,892.1766,47848.348,1,43,False,1962.7885
9763,648.25073,33548.92,1,39,False,1426.1516
9764,518.00635,32524.484,1,26,False,1139.614
9765,953.785,63445.79,1,41,False,2098.327
9766,664.4909,25866.2,1,43,False,1461.88
9767,652.7889,46328.82,1,35,False,1436.1356
9768,501.99405,31869.709,1,19,False,1104.387
9769,659.5676,63339.375,1,30,False,1451.0488
9770,806.3751,121374.89,1,23,False,1774.0253
9771,859.30164,125402.08,1,27,False,1890.4636
9772,2115.2754,140254.1,1,45,False,4653.606
9773,761.82886,38273.156,1,42,False,1676.0236
9774,1220.4163,40935.0,1,51,False,2684.9158
9775,458.3494,18117.19,1,18,False,1008.3687
9776,790.3263,38015.113,1,43,False,1738.7179
9777,587.7509,39116.83,1,33,False,1293.052
9778,801.26886,30517.64,1,46,False,1762.7915
9779,531.58685,30404.436,1,31,False,1169.4911
9780,459.66373,12856.692,1,32,False,1011.2602
9781,493.9954,17089.99,1,35,False,1086.7899
9782,783.7623,51813.87,1,39,False,1724.2772
9783,1474.0948,53393.105,1,51,False,3243.0088
9784,689.2623,73586.95,1,29,False,1516.3772
9785,560.88824,40646.285,1,29,False,1233.9542
9786,1595.262,50468.348,1,53,False,3509.5764
9787,913.56647,135969.5,1,28,False,2009.8463
9788,817.8706,47928.117,1,41,False,1799.3154
9789,1000.9179,30155.512,1,51,False,2202.0195
9790,493.4557,19283.787,1,33,False,1085.6025
9791,2019.6271,94633.06,1,49,False,4443.1797
9792,449.30423,12798.7705,1,27,False,988.4693
9793,830.24274,25566.633,1,49,False,1826.534
9794,627.4982,69887.48,1,21,False,1380.4961
9795,686.27637,10878.414,1,55,False,1509.808
9796,626.26764,30585.902,1,39,False,1377.7888
9797,1134.1395,55443.086,1,46,False,2495.107
9798,567.03107,36794.664,1,32,False,1247.4684
9799,533.93414,22779.748,1,36,False,1174.6552
9800,1020.18805,31101.857,1,51,False,2244.4138
9801,1573.8916,96121.26,1,45,False,3462.5615
9802,1190.6292,216399.22,1,27,False,2619.3843
9803,684.8166,55902.77,1,34,False,1506.5966
9804,610.5394,10189.88,1,52,False,1343.1868
9805,651.8085,78767.84,1,20,False,1433.9786
9806,1190.5996,36412.65,1,52,False,2619.319
9807,473.4076,20815.227,1,24,False,1041.4967
9808,514.36914,26358.863,1,31,False,1131.6122
9809,518.2475,27270.107,1,31,False,1140.1445
9810,454.19678,16173.028,1,20,False,999.2329
9811,587.7533,47539.836,1,29,False,1293.0573
9812,1149.1685,215840.66,1,25,False,2528.1707
9813,478.2646,20752.57,1,27,False,1052.1821
9814,1169.4684,210587.38,1,27,False,2572.8306
9815,642.1802,59057.785,1,30,False,1412.7964
9816,693.38544,46418.83,1,37,False,1525.448
9817,559.2906,38646.457,1,30,False,1230.4393
9818,841.7586,26235.348,1,49,False,1851.869
9819,907.6606,63149.51,1,40,False,1996.8533
9820,659.9769,75914.39,1,24,False,1451.9492
9821,425.8196,7184.376,1,20,False,936.80316
9822,3014.7124,382394.84,1,38,False,6632.367
9823,445.45898,11742.726,1,27,False,980.00977
9824,510.54703,32922.62,1,22,False,1123.2035
9825,501.18353,6458.4717,1,49,False,1102.6038
9826,655.1038,40354.207,1,37,False,1441.2284
9827,754.5945,34565.355,1,43,False,1660.1079
9828,1246.3202,33203.934,1,54,False,2741.9045
9829,651.0556,63783.207,1,29,False,1432.3224
9830,548.52606,41139.703,1,26,False,1206.7573
9831,925.86554,76919.39,1,38,False,2036.9042
9832,462.7505,18581.35,1,21,False,1018.0511
9833,1767.1342,53193.15,1,54,False,3887.6953
9834,498.36917,30164.877,1,20,False,1096.4122
9835,518.4534,37179.273,1,19,False,1140.5975
9836,666.3638,62072.43,1,31,False,1466.0004
9837,506.73993,33400.754,1,19,False,1114.8279
9838,740.3717,45965.47,1,39,False,1628.8177
9839,467.88388,19858.393,1,22,False,1029.3446
9840,940.7337,120112.98,1,32,False,2069.6143
9841,1120.4072,89548.305,1,40,False,2464.896
9842,913.15027,54163.64,1,42,False,2008.9307
9843,537.50494,41177.625,1,22,False,1182.5109
9844,872.97656,45994.68,1,43,False,1920.5485
9845,1090.788,118065.75,1,36,False,2399.7336
9846,1973.4176,84614.66,1,50,False,4341.519
9847,1218.1627,119665.27,1,38,False,2679.958
9848,1100.9255,38035.13,1,50,False,2422.0361
9849,732.144,73607.17,1,32,False,1610.7168
9850,2273.939,129406.96,1,47,False,5002.666
9851,576.1726,23833.838,1,39,False,1267.5797
9852,479.66827,22664.248,1,24,False,1055.2703
9853,1655.7485,62314.03,1,51,False,3642.647
9854,710.5619,18616.895,1,49,False,1563.2362
9855,538.25287,11697.358,1,45,False,1184.1564
9856,2416.3643,127962.8,1,48,False,5316.0015
9857,2719.2837,147104.3,1,48,False,5982.4243
9858,484.97873,19453.117,1,31,False,1066.9532
9859,454.14636,15901.82,1,21,False,999.122
9860,495.11392,29650.27,1,19,False,1089.2506
9861,1930.93,136219.8,1,44,False,4248.0464
9862,1119.8633,35996.88,1,51,False,2463.6992
9863,1176.6998,53934.97,1,47,False,2588.7397
9864,921.3042,64842.445,1,40,False,2026.8693
9865,590.6794,57460.7,1,22,False,1299.4946
9866,2257.772,165220.33,1,44,False,4967.0986
9867,535.41754,28109.572,1,33,False,1177.9186
9868,566.00726,46074.406,1,26,False,1245.2161
9869,1133.456,60217.535,1,45,False,2493.6033
9870,630.3567,48078.086,1,33,False,1386.7848
9871,460.59045,18854.32,1,18,False,1013.299
9872,556.02484,15394.258,1,43,False,1223.2546
9873,595.88556,15138.5,1,46,False,1310.9482
9874,2362.5195,89391.61,1,52,False,5197.543
9875,489.1859,25937.781,1,23,False,1076.209
9876,859.78357,72780.125,1,37,False,1891.5239
9877,867.48694,53592.945,1,41,False,1908.4713
9878,504.81323,22922.92,1,32,False,1110.5891
9879,482.10956,23385.209,1,24,False,1060.641
9880,575.7379,55658.43,1,19,False,1266.6234
9881,591.2708,53205.98,1,26,False,1300.7958
9882,717.6258,74117.29,1,31,False,1578.7767
9883,727.5642,34675.01,1,42,False,1600.6412
9884,530.2175,25397.654,1,34,False,1166.4786
9885,838.7104,54593.75,1,40,False,1845.1628
9886,2150.5232,155704.23,1,44,False,4731.1514
9887,503.46112,11141.532,1,42,False,1107.6145
9888,489.19635,26384.61,1,22,False,1076.2319
9889,656.29224,80188.1,1,20,False,1443.8429
9890,684.44543,59454.51,1,33,False,1505.78
9891,1108.6655,81128.836,1,41,False,2439.0642
9892,525.45886,35456.23,1,25,False,1156.0095
9893,446.61035,13769.971,1,20,False,982.5428
9894,5342.4717,190417.14,1,54,False,11753.4375
9895,908.6276,118996.22,1,31,False,1998.9808
9896,576.5204,49042.168,1,26,False,1268.3448
9897,866.13586,25500.41,1,50,False,1905.4989
9898,844.7013,33769.867,1,46,False,1858.3429
9899,621.37427,60056.742,1,27,False,1367.0234
9900,541.3586,40883.117,1,24,False,1190.9889
9901,570.2763,49423.383,1,24,False,1254.6079
9902,5104.83,181296.31,1,54,False,11230.626
9903,2897.3123,104685.766,1,53,False,6374.087
9904,818.64014,19597.465,1,52,False,1801.0083
9905,591.15533,53173.4,1,26,False,1300.5417
9906,1006.1326,32974.42,1,50,False,2213.492
9907,660.049,63457.953,1,30,False,1452.1079
9908,560.948,47529.848,1,23,False,1234.0856
9909,3790.661,537098.8,1,37,False,8339.454
9910,617.5779,70487.28,1,18,False,1358.6714
9911,945.68506,44910.688,1,45,False,2080.507
9912,4151.3745,218421.75,1,49,False,9133.024
9913,1688.84,58936.617,1,52,False,3715.448
9914,518.3028,14835.806,1,40,False,1140.2662
9915,1386.3486,45261.89,1,52,False,3049.967
9916,1175.3188,81694.414,1,42,False,2585.7014
9917,1226.026,73673.75,1,44,False,2697.2573
9918,1053.8121,111738.664,1,36,False,2318.3867
9919,608.5794,56542.703,1,27,False,1338.8748
9920,1888.495,53437.45,1,55,False,4154.689
9921,774.2575,16281.716,1,53,False,1703.3666
9922,3844.921,169823.69,1,51,False,8458.826
9923,689.8467,39155.47,1,39,False,1517.6627
9924,598.1074,22837.299,1,41,False,1315.8363
9925,2792.529,409259.47,1,36,False,6143.564
9926,1261.9554,191730.66,1,32,False,2776.302
9927,521.2575,34946.695,1,24,False,1146.7666
9928,439.30194,11106.005,1,22,False,966.4643
9929,712.8698,28141.514,1,44,False,1568.3136
9930,1067.2123,176855.23,1,28,False,2347.8672
9931,763.91675,57592.574,1,37,False,1680.6168
9932,464.55536,16987.436,1,27,False,1022.0218
9933,767.3209,93616.65,1,29,False,1688.1061
9934,834.42303,42272.492,1,43,False,1835.7307
9935,528.831,29756.912,1,31,False,1163.4282
9936,517.8293,31618.76,1,27,False,1139.2245
9937,875.5421,142186.14,1,23,False,1926.1927
9938,670.57904,77426.734,1,25,False,1475.2739
9939,449.56683,15228.625,1,18,False,989.04706
9940,792.78186,67072.49,1,36,False,1744.1201
9941,916.3084,54495.332,1,42,False,2015.8785
9942,710.93835,35719.504,1,41,False,1564.0645
9943,1031.5857,37258.426,1,49,False,2269.4885
9944,480.78375,25027.646,1,19,False,1057.7242
9945,509.8584,29429.627,1,27,False,1121.6885
9946,632.2437,63042.04,1,27,False,1390.9362
9947,581.60315,40043.527,1,32,False,1279.527
9948,1343.8391,77367.62,1,45,False,2956.446
9949,722.088,26683.338,1,45,False,1588.5936
9950,676.18115,88060.02,1,19,False,1487.5985
9951,940.3807,143105.0,1,28,False,2068.8376
9952,768.2972,49729.39,1,39,False,1690.2538
9953,638.2758,75832.3,1,19,False,1404.2068
9954,2262.1267,78236.58,1,53,False,4976.6787
9955,879.0244,33459.797,1,47,False,1933.8538
9956,895.69867,78469.89,1,37,False,1970.5371
9957,593.388,8143.951,1,54,False,1305.4536
9958,507.47296,5922.566,1,51,False,1116.4406
9959,528.4822,38414.707,1,22,False,1162.6608
9960,683.9564,82996.266,1,24,False,1504.7041
9961,719.3004,46711.03,1,38,False,1582.4609
9962,2393.8,90805.69,1,52,False,5266.3604
9963,468.96686,19118.08,1,25,False,1031.727
9964,1746.8243,101321.086,1,46,False,3843.0137
9965,1276.7101,184025.27,1,33,False,2808.7622
9966,718.5169,28642.584,1,44,False,1580.7372
9967,705.5925,92649.36,1,22,False,1552.3036
9968,609.13745,50921.113,1,30,False,1340.1024
9969,655.0155,71200.19,1,26,False,1441.0342
9970,1560.1279,183730.9,1,37,False,3432.2815
9971,622.90515,64966.1,1,24,False,1370.3914
9972,2782.527,92164.66,1,54,False,6121.5596
9973,507.18765,18203.016,1,36,False,1115.8129
9974,1814.3495,89921.375,1,48,False,3991.5688
9975,5499.7505,181277.45,1,55,False,12099.451
9976,509.12537,23884.328,1,32,False,1120.0758
9977,1054.9222,38613.598,1,49,False,2320.829
9978,2300.0479,86567.484,1,52,False,5060.1055
9979,1024.6759,71539.54,1,41,False,2254.287
9980,457.185,16848.148,1,21,False,1005.807
9981,604.89294,57051.37,1,26,False,1330.7645
9982,1049.804,38316.383,1,49,False,2309.5688
9983,1029.7332,23036.938,1,55,False,2265.413
9984,1412.109,148028.22,1,38,False,3106.64
9985,580.689,50218.895,1,26,False,1277.5159
9986,997.3767,109778.195,1,35,False,2194.2288
9987,467.9766,19556.205,1,23,False,1029.5486
9988,1377.2622,80092.28,1,45,False,3029.9768
9989,1340.8861,116906.516,1,40,False,2949.9495
9990,660.40814,41194.473,1,37,False,1452.898
9991,514.624,33591.695,1,23,False,1132.1729
9992,477.14484,17612.443,1,31,False,1049.7186
9993,508.44812,24967.646,1,31,False,1118.5859
9994,558.13135,34810.406,1,32,False,1227.889
9995,491.74258,22903.6,1,29,False,1081.8337
9996,571.1215,27049.424,1,37,False,1256.4674
9997,623.61206,56741.2,1,29,False,1371.9465
9998,596.76953,62442.965,1,19,False,1312.893
9999,774.156,119665.34,1,19,False,1703.1433
10000,494.9704,27183.342,1,24,False,1088.9349
