policy_id,issue_age,sum_assured
1,46,14288.936
2,51,141207.02
3,49,382587.47
4,29,57874.016
5,46,46374.09
6,21,38640.902
7,52,93453.36
8,32,78741.664
9,39,111588.92
10,53,30255.857
11,25,65635.53
12,38,32396.44
13,43,21452.7
14,25,48386.008
15,19,23903.21
16,43,127868.78
17,38,25090.436
18,29,66877.31
19,42,30854.578
20,40,62406.734
21,42,32878.723
22,52,18288.162
23,36,73629.164
24,19,41416.96
25,40,62853.773
26,41,35479.273
27,43,17282.143
28,28,118933.664
29,35,90145.875
30,48,31767.832
31,32,52870.543
32,28,115081.27
33,39,34687.95
34,35,39272.14
35,41,60759.836
36,47,34631.03
37,39,99255.43
38,53,43680.527
39,52,26703.49
40,43,81364.09
41,36,20051.791
42,54,250617.0
43,41,177331.36
44,22,75400.914
45,20,70491.195
46,50,67895.93
47,50,33809.68
48,39,63425.8
49,24,23891.361
50,23,74819.44
51,23,100113.1
52,32,36949.574
53,19,31060.645
54,21,18954.5
55,30,160514.97
56,41,33098.625
57,38,42650.19
58,44,63570.37
59,39,62664.125
60,47,90855.57
61,22,36912.824
62,55,20107.416
63,45,17480.584
64,45,31456.914
65,19,23348.73
66,27,39217.758
67,18,142321.14
68,38,36973.465
69,30,36962.44
70,37,49348.332
71,19,36144.438
72,38,47375.727
73,43,77070.33
74,50,101476.16
75,22,111563.46
76,37,259175.33
77,48,78847.1
78,29,298749.72
79,35,26865.355
80,52,266413.84
81,31,36881.945
82,31,39901.258
83,39,45427.832
84,46,41977.19
85,39,53554.258
86,40,31437.473
87,24,97124.414
88,42,32128.87
89,33,84479.7
90,19,169728.81
91,37,37575.082
92,42,94398.93
93,23,78206.32
94,31,303181.75
95,28,33386.73
96,44,94450.914
97,51,13615.572
98,41,33627.234
99,24,66336.305
100,54,152406.45
101,52,18751.549
102,46,93774.74
103,27,47533.953
104,47,14802.571
105,48,57817.56
106,53,196242.67
107,25,20403.06
108,29,45790.324
109,45,22707.875
110,27,34369.06
111,28,157237.77
112,28,40237.66
113,26,153434.78
114,33,121421.29
115,53,37406.06
116,27,33446.375
117,47,24415.64
118,32,23743.719
119,40,66326.46
120,18,49214.816
121,19,30360.385
122,41,14483.538
123,28,54432.75
124,19,34342.418
125,27,42767.773
126,29,63799.953
127,32,6757.0117
128,48,14664.114
129,36,313932.34
130,47,33339.223
131,25,6673.047
132,51,15675.06
133,48,364890.34
134,54,28492.049
135,21,126372.664
136,22,55087.2
137,41,33921.51
138,23,92979.53
139,20,7422.661
140,54,15785.896
141,29,33721.723
142,54,17076.436
143,31,31418.621
144,55,98987.484
145,46,55574.94
146,33,144968.52
147,26,58458.86
148,45,110607.914
149,24,47501.76
150,52,31180.803
151,38,163445.14
152,26,28347.611
153,37,65831.53
154,34,92493.734
155,35,98024.48
156,39,19681.299
157,55,115999.2
158,21,22847.89
159,21,95639.5
160,42,76719.95
161,52,96247.94
162,31,19068.164
163,34,80027.22
164,50,119163.67
165,32,58366.355
166,52,25974.873
167,26,104357.35
168,31,54770.883
169,43,13098.105
170,47,24411.918
171,40,32818.336
172,22,166780.34
173,28,144918.2
174,19,144546.0
175,43,60214.383
176,19,103844.945
177,45,20073.479
178,45,50272.867
179,37,71760.14
180,55,21159.812
181,45,59142.67
182,42,192738.5
183,39,78181.95
184,45,104173.65
185,24,7029.3726
186,55,173885.69
187,49,43082.855
188,46,27033.422
189,21,43480.508
190,25,15241.245
191,21,115627.83
192,30,38233.285
193,39,27691.303
194,31,43710.09
195,26,122294.92
196,52,55544.79
197,50,16187.964
198,51,72530.54
199,31,23779.861
200,27,8909.714
201,34,165476.44
202,30,72082.18
203,46,46965.18
204,54,37922.152
205,53,152885.1
206,20,590959.3
207,24,71596.586
208,33,21940.084
209,45,44187.883
210,21,70561.25
211,47,7632.385
212,49,65341.17
213,19,70892.39
214,19,144473.6
215,30,132916.58
216,30,54650.63
217,33,167961.12
218,21,254822.1
219,41,51130.652
220,23,69865.55
221,53,12160.404
222,23,15662.109
223,29,25571.18
224,21,35062.367
225,33,20803.57
226,38,48580.715
227,35,35911.43
228,49,117770.664
229,36,34199.26
230,46,8025.698
231,55,55291.76
232,22,49435.293
233,26,25087.836
234,35,53948.125
235,49,21153.627
236,41,65098.074
237,43,410905.22
238,44,11793.383
239,24,33083.324
240,40,29102.35
241,53,35354.125
242,51,113064.98
243,18,77191.11
244,21,98596.55
245,27,51234.82
246,34,17363.035
247,55,20496.922
248,37,90833.734
249,55,57322.23
250,53,137028.5
251,21,63220.758
252,31,19406.557
253,33,32933.867
254,43,78560.914
255,48,88260.18
256,32,99098.06
257,42,21611.027
258,37,19128.873
259,25,42956.2
260,40,158235.1
261,31,28700.896
262,47,71952.09
263,26,71957.23
264,36,91894.5
265,40,189345.84
266,54,174434.3
267,39,31072.97
268,23,9334.401
269,21,29055.26
270,38,53120.39
271,29,37438.77
272,48,241372.69
273,33,50756.883
274,43,84351.49
275,26,59489.18
276,37,37891.11
277,38,10720.67
278,48,46952.145
279,42,675694.4
280,33,18475.7
281,44,11706.27
282,18,235364.28
283,53,90530.734
284,48,58087.99
285,34,148734.39
286,35,25708.494
287,51,45912.95
288,23,107355.555
289,21,270509.3
290,28,19632.523
291,54,139297.31
292,38,67863.23
293,41,56966.984
294,37,49691.785
295,40,16515.605
296,43,108039.21
297,38,26741.262
298,45,21078.855
299,42,101533.64
300,44,94003.33
301,36,53261.996
302,25,118588.305
303,42,156455.6
304,45,142394.62
305,51,32766.275
306,28,112539.805
307,51,59224.527
308,24,198889.47
309,46,45287.92
310,37,37594.047
311,54,30599.557
312,46,58174.86
313,38,72631.836
314,42,73758.25
315,29,66112.71
316,32,85528.75
317,26,41845.72
318,46,24878.668
319,31,23200.193
320,32,109078.07
321,18,72841.13
322,18,11328.853
323,39,120232.305
324,37,225060.92
325,42,28199.084
326,18,65428.047
327,22,34235.273
328,24,82654.44
329,49,19672.385
330,54,47222.312
331,26,109625.97
332,28,134369.36
333,54,70331.49
334,41,38121.816
335,39,13984.396
336,23,27275.346
337,18,34350.08
338,40,28612.28
339,55,52439.777
340,25,38035.23
341,49,57381.395
342,25,130859.58
343,28,36120.234
344,52,16539.135
345,29,28521.465
346,41,79749.766
347,55,86002.64
348,19,69192.41
349,44,141544.31
350,21,43074.56
351,28,258205.53
352,38,96213.79
353,20,6640.8037
354,34,211146.02
355,39,27070.207
356,34,21861.826
357,44,76023.305
358,25,12446.987
359,19,28664.162
360,44,173764.66
361,52,78022.484
362,50,95757.1
363,52,29562.14
364,26,14604.461
365,28,88012.336
366,50,105238.37
367,23,101495.83
368,50,59102.805
369,45,23066.201
370,22,351510.2
371,41,73394.79
372,36,43506.645
373,31,43661.363
374,52,56356.69
375,22,117649.47
376,45,58190.7
377,42,99368.336
378,47,56437.914
379,45,45701.902
380,30,83514.76
381,24,81016.42
382,42,43654.906
383,46,27457.996
384,26,65720.19
385,50,53234.246
386,46,32076.562
387,43,25485.32
388,25,69435.875
389,34,77641.266
390,49,37487.117
391,29,31439.762
392,33,25734.148
393,51,67885.805
394,38,26280.871
395,50,300344.66
396,30,36010.043
397,42,7183.966
398,46,48807.582
399,23,47162.363
400,34,121680.39
401,48,62961.535
402,40,25660.55
403,27,39761.914
404,46,64972.156
405,33,8848.532
406,41,145899.84
407,37,25715.324
408,54,155346.5
409,53,68442.58
410,52,82739.6
411,25,125406.664
412,28,79085.43
413,49,85655.375
414,41,43837.51
415,53,67340.234
416,39,31250.168
417,38,37988.906
418,24,240754.81
419,44,26192.37
420,49,56569.883
421,50,54751.14
422,53,38994.453
423,52,75455.555
424,33,80142.05
425,18,23840.066
426,37,54223.17
427,53,21033.768
428,52,93959.32
429,25,57582.164
430,52,53404.066
431,54,84711.22
432,47,40109.562
433,48,103880.44
434,49,23412.432
435,20,154705.64
436,31,32178.355
437,41,12872.326
438,20,38443.71
439,36,35108.684
440,43,38212.543
441,18,60180.082
442,33,120337.09
443,20,42890.84
444,20,28752.621
445,22,20303.344
446,22,34380.062
447,21,11042.629
448,43,27991.938
449,46,135269.1
450,33,25876.512
451,19,82681.484
452,44,18743.318
453,48,206210.95
454,23,217480.33
455,31,80225.41
456,31,245924.62
457,19,66463.8
458,53,92465.6
459,44,137217.89
460,45,57731.2
461,43,14441.717
462,28,93990.5
463,26,34279.082
464,35,36379.273
465,35,63455.504
466,23,78653.15
467,32,56380.914
468,18,83146.71
469,32,28404.207
470,38,48320.695
471,43,98621.7
472,41,206490.81
473,53,274011.88
474,46,70697.086
475,48,97908.26
476,19,244028.83
477,24,29234.637
478,45,82746.59
479,30,92452.72
480,23,159224.02
481,48,20131.986
482,45,23582.346
483,48,50862.645
484,53,67640.38
485,29,122770.18
486,26,75645.51
487,49,44295.914
488,21,69769.164
489,34,63615.59
490,55,201953.23
491,28,57085.5
492,52,36802.15
493,46,71644.06
494,52,58604.49
495,34,14228.234
496,37,49377.82
497,34,46128.566
498,49,32360.078
499,20,114490.25
500,21,26668.4
501,41,71989.33
502,31,44422.113
503,47,54498.816
504,24,69508.71
505,40,17565.97
506,54,58285.406
507,53,312055.47
508,40,14391.134
509,47,47747.973
510,35,122807.055
511,42,63644.848
512,44,86695.03
513,44,7474.4473
514,32,80690.63
515,32,27185.193
516,24,64066.707
517,28,48836.363
518,30,309416.88
519,19,77430.38
520,46,45692.03
521,36,14943.386
522,53,55088.477
523,22,96602.64
524,36,46879.547
525,30,33364.684
526,44,31625.182
527,48,76717.984
528,49,91792.75
529,37,148560.33
530,24,22556.496
531,33,76157.62
532,43,45361.324
533,28,46443.46
534,47,68957.04
535,39,69279.43
536,30,76327.82
537,23,21456.895
538,45,27444.723
539,41,164139.66
540,51,41911.7
541,19,63869.027
542,18,116251.516
543,39,72441.37
544,49,77419.69
545,50,102277.03
546,32,9195.296
547,29,33786.555
548,52,72741.18
549,19,151735.44
550,45,52714.97
551,23,25438.145
552,28,25985.902
553,42,101403.945
554,49,42005.65
555,45,49712.824
556,49,81781.18
557,45,4907.6934
558,31,247724.44
559,32,27859.219
560,21,60677.45
561,37,12784.908
562,55,35658.59
563,50,135337.73
564,47,10795.067
565,54,123098.28
566,48,40167.816
567,52,73829.22
568,28,84609.16
569,39,71176.32
570,36,25029.684
571,28,37351.9
572,24,15530.068
573,26,74103.3
574,37,195130.22
575,55,11617.009
576,32,27186.113
577,19,43232.945
578,49,57437.43
579,45,101024.6
580,55,44268.043
581,42,38832.44
582,39,120847.27
583,45,84912.34
584,35,76953.81
585,55,54709.402
586,50,109787.29
587,46,29576.363
588,46,26519.162
589,18,90822.2
590,23,13626.197
591,43,53826.54
592,44,38813.816
593,23,16239.057
594,33,23736.38
595,55,45825.566
596,40,114341.96
597,44,29655.768
598,52,131990.27
599,18,52592.125
600,35,142640.97
601,30,30828.195
602,19,48085.242
603,44,67142.01
604,40,43311.348
605,42,107172.78
606,46,8550.349
607,20,347216.12
608,55,99309.64
609,24,43518.996
610,32,32142.066
611,47,25000.268
612,25,83806.91
613,19,110831.2
614,23,43903.855
615,52,121221.0
616,25,24196.668
617,39,21009.492
618,18,213299.22
619,20,80230.99
620,44,152856.81
621,39,25251.139
622,26,23883.855
623,26,37529.81
624,45,25862.031
625,35,87910.14
626,47,27415.873
627,54,19583.494
628,32,56015.887
629,46,17814.88
630,50,11851.47
631,21,55624.78
632,48,12337.544
633,22,92967.18
634,40,16375.004
635,41,8326.84
636,20,39527.066
637,32,56131.582
638,25,74084.26
639,52,57376.543
640,49,21425.309
641,39,88453.055
642,36,107784.49
643,49,19056.596
644,18,43259.555
645,49,40143.918
646,33,59640.105
647,22,42439.688
648,41,47357.29
649,23,83552.52
650,49,20510.574
651,32,90190.266
652,30,124577.65
653,32,184810.5
654,51,9000.941
655,38,43194.004
656,40,10380.64
657,47,7127.582
658,25,56109.066
659,46,36332.098
660,34,63554.88
661,24,73768.01
662,43,135685.52
663,18,52204.01
664,19,518379.44
665,52,63889.234
666,29,218329.69
667,23,7734.979
668,31,147203.3
669,18,43268.055
670,18,10520.705
671,19,69997.47
672,29,39238.508
673,20,79524.54
674,47,112267.47
675,41,15190.996
676,46,112613.12
677,24,50259.85
678,31,147569.02
679,54,42432.07
680,24,34318.887
681,55,51093.957
682,32,54245.04
683,26,29423.543
684,34,33615.23
685,27,18737.42
686,20,35314.97
687,29,85890.31
688,22,44796.934
689,30,112086.984
690,46,43106.742
691,19,15907.785
692,21,80627.75
693,19,29169.525
694,36,41484.887
695,18,134569.48
696,45,19753.42
697,31,57043.723
698,40,48405.254
699,21,87598.48
700,26,99101.61
701,54,61750.016
702,49,37476.844
703,39,73019.09
704,25,145554.08
705,49,48920.23
706,40,40375.297
707,40,68207.82
708,42,51573.33
709,50,17147.553
710,46,60551.1
711,22,17023.812
712,18,67464.91
713,43,26424.955
714,54,51496.965
715,52,68340.195
716,36,356076.53
717,37,90579.055
718,20,148987.45
719,19,223502.2
720,38,73952.85
721,41,62838.934
722,55,21298.701
723,38,45545.83
724,25,28037.777
725,24,36276.71
726,30,223308.39
727,43,54801.645
728,51,24811.402
729,49,150152.25
730,40,107365.984
731,37,111960.46
732,23,10045.44
733,28,237688.2
734,31,31983.215
735,49,93166.37
736,39,376554.53
737,41,280420.22
738,21,22873.37
739,37,15743.21
740,35,157008.55
741,31,56017.695
742,38,33492.375
743,28,82187.055
744,18,43891.44
745,20,87626.4
746,51,52752.355
747,48,89115.51
748,34,24444.295
749,39,156271.14
750,34,87367.35
751,52,83852.63
752,55,20448.041
753,35,194752.39
754,44,49454.355
755,31,89520.0
756,41,38619.734
757,27,61604.46
758,48,63416.55
759,22,5238.7256
760,49,79677.05
761,55,240879.34
762,29,77003.22
763,48,23239.57
764,51,84098.8
765,51,116700.1
766,48,75338.875
767,19,47121.12
768,23,41194.453
769,18,41057.57
770,52,87378.086
771,39,16221.277
772,45,37133.684
773,43,179201.5
774,28,184819.42
775,25,15325.305
776,27,20224.447
777,19,40266.77
778,35,102114.49
779,47,11588.852
780,41,47855.023
781,33,34215.53
782,42,144429.97
783,50,13072.31
784,30,53842.09
785,50,36493.547
786,52,162043.06
787,40,80652.125
788,39,31292.25
789,26,98961.625
790,39,36633.383
791,54,111217.39
792,48,41361.953
793,36,116251.54
794,34,70872.93
795,43,678860.6
796,20,47928.3
797,23,67918.8
798,33,34072.246
799,27,50107.527
800,50,5757.797
801,46,72565.55
802,28,146397.03
803,20,68671.0
804,45,17477.84
805,37,26326.953
806,20,7155.414
807,22,109416.555
808,41,22349.688
809,28,48864.742
810,37,44213.62
811,45,164383.92
812,53,53530.312
813,51,95501.06
814,36,77416.04
815,43,148346.7
816,22,41294.28
817,43,223121.23
818,55,10211.283
819,31,99285.73
820,20,24996.287
821,25,33710.973
822,42,78850.56
823,21,78346.766
824,33,81220.31
825,36,16495.648
826,50,159372.97
827,37,24325.018
828,20,27063.7
829,43,83290.99
830,49,39751.44
831,29,63983.91
832,55,8906.153
833,24,62770.332
834,24,59518.58
835,49,33252.707
836,42,9513.9795
837,25,42172.84
838,53,48527.17
839,51,37271.906
840,24,11508.472
841,50,179075.98
842,29,29992.094
843,51,41857.008
844,25,7274.998
845,25,179093.38
846,55,34425.0
847,40,54097.785
848,19,122561.5
849,53,29107.027
850,44,108052.695
851,29,9611.522
852,22,77696.664
853,35,175882.61
854,27,31427.695
855,31,122379.67
856,40,216840.3
857,18,40778.277
858,36,38168.11
859,53,24370.855
860,28,33256.12
861,25,26042.637
862,45,24354.926
863,49,130463.2
864,34,26577.957
865,41,61487.906
866,49,51552.965
867,42,165752.98
868,43,33431.48
869,30,67825.72
870,47,94149.016
871,23,164650.11
872,40,33043.35
873,48,30499.46
874,39,21383.041
875,46,299185.2
876,28,151350.89
877,47,48340.12
878,33,234434.05
879,43,46087.062
880,50,89259.81
881,48,50408.535
882,52,68735.61
883,26,63144.906
884,20,35588.934
885,24,119823.74
886,19,88657.88
887,20,113769.98
888,33,64599.375
889,42,24210.031
890,27,196277.97
891,43,40527.39
892,35,66905.195
893,52,83123.555
894,53,66550.45
895,51,103996.44
896,32,118004.805
897,20,41769.074
898,22,183533.44
899,41,40386.684
900,25,65458.887
901,23,36667.12
902,20,29173.016
903,19,115281.375
904,26,607614.44
905,18,37435.336
906,28,132195.28
907,39,38524.484
908,39,49582.355
909,41,203993.89
910,55,21182.91
911,29,17141.385
912,55,46630.93
913,22,85025.21
914,35,72454.32
915,32,66724.11
916,54,51384.09
917,30,93808.46
918,19,4860.2266
919,49,27422.908
920,51,46392.28
921,36,87851.76
922,52,164652.16
923,45,24629.459
924,33,160402.44
925,26,34812.402
926,28,45064.516
927,40,79612.336
928,46,42497.027
929,54,121524.65
930,25,36173.965
931,52,36612.695
932,30,116001.945
933,55,27153.977
934,43,61017.84
935,36,13245.222
936,28,214376.64
937,42,131271.1
938,33,451289.38
939,26,145869.73
940,42,20252.998
941,20,85365.57
942,22,23989.494
943,55,176699.94
944,37,20720.234
945,35,19939.428
946,45,13793.174
947,41,33829.023
948,42,28801.883
949,42,18223.35
950,53,245640.8
951,42,76395.79
952,31,69533.64
953,55,178279.86
954,25,61376.637
955,50,27469.57
956,22,12830.886
957,53,26258.168
958,41,166726.62
959,46,18315.617
960,54,66322.21
961,40,114338.48
962,43,62821.594
963,28,68800.41
964,28,84479.266
965,39,67724.48
966,24,181142.2
967,23,21753.826
968,25,60604.12
969,50,11674.776
970,53,9516.489
971,39,46837.594
972,30,77225.266
973,27,184298.6
974,55,346490.84
975,55,143726.4
976,25,89456.78
977,34,56826.05
978,20,14688.143
979,37,44486.855
980,45,140375.98
981,50,102580.56
982,38,17867.004
983,52,81715.484
984,44,76304.91
985,20,66150.67
986,31,48898.1
987,49,85156.45
988,27,87345.664
989,43,29929.84
990,42,71954.52
991,39,42970.203
992,52,15214.302
993,18,31904.191
994,45,14311.612
995,42,109518.98
996,26,66468.92
997,20,37623.562
998,46,155779.27
999,29,52794.96
1000,19,15911.543
1001,35,35178.68
1002,29,184621.23
1003,26,29266.47
1004,37,62314.867
1005,32,90660.734
1006,35,80156.56
1007,35,354812.97
1008,30,19511.04
1009,19,21133.354
1010,35,19771.064
1011,29,39460.03
1012,50,120484.96
1013,52,21903.258
1014,29,121840.33
1015,33,51424.996
1016,21,20590.414
1017,38,12316.343
1018,53,14731.184
1019,27,29351.4
1020,50,43671.777
1021,50,146770.97
1022,35,94754.9
1023,21,25555.945
1024,40,69335.375
1025,50,187402.75
1026,22,223890.47
1027,50,38880.707
1028,45,107625.086
1029,31,152016.23
1030,35,14974.75
1031,38,33184.98
1032,55,295313.66
1033,31,39298.805
1034,37,4801.181
1035,37,45388.26
1036,25,122943.31
1037,37,50261.098
1038,33,88616.16
1039,44,105911.16
1040,55,37640.215
1041,34,33000.035
1042,47,56530.242
1043,41,57641.69
1044,32,52210.543
1045,25,53954.883
1046,19,27472.516
1047,24,91126.85
1048,43,80754.086
1049,20,17170.904
1050,22,36623.613
1051,33,53865.324
1052,34,32608.488
1053,35,83256.03
1054,43,47395.01
1055,36,57241.605
1056,47,36286.855
1057,32,10149.738
1058,50,9696.3
1059,35,80134.836
1060,53,61902.01
1061,28,71019.375
1062,29,55678.902
1063,35,59363.344
1064,41,108553.34
1065,53,71358.65
1066,19,114979.11
1067,20,57351.125
1068,49,39319.383
1069,52,58404.055
1070,48,25612.504
1071,39,36897.562
1072,52,57632.12
1073,31,57024.31
1074,54,45919.41
1075,21,16468.924
1076,39,83191.95
1077,22,97456.46
1078,48,186228.69
1079,18,71196.51
1080,44,50058.508
1081,47,22233.482
1082,24,164949.16
1083,19,60964.355
1084,41,58365.3
1085,55,40803.914
1086,41,38770.023
1087,55,86715.83
1088,42,22084.379
1089,31,183528.23
1090,52,154168.19
1091,54,37666.6
1092,52,25051.441
1093,45,9972.769
1094,47,18373.178
1095,54,89653.5
1096,25,64347.4
1097,41,74213.484
1098,44,11422.205
1099,31,36429.195
1100,36,149282.61
1101,51,46302.74
1102,44,18068.809
1103,51,45729.387
1104,18,26983.055
1105,29,65298.316
1106,38,50828.605
1107,48,77220.14
1108,43,18872.09
1109,47,34919.652
1110,37,119626.03
1111,18,16921.736
1112,50,22410.586
1113,55,58642.566
1114,55,62891.24
1115,45,33816.31
1116,37,40015.895
1117,45,76600.49
1118,53,98665.07
1119,39,21256.137
1120,50,66918.71
1121,39,167609.33
1122,47,45572.723
1123,22,21076.354
1124,49,20310.732
1125,53,43966.723
1126,29,114514.43
1127,36,48396.055
1128,50,58172.258
1129,25,22532.297
1130,21,109784.26
1131,48,19995.277
1132,36,33395.656
1133,52,82760.83
1134,36,9781.353
1135,24,57465.91
1136,22,21775.035
1137,55,50666.38
1138,47,37727.094
1139,29,269533.0
1140,34,36507.805
1141,50,218359.78
1142,41,79964.664
1143,46,26333.867
1144,44,65148.66
1145,45,39192.883
1146,54,60688.184
1147,19,28244.824
1148,47,193284.88
1149,26,104830.16
1150,32,51287.562
1151,46,199400.39
1152,22,53061.223
1153,35,120316.164
1154,25,51555.734
1155,31,68520.51
1156,23,46846.297
1157,52,53961.137
1158,52,57308.473
1159,20,29260.473
1160,48,36276.426
1161,21,42039.895
1162,54,60086.9
1163,22,48791.68
1164,41,127797.766
1165,27,98466.625
1166,46,42732.55
1167,31,151025.72
1168,38,223729.89
1169,47,9747.023
1170,19,105409.74
1171,20,28721.203
1172,31,94880.805
1173,48,134641.19
1174,20,24789.717
1175,19,11360.715
1176,36,97550.51
1177,52,55720.324
1178,30,13161.186
1179,20,378295.12
1180,50,82397.78
1181,37,85464.664
1182,48,149108.94
1183,44,31417.46
1184,54,55500.184
1185,27,17401.658
1186,37,30743.059
1187,18,68070.984
1188,51,13194.437
1189,29,30053.867
1190,20,23799.768
1191,32,56019.33
1192,38,79184.77
1193,21,90535.79
1194,39,111171.75
1195,52,149862.23
1196,49,81273.445
1197,29,226306.83
1198,49,55016.055
1199,40,43526.332
1200,41,81277.48
1201,54,42051.457
1202,43,220098.42
1203,50,123570.24
1204,22,91126.21
1205,22,55543.055
1206,30,36090.918
1207,51,87626.46
1208,35,20294.4
1209,20,170632.8
1210,31,43376.32
1211,50,63822.664
1212,53,24151.395
1213,35,89158.17
1214,49,34779.555
1215,42,84049.51
1216,25,91646.41
1217,28,29782.39
1218,32,20352.418
1219,28,170296.83
1220,55,42870.492
1221,48,59853.63
1222,40,73728.88
1223,44,18339.605
1224,48,72396.35
1225,42,54126.52
1226,20,29880.271
1227,20,19822.035
1228,39,81185.08
1229,39,123247.266
1230,25,57679.13
1231,35,15870.32
1232,28,21459.271
1233,24,35386.273
1234,36,174813.34
1235,41,41043.09
1236,33,34369.44
1237,50,13108.163
1238,42,29567.482
1239,49,18646.79
1240,47,22409.37
1241,47,55035.78
1242,33,36273.652
1243,34,194730.89
1244,39,118442.27
1245,40,30720.06
1246,24,24012.361
1247,34,151129.42
1248,45,188680.86
1249,19,8641.917
1250,29,53855.746
1251,46,40875.07
1252,53,84042.2
1253,48,236549.5
1254,34,33946.215
1255,19,9616.345
1256,44,79458.05
1257,18,152017.3
1258,22,39213.27
1259,42,28445.586
1260,29,35241.188
1261,19,98710.1
1262,23,34759.547
1263,45,65041.87
1264,50,51124.58
1265,43,47073.93
1266,36,87624.17
1267,36,34095.285
1268,34,35429.816
1269,21,94642.375
1270,53,22702.674
1271,20,24725.791
1272,43,18242.82
1273,50,98615.82
1274,49,45962.848
1275,26,17481.285
1276,47,98995.05
1277,52,32059.363
1278,39,24895.338
1279,46,42754.742
1280,25,163204.16
1281,46,36454.074
1282,46,79225.17
1283,23,89450.65
1284,31,71281.84
1285,46,138224.66
1286,39,28398.326
1287,29,21700.93
1288,40,21362.77
1289,29,44542.7
1290,28,23438.635
1291,33,56264.047
1292,43,53176.348
1293,20,112942.82
1294,52,63113.74
1295,41,35841.324
1296,53,69456.62
1297,33,21930.268
1298,25,48497.414
1299,40,64556.707
1300,19,55449.742
1301,42,69691.27
1302,47,29867.955
1303,41,125668.58
1304,30,214810.9
1305,46,13872.134
1306,30,18907.234
1307,52,51753.363
1308,28,40722.56
1309,45,227956.06
1310,53,59611.617
1311,38,152331.52
1312,39,9705.803
1313,20,95905.05
1314,24,28208.111
1315,29,27848.773
1316,37,40990.348
1317,19,15996.278
1318,49,71254.03
1319,53,58241.316
1320,18,61866.375
1321,53,101661.414
1322,50,167980.62
1323,36,37376.95
1324,47,73251.85
1325,30,63206.906
1326,37,67634.26
1327,18,68449.836
1328,27,178470.92
1329,54,34614.805
1330,25,14752.82
1331,36,28609.076
1332,43,91637.13
1333,49,50941.94
1334,37,34396.113
1335,55,21132.775
1336,33,59683.28
1337,35,83732.57
1338,29,63861.754
1339,31,40827.617
1340,30,56223.566
1341,29,55963.37
1342,53,58193.902
1343,41,19386.541
1344,53,58550.176
1345,41,35147.23
1346,52,114952.375
1347,40,55609.715
1348,43,97554.03
1349,24,39275.383
1350,40,40425.145
1351,32,165244.14
1352,54,70887.29
1353,35,28230.738
1354,25,102473.33
1355,45,32634.8
1356,50,59894.31
1357,51,217318.22
1358,38,15910.783
1359,19,43440.73
1360,33,69313.55
1361,42,92183.55
1362,49,18523.42
1363,41,14634.632
1364,40,119656.18
1365,28,28097.795
1366,38,27172.271
1367,27,172815.19
1368,39,52867.293
1369,21,53144.445
1370,27,43301.336
1371,34,18780.844
1372,19,85848.195
1373,38,69378.945
1374,42,57224.152
1375,32,45557.01
1376,20,39573.8
1377,28,103752.65
1378,43,44655.996
1379,22,47502.113
1380,44,76396.55
1381,27,59050.426
1382,39,186018.08
1383,42,12218.236
1384,22,63557.75
1385,40,28432.656
1386,43,23531.826
1387,18,34687.23
1388,41,52235.72
1389,21,54124.03
1390,46,14852.646
1391,39,32432.336
1392,47,62614.71
1393,32,24790.95
1394,25,20495.307
1395,34,8224.497
1396,18,29413.926
1397,33,19931.863
1398,27,22757.09
1399,36,40228.14
1400,27,30943.406
1401,23,19668.781
1402,39,9201.346
1403,36,63680.098
1404,32,91312.234
1405,33,36402.12
1406,52,40423.14
1407,31,50112.547
1408,46,176805.44
1409,27,14265.682
1410,27,35889.016
1411,25,12609.426
1412,50,66811.67
1413,54,44560.88
1414,49,58816.164
1415,37,56515.848
1416,50,110452.945
1417,23,76901.805
1418,25,97166.83
1419,37,21318.926
1420,30,129873.34
1421,48,28054.045
1422,23,29374.512
1423,40,62096.96
1424,21,63660.074
1425,23,21211.375
1426,29,43527.79
1427,18,164450.77
1428,44,15446.057
1429,22,164054.45
1430,18,41209.312
1431,49,7704.6123
1432,38,16754.01
1433,33,23132.557
1434,21,30352.521
1435,38,45982.11
1436,43,5750.2246
1437,39,58059.395
1438,23,21497.8
1439,37,152085.22
1440,32,40281.07
1441,41,106303.69
1442,21,121547.14
1443,31,118942.67
1444,49,31781.922
1445,53,31458.3
1446,20,41764.402
1447,45,83180.5
1448,24,33230.457
1449,26,45450.008
1450,47,62233.79
1451,32,24242.553
1452,34,23047.018
1453,28,44053.812
1454,52,48977.746
1455,37,70748.5
1456,45,85586.91
1457,53,20754.701
1458,45,26110.957
1459,53,22998.32
1460,49,154776.31
1461,51,45413.367
1462,33,50649.35
1463,44,52365.215
1464,51,28204.654
1465,30,174764.38
1466,35,69466.48
1467,35,51608.965
1468,20,20652.117
1469,22,19736.645
1470,47,39052.113
1471,24,28560.64
1472,36,21286.383
1473,36,37160.88
1474,21,42050.89
1475,28,56005.582
1476,34,33411.074
1477,36,22330.254
1478,35,22958.455
1479,29,131947.11
1480,50,18368.125
1481,43,66857.86
1482,21,75766.79
1483,39,45376.875
1484,23,205672.73
1485,36,74693.88
1486,45,218403.75
1487,50,29700.734
1488,38,30110.281
1489,39,76252.695
1490,38,40562.766
1491,43,192588.42
1492,55,65718.69
1493,18,21679.424
1494,54,12460.578
1495,52,46966.387
1496,24,46559.195
1497,43,64266.324
1498,50,131706.44
1499,41,118547.49
1500,38,31465.83
1501,40,17760.332
1502,29,18629.123
1503,20,27731.852
1504,40,37286.74
1505,22,63820.39
1506,26,26344.22
1507,47,62573.168
1508,29,66796.8
1509,25,56075.45
1510,19,20269.648
1511,53,72695.86
1512,18,264287.8
1513,24,60870.0
1514,55,4709.411
1515,32,134926.03
1516,22,28497.74
1517,47,306308.62
1518,29,54878.066
1519,18,12991.073
1520,20,9585.629
1521,30,171368.39
1522,51,121115.79
1523,33,296734.6
1524,18,50438.895
1525,49,47789.17
1526,52,36812.887
1527,48,29529.531
1528,44,36528.01
1529,30,59501.03
1530,38,25454.75
1531,26,13152.232
1532,42,56822.043
1533,20,25004.768
1534,42,3745.192
1535,32,77794.984
1536,34,20605.865
1537,20,84898.34
1538,46,83287.75
1539,20,62733.465
1540,25,368513.47
1541,18,44771.938
1542,55,39785.85
1543,53,86397.69
1544,33,47830.58
1545,31,126522.2
1546,24,18119.31
1547,22,18362.002
1548,33,92265.53
1549,55,19691.248
1550,31,81394.02
1551,22,67223.664
1552,20,28686.664
1553,26,67071.49
1554,39,18622.1
1555,43,22468.246
1556,46,41358.285
1557,46,53258.918
1558,45,39217.074
1559,53,70704.96
1560,20,68223.984
1561,49,169952.06
1562,30,46330.234
1563,29,130018.11
1564,30,104439.02
1565,43,313313.66
1566,34,45160.22
1567,34,35720.902
1568,33,136753.28
1569,24,68058.59
1570,51,139400.4
1571,45,88717.93
1572,31,9268.424
1573,47,67564.34
1574,54,64135.35
1575,20,55618.09
1576,20,44980.477
1577,39,13989.516
1578,46,100621.36
1579,21,67426.48
1580,48,120733.83
1581,28,14599.957
1582,21,75018.19
1583,46,41442.027
1584,23,56095.38
1585,41,41825.043
1586,31,77239.375
1587,47,43891.668
1588,45,21552.484
1589,54,53579.33
1590,18,42126.77
1591,41,46773.094
1592,22,3903.1106
1593,38,86326.09
1594,24,38872.695
1595,29,17004.877
1596,44,104592.7
1597,42,83189.04
1598,28,38481.086
1599,47,19891.4
1600,26,57653.305
1601,33,55174.887
1602,44,104740.98
1603,19,35059.08
1604,52,130055.43
1605,22,32453.898
1606,52,17036.49
1607,29,20210.389
1608,53,47564.836
1609,33,47446.91
1610,54,64995.1
1611,22,46512.625
1612,43,109276.11
1613,29,40574.82
1614,43,10124.943
1615,43,45383.367
1616,43,10040.23
1617,21,62124.21
1618,27,116486.734
1619,44,22715.406
1620,38,155534.62
1621,43,98129.5
1622,35,131263.55
1623,32,58187.707
1624,53,22596.857
1625,42,93379.83
1626,50,30336.217
1627,40,54944.887
1628,46,43594.99
1629,47,122950.234
1630,34,89683.305
1631,54,46879.027
1632,35,10493.303
1633,41,30079.414
1634,40,87829.8
1635,22,62559.07
1636,40,15020.943
1637,31,11784.117
1638,30,58465.12
1639,27,21464.004
1640,44,23182.225
1641,47,85636.3
1642,22,130818.914
1643,39,27425.176
1644,52,48241.266
1645,53,47116.613
1646,52,43844.957
1647,51,51650.598
1648,29,91580.84
1649,43,29162.496
1650,29,14758.231
1651,27,193258.94
1652,20,119529.18
1653,48,20678.877
1654,46,55730.56
1655,49,112233.86
1656,27,91036.28
1657,21,72358.555
1658,44,43634.21
1659,50,199111.73
1660,36,59662.883
1661,27,33117.293
1662,31,100372.03
1663,18,53993.836
1664,49,66145.79
1665,22,58823.555
1666,18,74399.07
1667,18,22857.014
1668,20,15660.441
1669,45,157484.84
1670,53,61049.844
1671,38,92638.13
1672,28,12233.959
1673,22,117374.48
1674,55,32944.836
1675,50,26233.795
1676,42,47528.258
1677,21,22865.72
1678,36,49930.78
1679,33,44833.35
1680,47,116785.59
1681,41,167787.55
1682,29,163569.12
1683,34,8169.527
1684,36,23662.453
1685,33,8102.0215
1686,51,19243.805
1687,52,29737.486
1688,40,69440.64
1689,54,32985.773
1690,19,33729.3
1691,27,57825.78
1692,24,12737.817
1693,45,25563.064
1694,18,33420.773
1695,48,42525.395
1696,53,53174.887
1697,39,166092.16
1698,49,103408.99
1699,42,27019.938
1700,52,40567.195
1701,44,38415.91
1702,37,33138.67
1703,21,62180.14
1704,29,11293.184
1705,31,101148.984
1706,41,193807.16
1707,24,40291.906
1708,36,39667.47
1709,37,56693.434
1710,29,113016.27
1711,44,38574.367
1712,44,105549.41
1713,49,73907.83
1714,53,330733.25
1715,52,38439.8
1716,26,10290.516
1717,36,15889.71
1718,27,50479.414
1719,54,113787.05
1720,50,29666.418
1721,55,41565.773
1722,50,86478.62
1723,50,23100.1
1724,33,30661.49
1725,34,19645.37
1726,37,128330.055
1727,33,171633.48
1728,28,14132.696
1729,29,44624.125
1730,39,154135.2
1731,36,68784.55
1732,54,33805.773
1733,40,14513.704
1734,21,125760.414
1735,29,66715.36
1736,39,15388.706
1737,50,129533.02
1738,20,13897.378
1739,49,41914.594
1740,41,40460.703
1741,52,182495.97
1742,18,40576.38
1743,25,40459.797
1744,36,16803.049
1745,50,29955.258
1746,39,26002.342
1747,34,27108.44
1748,25,50252.016
1749,27,7132.6436
1750,33,14936.962
1751,23,45750.74
1752,22,55093.227
1753,48,41482.71
1754,49,48394.56
1755,46,36043.613
1756,35,49265.27
1757,52,70763.04
1758,24,70367.39
1759,30,28813.854
1760,19,103969.625
1761,35,56696.355
1762,29,133993.89
1763,34,157326.14
1764,48,15765.777
1765,40,25148.568
1766,30,95857.375
1767,43,13198.578
1768,31,155736.36
1769,38,37974.59
1770,50,79205.79
1771,19,45554.547
1772,22,16413.62
1773,27,116333.23
1774,42,451511.75
1775,52,33115.996
1776,23,38634.133
1777,48,6005.9062
1778,52,147411.11
1779,26,103693.07
1780,43,12494.842
1781,40,9584.1875
1782,40,10513.267
1783,34,83776.984
1784,36,90741.625
1785,43,23887.514
1786,47,74547.09
1787,25,56776.625
1788,53,37270.69
1789,35,108655.3
1790,46,19069.201
1791,44,125217.766
1792,52,27916.16
1793,43,207940.58
1794,27,22371.285
1795,42,37741.69
1796,27,52399.273
1797,43,52137.156
1798,23,74045.945
1799,41,17876.322
1800,51,48529.56
1801,19,55842.117
1802,19,32780.453
1803,34,69080.32
1804,50,17029.158
1805,20,38507.766
1806,52,27370.771
1807,26,38601.004
1808,24,159118.84
1809,33,161610.25
1810,21,138152.23
1811,30,34543.42
1812,18,103349.625
1813,48,54702.68
1814,21,51857.25
1815,51,46999.355
1816,47,204130.05
1817,47,149111.44
1818,40,90734.73
1819,43,43631.625
1820,55,51607.74
1821,20,76437.72
1822,51,32941.586
1823,28,105919.1
1824,26,23927.465
1825,46,68408.56
1826,19,8006.4746
1827,52,32185.89
1828,50,263529.34
1829,47,114545.97
1830,26,170783.69
1831,28,29317.273
1832,53,54328.082
1833,47,139437.55
1834,42,82971.65
1835,20,75104.14
1836,38,184285.94
1837,31,21750.984
1838,45,43147.848
1839,26,12289.614
1840,53,20820.502
1841,52,118081.055
1842,25,24002.154
1843,30,90056.96
1844,27,188445.92
1845,54,43365.86
1846,41,75786.016
1847,26,90619.8
1848,27,18818.246
1849,18,30534.621
1850,41,22400.74
1851,29,32545.676
1852,28,88669.11
1853,35,31058.285
1854,30,48613.457
1855,32,21716.096
1856,52,133374.47
1857,28,32328.041
1858,37,169086.0
1859,35,52497.54
1860,52,16222.893
1861,22,43606.297
1862,31,21366.014
1863,33,80118.16
1864,51,40566.1
1865,53,56973.78
1866,24,37208.62
1867,50,32064.488
1868,35,22945.582
1869,37,97612.086
1870,49,43532.184
1871,37,38871.848
1872,19,42668.113
1873,18,29047.533
1874,20,38975.836
1875,24,58940.406
1876,49,21861.201
1877,26,24545.816
1878,48,150603.45
1879,38,37405.5
1880,41,32161.637
1881,41,17063.229
1882,40,98747.41
1883,44,21483.44
1884,47,49392.02
1885,46,12749.282
1886,24,96212.69
1887,49,128189.29
1888,40,73673.21
1889,33,14649.979
1890,54,97810.58
1891,18,25794.049
1892,45,19594.434
1893,29,36791.035
1894,38,36209.766
1895,31,33380.906
1896,36,138512.75
1897,32,250005.72
1898,28,16721.809
1899,30,28816.758
1900,40,56048.742
1901,18,36636.676
1902,40,68823.27
1903,42,104043.73
1904,19,91059.74
1905,52,81435.38
1906,29,188537.97
1907,37,14025.333
1908,44,163385.11
1909,47,35932.05
1910,41,93702.34
1911,50,21939.53
1912,34,24172.748
1913,31,84920.61
1914,27,10687.117
1915,26,110341.12
1916,42,137001.77
1917,19,57641.965
1918,37,56004.49
1919,52,25664.639
1920,48,85762.555
1921,36,66033.04
1922,37,23922.482
1923,42,36555.77
1924,20,44016.062
1925,53,36517.12
1926,39,16805.293
1927,23,87465.05
1928,35,41149.617
1929,30,50618.383
1930,35,31481.805
1931,30,73130.11
1932,20,58614.375
1933,19,131927.23
1934,55,73442.44
1935,36,42515.79
1936,46,27667.254
1937,42,99961.51
1938,43,39883.477
1939,52,43582.207
1940,53,43573.35
1941,53,36260.785
1942,31,44185.285
1943,29,233454.94
1944,19,21623.168
1945,24,26060.47
1946,20,151332.97
1947,52,37046.707
1948,46,34866.48
1949,25,114424.375
1950,36,16052.53
1951,49,96465.61
1952,48,51858.36
1953,42,72520.17
1954,29,71439.27
1955,34,30254.258
1956,48,115928.086
1957,41,32198.273
1958,26,69345.57
1959,35,134585.89
1960,45,150677.89
1961,44,40379.49
1962,24,72423.53
1963,27,37503.414
1964,35,370576.53
1965,45,93328.336
1966,31,53477.97
1967,20,64204.465
1968,48,69248.91
1969,28,70910.45
1970,18,41265.402
1971,44,36472.594
1972,24,44280.32
1973,36,20090.953
1974,37,88822.73
1975,30,26328.684
1976,36,21414.387
1977,39,49429.105
1978,18,45056.844
1979,51,61052.28
1980,33,31736.223
1981,50,36524.707
1982,36,86983.516
1983,39,82847.1
1984,37,80129.414
1985,31,51377.332
1986,22,57234.742
1987,41,60121.9
1988,52,29582.697
1989,46,162594.66
1990,33,145081.17
1991,29,94388.52
1992,29,35563.996
1993,35,76964.04
1994,44,109368.07
1995,42,18792.643
1996,46,193956.2
1997,53,12434.973
1998,38,87856.75
1999,31,159916.03
2000,38,45675.965
2001,39,44329.55
2002,53,85298.055
2003,47,219978.22
2004,45,39931.637
2005,18,26769.385
2006,32,35623.4
2007,40,14440.14
2008,54,102537.58
2009,28,33140.516
2010,33,42323.89
2011,22,103515.35
2012,21,36984.348
2013,26,91770.91
2014,54,21792.201
2015,28,107662.2
2016,22,65729.445
2017,30,46579.465
2018,47,55519.695
2019,26,17860.9
2020,43,54512.15
2021,41,44642.54
2022,48,18255.691
2023,35,29229.037
2024,38,45088.48
2025,36,30759.203
2026,38,7259.652
2027,32,118289.266
2028,31,44627.54
2029,43,8108.094
2030,48,275887.56
2031,30,134981.39
2032,36,37819.973
2033,31,25483.342
2034,32,69032.4
2035,22,58784.867
2036,54,77145.63
2037,26,25542.066
2038,52,120330.32
2039,46,34235.164
2040,40,86197.02
2041,38,26429.256
2042,18,415938.8
2043,53,87220.7
2044,46,502406.12
2045,52,96941.195
2046,19,31907.832
2047,29,97079.25
2048,34,102769.16
2049,39,67402.516
2050,43,82792.46
2051,28,91964.69
2052,49,22580.309
2053,35,21330.465
2054,44,26486.877
2055,47,55371.05
2056,36,41824.656
2057,29,22909.842
2058,44,92969.766
2059,45,62706.11
2060,54,57235.035
2061,26,40675.727
2062,52,36945.38
2063,27,25507.13
2064,46,105532.11
2065,20,28480.758
2066,21,59117.996
2067,21,188978.14
2068,40,38329.383
2069,27,107833.11
2070,21,78806.086
2071,48,64148.266
2072,34,70548.59
2073,45,46344.273
2074,47,51410.57
2075,53,32250.445
2076,43,51686.09
2077,55,31307.016
2078,40,111781.61
2079,24,12838.199
2080,24,73469.16
2081,26,65450.383
2082,39,60875.805
2083,38,113479.49
2084,38,39770.45
2085,30,61336.19
2086,22,12664.331
2087,42,35865.273
2088,50,99147.85
2089,36,17127.64
2090,26,56815.984
2091,28,29078.799
2092,55,45751.906
2093,55,30504.707
2094,36,18435.285
2095,44,68089.68
2096,45,48054.973
2097,37,81624.24
2098,54,94403.05
2099,28,133250.39
2100,30,55634.996
2101,19,137953.94
2102,54,22906.104
2103,25,103460.6
2104,55,72206.88
2105,22,60249.67
2106,24,71365.086
2107,37,23183.293
2108,38,19194.533
2109,46,196347.4
2110,42,43686.77
2111,21,43190.832
2112,54,20700.863
2113,39,15280.85
2114,55,46589.16
2115,39,38044.35
2116,36,50069.42
2117,38,53610.566
2118,25,366351.0
2119,34,38136.01
2120,38,176969.1
2121,34,185980.61
2122,49,91370.48
2123,55,41426.547
2124,46,16824.65
2125,18,73286.625
2126,52,112964.39
2127,48,202385.23
2128,39,23384.107
2129,23,41149.094
2130,49,23498.377
2131,51,30121.543
2132,51,85074.984
2133,37,29037.242
2134,34,25857.639
2135,34,94596.43
2136,41,71708.84
2137,51,66157.086
2138,24,29657.443
2139,47,140673.5
2140,48,50582.98
2141,42,335685.62
2142,34,56880.69
2143,23,7731.823
2144,24,7461.247
2145,41,82366.84
2146,21,141516.78
2147,54,26707.93
2148,47,268487.94
2149,18,189127.64
2150,53,59172.707
2151,43,76983.12
2152,23,102273.15
2153,30,226788.73
2154,36,86291.56
2155,50,58111.777
2156,46,85615.3
2157,29,76854.29
2158,48,104747.336
2159,31,14239.28
2160,50,64373.74
2161,39,72267.56
2162,36,47169.395
2163,25,93630.5
2164,32,232515.55
2165,43,55845.934
2166,24,86955.8
2167,29,180735.53
2168,21,56898.82
2169,50,24563.275
2170,38,81830.18
2171,32,8590.785
2172,18,7951.252
2173,44,65263.48
2174,34,7660.266
2175,43,17459.586
2176,27,36890.133
2177,52,28075.293
2178,43,44423.91
2179,41,121792.54
2180,24,60509.94
2181,36,25548.195
2182,29,147758.02
2183,38,15941.683
2184,46,59711.81
2185,20,14584.426
2186,46,61183.49
2187,34,38749.625
2188,18,118844.195
2189,30,88994.5
2190,36,31259.13
2191,20,26812.584
2192,36,38859.23
2193,45,224186.92
2194,54,182596.31
2195,32,23044.07
2196,30,94841.14
2197,36,12514.373
2198,54,34958.06
2199,32,23806.807
2200,37,117618.53
2201,45,17804.46
2202,43,70492.28
2203,48,50028.414
2204,25,43452.31
2205,51,190430.89
2206,22,204339.08
2207,40,44545.395
2208,48,37912.844
2209,53,14977.13
2210,52,49829.93
2211,36,238570.67
2212,55,45106.88
2213,22,89570.9
2214,18,16346.686
2215,30,35311.3
2216,20,72384.72
2217,43,54418.977
2218,42,96713.875
2219,30,30873.107
2220,41,12329.961
2221,39,122694.21
2222,45,23643.863
2223,31,74986.36
2224,34,71715.62
2225,19,13210.612
2226,22,115737.34
2227,49,31777.842
2228,23,52251.402
2229,29,37542.625
2230,54,183111.67
2231,27,146469.2
2232,42,11730.066
2233,47,304625.97
2234,39,29060.436
2235,21,268801.28
2236,46,40733.684
2237,48,38064.79
2238,50,41024.145
2239,21,36284.523
2240,21,376734.3
2241,25,47036.902
2242,55,39259.203
2243,37,53177.3
2244,23,23061.275
2245,18,179418.2
2246,39,15412.184
2247,26,30594.373
2248,41,105778.92
2249,31,51723.113
2250,32,77586.63
2251,46,170469.14
2252,21,111615.984
2253,41,55812.848
2254,49,266000.22
2255,27,30245.701
2256,42,46144.387
2257,40,48797.094
2258,32,46066.48
2259,25,21256.324
2260,30,14084.897
2261,29,69810.49
2262,37,30121.645
2263,45,230043.88
2264,36,47180.9
2265,38,40887.793
2266,51,120000.37
2267,54,68977.27
2268,33,43449.92
2269,34,29947.254
2270,46,932794.06
2271,29,66783.2
2272,41,119052.75
2273,25,22057.807
2274,38,31488.887
2275,28,270940.62
2276,29,152866.92
2277,54,72104.805
2278,38,36846.707
2279,54,41462.707
2280,36,29111.533
2281,53,19817.066
2282,21,104699.92
2283,18,76944.77
2284,52,90096.93
2285,54,38187.363
2286,27,61346.258
2287,31,35388.54
2288,36,27943.275
2289,24,189743.47
2290,37,55104.36
2291,54,75037.38
2292,33,97575.48
2293,37,55659.664
2294,35,60614.2
2295,23,20962.242
2296,42,24413.371
2297,31,23424.236
2298,22,81157.34
2299,50,52917.574
2300,51,24415.002
2301,31,79527.44
2302,18,77230.016
2303,31,28675.703
2304,40,48899.195
2305,46,77458.04
2306,32,25162.096
2307,53,78649.75
2308,29,63614.527
2309,48,22480.836
2310,31,59612.207
2311,46,66989.9
2312,18,30302.254
2313,32,32271.875
2314,55,22315.623
2315,50,34911.76
2316,49,49519.047
2317,39,32343.248
2318,39,15242.883
2319,20,28822.393
2320,31,35808.645
2321,45,96110.055
2322,52,80466.016
2323,33,97611.945
2324,28,27682.705
2325,40,55995.07
2326,51,7196.435
2327,49,70468.05
2328,52,81511.26
2329,29,37740.09
2330,28,63330.49
2331,45,14880.976
2332,32,26342.127
2333,29,92238.94
2334,25,75265.78
2335,27,35964.754
2336,23,95689.91
2337,49,55849.55
2338,32,33403.016
2339,33,43196.574
2340,34,34732.953
2341,32,19394.746
2342,25,136643.0
2343,37,31740.816
2344,53,25690.838
2345,55,14710.247
2346,51,6069.333
2347,54,87638.51
2348,29,94340.44
2349,55,129859.6
2350,41,44380.117
2351,47,38645.45
2352,38,33309.562
2353,45,35829.69
2354,45,122468.67
2355,20,48950.56
2356,19,67658.95
2357,48,35107.598
2358,35,143839.97
2359,39,10894.215
2360,25,18832.87
2361,20,67747.766
2362,25,202859.1
2363,54,41760.164
2364,45,25485.926
2365,53,111336.055
2366,44,64779.02
2367,41,140357.69
2368,55,17809.68
2369,43,131809.52
2370,25,14487.077
2371,32,39705.324
2372,55,69564.14
2373,53,58022.664
2374,28,116803.945
2375,44,11596.403
2376,47,55970.74
2377,39,130547.43
2378,45,52428.92
2379,20,20048.438
2380,38,111947.375
2381,22,29766.238
2382,45,25856.566
2383,37,23380.781
2384,54,42652.03
2385,37,57885.746
2386,46,18115.047
2387,53,21351.164
2388,36,28686.79
2389,30,23290.186
2390,20,51492.16
2391,32,66753.07
2392,44,59806.96
2393,41,59876.766
2394,25,190340.84
2395,45,70173.44
2396,23,93615.35
2397,26,35885.395
2398,34,106402.375
2399,46,34540.793
2400,27,69489.914
2401,26,16692.0
2402,38,57111.773
2403,48,22913.33
2404,25,105726.07
2405,50,100758.26
2406,33,34422.867
2407,41,257670.84
2408,22,39778.254
2409,37,13768.838
2410,48,26808.758
2411,38,21686.94
2412,34,67741.88
2413,30,18610.623
2414,33,32480.887
2415,44,64306.758
2416,45,55865.094
2417,28,49496.797
2418,28,55302.793
2419,47,37174.496
2420,23,13860.199
2421,46,36399.406
2422,21,72749.555
2423,51,44811.957
2424,30,68389.12
2425,42,31268.043
2426,52,110773.98
2427,24,6468.658
2428,52,55990.13
2429,48,147102.16
2430,19,165700.48
2431,37,41536.062
2432,30,17306.193
2433,35,149187.11
2434,36,47967.844
2435,23,44028.95
2436,24,24477.133
2437,35,18395.627
2438,40,78501.17
2439,45,85449.04
2440,18,58748.062
2441,26,27133.969
2442,22,21328.068
2443,36,15898.489
2444,25,31931.305
2445,38,22361.486
2446,25,12737.816
2447,26,84191.92
2448,47,17405.25
2449,42,109854.984
2450,33,68530.6
2451,19,63275.36
2452,35,189477.48
2453,27,17874.604
2454,18,100588.766
2455,39,39405.64
2456,29,391067.1
2457,25,36869.605
2458,47,32400.58
2459,53,70277.49
2460,50,42304.613
2461,46,27255.426
2462,47,23007.07
2463,46,160546.98
2464,31,19712.516
2465,37,59769.355
2466,29,116392.76
2467,22,120979.24
2468,38,30898.297
2469,24,42396.9
2470,21,36301.832
2471,26,14643.668
2472,50,76863.945
2473,49,51564.113
2474,50,158299.86
2475,34,25879.701
2476,25,119459.84
2477,18,126394.8
2478,18,51918.77
2479,33,8805.123
2480,35,33180.715
2481,26,208662.88
2482,49,63412.918
2483,50,87072.65
2484,19,46557.574
2485,28,41815.566
2486,50,11225.044
2487,38,94425.805
2488,42,118601.36
2489,42,23367.197
2490,43,43334.06
2491,47,38901.39
2492,54,69975.53
2493,34,32347.352
2494,20,105329.734
2495,51,52935.938
2496,42,6504.437
2497,44,71250.31
2498,54,110952.68
2499,39,19893.115
2500,33,69338.8
2501,30,216153.92
2502,45,54689.74
2503,22,124627.1
2504,38,35103.438
2505,44,49286.566
2506,45,42449.96
2507,39,36683.484
2508,41,44426.91
2509,36,13564.792
2510,35,38371.65
2511,30,145804.72
2512,46,23128.623
2513,40,21308.72
2514,50,52509.438
2515,33,54651.11
2516,20,67626.16
2517,34,45651.305
2518,51,52958.805
2519,24,37762.45
2520,27,18018.268
2521,52,47224.344
2522,46,89273.13
2523,51,75495.02
2524,22,12386.774
2525,52,61164.277
2526,18,24478.799
2527,19,152285.06
2528,23,64912.41
2529,38,102416.74
2530,19,50853.938
2531,18,47426.4
2532,21,165454.95
2533,49,108879.586
2534,32,54943.75
2535,28,42618.562
2536,37,12759.591
2537,23,64824.074
2538,48,45201.934
2539,47,77881.45
2540,45,99313.16
2541,38,134069.7
2542,34,65471.656
2543,25,21648.467
2544,44,8958.226
2545,34,25848.773
2546,22,145301.92
2547,28,215038.31
2548,26,41334.703
2549,48,15537.486
2550,22,29763.777
2551,55,124246.52
2552,41,31162.406
2553,53,80103.71
2554,20,57218.062
2555,23,88236.93
2556,23,214097.56
2557,32,80145.86
2558,40,56235.938
2559,46,233859.81
2560,30,66132.79
2561,39,26513.791
2562,54,86660.24
2563,45,71520.734
2564,46,39083.527
2565,22,33047.773
2566,32,39386.195
2567,53,32671.773
2568,54,40423.656
2569,46,25477.246
2570,27,68097.93
2571,36,64134.605
2572,34,65903.03
2573,19,47566.44
2574,27,43375.4
2575,20,158479.88
2576,43,52770.258
2577,36,137419.25
2578,34,22530.957
2579,50,80107.164
2580,34,27778.451
2581,36,32043.729
2582,38,35963.277
2583,31,34204.043
2584,46,34340.977
2585,40,132402.05
2586,26,51849.844
2587,43,59863.52
2588,41,34684.574
2589,34,99243.305
2590,51,66424.64
2591,18,39051.453
2592,26,14077.755
2593,48,59445.516
2594,18,79246.766
2595,36,22849.854
2596,38,39476.57
2597,24,76842.0
2598,30,14228.978
2599,20,29753.336
2600,45,67596.09
2601,21,121029.914
2602,49,287334.44
2603,30,239594.23
2604,39,56094.547
2605,26,33941.6
2606,18,104639.47
2607,35,32367.3
2608,37,27176.342
2609,50,39166.043
2610,37,35427.36
2611,28,69555.67
2612,19,30879.783
2613,49,53523.492
2614,48,179107.42
2615,51,55132.29
2616,19,168244.25
2617,30,130799.85
2618,45,80290.81
2619,31,37663.85
2620,45,114942.2
2621,48,40937.36
2622,25,49919.68
2623,22,65116.758
2624,25,49785.76
2625,46,28101.104
2626,36,14736.742
2627,47,107697.82
2628,23,78909.11
2629,43,12623.173
2630,18,27511.197
2631,25,57701.047
2632,51,71241.88
2633,52,14839.019
2634,23,46554.89
2635,23,76995.48
2636,20,37743.51
2637,21,61355.617
2638,38,33851.438
2639,38,103480.18
2640,23,26379.691
2641,28,20052.633
2642,32,51170.566
2643,29,15882.252
2644,35,9280.673
2645,44,118986.64
2646,18,22751.781
2647,34,17203.309
2648,22,26117.771
2649,27,25196.436
2650,31,44626.766
2651,50,20847.492
2652,31,74483.08
2653,22,83848.39
2654,51,18029.871
2655,43,30494.48
2656,33,32903.44
2657,47,43816.793
2658,51,118886.57
2659,40,124496.016
2660,47,369118.2
2661,48,8137.8325
2662,50,23869.14
2663,36,213413.23
2664,28,11839.753
2665,28,209565.23
2666,34,56255.51
2667,43,57935.438
2668,25,17960.674
2669,41,34851.37
2670,36,202334.88
2671,32,48128.594
2672,52,35037.67
2673,28,69172.16
2674,54,42873.285
2675,31,65900.36
2676,48,25336.092
2677,25,47007.203
2678,40,29939.0
2679,32,11808.855
2680,34,73522.336
2681,19,18634.314
2682,54,43826.133
2683,22,104886.375
2684,50,15086.076
2685,26,81107.086
2686,38,39337.26
2687,45,23076.258
2688,30,252235.11
2689,48,49977.754
2690,31,31739.078
2691,53,26785.285
2692,19,101185.25
2693,36,30642.197
2694,28,91582.25
2695,41,49900.906
2696,32,122116.25
2697,35,21714.744
2698,22,24278.045
2699,55,39933.63
2700,52,42673.145
2701,22,37651.67
2702,48,410417.66
2703,21,260504.62
2704,51,63514.426
2705,44,69797.67
2706,55,41383.293
2707,45,21588.54
2708,18,43222.67
2709,43,92658.18
2710,55,142099.06
2711,45,110895.66
2712,51,14942.411
2713,42,39671.81
2714,22,15439.497
2715,41,127370.2
2716,35,35949.51
2717,49,48150.664
2718,52,73410.23
2719,47,457114.97
2720,45,61969.54
2721,54,41322.46
2722,32,18526.262
2723,55,160602.86
2724,26,43237.746
2725,32,188243.62
2726,44,121087.51
2727,45,34524.117
2728,29,16415.107
2729,41,62182.793
2730,51,30572.479
2731,23,51598.863
2732,43,115730.32
2733,55,13318.544
2734,30,61788.305
2735,55,91808.05
2736,34,95441.305
2737,38,16796.814
2738,21,69929.82
2739,50,130954.805
2740,47,65799.36
2741,41,45579.938
2742,47,124426.27
2743,26,28690.555
2744,32,14704.546
2745,55,42586.816
2746,38,76712.08
2747,37,114797.81
2748,21,76433.805
2749,55,97580.71
2750,47,115384.74
2751,36,38111.703
2752,25,44419.188
2753,30,140016.08
2754,36,18989.713
2755,19,70480.02
2756,49,28181.225
2757,30,120570.22
2758,28,49287.703
2759,24,50304.684
2760,48,199362.92
2761,21,21140.46
2762,46,59422.836
2763,34,43290.02
2764,42,76550.61
2765,22,234038.97
2766,26,30809.707
2767,37,19184.541
2768,46,26168.623
2769,37,41503.117
2770,55,52636.387
2771,29,54797.582
2772,21,211484.52
2773,45,183441.22
2774,55,141794.69
2775,27,373745.06
2776,18,96669.87
2777,41,121353.414
2778,42,95186.625
2779,34,83491.7
2780,31,68548.414
2781,37,36398.855
2782,41,18441.441
2783,27,45037.695
2784,39,78621.24
2785,34,52975.656
2786,29,21322.32
2787,41,43786.105
2788,22,41997.95
2789,31,47567.004
2790,46,74051.09
2791,20,87972.95
2792,37,33514.62
2793,41,109609.055
2794,34,123634.98
2795,41,64603.24
2796,27,85099.67
2797,22,109882.12
2798,34,20778.262
2799,29,116257.56
2800,51,26575.09
2801,53,28727.697
2802,23,58501.613
2803,49,8996.098
2804,48,57542.24
2805,46,109666.92
2806,19,13400.392
2807,39,119489.734
2808,42,28588.168
2809,30,58998.523
2810,34,32109.867
2811,38,79071.92
2812,42,113520.23
2813,27,83900.48
2814,32,49841.008
2815,52,34169.68
2816,53,47303.363
2817,38,84504.11
2818,28,86854.66
2819,41,77686.72
2820,25,17920.781
2821,37,49087.53
2822,42,30122.725
2823,28,85111.84
2824,27,27113.875
2825,20,71784.31
2826,50,39895.87
2827,40,11120.009
2828,48,105297.58
2829,28,48998.67
2830,46,138768.19
2831,25,13194.179
2832,50,39599.082
2833,33,42051.684
2834,39,62065.36
2835,48,17320.195
2836,42,77265.945
2837,53,230754.17
2838,28,73087.17
2839,41,53856.383
2840,28,16610.867
2841,53,26913.45
2842,33,47815.367
2843,41,32727.047
2844,44,113639.16
2845,25,76629.766
2846,48,430921.47
2847,34,22813.13
2848,54,51342.285
2849,21,16530.863
2850,53,8449.188
2851,42,89139.25
2852,33,74389.54
2853,21,25237.996
2854,31,53863.156
2855,42,30223.172
2856,42,33671.676
2857,51,38698.285
2858,52,24404.582
2859,20,28182.553
2860,37,28825.91
2861,55,70128.27
2862,49,5433.844
2863,25,41675.758
2864,37,20944.53
2865,49,21558.73
2866,20,32835.17
2867,30,49429.688
2868,39,42118.77
2869,44,21344.084
2870,20,89066.23
2871,21,24286.965
2872,46,27778.379
2873,34,62778.74
2874,55,64606.684
2875,49,30650.938
2876,20,4773.565
2877,47,24621.752
2878,47,56913.555
2879,42,86739.51
2880,44,46926.65
2881,44,34084.207
2882,32,313121.66
2883,36,37115.48
2884,47,81598.36
2885,28,17184.045
2886,38,20902.918
2887,49,83921.64
2888,50,115315.52
2889,36,36607.367
2890,22,11394.313
2891,38,43727.496
2892,35,58180.35
2893,39,54113.16
2894,41,31858.725
2895,42,44243.82
2896,45,27445.48
2897,35,20543.66
2898,25,91520.02
2899,36,54069.035
2900,42,44321.777
2901,33,33324.9
2902,34,43288.375
2903,39,56842.04
2904,44,199331.3
2905,54,84407.18
2906,26,29340.703
2907,38,29589.277
2908,40,26119.395
2909,23,42589.45
2910,45,26103.303
2911,30,73103.92
2912,18,6032.7925
2913,51,76719.63
2914,48,62322.656
2915,22,137306.69
2916,33,100831.89
2917,26,28935.371
2918,42,92154.03
2919,29,43709.656
2920,20,10639.544
2921,52,56774.574
2922,45,30344.65
2923,43,50008.863
2924,27,187388.28
2925,36,59850.664
2926,54,22157.037
2927,51,108153.875
2928,28,66823.65
2929,18,20163.893
2930,47,13832.664
2931,50,22877.479
2932,31,97618.25
2933,49,39281.016
2934,18,53353.363
2935,43,17136.305
2936,19,99743.13
2937,38,9972.946
2938,44,29598.42
2939,37,69881.02
2940,36,20367.04
2941,26,81722.26
2942,46,24944.861
2943,34,18749.49
2944,28,139939.28
2945,43,56552.37
2946,45,75735.87
2947,50,112909.96
2948,41,6150.8105
2949,30,83083.75
2950,42,27199.615
2951,38,30223.047
2952,50,70950.03
2953,39,37396.996
2954,36,80450.32
2955,38,48392.684
2956,20,57202.08
2957,47,33779.22
2958,43,21329.186
2959,52,27653.96
2960,49,46051.656
2961,29,217416.25
2962,34,162316.5
2963,39,29647.75
2964,50,52469.348
2965,32,39719.594
2966,52,55491.86
2967,33,61507.137
2968,34,76251.34
2969,35,4909.2046
2970,18,67035.48
2971,43,36338.805
2972,51,28447.852
2973,24,94389.36
2974,53,161657.92
2975,26,86766.93
2976,48,33022.254
2977,18,21141.088
2978,53,4513.295
2979,32,57860.55
2980,25,79458.58
2981,52,46087.06
2982,39,105532.61
2983,31,17389.574
2984,52,43598.9
2985,42,40926.684
2986,22,45784.062
2987,40,127277.32
2988,32,45977.367
2989,41,39495.59
2990,19,23633.572
2991,48,144732.4
2992,27,15911.881
2993,20,32124.645
2994,41,193867.06
2995,48,72720.086
2996,18,49199.414
2997,32,50875.254
2998,39,23451.176
2999,27,47332.69
3000,31,37793.242
3001,52,57727.05
3002,43,14984.703
3003,23,68738.164
3004,48,112767.336
3005,45,42477.074
3006,30,83906.38
3007,20,64090.75
3008,40,30748.184
3009,49,21438.803
3010,48,23982.207
3011,31,63202.07
3012,26,47803.883
3013,19,138670.06
3014,26,94133.984
3015,41,93977.086
3016,19,61712.57
3017,19,23156.23
3018,44,64864.11
3019,43,52620.49
3020,44,20112.025
3021,33,131628.34
3022,31,120765.97
3023,36,20019.438
3024,54,30017.695
3025,27,32203.104
3026,36,81443.07
3027,55,74277.13
3028,49,51808.22
3029,18,62246.906
3030,37,17848.46
3031,52,67837.29
3032,24,46123.137
3033,38,29043.318
3034,48,14673.131
3035,20,51090.16
3036,38,66525.875
3037,24,12807.585
3038,55,50744.938
3039,40,55136.66
3040,21,32093.047
3041,42,67754.68
3042,28,44965.39
3043,20,62712.438
3044,43,76663.1
3045,40,76697.45
3046,26,112784.555
3047,23,65541.48
3048,31,34137.293
3049,25,29778.629
3050,49,21356.924
3051,45,56428.07
3052,35,143893.34
3053,31,37534.516
3054,19,71644.016
3055,48,27390.576
3056,47,58432.19
3057,27,136934.22
3058,55,86575.89
3059,45,14230.299
3060,44,78931.38
3061,52,81859.44
3062,44,57444.117
3063,43,85288.59
3064,26,25667.39
3065,25,52595.656
3066,55,121530.125
3067,32,113067.23
3068,30,77514.03
3069,36,24670.959
3070,42,21750.832
3071,44,54798.234
3072,42,57779.984
3073,49,46142.094
3074,22,26263.89
3075,40,70922.8
3076,24,54606.63
3077,54,63047.125
3078,39,80380.375
3079,50,40169.305
3080,45,33818.78
3081,27,121276.766
3082,52,27279.52
3083,53,34352.805
3084,23,134212.08
3085,22,32278.572
3086,50,46206.887
3087,34,35961.434
3088,25,12006.472
3089,36,45303.164
3090,34,22276.35
3091,23,61294.332
3092,41,121089.97
3093,51,8505.253
3094,39,36107.098
3095,42,71799.79
3096,40,8717.6
3097,40,145625.06
3098,43,67757.6
3099,47,118936.92
3100,40,31844.502
3101,37,35070.71
3102,18,43959.727
3103,29,276604.94
3104,27,143524.72
3105,48,55584.32
3106,42,61285.57
3107,36,83091.805
3108,34,338751.53
3109,42,67911.055
3110,53,51872.59
3111,30,38135.45
3112,32,60337.586
3113,28,31262.07
3114,41,74358.414
3115,37,15894.063
3116,41,40594.094
3117,42,89992.766
3118,42,67176.4
3119,40,34533.273
3120,21,41529.473
3121,43,114467.48
3122,27,18985.996
3123,47,19074.418
3124,44,23767.422
3125,20,49574.703
3126,50,16888.494
3127,25,107170.85
3128,28,23869.203
3129,18,59830.016
3130,43,31461.498
3131,43,47447.57
3132,35,13864.703
3133,54,111394.28
3134,23,23169.219
3135,18,21307.297
3136,40,335368.6
3137,53,77903.34
3138,42,107981.09
3139,32,72178.06
3140,39,34814.66
3141,34,17576.154
3142,27,39368.527
3143,39,22862.443
3144,55,23987.453
3145,50,14090.11
3146,51,54795.266
3147,40,176047.3
3148,26,78142.37
3149,32,45942.504
3150,25,48403.18
3151,49,4365.799
3152,39,35621.688
3153,40,15969.526
3154,19,55676.215
3155,44,40611.133
3156,18,24942.654
3157,34,54682.316
3158,36,54306.63
3159,44,168497.72
3160,50,86587.63
3161,50,59477.688
3162,27,23429.863
3163,55,21184.541
3164,26,80729.29
3165,54,42604.824
3166,52,61039.152
3167,40,109335.75
3168,23,14902.247
3169,46,152879.7
3170,28,108584.48
3171,33,9664.61
3172,43,328486.9
3173,39,64658.79
3174,44,34096.418
3175,55,75737.45
3176,26,22874.97
3177,45,77395.27
3178,51,26502.148
3179,24,251718.31
3180,48,52462.74
3181,36,84089.48
3182,31,26660.176
3183,45,96083.71
3184,31,49499.32
3185,21,16160.042
3186,30,41306.21
3187,23,234372.53
3188,35,99405.22
3189,38,36923.305
3190,54,11208.701
3191,32,25688.156
3192,38,16229.715
3193,45,11427.43
3194,24,93737.27
3195,50,52558.82
3196,55,210210.58
3197,23,22508.871
3198,19,49908.848
3199,39,16390.2
3200,32,31066.322
3201,44,41860.18
3202,38,37051.168
3203,23,52188.152
3204,24,108778.17
3205,51,99998.69
3206,23,27019.406
3207,24,48800.457
3208,26,94377.26
3209,47,114504.28
3210,39,29461.893
3211,44,88107.23
3212,51,65166.152
3213,21,21311.178
3214,52,94836.03
3215,47,56444.484
3216,33,12415.063
3217,43,39525.27
3218,28,51619.992
3219,45,30795.342
3220,20,133567.34
3221,31,137496.4
3222,40,36819.62
3223,26,33725.11
3224,47,45016.777
3225,31,42604.445
3226,32,31125.316
3227,48,2572.7766
3228,52,203542.03
3229,41,50016.723
3230,32,43352.957
3231,32,64855.277
3232,36,46898.082
3233,55,35437.492
3234,26,22365.201
3235,54,11486.045
3236,51,16920.398
3237,41,20464.338
3238,28,84163.445
3239,38,89275.0
3240,20,24694.578
3241,31,5936.381
3242,50,50366.164
3243,24,35687.098
3244,24,34988.273
3245,48,107422.86
3246,28,55865.395
3247,22,22895.018
3248,22,19046.676
3249,33,40525.6
3250,54,24213.076
3251,34,47186.363
3252,53,113628.76
3253,41,16579.998
3254,53,53637.4
3255,30,103965.91
3256,48,46668.67
3257,38,89057.99
3258,46,39733.91
3259,23,57322.055
3260,18,71140.086
3261,26,31639.965
3262,55,245811.22
3263,19,79367.36
3264,47,141799.12
3265,43,117782.79
3266,55,64965.375
3267,37,151510.44
3268,51,58110.99
3269,37,27888.176
3270,45,50596.297
3271,28,22355.883
3272,44,9306.002
3273,21,25279.385
3274,50,53001.926
3275,35,116928.52
3276,47,25219.252
3277,32,112185.414
3278,41,18981.725
3279,45,23960.46
3280,19,159389.08
3281,23,51941.59
3282,52,43515.86
3283,35,60355.19
3284,18,19046.824
3285,48,38372.633
3286,23,50106.56
3287,20,133904.62
3288,47,13140.372
3289,51,204878.12
3290,27,45254.62
3291,55,20564.74
3292,33,17791.4
3293,53,62211.66
3294,36,17017.725
3295,39,31942.076
3296,19,40939.71
3297,34,124831.34
3298,32,112931.99
3299,21,29893.143
3300,26,42177.06
3301,32,13953.287
3302,28,9783.982
3303,26,18704.816
3304,25,122793.11
3305,39,93324.96
3306,36,67949.99
3307,43,15578.993
3308,21,28295.29
3309,25,25172.854
3310,42,43782.066
3311,40,41628.297
3312,22,22431.305
3313,22,66115.055
3314,23,60050.152
3315,43,27909.428
3316,52,63780.387
3317,43,122909.87
3318,32,156721.7
3319,54,74036.09
3320,46,72315.42
3321,36,41260.758
3322,21,113953.83
3323,18,21236.934
3324,36,103866.16
3325,37,39723.35
3326,52,164806.56
3327,36,80044.93
3328,50,47357.727
3329,18,41381.457
3330,19,76135.4
3331,37,73238.59
3332,34,36355.613
3333,32,53811.74
3334,29,102425.44
3335,42,16799.312
3336,53,89364.69
3337,25,75867.98
3338,55,129197.336
3339,47,28205.021
3340,18,50229.168
3341,26,58913.938
3342,31,90293.02
3343,43,70479.125
3344,42,18548.314
3345,35,63108.676
3346,46,248490.84
3347,31,81567.35
3348,31,185389.78
3349,22,115177.234
3350,53,148702.03
3351,27,64071.39
3352,55,75906.26
3353,42,61340.31
3354,40,50173.938
3355,54,90538.84
3356,25,32957.586
3357,30,225953.42
3358,38,23798.264
3359,25,95691.88
3360,34,150650.12
3361,19,43411.555
3362,28,20524.95
3363,34,126020.766
3364,22,58835.137
3365,42,95839.59
3366,53,45808.027
3367,30,199849.14
3368,45,9192.763
3369,39,67556.555
3370,36,146265.38
3371,25,54396.195
3372,41,63682.51
3373,26,35332.863
3374,20,50834.426
3375,26,13125.248
3376,42,28142.416
3377,50,26645.463
3378,32,85397.96
3379,22,31655.984
3380,31,32396.246
3381,23,36954.387
3382,53,27470.35
3383,23,62006.598
3384,48,67635.17
3385,40,96741.055
3386,28,84286.62
3387,27,77806.83
3388,18,38430.383
3389,52,36508.312
3390,22,24904.643
3391,19,24547.943
3392,30,58406.79
3393,40,28120.256
3394,41,161852.0
3395,34,48522.246
3396,27,166190.56
3397,24,78999.12
3398,30,26849.143
3399,26,47578.742
3400,19,13108.503
3401,45,58227.824
3402,54,28887.48
3403,30,20517.057
3404,26,168973.25
3405,23,114033.61
3406,36,111547.914
3407,38,93476.68
3408,18,18617.682
3409,19,36293.527
3410,37,38107.844
3411,33,12733.462
3412,37,32021.967
3413,24,32302.5
3414,40,55302.723
3415,18,379150.44
3416,51,49171.098
3417,19,55325.535
3418,23,40929.652
3419,28,90214.78
3420,53,21176.44
3421,54,227887.7
3422,26,45272.312
3423,18,36447.438
3424,34,108641.414
3425,29,24514.994
3426,48,88892.15
3427,20,153877.84
3428,26,41221.04
3429,29,258345.11
3430,49,83718.19
3431,47,84552.984
3432,28,149114.62
3433,25,184308.5
3434,42,61651.293
3435,32,94589.586
3436,51,152794.86
3437,41,19738.56
3438,55,12533.701
3439,45,47750.04
3440,52,12295.458
3441,31,38893.492
3442,40,64297.57
3443,29,40105.44
3444,47,44645.277
3445,33,22436.516
3446,43,93928.875
3447,48,21354.283
3448,54,9297.092
3449,34,42357.773
3450,45,103963.41
3451,49,53297.406
3452,22,19691.467
3453,24,54248.957
3454,27,70999.016
3455,43,53746.383
3456,53,40461.69
3457,38,73762.76
3458,18,12444.534
3459,30,24455.586
3460,38,17599.254
3461,31,147044.03
3462,35,88380.234
3463,49,57981.445
3464,25,15666.516
3465,39,90680.4
3466,51,151601.47
3467,44,78981.91
3468,28,48612.52
3469,31,82880.305
3470,26,62200.055
3471,38,104887.05
3472,51,103024.984
3473,29,41895.17
3474,28,29474.041
3475,55,36312.594
3476,52,76761.51
3477,49,38109.793
3478,39,27428.957
3479,51,49961.88
3480,52,121266.25
3481,23,55707.203
3482,35,40086.86
3483,18,64609.95
3484,28,53477.145
3485,39,10645.246
3486,31,87306.97
3487,39,69268.47
3488,34,50651.074
3489,37,116968.93
3490,33,131949.92
3491,30,94730.68
3492,41,25324.754
3493,20,26035.32
3494,41,122228.4
3495,46,11136.677
3496,39,44386.926
3497,35,71085.516
3498,26,12325.827
3499,25,60309.98
3500,49,107293.305
3501,26,15234.493
3502,53,188398.45
3503,28,22290.463
3504,37,79186.99
3505,53,46765.504
3506,40,52859.4
3507,29,17907.63
3508,54,137057.61
3509,54,64892.35
3510,50,182855.3
3511,18,18285.15
3512,31,43251.645
3513,43,59124.56
3514,47,52474.613
3515,30,85238.336
3516,47,42814.984
3517,45,273046.97
3518,55,51619.363
3519,52,4976.364
3520,55,53484.066
3521,37,137166.31
3522,38,23888.045
3523,36,22705.766
3524,31,25526.35
3525,54,21133.121
3526,22,34072.875
3527,25,103488.53
3528,34,169540.05
3529,36,7189.508
3530,29,36938.68
3531,40,63699.797
3532,47,58801.402
3533,28,228600.22
3534,31,10008.832
3535,18,6301.4004
3536,52,260289.12
3537,43,91356.55
3538,47,31655.938
3539,23,57357.41
3540,21,60739.676
3541,34,31050.234
3542,46,56005.266
3543,45,66411.734
3544,42,250747.69
3545,20,108070.52
3546,34,201035.5
3547,34,17067.324
3548,50,37874.01
3549,22,60692.527
3550,45,10752.544
3551,40,128703.39
3552,42,83578.875
3553,26,37274.004
3554,54,43179.055
3555,35,136335.19
3556,41,26461.018
3557,30,140804.34
3558,35,40869.824
3559,25,91544.01
3560,55,53593.85
3561,31,298442.75
3562,50,24584.326
3563,49,31607.578
3564,45,14986.093
3565,34,20793.018
3566,48,88457.79
3567,23,179855.53
3568,49,96854.29
3569,55,49784.805
3570,43,24462.258
3571,31,102591.8
3572,50,23409.49
3573,41,16994.021
3574,28,39065.805
3575,40,9824.414
3576,38,16558.758
3577,53,226063.34
3578,36,14275.949
3579,35,19327.023
3580,32,52957.48
3581,26,55210.11
3582,18,41443.19
3583,50,10067.617
3584,53,98574.68
3585,40,35078.215
3586,37,132738.72
3587,42,29849.525
3588,28,109729.52
3589,34,141018.31
3590,26,34414.195
3591,44,101127.61
3592,50,17273.736
3593,22,61742.63
3594,28,132927.67
3595,54,75702.96
3596,24,342750.28
3597,52,79163.03
3598,19,37330.324
3599,33,485282.94
3600,26,184746.36
3601,31,13869.566
3602,25,26700.762
3603,29,21790.988
3604,31,83807.85
3605,35,78960.63
3606,32,78475.35
3607,32,13573.175
3608,51,30010.574
3609,33,44371.387
3610,32,11640.455
3611,49,24892.357
3612,28,147993.73
3613,25,14422.106
3614,47,160169.3
3615,23,119694.45
3616,50,39623.93
3617,23,29752.84
3618,40,97269.46
3619,42,26624.475
3620,20,27705.326
3621,39,49054.32
3622,24,9096.013
3623,50,15674.615
3624,22,38841.684
3625,23,73154.95
3626,25,26331.445
3627,49,42688.715
3628,39,13752.9795
3629,41,105426.086
3630,39,59625.83
3631,53,63998.504
3632,47,73893.4
3633,32,53224.83
3634,23,33953.938
3635,29,123438.945
3636,40,56686.04
3637,50,43791.84
3638,46,49655.008
3639,40,48815.65
3640,48,43441.297
3641,50,71443.586
3642,39,23649.33
3643,38,25072.965
3644,34,78212.85
3645,26,44515.24
3646,47,108759.336
3647,51,69347.23
3648,34,32134.193
3649,54,79209.805
3650,40,130291.695
3651,54,71493.51
3652,44,85156.516
3653,21,43580.348
3654,36,110659.164
3655,53,31420.818
3656,19,65552.9
3657,51,390578.1
3658,27,76947.84
3659,46,35710.832
3660,26,35637.17
3661,55,47226.24
3662,38,98792.3
3663,47,56184.73
3664,18,29761.059
3665,50,29718.965
3666,22,56467.344
3667,31,51724.883
3668,33,71952.336
3669,54,104169.04
3670,46,443151.1
3671,44,15524.14
3672,34,86618.44
3673,25,54091.074
3674,21,11431.378
3675,50,135863.08
3676,27,70032.65
3677,54,94809.35
3678,54,12839.006
3679,38,41916.914
3680,39,21087.184
3681,26,282168.3
3682,21,124918.72
3683,26,28998.635
3684,47,14624.7
3685,39,58397.15
3686,28,119816.41
3687,54,12478.162
3688,35,23726.754
3689,19,20646.695
3690,30,100040.984
3691,27,37194.457
3692,21,38462.117
3693,22,57497.805
3694,36,24764.182
3695,50,15753.674
3696,27,149570.98
3697,25,161097.8
3698,19,57724.92
3699,50,61175.54
3700,36,137116.95
3701,41,56675.72
3702,42,35757.523
3703,44,51598.59
3704,55,152407.52
3705,36,52179.01
3706,30,29268.65
3707,41,56239.797
3708,40,84521.125
3709,27,76786.266
3710,48,77810.95
3711,46,25807.906
3712,36,92583.03
3713,46,51151.703
3714,50,28292.31
3715,53,91995.94
3716,42,34782.414
3717,42,14190.676
3718,41,22455.625
3719,42,43237.727
3720,53,79413.22
3721,50,25047.326
3722,46,41243.48
3723,44,18891.975
3724,48,109689.03
3725,55,197529.48
3726,32,181172.39
3727,39,108202.734
3728,18,99686.57
3729,46,9530.712
3730,30,57613.77
3731,45,33620.934
3732,30,101128.914
3733,25,6566.2617
3734,32,58346.37
3735,28,42117.695
3736,22,122335.46
3737,50,172502.66
3738,46,23782.408
3739,19,24656.848
3740,21,60124.67
3741,27,200143.2
3742,29,52464.605
3743,29,17969.824
3744,55,30794.258
3745,32,58800.734
3746,44,60593.336
3747,23,28467.209
3748,19,30307.355
3749,34,22800.184
3750,38,124581.48
3751,44,25641.262
3752,49,34473.387
3753,21,33697.4
3754,48,13835.77
3755,18,25060.447
3756,52,133557.62
3757,54,19002.922
3758,28,23129.508
3759,43,17218.535
3760,44,46503.79
3761,53,225970.48
3762,23,44964.246
3763,34,52743.086
3764,53,26460.822
3765,28,47595.04
3766,43,133655.19
3767,21,56055.96
3768,41,275183.75
3769,18,136948.75
3770,44,46663.855
3771,43,45942.598
3772,43,184336.25
3773,22,55806.117
3774,26,154340.36
3775,42,248228.3
3776,37,42463.613
3777,40,66260.06
3778,37,109511.15
3779,28,92390.4
3780,23,91873.77
3781,27,17205.756
3782,34,25362.955
3783,41,33643.15
3784,55,132100.06
3785,43,18610.447
3786,39,169119.3
3787,23,93306.55
3788,25,125889.836
3789,48,23769.34
3790,40,52977.37
3791,42,63508.723
3792,21,61313.29
3793,24,63342.02
3794,43,40076.97
3795,19,55711.617
3796,27,114305.44
3797,19,19664.465
3798,51,172373.4
3799,47,109677.27
3800,29,23100.668
3801,27,67971.73
3802,20,102844.9
3803,43,18611.662
3804,30,51707.652
3805,37,46955.99
3806,40,29831.312
3807,48,53834.176
3808,47,30932.078
3809,53,150125.06
3810,19,30286.666
3811,19,94217.52
3812,35,13299.333
3813,31,43929.02
3814,43,50494.88
3815,42,42802.227
3816,21,36414.547
3817,26,29312.41
3818,46,91437.49
3819,50,111228.8
3820,28,46819.242
3821,19,20795.01
3822,48,210015.73
3823,52,24734.154
3824,22,15556.604
3825,51,9993.406
3826,21,54140.61
3827,21,42017.656
3828,49,114067.266
3829,30,81523.445
3830,41,63066.137
3831,29,40242.727
3832,31,121511.0
3833,49,222724.36
3834,45,112079.266
3835,44,34508.227
3836,53,93435.88
3837,35,36246.805
3838,34,20655.242
3839,21,24356.33
3840,41,37542.75
3841,22,54336.203
3842,20,259949.64
3843,28,24696.744
3844,54,144144.14
3845,33,38792.05
3846,54,9963.366
3847,23,33362.824
3848,25,128172.96
3849,41,65874.98
3850,31,69102.02
3851,18,144723.67
3852,18,21822.771
3853,30,21555.32
3854,30,8174.668
3855,23,100855.484
3856,45,78414.62
3857,52,89228.12
3858,25,19406.615
3859,37,13854.69
3860,48,17397.531
3861,44,23902.072
3862,49,173328.77
3863,35,111288.33
3864,45,34655.156
3865,26,63524.434
3866,41,29059.145
3867,54,66916.586
3868,35,20116.621
3869,37,91124.266
3870,37,25336.863
3871,34,95273.82
3872,29,35519.6
3873,37,26574.77
3874,46,181711.52
3875,46,57603.305
3876,25,38639.61
3877,31,91703.97
3878,44,17116.281
3879,31,121208.7
3880,41,44722.074
3881,39,80854.66
3882,32,14493.848
3883,28,36821.51
3884,52,50183.543
3885,40,114007.29
3886,18,86172.56
3887,25,36526.62
3888,49,64481.684
3889,46,136630.23
3890,54,42607.582
3891,40,39053.44
3892,54,11026.035
3893,38,39995.426
3894,31,12432.592
3895,48,45629.54
3896,43,110225.81
3897,31,9173.432
3898,49,134207.89
3899,24,38391.824
3900,20,48925.13
3901,40,33451.184
3902,53,12697.86
3903,54,26725.861
3904,49,267722.53
3905,40,20804.86
3906,29,14029.877
3907,55,55983.434
3908,40,46684.016
3909,29,38604.125
3910,18,50581.27
3911,30,83712.234
3912,25,31258.525
3913,39,58413.742
3914,25,113422.836
3915,48,22551.285
3916,33,7801.2026
3917,33,85513.12
3918,36,370329.47
3919,36,49706.676
3920,22,58766.312
3921,43,39463.504
3922,37,178122.53
3923,47,46984.484
3924,41,43067.63
3925,32,103618.31
3926,48,33940.35
3927,45,17890.469
3928,38,101277.4
3929,28,31149.096
3930,55,22911.867
3931,44,268288.12
3932,51,43343.016
3933,26,74247.484
3934,45,51195.19
3935,22,24605.436
3936,32,86796.81
3937,55,64308.137
3938,25,29503.803
3939,26,70709.17
3940,33,33134.496
3941,39,20664.695
3942,27,19058.043
3943,50,62058.027
3944,50,36812.53
3945,31,166232.3
3946,25,48310.867
3947,31,26678.562
3948,43,56728.523
3949,27,17753.97
3950,34,46745.5
3951,19,64544.598
3952,43,58472.75
3953,31,141778.06
3954,44,399429.28
3955,50,85553.414
3956,39,128388.41
3957,52,382524.66
3958,49,22354.828
3959,18,55507.875
3960,47,34111.2
3961,52,98115.875
3962,55,62135.54
3963,46,25978.705
3964,42,50439.836
3965,20,115533.58
3966,36,17620.152
3967,27,26420.69
3968,43,23434.352
3969,24,64918.996
3970,33,134886.8
3971,47,10016.517
3972,28,53922.18
3973,55,23870.572
3974,49,111759.055
3975,25,41365.55
3976,19,55509.94
3977,51,49946.547
3978,42,122903.32
3979,24,257476.44
3980,49,20171.904
3981,35,23335.555
3982,35,64665.08
3983,42,26020.928
3984,44,105518.89
3985,51,119979.03
3986,42,32290.14
3987,51,27145.01
3988,51,40133.035
3989,30,54338.75
3990,44,64321.42
3991,43,8246.339
3992,49,23059.057
3993,34,36188.58
3994,32,26428.197
3995,22,5054.3794
3996,44,11037.792
3997,28,17597.137
3998,40,45594.89
3999,53,35271.004
4000,26,30167.576
4001,37,94560.04
4002,37,94531.2
4003,33,56371.176
4004,54,55043.25
4005,22,25196.234
4006,29,27727.623
4007,41,12754.747
4008,42,40911.938
4009,49,93748.53
4010,37,147744.88
4011,24,41107.85
4012,25,74095.74
4013,39,5089.7646
4014,38,35363.504
4015,49,34706.71
4016,23,164837.1
4017,31,68468.23
4018,26,74249.23
4019,41,71227.98
4020,41,51851.152
4021,50,170360.25
4022,33,7907.403
4023,42,56204.19
4024,23,123453.586
4025,46,11011.148
4026,46,97744.53
4027,35,27196.611
4028,32,54591.367
4029,25,26782.146
4030,51,107699.44
4031,38,39699.297
4032,33,98362.586
4033,25,70830.3
4034,39,26495.873
4035,36,74702.26
4036,46,29405.09
4037,51,52632.062
4038,43,39124.445
4039,28,102714.42
4040,42,77036.62
4041,45,48786.117
4042,44,28888.79
4043,21,18116.621
4044,38,55731.645
4045,39,30150.162
4046,47,11129.799
4047,52,17253.244
4048,21,183593.34
4049,24,29489.725
4050,21,118837.05
4051,37,37588.69
4052,34,134785.56
4053,37,127199.18
4054,37,25828.193
4055,26,10192.401
4056,31,10906.584
4057,18,26182.566
4058,20,226723.34
4059,32,36001.957
4060,37,56160.754
4061,34,141838.98
4062,32,54613.445
4063,32,53129.688
4064,54,82282.1
4065,39,63004.04
4066,51,46175.5
4067,36,28074.55
4068,46,53240.22
4069,45,120006.13
4070,43,208018.42
4071,39,63170.938
4072,38,91482.88
4073,26,62041.75
4074,44,46626.055
4075,33,75446.87
4076,18,129475.19
4077,24,24604.604
4078,35,15656.805
4079,30,32642.541
4080,18,59225.523
4081,42,100275.39
4082,49,22655.82
4083,24,6828.8877
4084,42,33263.613
4085,33,42815.133
4086,30,19731.262
4087,35,27307.195
4088,47,100067.98
4089,53,53224.51
4090,55,65925.195
4091,40,37617.797
4092,27,27350.496
4093,20,37401.26
4094,49,74524.445
4095,21,15164.646
4096,30,187196.56
4097,36,79194.734
4098,52,32567.633
4099,55,95846.57
4100,43,132940.58
4101,49,38388.293
4102,26,42045.617
4103,22,165141.45
4104,47,272381.34
4105,28,51191.4
4106,48,19795.438
4107,46,34313.582
4108,34,114255.32
4109,49,21929.895
4110,35,42325.785
4111,45,63186.516
4112,27,23899.35
4113,46,120201.64
4114,55,87112.2
4115,50,249550.11
4116,47,93428.06
4117,51,23180.498
4118,43,76425.64
4119,33,110215.81
4120,46,114847.6
4121,40,26857.611
4122,43,24409.023
4123,34,20091.83
4124,36,180514.05
4125,46,82296.3
4126,53,25920.861
4127,40,55355.4
4128,35,45289.406
4129,26,22964.69
4130,36,51468.51
4131,34,58240.4
4132,18,234399.16
4133,21,29591.08
4134,24,12736.903
4135,29,21603.602
4136,31,24481.19
4137,26,35533.69
4138,24,21645.986
4139,39,96517.14
4140,30,20474.84
4141,28,50807.164
4142,37,247689.7
4143,25,77857.3
4144,19,71709.88
4145,24,220936.64
4146,43,135441.89
4147,36,78580.414
4148,26,38995.316
4149,45,49100.633
4150,37,47227.668
4151,39,36266.07
4152,38,59243.273
4153,42,66196.08
4154,47,18473.186
4155,55,184501.39
4156,40,69398.2
4157,22,40520.04
4158,33,59678.02
4159,53,105247.86
4160,21,15466.461
4161,37,45969.33
4162,21,19362.504
4163,46,418897.4
4164,44,55844.543
4165,18,19488.537
4166,41,890333.8
4167,36,32564.025
4168,25,42298.816
4169,31,44816.86
4170,42,25372.363
4171,39,60940.906
4172,46,8528.648
4173,47,119192.73
4174,46,20282.92
4175,38,35865.14
4176,37,91216.766
4177,49,42455.402
4178,20,43867.984
4179,38,22250.424
4180,18,267345.44
4181,49,76493.74
4182,35,21026.742
4183,49,57660.305
4184,27,19870.746
4185,37,198334.39
4186,23,58658.55
4187,27,22910.281
4188,23,87365.07
4189,33,40027.33
4190,23,17839.945
4191,36,67820.195
4192,55,66307.06
4193,47,124239.34
4194,54,52647.875
4195,51,54471.152
4196,42,56833.7
4197,31,179154.66
4198,24,39015.703
4199,31,72790.61
4200,52,81893.48
4201,50,66144.664
4202,30,37852.586
4203,40,55064.555
4204,24,46390.598
4205,18,239700.75
4206,45,34667.824
4207,45,24093.936
4208,47,49752.547
4209,49,47024.297
4210,40,58527.562
4211,27,34676.62
4212,24,54615.723
4213,31,55462.586
4214,47,103215.055
4215,46,53862.156
4216,25,54271.707
4217,18,75573.08
4218,21,100097.734
4219,24,22761.77
4220,31,18359.855
4221,37,194106.45
4222,20,87819.484
4223,41,41951.48
4224,18,50794.32
4225,41,36524.15
4226,40,59207.46
4227,19,22978.367
4228,19,97920.56
4229,29,57534.555
4230,23,59223.87
4231,25,24455.842
4232,51,76053.48
4233,39,24909.412
4234,42,28740.357
4235,46,53630.64
4236,44,371626.22
4237,44,57351.324
4238,40,6404.381
4239,30,29904.887
4240,25,86401.61
4241,30,20272.275
4242,54,97213.05
4243,30,56774.055
4244,25,110507.65
4245,35,31974.533
4246,20,30041.984
4247,44,78571.664
4248,46,49699.77
4249,53,47351.797
4250,50,175422.77
4251,48,81071.84
4252,44,10176.535
4253,45,94753.375
4254,32,87461.445
4255,23,129018.016
4256,32,23576.826
4257,29,64836.434
4258,25,54670.652
4259,25,23240.99
4260,51,106637.61
4261,43,41214.34
4262,52,125739.07
4263,49,27597.797
4264,32,15542.134
4265,49,41180.715
4266,26,60192.848
4267,18,32611.541
4268,41,4307.93
4269,38,67961.56
4270,47,67708.22
4271,31,86639.586
4272,49,36878.51
4273,55,35303.484
4274,44,158266.52
4275,32,14178.11
4276,45,41031.035
4277,31,56028.723
4278,32,81193.93
4279,27,57273.426
4280,27,23913.158
4281,38,127244.98
4282,33,50076.355
4283,21,13165.777
4284,35,59107.883
4285,55,73130.43
4286,39,239995.02
4287,22,69340.15
4288,54,15277.827
4289,50,15713.213
4290,25,136864.39
4291,47,26305.566
4292,54,14474.062
4293,38,111322.53
4294,43,34172.95
4295,31,106658.72
4296,37,24052.703
4297,27,162564.17
4298,48,100451.39
4299,29,28046.805
4300,29,13246.199
4301,21,316130.2
4302,36,42260.668
4303,21,27162.51
4304,55,151573.34
4305,35,106551.76
4306,18,128799.93
4307,40,46210.93
4308,24,225172.5
4309,42,17523.248
4310,38,32149.066
4311,21,68301.11
4312,27,127295.62
4313,35,84855.53
4314,46,46792.85
4315,52,34189.027
4316,24,127846.67
4317,53,92161.26
4318,53,24838.727
4319,39,24254.629
4320,50,32318.264
4321,54,29166.287
4322,40,113965.49
4323,26,70853.11
4324,38,78120.52
4325,48,58285.812
4326,43,60523.977
4327,36,14105.561
4328,34,94383.84
4329,28,31856.385
4330,24,48691.22
4331,32,34243.086
4332,49,56188.957
4333,31,79083.016
4334,36,22307.857
4335,53,61204.6
4336,48,34911.664
4337,50,143910.28
4338,53,20497.904
4339,20,22421.268
4340,39,37500.973
4341,46,23843.414
4342,23,41784.195
4343,40,32776.594
4344,54,53664.566
4345,52,111997.95
4346,35,52934.043
4347,34,56934.793
4348,19,21459.445
4349,52,44915.16
4350,24,35681.04
4351,54,86257.39
4352,18,27122.656
4353,48,25115.836
4354,21,64454.938
4355,35,243740.83
4356,22,43434.938
4357,44,57202.05
4358,49,106744.75
4359,37,75184.58
4360,41,75581.125
4361,19,46333.676
4362,41,47060.54
4363,28,27327.791
4364,32,73782.5
4365,39,72447.82
4366,36,88743.89
4367,20,33836.477
4368,37,97137.8
4369,19,123802.91
4370,23,18932.055
4371,51,39429.92
4372,20,128001.484
4373,46,29736.596
4374,40,76327.48
4375,35,50344.22
4376,47,65152.227
4377,41,51586.914
4378,21,90827.29
4379,26,22083.027
4380,29,24079.586
4381,35,161359.34
4382,49,268355.78
4383,22,49783.69
4384,37,197203.44
4385,24,26966.715
4386,55,32679.707
4387,38,160454.92
4388,22,95136.08
4389,26,180759.0
4390,49,72738.266
4391,54,22242.084
4392,21,59792.777
4393,48,130794.195
4394,42,44962.77
4395,55,39760.59
4396,33,73633.914
4397,22,31957.855
4398,44,63334.07
4399,24,52605.684
4400,47,33774.004
4401,36,109575.39
4402,31,83831.88
4403,26,37678.383
4404,47,49405.117
4405,46,40245.676
4406,51,29997.225
4407,55,12850.815
4408,46,33952.44
4409,45,30350.137
4410,52,54813.45
4411,29,71135.18
4412,52,26318.584
4413,41,67411.85
4414,39,23266.775
4415,31,45231.285
4416,39,30879.352
4417,21,90827.484
4418,23,54896.055
4419,48,45781.895
4420,25,30320.475
4421,41,38434.29
4422,48,215998.55
4423,53,33486.945
4424,34,73372.45
4425,47,45691.21
4426,27,71713.805
4427,37,97670.91
4428,48,37669.1
4429,47,88220.71
4430,40,453653.9
4431,34,78732.42
4432,28,181796.55
4433,26,73468.73
4434,26,23723.205
4435,19,62338.438
4436,49,38386.89
4437,19,31039.807
4438,55,47179.28
4439,40,44177.824
4440,41,21414.816
4441,34,436501.7
4442,21,95423.01
4443,30,60796.68
4444,49,53727.613
4445,36,130830.41
4446,48,263085.56
4447,34,86495.41
4448,28,55090.492
4449,44,162412.31
4450,44,56031.297
4451,30,70829.445
4452,18,111367.08
4453,23,36702.31
4454,34,9500.605
4455,21,35302.68
4456,31,92797.875
4457,28,87712.44
4458,26,146373.14
4459,22,36399.613
4460,26,177108.61
4461,49,57978.79
4462,28,81089.51
4463,28,103018.98
4464,19,16555.04
4465,33,22378.602
4466,50,21792.166
4467,52,117895.28
4468,42,39160.074
4469,23,253176.94
4470,31,50135.223
4471,22,15408.571
4472,20,29197.672
4473,26,54922.555
4474,46,75503.19
4475,34,22740.621
4476,40,78791.695
4477,53,97558.99
4478,39,29942.082
4479,23,241615.78
4480,52,32651.662
4481,55,22468.64
4482,39,14711.728
4483,27,132759.02
4484,21,50923.746
4485,26,34076.03
4486,19,15374.53
4487,43,36621.016
4488,44,336022.9
4489,46,8992.879
4490,51,30165.422
4491,51,209820.03
4492,37,135802.47
4493,24,31674.834
4494,46,58844.543
4495,29,72412.06
4496,51,55650.656
4497,40,208425.81
4498,23,65616.445
4499,54,124019.16
4500,53,57818.11
4501,55,9836.618
4502,28,19261.201
4503,18,22739.893
4504,22,40959.934
4505,23,263684.78
4506,45,66816.64
4507,38,45942.586
4508,36,134675.67
4509,35,15650.707
4510,33,33793.445
4511,41,30028.895
4512,25,68748.59
4513,38,102380.07
4514,54,72908.95
4515,48,73838.195
4516,34,37454.832
4517,53,64626.91
4518,39,25537.621
4519,40,85741.26
4520,37,33499.84
4521,50,20385.326
4522,20,51535.895
4523,55,10821.448
4524,24,162636.73
4525,51,94604.234
4526,35,65470.45
4527,34,13640.936
4528,46,28556.107
4529,48,51648.945
4530,31,40509.61
4531,54,12950.975
4532,40,17441.977
4533,42,39866.94
4534,21,17910.578
4535,55,149774.81
4536,45,74266.03
4537,43,26291.658
4538,38,127401.93
4539,29,108439.055
4540,49,63003.46
4541,40,48441.36
4542,24,39379.445
4543,42,32462.06
4544,26,17160.145
4545,45,169811.0
4546,49,32970.473
4547,34,51140.844
4548,20,24138.902
4549,39,40628.207
4550,19,489138.12
4551,42,27972.578
4552,53,159317.6
4553,38,48900.06
4554,28,86139.99
4555,53,135326.08
4556,44,62167.785
4557,26,37737.613
4558,18,43083.938
4559,21,44259.95
4560,49,222187.02
4561,48,15252.179
4562,22,12127.086
4563,23,12791.497
4564,20,24456.055
4565,49,87539.445
4566,44,91942.05
4567,34,30754.025
4568,42,48873.23
4569,51,20470.484
4570,52,22047.102
4571,18,79512.68
4572,29,115603.97
4573,43,34143.355
4574,36,184940.67
4575,52,108256.92
4576,41,178645.55
4577,26,39301.887
4578,24,168775.94
4579,51,285904.28
4580,55,35945.684
4581,27,44198.363
4582,21,23426.04
4583,36,20018.38
4584,40,20206.047
4585,34,26123.887
4586,32,62290.777
4587,40,27022.324
4588,43,60785.61
4589,29,61799.74
4590,38,34326.7
4591,29,47556.254
4592,23,32775.887
4593,45,38994.914
4594,47,26178.348
4595,39,53479.945
4596,52,30925.662
4597,44,19671.488
4598,23,80380.055
4599,28,82587.305
4600,41,121678.44
4601,22,22032.201
4602,32,34031.316
4603,28,60124.617
4604,23,33461.35
4605,30,78945.09
4606,19,74467.984
4607,34,73365.91
4608,41,160734.95
4609,44,83703.82
4610,29,56550.605
4611,35,42828.11
4612,41,45283.0
4613,23,21341.53
4614,18,12175.8545
4615,29,72459.51
4616,39,133077.19
4617,36,38395.15
4618,50,177984.83
4619,41,43415.35
4620,53,10475.146
4621,44,104232.336
4622,39,34075.97
4623,49,112061.29
4624,23,17993.328
4625,43,69523.05
4626,33,26354.898
4627,46,58741.527
4628,34,92324.39
4629,35,76672.555
4630,38,52853.15
4631,50,16597.56
4632,53,89684.54
4633,28,114110.51
4634,33,21706.795
4635,28,24415.047
4636,40,118021.74
4637,39,42320.42
4638,27,24926.521
4639,28,62182.06
4640,47,30000.184
4641,31,56875.047
4642,45,35925.87
4643,53,38475.22
4644,44,121551.85
4645,49,6939.3164
4646,54,77930.984
4647,37,106525.42
4648,50,30399.547
4649,34,105872.48
4650,30,23215.121
4651,21,29489.557
4652,46,26893.627
4653,52,107024.39
4654,54,12379.784
4655,34,185701.55
4656,23,39176.31
4657,23,81773.46
4658,51,76324.15
4659,48,56430.42
4660,34,30922.193
4661,28,135087.28
4662,55,33120.156
4663,44,27855.322
4664,41,100906.19
4665,28,56183.477
4666,36,148158.14
4667,38,47555.113
4668,39,29705.217
4669,33,62291.05
4670,52,34950.38
4671,22,30401.29
4672,42,97274.18
4673,27,216429.97
4674,47,41052.574
4675,41,22925.047
4676,50,44223.57
4677,39,75479.72
4678,24,61436.652
4679,42,129983.61
4680,23,85122.8
4681,53,20682.654
4682,48,33695.637
4683,25,16566.055
4684,52,124931.61
4685,28,10160.557
4686,37,17909.963
4687,53,33201.035
4688,21,78504.58
4689,36,32940.414
4690,52,37331.574
4691,24,37924.63
4692,41,57411.758
4693,42,18833.059
4694,41,23436.19
4695,31,191859.23
4696,34,68988.67
4697,42,91895.195
4698,45,52375.863
4699,35,44692.19
4700,47,72076.48
4701,28,89488.84
4702,28,98384.52
4703,42,45185.46
4704,41,107374.664
4705,42,6952.14
4706,51,102089.78
4707,19,35534.293
4708,35,77845.73
4709,39,29742.02
4710,26,17299.322
4711,36,65613.81
4712,49,15041.282
4713,43,36316.824
4714,18,26103.758
4715,44,43466.78
4716,23,94612.56
4717,19,33789.387
4718,47,64308.066
4719,23,90332.73
4720,28,30760.117
4721,45,31119.05
4722,26,149528.38
4723,26,46923.195
4724,42,75138.57
4725,26,74684.445
4726,37,19175.49
4727,27,27202.865
4728,43,67511.695
4729,34,9565.579
4730,38,42223.836
4731,18,25023.012
4732,40,121562.42
4733,42,65951.22
4734,22,129673.54
4735,42,48459.254
4736,18,45645.8
4737,53,39176.59
4738,24,33433.805
4739,43,428267.53
4740,42,95369.484
4741,34,21307.777
4742,42,413009.28
4743,38,36163.094
4744,52,64647.188
4745,49,106027.76
4746,37,14609.322
4747,20,25794.508
4748,35,186896.48
4749,37,41769.234
4750,54,111158.72
4751,22,34787.156
4752,30,46338.6
4753,34,208560.36
4754,43,70954.07
4755,18,37945.266
4756,50,28943.111
4757,41,31140.92
4758,55,134999.5
4759,47,92242.56
4760,31,19947.059
4761,23,53611.62
4762,55,47397.516
4763,34,64386.066
4764,42,30850.906
4765,19,120333.555
4766,51,49946.457
4767,45,67408.57
4768,43,26689.516
4769,41,27787.117
4770,29,419067.44
4771,44,211048.3
4772,54,47289.016
4773,44,170447.3
4774,36,131922.28
4775,27,30321.414
4776,46,27996.414
4777,54,85367.4
4778,27,61563.645
4779,34,36249.273
4780,41,89032.75
4781,32,15768.853
4782,33,54818.31
4783,39,18557.688
4784,45,19053.102
4785,30,28406.307
4786,29,66863.48
4787,24,29131.889
4788,53,18869.297
4789,34,73245.91
4790,38,165045.4
4791,28,83354.56
4792,27,211338.69
4793,19,154372.06
4794,20,33854.79
4795,32,82909.6
4796,26,46465.883
4797,23,116944.89
4798,49,46459.164
4799,54,26604.111
4800,29,150016.88
4801,34,64473.832
4802,40,29406.016
4803,23,33550.17
4804,28,29256.053
4805,33,22435.062
4806,28,34124.332
4807,41,67386.18
4808,50,52629.223
4809,49,35214.203
4810,36,165410.28
4811,19,10009.315
4812,20,63875.234
4813,25,44603.645
4814,41,23008.83
4815,48,66925.93
4816,36,41939.348
4817,53,135596.27
4818,38,100130.586
4819,28,229735.27
4820,32,33966.293
4821,34,152820.89
4822,34,19674.81
4823,20,45764.734
4824,40,34460.902
4825,24,80961.95
4826,54,79411.54
4827,39,24325.553
4828,48,84654.375
4829,27,36878.61
4830,33,26012.707
4831,45,49530.96
4832,51,15341.287
4833,53,105326.82
4834,23,47823.94
4835,52,48668.234
4836,54,46632.125
4837,43,186700.0
4838,25,168531.92
4839,38,147323.66
4840,25,46711.47
4841,42,20481.521
4842,35,49364.89
4843,43,64298.953
4844,20,95785.49
4845,42,64133.652
4846,28,21995.273
4847,29,32579.74
4848,39,30298.973
4849,29,76958.43
4850,55,78484.484
4851,32,87158.516
4852,51,63615.152
4853,43,9627.883
4854,33,12570.279
4855,41,44695.504
4856,51,54081.13
4857,31,136313.23
4858,49,53210.68
4859,43,22902.9
4860,50,84923.836
4861,41,49314.67
4862,28,36247.816
4863,49,13740.442
4864,32,53526.273
4865,29,60043.984
4866,27,22535.818
4867,37,90695.63
4868,50,84424.734
4869,33,51995.285
4870,42,50471.12
4871,40,106575.45
4872,24,67090.83
4873,36,28508.967
4874,47,42687.426
4875,34,78061.93
4876,51,9837.152
4877,39,23731.473
4878,40,86291.68
4879,43,131515.55
4880,41,113166.7
4881,27,102172.0
4882,32,55468.656
4883,38,21952.922
4884,45,42722.44
4885,54,10149.331
4886,35,141535.12
4887,39,26006.143
4888,30,32633.729
4889,54,116619.7
4890,47,13740.14
4891,24,19307.64
4892,19,61954.49
4893,41,75817.37
4894,34,47212.67
4895,31,48460.863
4896,26,137927.11
4897,32,83185.89
4898,35,74661.08
4899,44,92994.484
4900,48,39312.824
4901,52,284449.44
4902,28,7893.17
4903,24,160510.58
4904,48,102895.0
4905,54,60986.566
4906,26,53305.855
4907,34,44149.445
4908,49,120877.53
4909,30,48430.58
4910,32,27930.387
4911,55,102884.734
4912,25,177653.67
4913,49,10700.471
4914,21,329539.6
4915,47,21815.877
4916,23,23191.467
4917,41,18469.324
4918,53,50033.973
4919,40,17961.82
4920,46,19794.715
4921,23,28823.268
4922,45,55856.594
4923,29,60334.61
4924,35,134960.33
4925,44,132494.62
4926,48,113489.695
4927,30,40557.848
4928,47,11462.463
4929,37,11261.293
4930,46,112866.63
4931,27,98202.0
4932,30,30528.463
4933,32,15790.903
4934,53,21634.78
4935,42,57499.625
4936,52,57585.56
4937,29,115128.4
4938,22,34873.926
4939,35,41132.32
4940,35,123011.77
4941,35,9133.482
4942,23,64456.164
4943,23,38268.992
4944,31,88431.73
4945,38,75347.31
4946,20,28644.896
4947,19,33319.91
4948,55,7928.332
4949,34,91105.32
4950,39,60572.566
4951,27,153060.44
4952,31,36324.883
4953,48,103906.5
4954,48,21244.162
4955,54,5744.203
4956,55,46358.832
4957,42,31774.93
4958,41,21571.346
4959,30,102566.086
4960,46,131449.19
4961,47,54399.777
4962,52,43207.227
4963,45,52572.316
4964,51,29656.52
4965,28,78421.625
4966,26,14592.759
4967,33,21190.66
4968,47,26549.584
4969,48,77100.31
4970,49,39253.13
4971,51,148462.94
4972,37,95075.45
4973,20,26341.574
4974,18,82996.266
4975,33,36069.85
4976,52,73007.88
4977,54,98833.91
4978,25,121972.39
4979,29,58770.516
4980,20,179849.78
4981,41,71170.22
4982,43,55704.71
4983,34,39252.355
4984,28,30173.854
4985,40,69960.445
4986,45,54197.19
4987,30,61601.332
4988,34,73451.086
4989,50,61393.51
4990,28,250299.78
4991,36,32774.51
4992,32,70658.445
4993,48,41673.625
4994,34,6978.579
4995,35,42830.254
4996,31,23637.285
4997,43,47397.29
4998,46,48954.973
4999,28,68054.53
5000,21,32716.498
5001,38,36159.824
5002,27,87582.21
5003,46,26174.252
5004,39,11487.513
5005,28,56692.848
5006,39,117766.28
5007,52,86779.234
5008,42,57535.973
5009,21,135984.28
5010,43,118823.21
5011,35,38370.594
5012,30,60949.18
5013,47,63079.207
5014,54,46647.65
5015,35,123893.34
5016,50,44270.152
5017,50,33508.523
5018,23,6288.924
5019,33,26400.42
5020,33,17456.092
5021,52,48409.984
5022,51,18339.764
5023,21,81367.086
5024,47,121361.43
5025,54,48769.133
5026,50,22755.545
5027,53,62874.664
5028,19,227421.03
5029,51,177329.12
5030,51,16234.848
5031,24,15760.046
5032,52,12837.799
5033,52,20134.594
5034,19,61147.99
5035,30,32029.828
5036,48,25561.492
5037,51,114813.7
5038,20,76408.77
5039,25,12784.851
5040,47,109661.984
5041,23,74952.22
5042,34,76297.0
5043,33,31678.676
5044,18,43042.14
5045,49,10317.544
5046,30,100044.23
5047,30,22485.742
5048,25,24916.24
5049,35,24648.35
5050,29,211102.52
5051,52,29284.541
5052,49,106253.87
5053,49,49049.47
5054,52,25757.742
5055,32,22280.303
5056,30,30233.123
5057,35,47108.52
5058,46,80916.09
5059,53,34302.89
5060,20,33291.22
5061,26,24707.303
5062,43,19236.111
5063,46,17990.975
5064,31,110216.445
5065,22,32751.598
5066,25,35156.246
5067,40,29333.58
5068,46,38804.566
5069,54,67281.3
5070,49,33869.617
5071,27,57778.395
5072,50,155491.3
5073,43,25953.12
5074,36,35178.97
5075,54,83502.055
5076,50,165647.16
5077,33,18507.477
5078,19,12824.787
5079,38,49975.75
5080,31,46012.887
5081,49,87545.484
5082,24,77483.984
5083,31,48659.76
5084,23,115745.625
5085,54,28997.479
5086,55,59221.676
5087,27,18905.582
5088,35,48342.95
5089,22,15535.344
5090,47,20477.94
5091,45,196288.3
5092,41,11616.11
5093,42,42043.367
5094,21,96911.2
5095,49,295629.66
5096,46,57609.242
5097,40,60304.04
5098,31,51612.883
5099,48,116490.59
5100,37,70625.12
5101,35,31561.965
5102,21,122050.19
5103,23,34545.26
5104,22,13918.601
5105,36,13953.961
5106,18,42570.797
5107,47,54296.31
5108,50,107396.375
5109,32,83485.766
5110,45,53298.266
5111,18,112306.46
5112,20,50512.12
5113,26,17807.758
5114,26,14958.223
5115,46,139069.4
5116,51,8296.545
5117,31,42581.95
5118,22,543189.25
5119,26,72197.81
5120,44,42316.992
5121,51,12993.559
5122,26,182348.45
5123,30,132037.4
5124,47,86475.445
5125,26,49977.617
5126,27,79014.61
5127,25,44394.97
5128,36,22952.21
5129,44,107457.02
5130,21,48014.164
5131,43,75912.26
5132,44,45382.402
5133,29,72347.33
5134,35,49423.637
5135,18,46431.734
5136,31,51214.09
5137,54,534172.44
5138,35,95006.81
5139,33,395784.28
5140,40,49676.953
5141,42,39047.414
5142,48,21171.7
5143,24,180297.45
5144,28,24236.871
5145,51,212655.1
5146,24,22177.37
5147,18,101631.234
5148,52,14002.235
5149,37,35109.03
5150,22,50891.11
5151,29,31001.332
5152,49,43665.65
5153,45,43833.0
5154,32,95351.48
5155,29,9417.989
5156,29,31870.705
5157,26,136419.14
5158,28,78414.35
5159,20,138248.39
5160,32,91748.805
5161,35,21014.463
5162,24,84837.76
5163,46,54172.707
5164,53,306884.7
5165,52,94988.39
5166,49,75998.75
5167,19,85418.48
5168,54,72755.13
5169,41,71197.945
5170,47,40406.406
5171,21,76738.33
5172,53,106782.74
5173,45,116779.26
5174,49,105987.0
5175,29,167080.2
5176,49,122772.945
5177,41,82668.39
5178,54,20027.26
5179,25,20033.549
5180,27,40997.68
5181,30,51905.562
5182,31,152997.9
5183,27,5410.0454
5184,54,21877.484
5185,30,42804.63
5186,20,22522.998
5187,53,26404.57
5188,53,33538.477
5189,40,23461.535
5190,40,26952.701
5191,23,148800.89
5192,36,81734.625
5193,21,92127.88
5194,55,48653.55
5195,31,112270.055
5196,51,98520.2
5197,47,80709.266
5198,44,29627.168
5199,52,35106.746
5200,43,116574.09
5201,41,33070.312
5202,31,17835.729
5203,43,32564.037
5204,28,174085.67
5205,50,32589.615
5206,44,64984.375
5207,30,30553.299
5208,25,92089.734
5209,26,76819.8
5210,47,15166.29
5211,51,61957.496
5212,42,13013.061
5213,20,32097.2
5214,24,49544.73
5215,48,219097.27
5216,30,64479.863
5217,21,27068.053
5218,52,38793.586
5219,34,104729.45
5220,40,27363.486
5221,32,120253.95
5222,25,32903.598
5223,31,24041.168
5224,37,33758.11
5225,48,13721.933
5226,40,8793.048
5227,46,46805.22
5228,40,47379.266
5229,33,61386.652
5230,39,46620.652
5231,24,322281.53
5232,53,57211.246
5233,38,16624.088
5234,45,20411.35
5235,54,50012.188
5236,38,35292.9
5237,31,18713.387
5238,21,47700.625
5239,23,48261.957
5240,32,179213.53
5241,48,24026.352
5242,27,35796.164
5243,31,178772.88
5244,46,65032.812
5245,22,23913.885
5246,30,28225.822
5247,51,18929.016
5248,21,53188.44
5249,37,114085.82
5250,52,184333.02
5251,43,15225.8955
5252,26,100214.89
5253,21,57024.06
5254,27,40547.688
5255,33,35807.33
5256,20,10753.997
5257,43,83297.78
5258,36,17408.135
5259,25,27480.217
5260,20,69854.234
5261,37,11689.775
5262,23,17381.178
5263,33,132549.1
5264,51,55128.68
5265,43,29437.281
5266,22,55302.6
5267,30,85422.03
5268,22,122957.32
5269,25,20533.852
5270,32,22024.434
5271,32,81344.86
5272,50,83458.8
5273,51,17061.898
5274,46,22695.678
5275,41,42820.85
5276,40,50952.0
5277,20,52120.945
5278,51,16853.594
5279,28,51701.418
5280,52,28166.307
5281,26,19667.527
5282,22,49562.086
5283,52,45678.516
5284,19,94952.58
5285,37,25109.55
5286,42,60349.902
5287,25,14254.6455
5288,24,40130.574
5289,22,72454.97
5290,48,77512.56
5291,20,77936.164
5292,47,95156.57
5293,55,35001.508
5294,52,74336.59
5295,27,222965.89
5296,21,34408.957
5297,45,150834.23
5298,20,100806.35
5299,35,40405.434
5300,53,43194.906
5301,34,54967.652
5302,46,96366.15
5303,33,69001.67
5304,41,34193.137
5305,55,9453.458
5306,20,85606.58
5307,50,10654.953
5308,55,16764.092
5309,49,36235.57
5310,44,18930.23
5311,34,64460.055
5312,52,39451.516
5313,48,93710.27
5314,50,13816.299
5315,55,29444.432
5316,30,50168.258
5317,37,51738.67
5318,49,87117.01
5319,46,24055.223
5320,30,34384.805
5321,21,75031.1
5322,27,8612.153
5323,42,68031.52
5324,26,92128.27
5325,26,17203.184
5326,28,38861.523
5327,41,165033.89
5328,21,84765.25
5329,36,71493.09
5330,43,110475.13
5331,55,211803.53
5332,31,50746.887
5333,25,36099.24
5334,18,110261.38
5335,38,43037.01
5336,54,23798.156
5337,23,32458.748
5338,46,64192.52
5339,51,34895.098
5340,41,37041.645
5341,28,21980.822
5342,23,157640.36
5343,44,38012.75
5344,24,28298.654
5345,51,30812.633
5346,50,95015.86
5347,53,79089.64
5348,54,33466.31
5349,20,51309.37
5350,47,62388.848
5351,21,28467.367
5352,50,14578.164
5353,23,75493.984
5354,45,29756.145
5355,53,71115.24
5356,51,64640.703
5357,46,52282.246
5358,25,35556.44
5359,26,30110.695
5360,22,20111.445
5361,53,30576.283
5362,20,78812.766
5363,22,152976.39
5364,46,136033.67
5365,29,56168.797
5366,42,152911.34
5367,37,39117.46
5368,55,17799.771
5369,51,232461.02
5370,44,76574.92
5371,44,14648.214
5372,29,174035.95
5373,55,27585.355
5374,46,32829.16
5375,35,113196.984
5376,27,148619.4
5377,26,22453.17
5378,33,162197.64
5379,32,100626.18
5380,38,26369.92
5381,42,41070.824
5382,22,168162.66
5383,22,14347.472
5384,31,150896.55
5385,28,98410.62
5386,55,75138.69
5387,21,55555.336
5388,22,241805.42
5389,40,272152.3
5390,51,30564.5
5391,27,81596.54
5392,26,223972.7
5393,41,26681.951
5394,53,60735.883
5395,34,111622.58
5396,46,9975.263
5397,18,97015.16
5398,32,20931.965
5399,21,58316.676
5400,49,124898.19
5401,55,7394.071
5402,34,93757.35
5403,31,255363.03
5404,19,32634.898
5405,25,79310.87
5406,20,145511.06
5407,38,13980.549
5408,44,91644.67
5409,22,113413.0
5410,33,83339.21
5411,38,53587.785
5412,30,22459.031
5413,43,152194.86
5414,35,51399.367
5415,53,24262.178
5416,42,38768.277
5417,26,67136.734
5418,23,14340.318
5419,38,50722.383
5420,54,35820.53
5421,50,145597.23
5422,31,11157.484
5423,47,105956.555
5424,24,155352.83
5425,46,11500.059
5426,30,12657.843
5427,29,208667.7
5428,45,24252.637
5429,53,594598.44
5430,54,11791.17
5431,22,57286.266
5432,33,49072.953
5433,37,42328.746
5434,30,72413.51
5435,37,75833.5
5436,35,43723.94
5437,34,22213.137
5438,43,115611.02
5439,38,82637.63
5440,33,54799.99
5441,19,80569.24
5442,55,92496.99
5443,24,27184.24
5444,52,78301.54
5445,49,32123.71
5446,25,94978.42
5447,19,42867.043
5448,47,81564.87
5449,22,35338.984
5450,46,85028.37
5451,27,22851.291
5452,41,51467.89
5453,26,109566.21
5454,35,72659.69
5455,28,58302.56
5456,48,211636.9
5457,37,113401.26
5458,20,99132.266
5459,19,84643.24
5460,36,93520.484
5461,24,188237.53
5462,28,35797.86
5463,43,112117.36
5464,18,66500.76
5465,51,36801.145
5466,36,46165.97
5467,42,59581.598
5468,29,25130.217
5469,44,99806.49
5470,33,46050.65
5471,37,53515.234
5472,34,148084.8
5473,30,55468.848
5474,33,173149.9
5475,47,32857.215
5476,45,20787.818
5477,22,39647.523
5478,50,5260.6323
5479,23,103196.24
5480,51,21778.084
5481,23,30504.27
5482,55,88681.016
5483,50,54999.27
5484,41,35148.664
5485,34,9803.986
5486,23,141552.33
5487,36,89164.86
5488,46,258940.95
5489,54,31028.904
5490,30,15618.6045
5491,33,110811.13
5492,27,43016.125
5493,48,82645.375
5494,30,182720.06
5495,34,68206.88
5496,45,57160.445
5497,26,60100.926
5498,29,13493.721
5499,50,121322.66
5500,43,127701.05
5501,25,76437.93
5502,24,14875.258
5503,48,45381.473
5504,33,158039.28
5505,24,31798.531
5506,41,128950.09
5507,30,52253.152
5508,45,88413.625
5509,19,35956.5
5510,39,53491.766
5511,19,70908.84
5512,24,21019.19
5513,40,62249.688
5514,28,5819.4326
5515,44,30902.021
5516,42,77256.375
5517,31,122514.984
5518,44,72982.87
5519,47,16440.857
5520,53,114240.914
5521,41,20099.666
5522,45,81726.79
5523,34,20642.582
5524,47,26935.848
5525,48,23264.852
5526,44,55879.07
5527,32,42759.67
5528,55,75124.79
5529,27,49260.137
5530,18,14845.907
5531,36,62344.344
5532,24,12210.43
5533,42,24654.016
5534,44,37370.902
5535,22,35355.723
5536,51,13384.44
5537,18,149747.52
5538,51,186872.25
5539,20,302670.0
5540,42,125229.01
5541,53,36439.953
5542,49,35941.023
5543,28,34388.008
5544,25,244822.42
5545,48,45585.508
5546,38,138021.48
5547,28,129693.11
5548,51,58186.96
5549,40,15653.747
5550,37,46380.918
5551,35,56238.188
5552,19,138984.17
5553,27,50784.406
5554,47,19013.297
5555,50,110205.96
5556,49,41678.688
5557,28,6526.1904
5558,35,64845.703
5559,43,74637.27
5560,28,25474.36
5561,39,42879.18
5562,25,84622.195
5563,47,65199.438
5564,32,14323.441
5565,40,136300.66
5566,50,195798.78
5567,48,33244.055
5568,33,10849.573
5569,35,92657.81
5570,27,29181.912
5571,18,76736.85
5572,53,291126.94
5573,27,14512.016
5574,35,26435.988
5575,19,42795.773
5576,51,140522.23
5577,32,859642.56
5578,31,60927.9
5579,24,13548.08
5580,39,37924.824
5581,30,26900.16
5582,52,89058.31
5583,19,67594.78
5584,46,21727.36
5585,19,25667.732
5586,29,37486.363
5587,20,41286.53
5588,19,48340.605
5589,52,51993.65
5590,19,134276.81
5591,19,36417.67
5592,49,32367.977
5593,38,17132.955
5594,27,41801.64
5595,30,61373.613
5596,25,12588.024
5597,39,38018.777
5598,47,126502.02
5599,44,83987.49
5600,35,67408.39
5601,37,82186.65
5602,22,31596.918
5603,35,28402.785
5604,33,138317.27
5605,34,97021.69
5606,26,27522.52
5607,51,11123.32
5608,47,27983.375
5609,48,77234.82
5610,20,29530.242
5611,20,65109.94
5612,51,155685.73
5613,45,46414.008
5614,50,60291.5
5615,32,86482.84
5616,52,21038.531
5617,35,26939.23
5618,36,89384.914
5619,20,51500.785
5620,41,55115.44
5621,28,51349.32
5622,38,109361.42
5623,35,70851.99
5624,52,71598.85
5625,53,132924.53
5626,25,180780.23
5627,21,300935.62
5628,52,31462.994
5629,50,360520.53
5630,23,20792.756
5631,39,235149.38
5632,53,30109.934
5633,45,47317.074
5634,36,50748.586
5635,27,24989.268
5636,26,53591.9
5637,47,26043.092
5638,36,18616.871
5639,20,48474.8
5640,24,178381.5
5641,22,40805.105
5642,27,106148.57
5643,34,25418.822
5644,28,17907.904
5645,38,71888.125
5646,49,203672.42
5647,54,59097.38
5648,24,96867.2
5649,51,165359.61
5650,36,48559.93
5651,41,44272.883
5652,22,72944.125
5653,41,84102.67
5654,45,16327.371
5655,23,63345.477
5656,54,49972.75
5657,54,26586.615
5658,20,47284.13
5659,51,19683.154
5660,32,14928.63
5661,27,52746.723
5662,47,102892.484
5663,54,37871.18
5664,43,23183.47
5665,54,26253.098
5666,18,77569.836
5667,46,189792.47
5668,37,92609.15
5669,44,141550.5
5670,39,21626.6
5671,19,47128.555
5672,27,112953.44
5673,21,16324.727
5674,37,29527.57
5675,45,106233.375
5676,49,61483.18
5677,25,23102.348
5678,43,13563.276
5679,53,145747.42
5680,40,9672.777
5681,23,82925.21
5682,22,32641.598
5683,47,115547.03
5684,35,21721.54
5685,21,404989.9
5686,47,68983.14
5687,20,78702.77
5688,44,26939.275
5689,29,44939.57
5690,31,45881.582
5691,41,210372.06
5692,34,68888.164
5693,22,77253.08
5694,28,76565.16
5695,29,82674.54
5696,49,16452.217
5697,23,257607.6
5698,39,24779.883
5699,53,48487.184
5700,35,170240.02
5701,34,235032.38
5702,54,95276.8
5703,27,33390.36
5704,49,55379.562
5705,27,57145.28
5706,39,58787.86
5707,53,18689.85
5708,18,137017.77
5709,28,55684.074
5710,29,28057.275
5711,42,33559.117
5712,39,62047.676
5713,50,16276.099
5714,37,100964.71
5715,32,60328.656
5716,43,174963.03
5717,35,53201.68
5718,48,20985.016
5719,49,19178.32
5720,37,36578.42
5721,29,39809.246
5722,35,31760.191
5723,42,55412.625
5724,44,31121.785
5725,27,61275.97
5726,47,32966.906
5727,49,82879.35
5728,31,39014.914
5729,47,135502.27
5730,36,84255.914
5731,20,58375.207
5732,35,42346.305
5733,46,14832.419
5734,51,154912.83
5735,26,29003.06
5736,29,53764.25
5737,36,65829.4
5738,53,43172.934
5739,52,147776.92
5740,25,18820.115
5741,55,200170.77
5742,52,85564.375
5743,38,41053.93
5744,31,41423.113
5745,51,8487.257
5746,37,25366.688
5747,42,37671.355
5748,27,57564.555
5749,47,136959.88
5750,20,255203.05
5751,29,62167.77
5752,52,58939.438
5753,24,33775.7
5754,38,12678.947
5755,29,30796.275
5756,24,42420.094
5757,46,109108.04
5758,50,75764.86
5759,30,59695.652
5760,34,31418.06
5761,28,10240.286
5762,53,10746.909
5763,23,13210.789
5764,50,39583.71
5765,32,110748.13
5766,36,108383.45
5767,23,94348.52
5768,48,33113.684
5769,42,124890.02
5770,36,23740.123
5771,49,98962.18
5772,32,13096.722
5773,41,19498.416
5774,49,187563.05
5775,45,42476.684
5776,35,28998.588
5777,23,120811.32
5778,28,132412.27
5779,54,35353.535
5780,18,62476.703
5781,40,55787.45
5782,21,5208.7603
5783,18,16368.11
5784,43,106253.375
5785,51,25685.834
5786,55,76393.17
5787,30,61710.58
5788,24,132207.05
5789,51,16793.465
5790,46,68537.95
5791,31,47450.707
5792,21,26581.182
5793,21,26432.277
5794,52,59979.793
5795,34,82744.63
5796,44,52609.676
5797,52,53935.797
5798,46,33556.395
5799,44,35384.516
5800,30,26523.914
5801,43,33020.934
5802,32,80460.266
5803,44,87983.34
5804,18,18017.121
5805,53,24407.09
5806,32,28323.861
5807,31,47503.03
5808,24,13007.17
5809,53,24751.78
5810,29,16503.258
5811,46,68882.95
5812,29,48826.98
5813,37,34535.402
5814,46,21357.46
5815,39,34964.94
5816,28,31825.547
5817,22,184889.11
5818,52,111012.055
5819,30,28773.553
5820,45,57064.332
5821,22,106419.62
5822,49,28766.504
5823,25,16092.195
5824,24,11876.197
5825,41,138356.89
5826,19,42912.926
5827,40,63122.87
5828,39,31583.445
5829,41,18132.463
5830,23,21051.72
5831,31,17101.996
5832,37,98693.445
5833,30,165020.86
5834,54,51512.176
5835,39,14846.791
5836,30,74387.68
5837,32,137553.2
5838,28,108783.15
5839,49,48848.23
5840,51,41447.9
5841,44,48535.23
5842,40,133249.36
5843,23,91864.56
5844,20,36723.52
5845,32,35991.79
5846,48,34010.42
5847,34,21334.316
5848,29,147450.66
5849,40,26622.693
5850,21,74013.23
5851,26,29455.508
5852,45,34132.293
5853,46,45646.11
5854,21,77340.44
5855,38,40635.574
5856,34,20098.775
5857,34,50769.11
5858,43,27077.025
5859,40,171931.08
5860,33,40612.156
5861,54,29301.758
5862,45,242709.11
5863,53,90299.76
5864,37,24400.502
5865,34,26556.957
5866,23,73066.45
5867,26,51769.65
5868,55,101917.48
5869,36,29426.098
5870,24,87611.33
5871,39,8342.745
5872,20,44188.72
5873,24,30516.871
5874,22,34743.266
5875,20,46049.793
5876,55,124315.9
5877,39,19861.658
5878,46,8684.924
5879,33,21792.81
5880,18,113292.36
5881,47,13410.393
5882,28,31641.354
5883,46,97874.39
5884,36,47716.64
5885,53,123345.38
5886,54,9816.912
5887,55,38657.305
5888,21,145731.33
5889,32,20297.904
5890,32,114419.43
5891,48,41407.86
5892,51,70762.31
5893,25,137517.14
5894,32,70519.69
5895,52,31156.514
5896,28,78388.19
5897,25,29446.738
5898,29,62222.49
5899,48,18366.873
5900,42,51177.438
5901,53,129471.07
5902,37,39370.12
5903,41,119938.05
5904,21,593933.06
5905,23,48855.41
5906,29,81726.375
5907,41,73223.26
5908,48,59865.832
5909,35,93910.27
5910,34,40998.973
5911,34,29429.21
5912,32,14745.8955
5913,39,38008.742
5914,24,102839.586
5915,47,23574.965
5916,43,60908.047
5917,33,45310.332
5918,26,30430.594
5919,54,11354.234
5920,44,148755.9
5921,32,75624.13
5922,35,421682.75
5923,29,118575.92
5924,25,146124.38
5925,24,12336.225
5926,45,12164.899
5927,38,51721.453
5928,22,19956.016
5929,43,28991.234
5930,42,377297.62
5931,21,129531.48
5932,55,23653.203
5933,34,7531.7437
5934,40,22110.953
5935,48,32017.014
5936,48,38667.99
5937,46,17971.479
5938,32,123458.305
5939,40,28299.79
5940,41,84005.74
5941,31,52202.633
5942,33,105932.77
5943,24,41334.055
5944,25,23855.955
5945,52,30974.158
5946,40,31325.576
5947,32,260776.42
5948,52,53155.8
5949,45,50185.656
5950,23,101255.22
5951,44,49997.207
5952,22,122653.59
5953,55,37127.605
5954,21,34230.3
5955,42,22823.809
5956,32,219655.6
5957,23,47283.582
5958,25,19546.36
5959,36,58526.8
5960,20,29724.746
5961,24,36610.754
5962,42,64111.63
5963,36,168816.31
5964,22,54233.094
5965,20,28309.39
5966,33,33384.48
5967,50,84536.27
5968,46,10436.928
5969,29,21712.262
5970,21,59272.168
5971,43,12764.748
5972,51,38939.48
5973,41,34103.875
5974,32,100885.055
5975,29,40927.293
5976,52,129201.875
5977,37,53256.582
5978,26,207096.3
5979,41,16478.094
5980,40,182312.9
5981,35,35985.688
5982,20,162582.05
5983,29,129051.4
5984,46,5106.4106
5985,47,73358.44
5986,37,111065.35
5987,48,144733.94
5988,29,19505.828
5989,32,80181.86
5990,20,58444.754
5991,30,70608.48
5992,42,111182.414
5993,30,126139.81
5994,23,29589.768
5995,47,61828.133
5996,34,51672.785
5997,18,41286.72
5998,31,44567.41
5999,25,58487.484
6000,48,30890.162
6001,24,101337.086
6002,43,138029.8
6003,34,25934.18
6004,30,143550.5
6005,50,25973.28
6006,45,102539.95
6007,19,143338.08
6008,37,46358.953
6009,25,26144.133
6010,48,31220.553
6011,53,66787.0
6012,24,240746.98
6013,26,12907.864
6014,52,54174.84
6015,32,46598.355
6016,55,34702.29
6017,40,46870.92
6018,39,32403.47
6019,53,135171.9
6020,43,146352.5
6021,45,53652.668
6022,34,44661.285
6023,39,33703.23
6024,27,53744.863
6025,37,219266.48
6026,38,46018.137
6027,43,25545.906
6028,37,36372.52
6029,18,91359.195
6030,46,28158.06
6031,22,48669.773
6032,19,72990.516
6033,27,29920.166
6034,45,12188.567
6035,41,21219.375
6036,41,25153.82
6037,39,41635.832
6038,30,51803.76
6039,25,96639.16
6040,20,18731.717
6041,28,86026.25
6042,51,37161.906
6043,33,11984.152
6044,30,50545.906
6045,32,143313.86
6046,27,101343.39
6047,34,47040.395
6048,28,123055.99
6049,25,58311.605
6050,34,109614.984
6051,20,13233.363
6052,38,18398.787
6053,35,89590.73
6054,51,171305.58
6055,29,69815.75
6056,36,33587.484
6057,47,25320.398
6058,54,38852.44
6059,35,132017.25
6060,20,38015.78
6061,55,115611.1
6062,23,84274.68
6063,47,196992.11
6064,23,58687.836
6065,48,48054.99
6066,44,120320.7
6067,43,23660.637
6068,55,35051.184
6069,50,13039.97
6070,31,18330.445
6071,49,232925.94
6072,28,86997.086
6073,28,16700.885
6074,42,130045.734
6075,39,28476.096
6076,42,83494.73
6077,52,82502.94
6078,32,189429.25
6079,19,32519.477
6080,50,27655.912
6081,46,5817.0254
6082,25,45358.812
6083,50,89325.49
6084,55,99643.83
6085,34,136175.23
6086,54,63046.188
6087,25,74877.086
6088,31,52800.43
6089,25,88057.23
6090,54,23679.96
6091,28,16203.887
6092,28,25765.402
6093,21,59318.543
6094,39,17666.73
6095,18,30127.178
6096,20,30907.15
6097,32,93454.99
6098,27,84783.37
6099,41,52900.453
6100,46,71727.55
6101,44,72868.42
6102,45,37379.684
6103,55,32395.63
6104,34,170950.17
6105,29,6825.8765
6106,44,27632.16
6107,34,42478.453
6108,44,78255.89
6109,39,124018.19
6110,30,220833.34
6111,36,46462.914
6112,49,49020.3
6113,40,66827.26
6114,54,32691.865
6115,32,19387.59
6116,22,46294.477
6117,33,90769.27
6118,52,41168.945
6119,39,69600.47
6120,48,11211.826
6121,45,50741.633
6122,43,36207.48
6123,37,18027.963
6124,38,84588.05
6125,50,218883.47
6126,28,110386.76
6127,38,116166.234
6128,42,88411.73
6129,27,83862.97
6130,52,11851.772
6131,23,45135.19
6132,33,75110.38
6133,53,76488.99
6134,45,138294.84
6135,24,21891.64
6136,49,81275.15
6137,41,21327.348
6138,18,42210.26
6139,20,47581.906
6140,36,99691.43
6141,37,90738.86
6142,50,55052.51
6143,49,8938.726
6144,27,71370.88
6145,36,40361.72
6146,19,152241.45
6147,18,125815.664
6148,26,23608.45
6149,22,79659.586
6150,50,80927.32
6151,42,76353.195
6152,22,68833.31
6153,26,82776.7
6154,50,166203.28
6155,40,32166.281
6156,51,24224.762
6157,30,93521.85
6158,20,11082.124
6159,43,84372.55
6160,47,73227.73
6161,25,7657.0054
6162,49,30052.734
6163,39,176408.55
6164,50,15584.577
6165,26,59269.586
6166,30,22378.457
6167,44,28356.775
6168,37,231615.36
6169,37,55189.816
6170,47,75609.625
6171,38,45697.855
6172,43,14878.487
6173,48,19376.955
6174,42,128350.81
6175,45,56505.43
6176,39,26998.797
6177,21,49125.664
6178,46,84885.336
6179,55,71924.3
6180,30,27009.58
6181,36,14179.261
6182,19,36103.355
6183,51,121420.766
6184,55,99040.08
6185,45,69431.84
6186,28,43611.402
6187,35,33069.97
6188,43,44263.496
6189,18,93451.29
6190,24,112187.94
6191,18,40552.344
6192,30,380318.12
6193,32,53836.195
6194,27,37881.34
6195,36,162805.88
6196,51,9790.238
6197,29,73409.25
6198,18,47171.234
6199,29,159265.16
6200,28,81122.61
6201,53,55885.49
6202,50,84955.71
6203,51,21489.344
6204,48,108362.15
6205,22,17053.482
6206,44,66607.75
6207,25,51445.062
6208,42,12201.75
6209,28,52835.15
6210,41,62653.05
6211,52,29610.299
6212,51,22244.291
6213,30,74125.9
6214,49,66811.484
6215,20,59948.047
6216,41,50354.926
6217,45,31777.947
6218,20,307897.88
6219,55,39383.95
6220,23,25026.426
6221,25,52225.184
6222,40,43261.805
6223,26,38660.28
6224,26,223954.72
6225,26,20251.416
6226,21,51520.133
6227,42,21367.79
6228,23,32433.867
6229,45,200520.36
6230,26,62625.906
6231,30,62023.88
6232,43,23580.922
6233,47,35599.293
6234,31,214974.67
6235,31,74553.19
6236,48,38101.402
6237,46,71129.98
6238,49,61939.25
6239,55,25545.758
6240,36,37224.844
6241,28,303582.03
6242,20,68417.26
6243,18,14250.463
6244,30,75203.0
6245,22,141810.78
6246,29,24252.518
6247,52,34693.39
6248,25,159978.55
6249,39,51416.184
6250,48,44599.402
6251,25,17170.22
6252,33,117739.68
6253,23,43002.05
6254,32,8804.269
6255,45,14209.532
6256,37,31904.865
6257,50,21194.658
6258,31,24028.812
6259,31,326280.97
6260,37,88062.02
6261,54,6360.7544
6262,32,38883.324
6263,26,46545.406
6264,40,15340.185
6265,46,76671.66
6266,50,9766.045
6267,42,120250.92
6268,34,158419.56
6269,27,328353.6
6270,19,14190.313
6271,24,16698.27
6272,20,87021.97
6273,38,128787.92
6274,28,95505.625
6275,19,118604.76
6276,37,150428.05
6277,36,58781.273
6278,55,42181.555
6279,33,16734.646
6280,18,39391.05
6281,35,44527.74
6282,31,23389.223
6283,21,48494.17
6284,21,21372.816
6285,30,121837.586
6286,23,70293.73
6287,42,34616.832
6288,35,58154.047
6289,39,20654.871
6290,18,22400.176
6291,26,30112.467
6292,43,42883.22
6293,51,55979.438
6294,29,56156.816
6295,21,17409.236
6296,46,46872.91
6297,20,25986.541
6298,20,3270.195
6299,19,585514.8
6300,54,26393.096
6301,46,27591.322
6302,28,17028.256
6303,37,21456.521
6304,20,42995.06
6305,24,147447.72
6306,48,42800.254
6307,27,38596.945
6308,31,130613.445
6309,34,32868.207
6310,26,50853.17
6311,28,23921.244
6312,55,192506.48
6313,38,115680.4
6314,35,44240.164
6315,32,36323.625
6316,33,48742.504
6317,29,44760.094
6318,46,14506.071
6319,51,118885.04
6320,41,41692.15
6321,40,228307.94
6322,20,70068.66
6323,29,6653.571
6324,30,17934.465
6325,41,8981.607
6326,42,17757.084
6327,24,13533.143
6328,49,61195.703
6329,22,38828.508
6330,51,90419.05
6331,47,48499.008
6332,48,41255.14
6333,36,248287.8
6334,38,59756.688
6335,32,46881.062
6336,36,25261.217
6337,52,19517.123
6338,47,92612.47
6339,53,88285.84
6340,31,175789.28
6341,40,73343.38
6342,36,36508.34
6343,27,75251.16
6344,25,46888.973
6345,25,99916.125
6346,49,145399.98
6347,46,43692.562
6348,49,203949.16
6349,28,129373.14
6350,27,50712.402
6351,22,85508.66
6352,36,63842.59
6353,51,50887.547
6354,49,231028.03
6355,29,75649.18
6356,19,25514.535
6357,27,21969.328
6358,49,22699.559
6359,53,73967.56
6360,35,38046.613
6361,32,65278.19
6362,32,105756.58
6363,23,253406.22
6364,41,38754.406
6365,23,16202.775
6366,35,209755.94
6367,45,15585.521
6368,47,15102.798
6369,36,205446.0
6370,39,117332.086
6371,20,73692.08
6372,54,48042.508
6373,36,41291.63
6374,36,29706.39
6375,39,39868.58
6376,49,48138.906
6377,33,16650.88
6378,51,25941.4
6379,49,9230.2705
6380,28,53216.312
6381,29,53223.71
6382,30,207438.6
6383,54,67522.91
6384,25,32046.545
6385,20,42595.09
6386,45,73809.016
6387,48,59986.113
6388,38,79412.18
6389,27,67603.44
6390,39,40850.03
6391,52,32569.895
6392,52,31198.602
6393,53,23850.52
6394,46,21037.941
6395,42,217629.52
6396,36,55245.734
6397,46,44158.34
6398,41,33626.54
6399,42,70465.72
6400,25,130968.14
6401,32,89178.016
6402,47,104511.2
6403,50,31274.404
6404,19,49835.1
6405,19,31605.164
6406,24,54469.895
6407,53,138392.77
6408,41,71061.52
6409,29,183716.62
6410,41,39694.16
6411,47,26218.209
6412,45,75318.5
6413,25,54987.71
6414,48,64727.414
6415,38,57431.855
6416,48,33935.97
6417,18,58475.734
6418,21,108931.52
6419,52,118262.79
6420,41,33798.273
6421,26,60149.176
6422,53,162993.75
6423,42,34388.094
6424,37,29739.195
6425,51,94400.41
6426,54,82038.64
6427,50,25596.154
6428,21,16321.031
6429,33,59220.508
6430,42,35771.28
6431,45,12997.564
6432,55,28854.357
6433,48,80972.6
6434,31,44296.004
6435,27,175021.05
6436,22,9414.331
6437,37,145826.4
6438,44,37973.945
6439,40,33827.902
6440,21,14455.398
6441,19,72536.4
6442,41,11595.457
6443,42,96191.98
6444,22,14899.562
6445,28,16902.443
6446,39,19279.672
6447,29,28198.338
6448,24,106238.2
6449,47,166532.12
6450,39,30629.027
6451,21,48171.74
6452,49,73991.99
6453,36,38419.805
6454,54,71709.92
6455,38,49837.086
6456,28,40823.387
6457,40,16057.41
6458,53,56331.707
6459,43,107632.6
6460,27,26826.783
6461,54,10354.348
6462,24,38721.016
6463,25,167308.52
6464,51,131839.19
6465,18,31426.555
6466,55,71983.36
6467,39,81684.13
6468,40,164727.66
6469,53,14462.473
6470,45,21262.828
6471,19,10016.35
6472,42,29058.053
6473,49,117339.03
6474,32,31952.412
6475,22,17557.336
6476,43,59939.285
6477,51,61185.98
6478,55,22162.096
6479,38,33354.285
6480,53,56400.848
6481,28,90813.88
6482,23,29752.854
6483,48,26513.18
6484,24,230918.94
6485,23,40157.21
6486,54,61042.508
6487,41,83991.445
6488,26,11971.324
6489,54,49264.387
6490,34,13402.617
6491,36,45033.246
6492,45,149983.03
6493,29,22493.994
6494,20,13182.467
6495,32,226370.19
6496,21,19972.918
6497,52,15076.84
6498,49,182590.92
6499,35,19352.992
6500,20,186411.08
6501,51,62258.535
6502,38,139656.89
6503,21,58025.125
6504,40,118603.37
6505,32,23981.05
6506,29,30604.309
6507,50,9203.776
6508,48,108793.13
6509,46,69942.85
6510,52,22335.186
6511,51,12340.683
6512,43,62644.35
6513,24,191098.05
6514,25,44775.195
6515,32,29525.852
6516,18,23626.373
6517,53,135843.3
6518,20,26805.973
6519,44,37154.31
6520,47,115055.08
6521,37,83263.336
6522,44,38309.41
6523,40,28583.838
6524,51,161496.84
6525,53,20469.322
6526,33,42258.05
6527,31,14989.078
6528,20,129426.97
6529,49,34196.19
6530,31,28569.004
6531,43,84889.72
6532,19,15984.359
6533,18,83123.555
6534,21,37471.805
6535,19,19063.654
6536,38,22642.137
6537,54,28923.746
6538,22,35050.438
6539,44,19167.232
6540,55,63284.207
6541,35,18769.729
6542,23,7537.76
6543,36,232227.78
6544,27,58578.344
6545,28,249539.27
6546,23,21695.297
6547,42,73395.22
6548,48,102279.57
6549,24,42971.883
6550,31,15744.058
6551,18,40465.027
6552,27,82528.24
6553,41,80045.83
6554,35,49934.9
6555,29,102499.03
6556,21,98700.69
6557,26,32887.38
6558,38,14815.698
6559,38,58228.223
6560,42,27514.494
6561,45,56093.61
6562,37,146708.39
6563,30,70952.92
6564,51,141037.75
6565,19,22261.064
6566,50,119341.32
6567,29,191196.44
6568,41,52640.227
6569,32,320430.6
6570,53,25180.705
6571,42,29992.756
6572,23,84097.05
6573,46,52226.78
6574,34,27596.727
6575,30,82048.15
6576,47,66450.43
6577,54,31280.71
6578,42,58163.867
6579,33,91766.14
6580,45,30730.51
6581,50,75612.35
6582,19,24987.818
6583,26,29164.83
6584,39,121667.62
6585,20,81697.23
6586,52,11051.3545
6587,54,37063.895
6588,45,73978.94
6589,54,55874.914
6590,54,81989.11
6591,49,54861.31
6592,22,44967.72
6593,35,43881.52
6594,33,119697.35
6595,20,87179.98
6596,37,69118.195
6597,18,53682.63
6598,52,32232.268
6599,40,39119.46
6600,39,117185.7
6601,20,108681.875
6602,24,29759.996
6603,29,54160.88
6604,35,74499.83
6605,23,70708.836
6606,43,70274.51
6607,18,20539.773
6608,51,19586.406
6609,53,127507.96
6610,29,167208.77
6611,55,15283.993
6612,24,48901.832
6613,40,95895.94
6614,45,8576.279
6615,31,21186.258
6616,48,46444.84
6617,43,31007.592
6618,37,59106.316
6619,28,162131.64
6620,31,25274.22
6621,27,52051.902
6622,30,37946.836
6623,52,55763.26
6624,20,50232.543
6625,34,412312.5
6626,36,164627.44
6627,20,14115.516
6628,31,24334.988
6629,19,26835.81
6630,33,18626.822
6631,38,16732.16
6632,27,43351.004
6633,33,27667.902
6634,23,24517.523
6635,46,251741.36
6636,40,29233.664
6637,53,35075.008
6638,27,90485.375
6639,41,34980.832
6640,23,19677.664
6641,40,40677.344
6642,29,249387.95
6643,47,34017.305
6644,47,24109.588
6645,38,69979.84
6646,31,39145.734
6647,34,447295.0
6648,55,26642.44
6649,18,200138.1
6650,55,126815.67
6651,32,36853.36
6652,22,49859.586
6653,42,21935.781
6654,32,32500.965
6655,37,36644.61
6656,25,56730.152
6657,41,16149.336
6658,40,64149.145
6659,47,44492.84
6660,29,68752.234
6661,45,77468.26
6662,40,41732.27
6663,18,73890.27
6664,44,46631.77
6665,55,90631.46
6666,18,64387.766
6667,20,57792.34
6668,21,46065.59
6669,45,140988.14
6670,45,69142.61
6671,37,17371.885
6672,41,34276.582
6673,45,41643.91
6674,55,49955.094
6675,47,57592.3
6676,51,23491.758
6677,30,47352.742
6678,53,38889.562
6679,27,119082.72
6680,30,22555.08
6681,22,49309.664
6682,45,28896.34
6683,54,221942.81
6684,41,136635.11
6685,22,13438.674
6686,28,26444.602
6687,36,100359.79
6688,45,72085.25
6689,54,70299.766
6690,41,58247.734
6691,29,107016.484
6692,38,93391.87
6693,26,39629.67
6694,54,19156.004
6695,19,12935.439
6696,53,46021.652
6697,26,11474.207
6698,31,61118.85
6699,45,39079.49
6700,42,236784.83
6701,38,65793.85
6702,18,48844.55
6703,32,13723.191
6704,23,18213.557
6705,45,86237.6
6706,26,38921.457
6707,43,380057.9
6708,39,46785.906
6709,23,57234.727
6710,47,17435.45
6711,32,106694.36
6712,24,23841.941
6713,25,76062.3
6714,48,95722.91
6715,23,53956.47
6716,25,203893.9
6717,52,30675.385
6718,32,191034.72
6719,20,18088.316
6720,22,94750.375
6721,28,44615.984
6722,21,28375.24
6723,46,13236.789
6724,37,40588.617
6725,25,38589.14
6726,18,57417.434
6727,26,89288.7
6728,33,26186.658
6729,32,204105.53
6730,23,32498.543
6731,31,80945.67
6732,41,53739.96
6733,19,42651.19
6734,47,51628.24
6735,32,23565.717
6736,26,36670.406
6737,21,17119.512
6738,49,32220.623
6739,25,34421.777
6740,54,98317.31
6741,55,38339.582
6742,37,34937.395
6743,54,59623.82
6744,23,57783.605
6745,43,31161.72
6746,19,68539.195
6747,31,43341.27
6748,46,31121.297
6749,36,33637.445
6750,28,106858.29
6751,18,34455.914
6752,41,61616.105
6753,53,17923.322
6754,42,122030.01
6755,20,31362.96
6756,49,68872.336
6757,52,40885.215
6758,22,68244.055
6759,24,71291.36
6760,23,44535.758
6761,34,11237.443
6762,21,119681.625
6763,54,44705.695
6764,39,67116.36
6765,36,86955.625
6766,38,34684.18
6767,40,75620.8
6768,22,27493.271
6769,45,68173.59
6770,34,50794.355
6771,50,35659.902
6772,44,51915.465
6773,53,21496.03
6774,44,64023.805
6775,19,69566.33
6776,39,65926.15
6777,31,166294.39
6778,22,46341.785
6779,54,48965.938
6780,28,19605.447
6781,29,175914.6
6782,54,15082.095
6783,35,60031.77
6784,55,30575.473
6785,37,52555.844
6786,51,17559.156
6787,55,102038.87
6788,28,23286.629
6789,37,127106.52
6790,26,23805.928
6791,44,109092.15
6792,41,25719.543
6793,22,30579.664
6794,36,49926.21
6795,38,25372.898
6796,45,24782.12
6797,21,25609.156
6798,19,64528.53
6799,18,49982.027
6800,22,52150.2
6801,51,38563.906
6802,42,77554.66
6803,36,115823.73
6804,47,79242.805
6805,47,42302.48
6806,53,18828.938
6807,46,10281.626
6808,46,47471.574
6809,54,10149.961
6810,48,42630.875
6811,20,153564.64
6812,38,19870.713
6813,48,17870.252
6814,38,83226.88
6815,46,5298.532
6816,38,67861.55
6817,19,161875.97
6818,43,24879.273
6819,21,21685.227
6820,43,80161.36
6821,34,19598.01
6822,23,95648.305
6823,30,20917.268
6824,55,205767.08
6825,40,84933.41
6826,53,51545.145
6827,41,196493.03
6828,47,114120.85
6829,55,67149.164
6830,19,11262.145
6831,26,28526.338
6832,37,119146.125
6833,18,17670.953
6834,53,27097.578
6835,40,22072.771
6836,42,68986.336
6837,50,108084.41
6838,43,108169.79
6839,25,25273.78
6840,40,68234.47
6841,51,24339.898
6842,38,42249.15
6843,32,75804.484
6844,54,116877.14
6845,33,8957.628
6846,55,54105.227
6847,25,154139.44
6848,42,60207.598
6849,21,53416.176
6850,49,31868.475
6851,35,150901.2
6852,25,33068.98
6853,46,46150.3
6854,35,34324.26
6855,30,54520.645
6856,38,156419.98
6857,55,24219.008
6858,18,54711.047
6859,50,68365.93
6860,27,26105.795
6861,42,47694.227
6862,53,219882.89
6863,41,12148.813
6864,25,35696.848
6865,46,61097.48
6866,44,37012.98
6867,49,503216.75
6868,47,77554.086
6869,43,21682.98
6870,55,7710.7505
6871,30,65643.836
6872,22,27317.506
6873,36,140210.08
6874,48,40130.254
6875,55,31732.51
6876,47,31306.486
6877,39,110082.53
6878,43,69720.16
6879,22,203728.53
6880,45,42095.35
6881,19,99668.19
6882,51,101040.75
6883,33,85718.94
6884,18,33252.727
6885,50,73021.17
6886,32,46257.75
6887,40,45295.605
6888,38,26242.357
6889,25,9168.301
6890,43,135737.67
6891,36,70616.914
6892,35,17072.422
6893,49,88782.664
6894,27,137900.36
6895,41,93144.96
6896,47,24500.965
6897,22,27838.766
6898,42,32256.584
6899,24,99572.984
6900,35,73346.21
6901,18,466032.94
6902,34,13454.518
6903,48,47939.72
6904,43,10695.454
6905,48,80587.32
6906,38,117394.34
6907,25,158492.6
6908,32,58139.23
6909,48,10819.775
6910,19,48033.76
6911,41,70913.08
6912,47,22374.145
6913,37,40448.926
6914,36,18000.207
6915,22,30626.309
6916,29,103751.26
6917,25,86155.46
6918,25,16376.5
6919,44,28446.777
6920,21,52336.633
6921,46,59933.91
6922,25,29420.932
6923,36,73199.53
6924,42,48608.44
6925,35,6364.395
6926,29,31648.373
6927,37,30933.582
6928,22,86025.34
6929,21,87258.1
6930,50,13122.664
6931,18,71008.555
6932,30,47127.277
6933,19,55321.55
6934,43,30598.818
6935,36,47586.973
6936,48,125497.33
6937,47,54694.96
6938,33,48331.41
6939,31,34078.28
6940,37,116027.56
6941,30,17946.457
6942,38,26323.111
6943,54,17140.668
6944,55,58707.715
6945,22,128486.15
6946,20,38435.7
6947,37,21253.012
6948,43,185152.58
6949,27,71740.07
6950,45,62429.773
6951,49,42942.863
6952,43,85390.45
6953,45,61652.11
6954,30,34022.03
6955,19,38899.48
6956,33,22111.848
6957,25,20012.775
6958,37,39436.875
6959,43,125888.29
6960,20,21860.742
6961,48,97623.58
6962,44,26387.096
6963,23,11974.035
6964,49,77424.46
6965,41,184018.72
6966,30,25214.896
6967,20,14241.017
6968,35,71948.805
6969,26,23890.566
6970,40,76810.414
6971,50,125613.12
6972,32,65138.582
6973,47,95567.96
6974,48,96092.64
6975,42,110385.67
6976,38,51841.53
6977,29,93250.01
6978,48,57028.117
6979,30,68379.914
6980,45,574437.94
6981,49,60661.15
6982,18,15086.723
6983,26,42695.25
6984,28,39001.59
6985,26,40454.914
6986,32,107208.65
6987,41,123531.49
6988,30,45948.207
6989,35,16420.385
6990,48,54125.176
6991,30,32372.588
6992,27,59165.984
6993,19,45388.26
6994,29,132304.9
6995,28,62294.27
6996,45,32455.492
6997,45,16503.908
6998,21,48115.85
6999,55,48253.73
7000,50,40530.484
7001,51,92970.48
7002,25,16540.307
7003,55,27166.586
7004,30,52162.15
7005,53,31957.805
7006,21,37586.902
7007,37,47647.105
7008,21,86556.29
7009,24,46134.64
7010,55,10342.643
7011,36,30870.018
7012,34,74340.09
7013,23,92034.35
7014,32,96188.45
7015,32,120658.61
7016,51,54969.188
7017,31,61716.727
7018,18,22217.854
7019,35,8779.002
7020,48,16086.122
7021,55,28518.498
7022,21,16848.46
7023,30,39554.58
7024,50,34548.094
7025,21,105877.695
7026,30,23028.068
7027,40,55951.684
7028,35,35737.797
7029,36,22348.521
7030,53,27934.258
7031,20,9689.232
7032,23,90985.53
7033,48,153520.17
7034,28,40368.51
7035,39,51176.1
7036,47,39461.94
7037,35,25944.25
7038,18,87877.63
7039,32,64539.516
7040,50,4866.2104
7041,41,21852.916
7042,23,9675.278
7043,24,173530.69
7044,48,43578.33
7045,49,60617.54
7046,29,37689.703
7047,53,120805.33
7048,53,99542.74
7049,29,42082.824
7050,24,197634.12
7051,19,57990.402
7052,42,15547.859
7053,19,54165.164
7054,38,75639.266
7055,28,44945.164
7056,34,35975.44
7057,38,205102.95
7058,32,19362.4
7059,32,5479.7085
7060,42,182594.2
7061,37,18749.838
7062,18,39754.72
7063,46,36968.91
7064,39,133944.0
7065,51,157576.03
7066,29,17780.861
7067,34,148050.1
7068,47,145875.17
7069,47,50780.223
7070,46,105431.04
7071,24,114238.34
7072,36,40857.105
7073,55,44078.395
7074,32,80116.79
7075,26,13588.217
7076,34,37674.28
7077,38,19139.15
7078,53,156160.69
7079,28,37321.027
7080,36,62372.344
7081,53,41984.203
7082,51,39854.516
7083,29,59192.57
7084,53,27868.809
7085,46,42658.95
7086,30,42408.492
7087,42,35639.363
7088,39,68365.516
7089,47,34967.75
7090,50,181438.19
7091,23,82697.91
7092,42,16989.15
7093,33,77689.91
7094,49,28801.84
7095,52,55733.152
7096,29,27856.51
7097,31,8640.841
7098,49,49138.176
7099,52,15870.95
7100,23,69951.02
7101,41,57503.79
7102,55,30843.172
7103,19,215390.5
7104,21,18552.287
7105,43,30342.607
7106,36,20398.67
7107,28,255973.98
7108,27,147498.55
7109,40,16027.8125
7110,52,25830.557
7111,45,26541.143
7112,44,32183.098
7113,25,21710.553
7114,49,30797.15
7115,33,111711.63
7116,31,237354.05
7117,45,14534.199
7118,54,21739.64
7119,27,59315.496
7120,40,14122.63
7121,48,60556.004
7122,19,77023.086
7123,53,87579.336
7124,54,75319.47
7125,20,32584.092
7126,29,43236.6
7127,26,19460.775
7128,47,72493.28
7129,18,180316.06
7130,20,72369.414
7131,54,28674.906
7132,51,110814.375
7133,38,331802.66
7134,42,60736.38
7135,42,77913.66
7136,28,85985.945
7137,43,13852.382
7138,21,35985.832
7139,47,33146.258
7140,25,97506.234
7141,43,88829.47
7142,38,45396.438
7143,29,31592.525
7144,52,12971.391
7145,22,49387.285
7146,19,23298.023
7147,49,21098.922
7148,42,104903.2
7149,23,96501.53
7150,45,33823.223
7151,29,14250.4375
7152,34,25825.793
7153,24,110678.12
7154,46,72689.57
7155,36,34280.586
7156,34,52406.234
7157,43,9508.304
7158,22,8949.552
7159,46,243161.11
7160,41,74981.695
7161,42,50066.527
7162,36,36395.97
7163,52,12213.67
7164,45,110674.59
7165,29,20136.055
7166,18,87827.016
7167,38,55568.895
7168,51,47959.047
7169,22,17639.31
7170,38,17828.227
7171,54,68304.15
7172,51,53271.234
7173,43,51922.73
7174,35,62856.62
7175,34,10618.823
7176,24,112633.375
7177,54,37611.25
7178,24,127451.9
7179,38,10027.826
7180,32,78826.07
7181,44,78232.6
7182,26,15227.711
7183,53,29982.627
7184,26,21421.988
7185,32,99742.625
7186,49,64016.047
7187,45,179666.45
7188,50,58814.367
7189,54,89820.96
7190,53,127693.336
7191,33,77910.78
7192,21,36769.785
7193,40,31683.229
7194,30,46910.254
7195,23,94565.25
7196,39,27089.348
7197,49,84246.4
7198,34,64723.793
7199,40,18345.387
7200,47,81032.57
7201,43,56011.656
7202,23,32188.32
7203,53,55366.01
7204,22,33205.06
7205,38,60956.51
7206,50,43713.402
7207,26,14703.472
7208,36,44772.52
7209,40,35088.586
7210,19,83137.19
7211,48,101072.47
7212,30,33275.508
7213,53,26589.24
7214,19,13038.412
7215,33,26070.21
7216,35,38606.01
7217,33,17126.25
7218,55,102159.19
7219,18,61667.223
7220,55,45408.06
7221,36,49337.574
7222,38,63870.586
7223,55,82971.65
7224,55,95509.83
7225,32,39045.133
7226,43,44633.07
7227,54,57420.367
7228,42,43198.85
7229,45,100471.78
7230,38,133470.56
7231,53,65843.56
7232,43,24178.643
7233,28,75094.24
7234,52,67964.28
7235,36,22609.934
7236,34,67904.55
7237,30,32351.83
7238,51,90821.68
7239,32,74607.38
7240,33,59764.523
7241,21,51565.89
7242,38,9073.203
7243,30,18927.254
7244,18,45032.39
7245,39,168600.14
7246,21,78552.555
7247,44,213419.58
7248,36,53432.156
7249,37,48781.074
7250,32,156354.08
7251,51,44020.33
7252,43,22710.947
7253,31,64420.14
7254,38,122735.81
7255,41,25822.984
7256,52,80098.555
7257,21,46406.234
7258,21,71743.9
7259,28,64254.395
7260,48,35894.336
7261,45,45927.9
7262,19,37691.73
7263,51,54982.863
7264,23,25410.062
7265,26,30764.305
7266,29,35904.215
7267,44,68400.85
7268,32,16112.508
7269,32,45893.31
7270,46,28373.506
7271,44,35977.492
7272,37,29485.176
7273,31,58421.3
7274,45,44094.383
7275,20,88350.44
7276,26,68951.83
7277,52,14619.937
7278,24,23197.018
7279,28,43533.78
7280,25,48311.754
7281,38,24893.293
7282,33,141911.34
7283,46,99860.4
7284,33,13413.08
7285,18,65914.875
7286,40,48201.29
7287,53,135249.75
7288,39,14240.868
7289,46,259798.64
7290,47,25474.207
7291,35,67683.64
7292,39,30782.225
7293,19,37006.586
7294,50,12942.14
7295,28,130259.99
7296,23,40298.133
7297,30,42550.715
7298,28,317986.38
7299,21,107724.516
7300,44,29292.572
7301,48,30686.361
7302,43,61550.87
7303,26,92629.43
7304,36,203156.5
7305,42,13812.079
7306,49,89446.3
7307,47,101713.336
7308,35,26586.871
7309,19,37480.285
7310,23,13568.592
7311,28,33492.047
7312,31,60201.56
7313,49,178987.67
7314,24,192696.3
7315,23,21945.967
7316,29,160502.64
7317,49,10512.309
7318,48,31314.432
7319,47,39274.48
7320,20,61157.625
7321,46,54447.19
7322,27,66992.58
7323,30,43192.08
7324,30,107737.09
7325,45,86963.766
7326,24,39661.17
7327,48,98095.16
7328,18,261588.14
7329,24,29178.037
7330,32,191003.6
7331,22,31350.893
7332,45,154513.86
7333,41,32306.686
7334,29,92254.67
7335,27,57727.258
7336,46,11986.922
7337,45,231473.39
7338,46,24426.324
7339,29,18107.814
7340,49,29978.246
7341,35,378804.72
7342,51,18339.406
7343,43,57663.12
7344,19,20358.39
7345,37,23351.389
7346,53,13908.288
7347,50,64338.457
7348,20,43949.758
7349,37,20225.213
7350,38,100543.03
7351,21,109398.766
7352,55,69255.18
7353,27,127556.445
7354,26,37819.12
7355,40,64710.453
7356,24,37936.105
7357,25,14971.621
7358,39,59585.97
7359,32,56767.58
7360,38,48806.7
7361,34,67432.24
7362,18,154708.84
7363,55,42456.797
7364,45,23249.602
7365,30,41010.258
7366,38,44815.363
7367,48,109825.625
7368,49,54453.848
7369,39,19954.836
7370,47,95238.98
7371,29,83774.22
7372,26,54472.99
7373,24,106763.94
7374,40,122059.5
7375,52,36968.664
7376,46,24334.475
7377,33,49527.19
7378,30,76808.27
7379,42,45958.51
7380,18,22675.479
7381,21,56949.254
7382,44,9827.872
7383,39,38569.203
7384,36,98785.984
7385,53,103169.55
7386,46,2469.9548
7387,35,42860.72
7388,38,80756.92
7389,23,19514.492
7390,52,37131.26
7391,21,131393.47
7392,39,33943.33
7393,44,179636.67
7394,45,27634.762
7395,52,154458.77
7396,45,51360.73
7397,54,24763.262
7398,41,154871.27
7399,26,19045.732
7400,53,26449.71
7401,43,73992.12
7402,30,53339.49
7403,29,62252.207
7404,26,37239.438
7405,36,19153.936
7406,26,29672.432
7407,32,143788.34
7408,25,17157.549
7409,55,186344.47
7410,27,64374.023
7411,18,31018.354
7412,46,10078.26
7413,41,11195.082
7414,40,37611.727
7415,45,34137.203
7416,46,54938.91
7417,19,197816.23
7418,41,76868.66
7419,25,45108.56
7420,41,132356.42
7421,42,56404.344
7422,45,179790.12
7423,23,29205.41
7424,33,19961.2
7425,36,10092.143
7426,44,45956.44
7427,22,18621.37
7428,32,18411.592
7429,43,114374.55
7430,30,12608.128
7431,53,54318.766
7432,44,46779.113
7433,19,53824.457
7434,54,151306.11
7435,23,25828.28
7436,34,151408.55
7437,25,12229.597
7438,21,84151.26
7439,40,162897.6
7440,37,1951.8604
7441,31,48604.137
7442,43,45542.16
7443,24,52958.14
7444,41,196619.3
7445,44,27142.977
7446,51,19383.383
7447,36,53267.223
7448,44,122912.625
7449,40,78173.516
7450,36,51391.902
7451,53,41622.387
7452,32,10039.013
7453,43,79894.984
7454,46,87908.41
7455,52,28736.156
7456,27,34475.438
7457,30,21616.129
7458,54,100135.25
7459,42,37312.56
7460,45,44370.695
7461,33,82717.76
7462,35,64948.992
7463,18,78464.625
7464,42,57506.203
7465,36,58540.434
7466,37,58098.117
7467,21,71833.836
7468,22,74681.22
7469,53,18769.94
7470,49,31008.693
7471,27,42492.875
7472,36,71770.8
7473,50,179461.67
7474,29,26087.195
7475,55,100982.21
7476,25,31717.412
7477,40,149670.55
7478,22,230880.02
7479,20,12349.456
7480,52,38511.473
7481,19,7628.012
7482,53,12937.812
7483,30,13599.089
7484,25,82374.49
7485,48,70924.07
7486,51,94918.49
7487,22,81317.09
7488,50,73705.31
7489,46,54680.582
7490,50,45029.543
7491,33,113035.414
7492,20,50493.535
7493,38,76108.98
7494,31,7750.7896
7495,27,19530.312
7496,34,109530.43
7497,18,29290.846
7498,42,16374.692
7499,39,83517.555
7500,52,50053.402
7501,31,36106.457
7502,24,167220.25
7503,54,145761.3
7504,29,43023.793
7505,33,89114.61
7506,32,8339.973
7507,42,119906.26
7508,54,20962.89
7509,52,15647.474
7510,45,11986.859
7511,21,11268.165
7512,45,118662.516
7513,24,82842.3
7514,47,27094.623
7515,26,99081.45
7516,49,31063.635
7517,46,64776.48
7518,29,33993.72
7519,28,45424.54
7520,35,24178.541
7521,53,27225.904
7522,27,77269.55
7523,52,87868.92
7524,50,35899.51
7525,26,14755.13
7526,53,361051.5
7527,21,51489.625
7528,19,64182.824
7529,31,18228.006
7530,36,132185.98
7531,54,149356.97
7532,30,12750.814
7533,22,46067.812
7534,29,43279.254
7535,51,337910.28
7536,43,158683.88
7537,42,15664.551
7538,51,27926.645
7539,32,24474.402
7540,46,67313.72
7541,42,175877.92
7542,37,54563.34
7543,29,74660.86
7544,54,29387.695
7545,19,74341.484
7546,21,34277.484
7547,49,13455.869
7548,23,70578.08
7549,26,49607.453
7550,24,20785.693
7551,52,186481.36
7552,52,27081.742
7553,24,81394.2
7554,35,37411.734
7555,42,171895.17
7556,42,41345.047
7557,38,13096.18
7558,35,95585.84
7559,21,171341.42
7560,20,35514.246
7561,19,86067.414
7562,39,55454.8
7563,48,36812.97
7564,44,97967.06
7565,49,26363.861
7566,21,51316.85
7567,28,61430.617
7568,43,59673.887
7569,30,26888.47
7570,22,259746.77
7571,20,137252.08
7572,41,110426.82
7573,35,157369.0
7574,41,52827.52
7575,48,37151.004
7576,50,20921.857
7577,27,28482.154
7578,40,22215.812
7579,35,32770.824
7580,36,62377.43
7581,44,103880.68
7582,21,101606.33
7583,40,19586.037
7584,44,86775.69
7585,43,124849.49
7586,22,40798.074
7587,55,130349.984
7588,22,100752.12
7589,38,18180.512
7590,40,288706.9
7591,35,28205.16
7592,38,107550.336
7593,49,104480.516
7594,34,18780.395
7595,54,57697.082
7596,24,103457.0
7597,44,18621.79
7598,28,54147.723
7599,23,110626.695
7600,37,116491.17
7601,38,36392.566
7602,38,172004.11
7603,53,142087.16
7604,34,60643.07
7605,21,29513.916
7606,39,19674.857
7607,54,67630.53
7608,55,161359.22
7609,50,44447.152
7610,54,25147.477
7611,53,96733.73
7612,48,57491.266
7613,21,75546.4
7614,42,32845.02
7615,20,37193.797
7616,48,32721.307
7617,26,74541.67
7618,18,38111.133
7619,25,80315.49
7620,26,30414.69
7621,36,74442.3
7622,50,87798.81
7623,39,65186.824
7624,47,104131.836
7625,24,34016.91
7626,23,87019.89
7627,38,60261.85
7628,41,26160.115
7629,27,10874.248
7630,51,12903.452
7631,44,8544.894
7632,47,70310.875
7633,21,38559.703
7634,20,53613.07
7635,23,43280.48
7636,35,79627.46
7637,30,81512.22
7638,25,51745.82
7639,19,54312.77
7640,44,56076.383
7641,51,152238.66
7642,22,10057.757
7643,38,29242.008
7644,19,99906.23
7645,32,121309.484
7646,33,70371.125
7647,35,43151.684
7648,37,221687.95
7649,22,57643.207
7650,54,51246.73
7651,30,145104.08
7652,27,73146.48
7653,35,106047.51
7654,44,116466.17
7655,32,37115.91
7656,38,205656.73
7657,49,6974.9624
7658,34,10260.458
7659,52,29016.113
7660,53,35635.223
7661,38,66828.04
7662,28,28802.648
7663,25,49525.53
7664,23,42432.258
7665,55,248537.83
7666,46,26259.885
7667,30,13008.297
7668,51,122391.29
7669,25,28243.342
7670,24,46464.676
7671,20,29817.117
7672,41,90176.055
7673,49,16653.217
7674,20,5326.3677
7675,50,140976.9
7676,47,60946.695
7677,26,117935.58
7678,49,137248.42
7679,41,24019.117
7680,27,52486.45
7681,25,74913.48
7682,37,45850.65
7683,20,38950.906
7684,47,42144.41
7685,39,118968.33
7686,39,40642.457
7687,51,80818.555
7688,23,65992.24
7689,53,23119.504
7690,19,63662.684
7691,38,14600.943
7692,31,68935.38
7693,40,101994.28
7694,38,122627.86
7695,53,23333.053
7696,50,32560.496
7697,19,62757.316
7698,29,34167.78
7699,55,10685.86
7700,46,32416.443
7701,34,62563.64
7702,54,117453.87
7703,28,193135.08
7704,32,55256.24
7705,52,78666.59
7706,33,107840.164
7707,41,9694.662
7708,51,22123.715
7709,29,54275.492
7710,40,173604.36
7711,55,82750.625
7712,22,65090.766
7713,47,41659.664
7714,41,70348.28
7715,34,31027.395
7716,54,26793.508
7717,39,28722.287
7718,25,146117.08
7719,55,25529.16
7720,33,36342.99
7721,39,72881.29
7722,20,24726.49
7723,44,59916.633
7724,38,59899.39
7725,33,30339.78
7726,40,40650.0
7727,53,23503.797
7728,22,151144.42
7729,30,61442.273
7730,50,21608.97
7731,46,55316.844
7732,30,57357.2
7733,52,8309.764
7734,48,146112.7
7735,54,22654.002
7736,31,266185.84
7737,19,94467.48
7738,53,20298.748
7739,54,38885.543
7740,33,104597.28
7741,18,41339.598
7742,27,128331.0
7743,28,37009.254
7744,37,46950.36
7745,27,106926.64
7746,42,81023.22
7747,47,23851.355
7748,44,70757.91
7749,20,57167.27
7750,29,24110.23
7751,51,16438.75
7752,36,10664.453
7753,33,39507.23
7754,37,47885.74
7755,19,74864.92
7756,29,96390.33
7757,30,35907.133
7758,35,46785.152
7759,18,27249.771
7760,34,53614.188
7761,42,108508.66
7762,33,54213.9
7763,22,126809.164
7764,31,107066.305
7765,29,160481.92
7766,25,55445.965
7767,32,32657.64
7768,37,82188.04
7769,45,37103.1
7770,52,80150.36
7771,29,29423.107
7772,20,25772.25
7773,36,132314.25
7774,33,22241.578
7775,24,113275.31
7776,45,79905.75
7777,47,53917.82
7778,51,11000.13
7779,18,164112.19
7780,35,23668.646
7781,40,107183.88
7782,47,28768.193
7783,48,26979.908
7784,45,85363.266
7785,35,76922.24
7786,44,20004.254
7787,52,157816.08
7788,22,42401.617
7789,50,52834.582
7790,23,39423.453
7791,22,20693.34
7792,37,90035.37
7793,37,63033.324
7794,41,26257.592
7795,33,106413.2
7796,20,52242.3
7797,22,53150.348
7798,51,207107.5
7799,28,13813.18
7800,18,13668.035
7801,27,16366.212
7802,50,66881.984
7803,33,37516.773
7804,41,39980.26
7805,47,23525.615
7806,19,189468.73
7807,38,247853.39
7808,18,102631.68
7809,47,14972.189
7810,23,33869.184
7811,37,96930.27
7812,28,48200.023
7813,41,102904.3
7814,23,135676.77
7815,33,229931.08
7816,53,29610.555
7817,49,53359.44
7818,39,35142.54
7819,43,10088.511
7820,31,87644.88
7821,19,78474.71
7822,35,32283.688
7823,45,13923.508
7824,34,36771.547
7825,40,89740.695
7826,25,145749.48
7827,27,28274.492
7828,43,121289.48
7829,19,82269.445
7830,49,69589.266
7831,37,17764.13
7832,46,18392.566
7833,47,25723.225
7834,50,38509.81
7835,38,211160.78
7836,50,29436.486
7837,21,92668.086
7838,23,34474.242
7839,45,72980.25
7840,33,47543.168
7841,37,57606.85
7842,29,67202.8
7843,18,40954.312
7844,19,67464.01
7845,55,134176.44
7846,26,27350.387
7847,55,129116.57
7848,26,40441.668
7849,51,37159.86
7850,28,87502.77
7851,34,38057.402
7852,31,64544.727
7853,32,59896.695
7854,19,9442.618
7855,27,69831.914
7856,53,15786.287
7857,48,16778.826
7858,48,67033.6
7859,50,76806.93
7860,35,131113.39
7861,43,20916.303
7862,31,27632.7
7863,40,72494.86
7864,40,133145.83
7865,42,58309.37
7866,45,24769.768
7867,21,166860.25
7868,41,40533.54
7869,19,41556.855
7870,46,15852.783
7871,27,89236.766
7872,21,98899.83
7873,51,28427.535
7874,38,202955.89
7875,19,31259.404
7876,40,82452.85
7877,19,59796.215
7878,29,9890.533
7879,42,77257.64
7880,44,71903.34
7881,46,12169.306
7882,26,169404.55
7883,23,72137.484
7884,31,134766.53
7885,18,12668.736
7886,27,36005.695
7887,20,128574.055
7888,28,14259.023
7889,41,36860.293
7890,32,69215.46
7891,20,10983.111
7892,23,17372.895
7893,37,151062.0
7894,38,52449.914
7895,50,128173.28
7896,55,57841.094
7897,44,356644.75
7898,25,71023.36
7899,40,138081.78
7900,47,41064.906
7901,43,59181.363
7902,24,83556.21
7903,18,95418.086
7904,21,48464.438
7905,30,50109.895
7906,18,74705.88
7907,43,74666.65
7908,35,22020.555
7909,36,59859.008
7910,49,64627.637
7911,35,22896.143
7912,21,103209.87
7913,22,69562.016
7914,23,322641.72
7915,51,48970.21
7916,52,124078.18
7917,23,76962.9
7918,47,232566.12
7919,39,23012.52
7920,51,33641.883
7921,27,23652.22
7922,27,46978.445
7923,32,20332.967
7924,42,14748.714
7925,37,9072.83
7926,39,8619.675
7927,35,84532.52
7928,39,34732.38
7929,29,18634.623
7930,35,29510.889
7931,54,32776.133
7932,43,23111.79
7933,50,180632.28
7934,45,155319.78
7935,54,178183.67
7936,50,57707.094
7937,29,62576.8
7938,34,29663.928
7939,29,25390.271
7940,18,50876.62
7941,20,84260.05
7942,55,130143.48
7943,28,32305.312
7944,47,18353.787
7945,55,89946.13
7946,28,11675.682
7947,35,48455.92
7948,52,53702.883
7949,22,36928.84
7950,35,14524.355
7951,39,37320.18
7952,19,186057.72
7953,50,80270.35
7954,52,126645.86
7955,25,18882.99
7956,51,61349.645
7957,47,53661.473
7958,49,54499.273
7959,41,77999.29
7960,20,56254.22
7961,50,19306.77
7962,34,81665.06
7963,26,97976.77
7964,47,143682.53
7965,48,148850.92
7966,31,73198.1
7967,47,20040.46
7968,23,14709.829
7969,50,41693.62
7970,35,104334.26
7971,32,99092.234
7972,20,62253.977
7973,30,48558.81
7974,54,229295.4
7975,33,79142.38
7976,28,46628.156
7977,24,29834.64
7978,22,22312.314
7979,31,20622.275
7980,31,22314.312
7981,48,62601.215
7982,42,49282.414
7983,35,38524.375
7984,26,90125.695
7985,50,212589.47
7986,38,25876.766
7987,32,29154.06
7988,35,8485.688
7989,36,48957.78
7990,38,45147.12
7991,52,102130.89
7992,48,46645.332
7993,46,31234.885
7994,23,58333.21
7995,19,78075.61
7996,44,13706.083
7997,44,111892.19
7998,45,142175.94
7999,48,77477.47
8000,19,23674.037
8001,34,38520.934
8002,52,128807.96
8003,29,22861.318
8004,35,82676.71
8005,43,48009.812
8006,42,56836.438
8007,31,25620.834
8008,46,65141.02
8009,37,61515.156
8010,37,14947.382
8011,41,49822.56
8012,19,81707.086
8013,35,36737.44
8014,41,7055.7197
8015,36,45611.945
8016,40,161611.83
8017,54,37956.754
8018,27,156795.73
8019,25,26105.264
8020,42,19751.836
8021,40,49796.31
8022,32,25892.68
8023,36,65099.0
8024,19,37112.965
8025,37,162577.8
8026,42,35117.13
8027,53,53721.46
8028,51,80567.195
8029,46,107455.4
8030,50,163324.2
8031,34,41435.266
8032,34,36327.555
8033,53,10814.52
8034,34,256054.98
8035,48,66739.32
8036,50,91237.81
8037,45,77991.984
8038,31,52021.18
8039,41,66175.16
8040,18,31953.861
8041,52,39265.414
8042,53,23379.473
8043,54,173784.88
8044,45,78351.71
8045,33,242975.61
8046,55,313917.3
8047,37,16259.836
8048,28,109969.79
8049,21,16871.943
8050,50,57625.027
8051,33,64315.88
8052,38,17855.115
8053,20,27715.957
8054,27,66706.62
8055,35,57573.566
8056,20,22138.668
8057,18,28605.475
8058,52,15163.189
8059,27,19099.92
8060,25,37147.137
8061,32,110165.69
8062,23,121925.41
8063,45,216756.02
8064,18,70206.04
8065,37,58128.117
8066,42,74302.164
8067,22,73734.28
8068,55,13719.417
8069,30,226585.36
8070,40,10668.248
8071,37,125340.36
8072,40,52307.125
8073,48,20914.135
8074,51,76487.13
8075,27,45490.89
8076,49,28962.23
8077,25,16557.527
8078,35,15481.06
8079,38,30670.275
8080,29,36687.367
8081,51,18983.857
8082,45,51563.14
8083,45,21274.604
8084,24,66699.64
8085,21,133904.45
8086,21,63024.434
8087,34,46384.027
8088,19,32593.256
8089,42,158999.64
8090,20,42828.785
8091,44,366574.6
8092,52,19406.234
8093,32,63051.31
8094,26,154810.52
8095,21,28786.713
8096,32,41393.484
8097,46,82511.71
8098,38,68192.54
8099,30,78240.09
8100,29,126498.414
8101,46,37887.44
8102,41,157849.77
8103,24,12629.193
8104,49,118388.67
8105,49,125184.36
8106,18,26908.621
8107,49,15666.334
8108,49,41524.727
8109,45,69066.2
8110,53,38242.36
8111,42,74707.22
8112,30,235619.45
8113,37,16781.104
8114,33,10472.3545
8115,48,47303.527
8116,52,29017.182
8117,31,34047.992
8118,21,137765.58
8119,36,45400.81
8120,19,48853.53
8121,37,35254.21
8122,26,48471.793
8123,50,61980.77
8124,35,463911.38
8125,40,62536.414
8126,21,126745.25
8127,46,58040.594
8128,29,9872.879
8129,44,31765.016
8130,25,62499.062
8131,41,89188.73
8132,30,59157.65
8133,45,104407.77
8134,27,15549.604
8135,43,51990.29
8136,23,144661.05
8137,31,22983.465
8138,54,122547.19
8139,49,117583.53
8140,28,18585.9
8141,39,65518.062
8142,18,56773.758
8143,46,43420.55
8144,25,14739.215
8145,32,40511.066
8146,25,44123.227
8147,22,12850.49
8148,34,17600.049
8149,47,23817.645
8150,48,21615.22
8151,19,64912.44
8152,18,103671.93
8153,44,39001.047
8154,38,92300.97
8155,40,107126.87
8156,53,46702.08
8157,47,69300.91
8158,36,41818.836
8159,43,20363.809
8160,48,27511.812
8161,43,64906.094
8162,52,45374.914
8163,45,90175.83
8164,33,11050.032
8165,22,13393.449
8166,34,14723.475
8167,36,57130.926
8168,49,16602.29
8169,25,64594.312
8170,51,91325.58
8171,42,168177.98
8172,27,153968.66
8173,42,28665.299
8174,43,13148.564
8175,19,30158.578
8176,36,109233.914
8177,53,36608.152
8178,32,49036.58
8179,43,32017.877
8180,32,177147.94
8181,28,22208.041
8182,33,52743.23
8183,20,121342.1
8184,40,218167.39
8185,19,28679.465
8186,28,107842.055
8187,32,30150.787
8188,48,150468.06
8189,41,199456.6
8190,48,24541.047
8191,38,84334.734
8192,32,121833.12
8193,49,39512.184
8194,30,77493.54
8195,26,80804.836
8196,51,249570.92
8197,36,10331.749
8198,40,47812.742
8199,37,18390.244
8200,36,50554.98
8201,26,26728.666
8202,52,40775.82
8203,54,24846.207
8204,38,56617.434
8205,44,118053.55
8206,37,37108.098
8207,26,157043.17
8208,39,115259.77
8209,37,254494.25
8210,49,69484.84
8211,45,47594.05
8212,22,14067.022
8213,48,26753.715
8214,26,42338.66
8215,53,46544.9
8216,31,327340.5
8217,21,42370.043
8218,53,12150.136
8219,48,85087.43
8220,43,81224.88
8221,24,34635.504
8222,43,274282.72
8223,20,10965.195
8224,33,135855.08
8225,33,39612.535
8226,51,23375.508
8227,31,341156.6
8228,44,90141.48
8229,33,39380.55
8230,50,38745.402
8231,52,62324.715
8232,48,34551.543
8233,21,141416.56
8234,20,53633.363
8235,21,112851.7
8236,42,59048.793
8237,52,100272.45
8238,24,146706.03
8239,40,191860.17
8240,42,74052.945
8241,34,24997.738
8242,45,43552.066
8243,50,48965.34
8244,34,31609.443
8245,54,27657.574
8246,32,57490.715
8247,23,22768.475
8248,47,19493.92
8249,23,12890.29
8250,24,73427.05
8251,53,65694.91
8252,32,38562.59
8253,46,110764.69
8254,30,22487.857
8255,53,67810.85
8256,49,52214.16
8257,53,27645.936
8258,19,33716.56
8259,47,31703.473
8260,24,61204.836
8261,55,80380.055
8262,35,35548.855
8263,41,28285.219
8264,43,55801.496
8265,30,13338.066
8266,37,51393.36
8267,48,174416.03
8268,51,28470.043
8269,54,43403.45
8270,55,113485.195
8271,24,91447.195
8272,28,52535.77
8273,52,47712.824
8274,48,18607.727
8275,50,74065.164
8276,40,17070.008
8277,55,9581.893
8278,20,112000.734
8279,25,68143.24
8280,36,101069.82
8281,52,27738.332
8282,44,72610.836
8283,24,35190.24
8284,55,38483.473
8285,48,108964.95
8286,44,44353.426
8287,25,28643.152
8288,24,16770.28
8289,45,66724.66
8290,22,116699.695
8291,39,26722.885
8292,30,86765.25
8293,31,23518.799
8294,24,91055.1
8295,43,51334.066
8296,37,61947.79
8297,24,28619.684
8298,26,66557.33
8299,54,30996.467
8300,32,35912.457
8301,41,14848.827
8302,41,26958.57
8303,53,32839.324
8304,39,64217.168
8305,22,80523.38
8306,22,30743.469
8307,32,43836.523
8308,36,192699.36
8309,20,55529.246
8310,52,32541.268
8311,19,13043.684
8312,35,25251.486
8313,27,24476.838
8314,18,243306.5
8315,52,25362.127
8316,44,52083.977
8317,48,67264.26
8318,38,121175.87
8319,43,50322.004
8320,26,33240.58
8321,22,31525.406
8322,55,66495.016
8323,36,28920.521
8324,37,20669.89
8325,28,33235.53
8326,32,17329.938
8327,48,219755.66
8328,21,80581.19
8329,20,182855.84
8330,38,73727.2
8331,25,169304.25
8332,39,67087.3
8333,27,89386.36
8334,44,9070.685
8335,52,24060.207
8336,20,51499.145
8337,40,52508.402
8338,47,47036.23
8339,38,71838.41
8340,49,74246.11
8341,43,99894.6
8342,53,85389.05
8343,41,131012.52
8344,33,131869.12
8345,39,57498.254
8346,28,264368.0
8347,27,148337.11
8348,22,26218.422
8349,53,68450.15
8350,48,11449.299
8351,18,13100.684
8352,41,33529.562
8353,30,24820.43
8354,34,33694.973
8355,36,65028.008
8356,38,133253.75
8357,42,127666.91
8358,44,69587.016
8359,21,20953.957
8360,43,32012.053
8361,38,83243.47
8362,39,25819.494
8363,50,18146.717
8364,43,74134.18
8365,51,48102.44
8366,38,42236.625
8367,46,121493.96
8368,36,119470.5
8369,35,207870.94
8370,27,29692.473
8371,31,70513.9
8372,54,50766.15
8373,28,65540.984
8374,34,20176.49
8375,34,16281.741
8376,49,48416.957
8377,20,25483.035
8378,28,105909.94
8379,53,15051.552
8380,18,16078.168
8381,54,35826.688
8382,34,14607.907
8383,51,191105.48
8384,38,43193.46
8385,49,30869.926
8386,52,72703.84
8387,41,101402.914
8388,46,59003.11
8389,35,47349.195
8390,32,22765.465
8391,22,82826.695
8392,36,155304.16
8393,25,41940.3
8394,30,25355.473
8395,28,57813.344
8396,55,50106.11
8397,36,18895.826
8398,36,33443.99
8399,38,209099.8
8400,41,17013.023
8401,38,28775.568
8402,27,23407.402
8403,42,25122.984
8404,40,35010.285
8405,43,71573.77
8406,22,142433.19
8407,45,58831.668
8408,43,28919.541
8409,43,171392.31
8410,49,9556.028
8411,34,85695.945
8412,50,21990.623
8413,21,48004.008
8414,40,78453.25
8415,51,13842.203
8416,52,55999.684
8417,44,59549.31
8418,47,161078.72
8419,47,438843.3
8420,37,14434.875
8421,36,155360.14
8422,38,48507.52
8423,21,26184.457
8424,35,67172.61
8425,20,17640.367
8426,40,18503.0
8427,36,12477.114
8428,46,77392.836
8429,52,64950.957
8430,46,26062.984
8431,27,169170.06
8432,33,29419.521
8433,50,139548.84
8434,46,55129.652
8435,47,29105.535
8436,55,45605.938
8437,54,18338.982
8438,46,59466.297
8439,30,51237.06
8440,46,76247.22
8441,55,101022.664
8442,31,54845.254
8443,48,15347.701
8444,54,105415.92
8445,38,50590.01
8446,42,10987.661
8447,26,64053.254
8448,28,68041.8
8449,30,37533.703
8450,49,42680.984
8451,54,31056.586
8452,28,69750.484
8453,39,55925.258
8454,52,24177.926
8455,34,182436.0
8456,34,29352.584
8457,44,5736.2646
8458,34,34311.605
8459,18,114065.52
8460,27,42385.12
8461,30,13520.394
8462,50,21967.188
8463,26,21057.018
8464,19,31556.955
8465,34,40554.996
8466,51,74225.42
8467,47,55410.77
8468,18,57578.316
8469,42,207577.66
8470,19,99552.63
8471,36,92783.305
8472,33,11722.305
8473,20,27400.973
8474,24,13935.002
8475,32,27025.498
8476,34,94435.44
8477,37,36516.35
8478,46,117916.445
8479,42,87054.22
8480,19,52059.39
8481,50,120164.32
8482,54,148941.83
8483,22,71918.445
8484,25,60099.21
8485,27,82989.83
8486,46,16228.252
8487,21,45511.535
8488,41,49049.53
8489,50,37226.75
8490,33,26587.105
8491,40,111103.164
8492,27,57286.76
8493,26,61609.47
8494,18,156285.9
8495,49,42766.723
8496,43,36634.836
8497,26,148570.19
8498,25,15171.694
8499,38,52090.152
8500,53,27713.207
8501,53,63191.277
8502,45,79011.625
8503,47,82607.09
8504,37,113637.58
8505,28,40853.85
8506,52,42941.812
8507,49,76195.68
8508,53,101699.7
8509,39,17668.44
8510,51,64284.59
8511,29,36445.848
8512,25,53610.508
8513,21,37587.52
8514,52,28045.432
8515,55,22135.98
8516,39,44309.707
8517,44,66602.87
8518,25,30864.812
8519,26,129524.83
8520,52,357374.16
8521,45,69583.195
8522,44,48377.49
8523,32,24100.023
8524,18,67226.63
8525,47,163002.19
8526,34,237651.8
8527,49,152772.16
8528,53,98167.06
8529,45,69420.19
8530,34,21608.54
8531,35,46166.1
8532,40,42069.395
8533,33,46407.438
8534,45,28120.342
8535,41,91680.766
8536,53,40162.4
8537,22,37637.418
8538,46,28196.61
8539,51,60211.477
8540,36,165578.05
8541,22,49593.332
8542,32,62640.715
8543,45,235151.84
8544,49,130944.95
8545,26,80015.38
8546,45,77368.62
8547,18,30863.377
8548,50,28540.594
8549,21,55988.68
8550,40,57136.453
8551,42,25335.615
8552,54,87764.78
8553,53,40052.242
8554,25,123208.69
8555,54,47832.062
8556,30,44562.24
8557,30,23620.285
8558,37,25783.512
8559,28,143485.58
8560,25,62003.695
8561,30,68269.625
8562,27,179925.08
8563,39,17425.805
8564,40,85543.72
8565,25,14037.191
8566,50,35230.12
8567,18,20004.422
8568,31,99374.49
8569,48,11025.844
8570,36,41593.977
8571,42,19786.639
8572,31,25233.596
8573,41,28544.209
8574,51,143639.5
8575,36,38238.37
8576,52,199115.2
8577,47,235401.38
8578,44,271230.78
8579,41,47703.723
8580,28,59163.73
8581,43,67652.72
8582,21,37264.188
8583,34,70212.0
8584,45,23661.896
8585,27,11152.263
8586,22,88529.05
8587,24,37796.04
8588,47,22889.299
8589,37,25326.264
8590,18,168026.3
8591,20,72480.19
8592,38,14793.343
8593,43,19344.998
8594,31,39587.734
8595,53,73196.71
8596,44,26479.37
8597,48,43539.375
8598,20,54798.562
8599,19,55714.348
8600,29,7358.9263
8601,53,59700.242
8602,42,12500.083
8603,28,39761.703
8604,24,33478.082
8605,43,21095.014
8606,35,98155.875
8607,21,20345.145
8608,32,32906.61
8609,33,100988.875
8610,24,32163.191
8611,36,27254.4
8612,38,40346.258
8613,24,77047.73
8614,39,159026.22
8615,33,23644.387
8616,26,25228.074
8617,45,40083.094
8618,52,60107.555
8619,40,26999.697
8620,44,86736.41
8621,36,24003.527
8622,19,10928.12
8623,22,76511.664
8624,43,83939.36
8625,22,115323.766
8626,53,10160.454
8627,30,29356.998
8628,47,40901.9
8629,43,203891.81
8630,27,44020.785
8631,47,17027.158
8632,38,63396.926
8633,49,142535.06
8634,21,120221.3
8635,25,78371.59
8636,41,61690.434
8637,35,8148.3965
8638,39,51037.27
8639,44,57658.36
8640,21,43995.848
8641,27,88032.23
8642,48,43433.227
8643,55,37232.145
8644,46,114803.41
8645,23,35914.89
8646,39,52654.215
8647,49,102518.984
8648,27,22275.514
8649,39,20423.25
8650,43,148172.2
8651,18,31120.084
8652,21,87005.29
8653,45,12082.598
8654,23,6750.2646
8655,34,66913.92
8656,47,45150.73
8657,48,67419.086
8658,48,224032.25
8659,22,18581.186
8660,52,51551.09
8661,29,163040.05
8662,25,20855.775
8663,34,31319.516
8664,26,12160.522
8665,32,299556.3
8666,22,8571.053
8667,51,94716.82
8668,37,17395.004
8669,42,21570.125
8670,49,117118.49
8671,26,27605.49
8672,27,84221.74
8673,44,150814.14
8674,19,58708.27
8675,29,101844.96
8676,24,53333.336
8677,51,55347.3
8678,32,30086.596
8679,41,233950.73
8680,20,90585.91
8681,53,75903.836
8682,20,92597.195
8683,37,29084.074
8684,49,105298.64
8685,53,173595.45
8686,25,16567.863
8687,52,77113.11
8688,19,52575.754
8689,47,33005.527
8690,21,20851.34
8691,45,115996.35
8692,20,59051.78
8693,31,42364.85
8694,32,77163.664
8695,24,45152.17
8696,35,28467.572
8697,40,55433.53
8698,54,48892.22
8699,42,12093.555
8700,51,30215.943
8701,19,18183.361
8702,25,13341.79
8703,34,72688.45
8704,28,29283.068
8705,44,115024.836
8706,38,11578.454
8707,55,39402.13
8708,51,30547.473
8709,27,14149.104
8710,36,50203.895
8711,38,15172.603
8712,26,59751.582
8713,30,88999.44
8714,53,61933.766
8715,32,68520.28
8716,33,114092.664
8717,50,48940.844
8718,29,25821.33
8719,52,30718.398
8720,28,31253.26
8721,44,21700.863
8722,41,93633.86
8723,39,76214.01
8724,49,13197.407
8725,19,25815.2
8726,21,20872.547
8727,47,64450.65
8728,38,118300.81
8729,44,71562.55
8730,30,28533.22
8731,21,38738.75
8732,43,16407.557
8733,39,17445.697
8734,49,98382.484
8735,42,158747.16
8736,42,28225.002
8737,48,51962.28
8738,19,88982.7
8739,33,13209.672
8740,33,21608.219
8741,35,246393.88
8742,23,23239.416
8743,49,37433.11
8744,55,30866.625
8745,34,10137.075
8746,33,53420.844
8747,49,49000.07
8748,36,57783.54
8749,47,46728.887
8750,32,34609.71
8751,51,33056.07
8752,43,33511.28
8753,28,22670.652
8754,52,25661.18
8755,28,22976.963
8756,50,79103.05
8757,27,63873.53
8758,20,51097.22
8759,29,236473.27
8760,32,23842.43
8761,42,122369.414
8762,40,40609.37
8763,34,56698.9
8764,47,85535.54
8765,46,34123.754
8766,53,21470.174
8767,40,24498.266
8768,35,9271.971
8769,47,81244.24
8770,43,79695.625
8771,18,177495.17
8772,26,69683.68
8773,36,84453.65
8774,42,46842.266
8775,42,72524.64
8776,40,119545.54
8777,24,57812.254
8778,49,32951.53
8779,35,41923.312
8780,19,91241.87
8781,50,33751.074
8782,41,101827.08
8783,46,230189.14
8784,31,102841.88
8785,37,90897.43
8786,36,66031.3
8787,30,26857.025
8788,42,24977.05
8789,53,24777.23
8790,42,77929.82
8791,45,36614.805
8792,46,48853.65
8793,39,69891.79
8794,41,25525.705
8795,24,33464.46
8796,47,64736.76
8797,27,39620.234
8798,48,42694.16
8799,37,21887.135
8800,38,43159.12
8801,44,187496.28
8802,49,34985.754
8803,31,19973.658
8804,49,107611.98
8805,31,75997.99
8806,20,59270.86
8807,31,17411.127
8808,53,19506.193
8809,26,14616.747
8810,19,70615.4
8811,21,113059.945
8812,45,72547.18
8813,37,237922.48
8814,55,35110.496
8815,38,38593.637
8816,32,54449.438
8817,52,41613.484
8818,27,74514.35
8819,54,29973.877
8820,49,16382.989
8821,51,11947.841
8822,34,73437.38
8823,47,32828.402
8824,38,19616.877
8825,51,30471.01
8826,35,238423.5
8827,20,20559.195
8828,46,89458.625
8829,18,70028.19
8830,41,146228.33
8831,51,45310.95
8832,42,14349.965
8833,29,110615.39
8834,37,40942.355
8835,20,138600.2
8836,22,96043.2
8837,22,110909.96
8838,29,332556.03
8839,35,62653.617
8840,48,158587.6
8841,36,36166.98
8842,18,77060.6
8843,38,33455.17
8844,26,73362.65
8845,39,67482.44
8846,52,9617.359
8847,30,30650.246
8848,28,60115.973
8849,19,8216.207
8850,45,46309.52
8851,41,112033.65
8852,38,141488.75
8853,55,26737.504
8854,25,148940.66
8855,31,131435.5
8856,41,8968.429
8857,19,54852.98
8858,27,59929.35
8859,47,168520.8
8860,42,62873.89
8861,30,152476.1
8862,32,26773.1
8863,24,13923.577
8864,20,29777.482
8865,23,176551.7
8866,24,104873.88
8867,40,320535.22
8868,49,15758.178
8869,27,115017.08
8870,31,91461.305
8871,28,39796.13
8872,35,93015.4
8873,39,55924.07
8874,52,72259.875
8875,24,86182.14
8876,29,109520.36
8877,39,53595.887
8878,52,207242.97
8879,34,42074.54
8880,18,225659.92
8881,34,20282.285
8882,37,22736.588
8883,42,23826.89
8884,55,107502.234
8885,22,26249.68
8886,39,164699.61
8887,45,32813.633
8888,45,68817.055
8889,50,83437.09
8890,28,22185.248
8891,46,16434.854
8892,31,62698.0
8893,29,40054.047
8894,30,74498.74
8895,44,17038.86
8896,35,37585.46
8897,31,43230.785
8898,19,7113.876
8899,52,110873.38
8900,45,27277.701
8901,46,165894.5
8902,51,28724.73
8903,38,32949.023
8904,32,18513.373
8905,35,125124.99
8906,43,71905.48
8907,43,153259.34
8908,22,42357.43
8909,41,48358.906
8910,44,13019.034
8911,51,30349.727
8912,44,57306.953
8913,35,68154.945
8914,36,215115.05
8915,48,11373.264
8916,32,60074.582
8917,55,37004.266
8918,25,53113.223
8919,33,54282.18
8920,19,42908.73
8921,40,20197.053
8922,36,17409.242
8923,41,40451.09
8924,34,16047.114
8925,41,45681.78
8926,41,40826.34
8927,30,7042.722
8928,51,234842.12
8929,42,53187.805
8930,39,7114.3286
8931,39,60930.227
8932,32,42491.82
8933,34,17423.336
8934,28,64037.277
8935,54,23530.559
8936,42,58349.402
8937,20,28525.98
8938,24,24229.229
8939,51,49382.492
8940,41,13658.316
8941,50,46805.15
8942,23,84590.84
8943,35,138173.7
8944,53,119447.58
8945,20,147626.8
8946,20,34752.508
8947,52,22028.0
8948,46,95996.15
8949,52,33066.09
8950,30,50251.12
8951,24,90877.875
8952,48,251867.02
8953,45,76329.8
8954,36,58915.57
8955,26,20391.83
8956,55,127422.375
8957,34,69334.13
8958,40,37875.688
8959,18,34872.145
8960,31,36108.668
8961,46,51789.902
8962,27,15561.772
8963,44,132481.27
8964,47,114406.94
8965,18,43729.91
8966,42,36172.652
8967,41,49081.434
8968,36,56219.996
8969,49,39328.35
8970,42,111195.625
8971,19,16002.364
8972,37,28289.03
8973,53,92964.4
8974,52,64808.984
8975,42,29031.748
8976,55,68882.195
8977,30,26513.516
8978,50,39014.383
8979,46,115237.836
8980,42,105476.68
8981,20,62967.1
8982,54,21565.693
8983,30,36962.316
8984,31,54011.42
8985,25,160189.92
8986,42,12014.658
8987,51,24886.059
8988,46,123335.19
8989,45,148436.4
8990,32,47287.785
8991,33,171184.78
8992,32,27808.064
8993,53,14948.807
8994,20,94085.81
8995,25,140862.88
8996,32,138996.17
8997,33,25059.86
8998,18,58646.44
8999,42,97893.234
9000,41,63612.195
9001,50,159032.47
9002,22,36161.184
9003,55,47253.67
9004,20,60399.17
9005,20,97326.016
9006,51,42796.453
9007,18,105001.05
9008,19,180498.56
9009,21,33034.95
9010,41,43828.992
9011,54,108443.65
9012,25,233701.75
9013,53,83161.99
9014,43,26656.525
9015,52,58589.812
9016,49,107789.23
9017,38,26100.857
9018,26,21100.967
9019,51,37941.16
9020,35,84752.04
9021,30,16720.77
9022,51,28719.03
9023,49,62237.08
9024,39,119634.11
9025,42,63066.617
9026,27,67475.92
9027,43,111716.05
9028,33,179437.9
9029,27,164092.86
9030,30,9766.262
9031,44,54080.266
9032,32,103755.34
9033,38,194776.44
9034,23,83497.13
9035,28,25145.375
9036,33,27949.875
9037,43,28582.584
9038,34,63945.945
9039,47,34061.42
9040,44,4376.6924
9041,47,19480.068
9042,44,35044.676
9043,53,16811.06
9044,52,18938.549
9045,19,257958.7
9046,43,49656.312
9047,44,36713.01
9048,26,85276.4
9049,35,125070.62
9050,50,300220.0
9051,30,195648.84
9052,38,70800.78
9053,26,14669.591
9054,26,22421.877
9055,27,36253.51
9056,27,74983.914
9057,51,53918.64
9058,31,15388.21
9059,53,13338.067
9060,29,61511.824
9061,24,55039.74
9062,39,42271.855
9063,40,73579.305
9064,19,135567.95
9065,43,64076.53
9066,43,23540.04
9067,43,231411.78
9068,28,43422.434
9069,34,52040.44
9070,20,29639.164
9071,51,21168.033
9072,25,22592.715
9073,41,18949.691
9074,28,4499.9673
9075,27,44124.5
9076,29,120771.71
9077,30,22750.18
9078,39,387460.28
9079,34,151581.78
9080,31,49276.336
9081,36,20556.096
9082,20,13934.179
9083,31,45653.31
9084,22,52800.44
9085,39,42457.914
9086,52,117622.63
9087,51,165618.78
9088,31,72978.3
9089,22,76187.375
9090,47,38844.977
9091,20,49803.664
9092,47,69500.21
9093,48,38808.234
9094,37,84834.37
9095,28,21479.145
9096,28,27834.08
9097,37,21638.898
9098,33,29286.46
9099,33,39733.54
9100,44,113897.16
9101,19,51685.06
9102,24,17895.992
9103,47,16288.424
9104,48,35845.75
9105,48,97469.92
9106,29,153608.1
9107,41,14004.952
9108,37,67350.14
9109,32,36253.105
9110,23,38576.62
9111,38,21340.986
9112,50,41928.777
9113,36,20587.404
9114,46,40420.71
9115,24,125289.78
9116,18,82848.445
9117,54,231140.16
9118,22,76180.75
9119,33,57491.52
9120,20,77815.414
9121,49,26880.053
9122,21,9423.441
9123,26,94534.03
9124,27,11890.737
9125,48,122646.21
9126,52,91165.266
9127,55,25340.555
9128,42,35274.18
9129,21,49540.58
9130,38,23909.74
9131,54,77048.81
9132,37,82678.44
9133,54,15762.817
9134,43,25881.691
9135,27,48549.19
9136,25,124522.61
9137,26,84255.26
9138,25,7746.8657
9139,41,39584.105
9140,47,72978.28
9141,52,26365.469
9142,21,24781.395
9143,45,27507.516
9144,52,39081.19
9145,18,22845.365
9146,35,84772.17
9147,41,25114.914
9148,43,21825.871
9149,46,36345.465
9150,26,163229.34
9151,53,76115.12
9152,54,80087.04
9153,25,62867.164
9154,54,23439.865
9155,55,29963.213
9156,48,26154.63
9157,38,119733.805
9158,39,63325.773
9159,51,13173.121
9160,18,159835.55
9161,25,38338.777
9162,38,84328.97
9163,37,116035.17
9164,38,6438.967
9165,36,71930.555
9166,18,40852.26
9167,27,7203.085
9168,25,20206.44
9169,55,34755.44
9170,47,98351.14
9171,48,43424.883
9172,21,56290.176
9173,41,37604.37
9174,19,119384.15
9175,45,75856.84
9176,22,56957.613
9177,34,20035.719
9178,29,55030.883
9179,37,462904.34
9180,53,94465.7
9181,37,27675.533
9182,32,220079.95
9183,41,26717.215
9184,34,88541.05
9185,38,48185.742
9186,40,57842.645
9187,24,59566.11
9188,33,41016.246
9189,49,36618.414
9190,21,17436.326
9191,28,20328.174
9192,51,65313.188
9193,46,28958.146
9194,30,24143.498
9195,40,480046.1
9196,20,366317.1
9197,31,79573.59
9198,54,89053.06
9199,20,26104.03
9200,32,19372.03
9201,41,38082.48
9202,44,50011.863
9203,34,88454.21
9204,54,11562.347
9205,44,278612.16
9206,33,60973.71
9207,35,14461.148
9208,38,56712.965
9209,44,24289.941
9210,33,22965.451
9211,43,21372.424
9212,21,40724.676
9213,25,268861.28
9214,33,53847.46
9215,33,87106.79
9216,22,105935.92
9217,31,44532.44
9218,44,19751.057
9219,41,13915.866
9220,35,36673.75
9221,51,124857.375
9222,18,105671.66
9223,47,61382.668
9224,43,68246.484
9225,35,44815.92
9226,20,34016.22
9227,37,27701.21
9228,32,15407.63
9229,36,210550.11
9230,44,57335.49
9231,48,35094.723
9232,36,214638.72
9233,23,250037.02
9234,48,449506.22
9235,23,40991.348
9236,37,54391.484
9237,36,84165.72
9238,36,189004.55
9239,31,52543.508
9240,31,22767.615
9241,52,27366.492
9242,41,128248.29
9243,37,82175.0
9244,36,43540.65
9245,42,41308.938
9246,54,43542.2
9247,39,134727.5
9248,32,26598.654
9249,41,18940.342
9250,20,213891.75
9251,24,51012.29
9252,54,46925.44
9253,34,85525.68
9254,39,22666.65
9255,29,91142.1
9256,47,36812.637
9257,20,123046.34
9258,26,14658.725
9259,39,71704.67
9260,52,41555.793
9261,55,28454.559
9262,37,92674.99
9263,48,44405.594
9264,52,72590.44
9265,27,137633.25
9266,53,94181.1
9267,21,21067.385
9268,37,32415.152
9269,22,72201.16
9270,36,94360.69
9271,23,36571.09
9272,51,58574.87
9273,45,58281.965
9274,49,65153.26
9275,53,19469.81
9276,55,16118.978
9277,47,8204.095
9278,39,54405.86
9279,38,16788.11
9280,49,276276.88
9281,22,84378.77
9282,38,19424.389
9283,42,123980.91
9284,28,124215.96
9285,54,132555.62
9286,45,26194.924
9287,50,88665.11
9288,51,134364.58
9289,35,175687.83
9290,22,14776.362
9291,40,42010.336
9292,21,25452.543
9293,39,222143.25
9294,49,74059.5
9295,24,102004.94
9296,22,73193.55
9297,20,67508.36
9298,34,25062.996
9299,28,34981.363
9300,55,52944.027
9301,43,29759.68
9302,45,25674.174
9303,51,42414.113
9304,31,30812.11
9305,38,52032.926
9306,55,35083.35
9307,22,28908.512
9308,28,23805.668
9309,37,50244.434
9310,32,101764.53
9311,21,84160.04
9312,50,14738.968
9313,38,99466.77
9314,30,83685.875
9315,54,101681.13
9316,50,118974.94
9317,34,27935.547
9318,40,39337.598
9319,23,209430.89
9320,53,199707.8
9321,21,47028.42
9322,23,81005.1
9323,46,86877.836
9324,52,204003.81
9325,37,65907.17
9326,20,18957.383
9327,22,34165.566
9328,50,613298.9
9329,27,18267.545
9330,51,52052.16
9331,44,318254.0
9332,25,26370.037
9333,29,5643.494
9334,48,6537.96
9335,32,26486.941
9336,51,12202.919
9337,41,114635.42
9338,23,61963.055
9339,24,9069.827
9340,31,13953.666
9341,26,134846.27
9342,40,58355.305
9343,26,157421.69
9344,27,122392.32
9345,28,19917.654
9346,50,101250.484
9347,20,78437.63
9348,52,10408.744
9349,26,16817.842
9350,36,351482.3
9351,43,23805.361
9352,25,69493.96
9353,33,42927.06
9354,31,57916.492
9355,40,45260.043
9356,22,108220.72
9357,53,105976.32
9358,39,54946.65
9359,51,24250.678
9360,25,31721.412
9361,34,14172.2705
9362,46,38262.855
9363,27,12168.892
9364,50,59566.94
9365,28,63359.293
9366,26,111745.57
9367,52,18839.475
9368,39,19890.988
9369,20,169318.94
9370,34,16727.242
9371,30,258009.39
9372,37,23876.754
9373,24,24010.623
9374,21,98127.82
9375,24,77597.58
9376,47,185908.1
9377,39,11011.935
9378,42,76625.61
9379,38,48194.465
9380,53,21128.875
9381,40,225247.84
9382,23,60358.562
9383,23,47548.19
9384,28,71896.53
9385,44,12545.219
9386,34,18414.496
9387,33,38318.242
9388,50,64401.977
9389,22,138619.19
9390,49,24632.977
9391,25,20519.793
9392,30,74676.4
9393,28,44849.15
9394,41,10751.051
9395,26,23982.457
9396,44,43233.195
9397,34,44197.145
9398,36,53726.676
9399,48,17668.217
9400,32,45024.7
9401,23,106664.21
9402,51,4962.5293
9403,20,39889.414
9404,52,13229.463
9405,52,48727.21
9406,30,15002.174
9407,44,55661.16
9408,43,183705.17
9409,37,22838.684
9410,49,25648.12
9411,22,34334.2
9412,50,64519.58
9413,46,22126.72
9414,26,36886.812
9415,41,29266.129
9416,49,34425.617
9417,54,65127.836
9418,41,77701.46
9419,54,15341.821
9420,37,64924.79
9421,46,619326.3
9422,26,171984.28
9423,31,29920.291
9424,38,55564.574
9425,27,48674.75
9426,29,72210.59
9427,52,35667.906
9428,22,40314.176
9429,43,27864.79
9430,53,120105.9
9431,53,64122.797
9432,23,64513.07
9433,52,132519.03
9434,43,134096.75
9435,38,115309.69
9436,51,130915.79
9437,21,174540.61
9438,31,23074.49
9439,52,39373.01
9440,38,88162.5
9441,20,24620.99
9442,30,37390.605
9443,44,58414.07
9444,47,41592.28
9445,37,52711.73
9446,42,19999.547
9447,52,48512.39
9448,29,55658.914
9449,31,182003.61
9450,18,40330.96
9451,39,29719.756
9452,41,88444.766
9453,29,3944.112
9454,25,38789.293
9455,31,33150.316
9456,19,61606.066
9457,53,135504.39
9458,30,172957.86
9459,19,60921.195
9460,23,14449.734
9461,21,33137.77
9462,32,36175.53
9463,20,67073.92
9464,46,52301.25
9465,47,28829.078
9466,50,18369.73
9467,51,24957.178
9468,34,24233.73
9469,52,182963.12
9470,48,27012.402
9471,44,52464.242
9472,48,108502.82
9473,48,58436.555
9474,44,20972.686
9475,18,109957.18
9476,37,66378.47
9477,24,8702.695
9478,41,135449.67
9479,42,100557.2
9480,42,65550.664
9481,53,184903.45
9482,54,98730.82
9483,38,123269.92
9484,44,114565.22
9485,21,91620.79
9486,47,11933.108
9487,35,13129.337
9488,41,98760.266
9489,23,133933.53
9490,52,28442.494
9491,26,20512.055
9492,53,61691.312
9493,45,15648.564
9494,32,43680.63
9495,36,37635.125
9496,29,41781.668
9497,47,225781.52
9498,26,30109.172
9499,39,52182.645
9500,55,17501.701
9501,28,106093.66
9502,27,43308.746
9503,45,128338.28
9504,54,7002.9907
9505,20,47728.0
9506,24,55574.53
9507,37,103672.99
9508,39,29916.914
9509,24,93829.836
9510,52,32788.395
9511,18,53894.516
9512,25,104541.516
9513,32,23764.846
9514,24,90422.28
9515,45,65362.26
9516,30,38285.977
9517,18,29296.197
9518,31,9312.521
9519,51,46890.273
9520,19,38337.24
9521,27,83373.33
9522,20,76893.5
9523,52,117697.39
9524,27,121195.68
9525,21,624189.06
9526,32,75410.836
9527,33,25119.553
9528,48,96831.984
9529,23,180683.39
9530,33,73108.23
9531,25,9139.358
9532,49,77968.99
9533,20,30208.566
9534,48,17365.445
9535,25,58053.93
9536,29,14751.887
9537,52,113356.836
9538,42,89722.93
9539,48,46650.695
9540,22,32199.807
9541,42,43152.64
9542,30,22271.121
9543,18,47011.28
9544,40,5136.9307
9545,24,53677.344
9546,23,54784.043
9547,20,98311.67
9548,54,63552.875
9549,22,109277.53
9550,40,77451.19
9551,34,114576.47
9552,26,407142.44
9553,53,69967.914
9554,26,57930.402
9555,35,129238.836
9556,53,34378.723
9557,38,45452.727
9558,54,70022.65
9559,44,52982.15
9560,44,52791.688
9561,26,102703.516
9562,29,12873.605
9563,37,254370.1
9564,28,73754.58
9565,28,36299.863
9566,34,183913.47
9567,35,54317.707
9568,49,55475.52
9569,54,42108.953
9570,48,161770.38
9571,26,49627.355
9572,30,31985.742
9573,21,111167.87
9574,48,128816.3
9575,33,180785.22
9576,39,83005.12
9577,55,125090.34
9578,53,40634.62
9579,38,113597.62
9580,32,90562.58
9581,42,76431.22
9582,21,14386.974
9583,30,36652.582
9584,26,48204.434
9585,20,76500.695
9586,34,341249.1
9587,50,99426.445
9588,33,26154.266
9589,44,34049.938
9590,42,152005.08
9591,23,32872.84
9592,24,112954.67
9593,42,54915.777
9594,23,43768.39
9595,49,33273.812
9596,40,4370.526
9597,45,77001.42
9598,32,21548.78
9599,55,16076.023
9600,47,60961.516
9601,35,113938.33
9602,40,12865.851
9603,23,111579.734
9604,49,24275.273
9605,20,84029.49
9606,19,79454.33
9607,48,42381.344
9608,28,51209.31
9609,48,36417.984
9610,30,61735.11
9611,37,61300.492
9612,22,23876.98
9613,51,16873.72
9614,41,112023.24
9615,39,58864.11
9616,21,100272.555
9617,50,29244.748
9618,32,25854.18
9619,33,22254.705
9620,53,43268.156
9621,37,60218.523
9622,51,32361.295
9623,24,174842.0
9624,42,29913.348
9625,37,61011.35
9626,38,24670.016
9627,54,29181.268
9628,23,46663.062
9629,50,25685.18
9630,31,53707.645
9631,43,71109.695
9632,37,119907.734
9633,27,21075.277
9634,33,57185.297
9635,27,47582.473
9636,43,11398.457
9637,20,20266.988
9638,31,73111.15
9639,42,16943.725
9640,44,47147.766
9641,49,9152.884
9642,39,46046.93
9643,41,9671.813
9644,54,30826.053
9645,34,35227.676
9646,40,55171.332
9647,27,40853.074
9648,38,18602.623
9649,42,18882.791
9650,21,13745.839
9651,35,58980.766
9652,19,56934.73
9653,22,85417.375
9654,46,33512.203
9655,55,12485.254
9656,20,38831.18
9657,40,50443.84
9658,32,19692.223
9659,53,21245.63
9660,43,71719.414
9661,24,54191.293
9662,54,123756.82
9663,49,198284.66
9664,41,15025.911
9665,34,35763.54
9666,42,55198.215
9667,40,66878.78
9668,36,112699.836
9669,25,89561.27
9670,22,124308.586
9671,51,52515.65
9672,24,30241.646
9673,33,237932.78
9674,42,56525.008
9675,41,41204.4
9676,39,21205.225
9677,38,56803.49
9678,26,111677.48
9679,45,33503.527
9680,29,44939.6
9681,54,61028.938
9682,43,72949.164
9683,43,40615.707
9684,44,36493.555
9685,51,33228.68
9686,47,20629.99
9687,50,27001.18
9688,42,26426.56
9689,54,14560.048
9690,23,110650.74
9691,46,66664.805
9692,36,56025.375
9693,21,141976.48
9694,48,88792.39
9695,53,26584.557
9696,19,127834.42
9697,43,108834.914
9698,18,20443.924
9699,40,102950.45
9700,24,34405.74
9701,19,111023.47
9702,43,38155.336
9703,39,32634.07
9704,20,35438.676
9705,28,22972.283
9706,29,15298.243
9707,33,6772.1934
9708,50,21504.982
9709,27,410149.47
9710,30,73305.21
9711,29,222160.72
9712,34,38762.86
9713,23,34376.246
9714,41,197404.62
9715,21,67534.12
9716,51,23284.842
9717,47,82959.87
9718,20,136010.31
9719,51,15954.247
9720,47,72511.83
9721,46,16821.254
9722,45,130246.3
9723,42,60134.383
9724,45,82744.04
9725,28,42016.73
9726,26,12022.033
9727,54,35123.742
9728,28,105203.3
9729,36,246392.56
9730,35,62668.258
9731,43,28873.982
9732,28,76752.445
9733,39,97899.24
9734,18,55602.38
9735,30,52931.273
9736,34,59317.812
9737,36,51772.715
9738,55,63449.72
9739,29,215739.92
9740,51,9829.426
9741,24,41316.355
9742,46,23715.758
9743,23,128594.68
9744,38,44670.676
9745,23,78240.45
9746,54,156627.19
9747,23,21056.627
9748,37,32786.24
9749,51,144212.64
9750,33,20392.613
9751,42,33683.184
9752,18,13897.912
9753,32,148816.45
9754,39,31406.842
9755,27,66217.94
9756,38,85867.66
9757,22,26296.438
9758,39,10900.655
9759,54,41948.88
9760,19,41403.31
9761,24,47637.496
9762,43,47848.348
9763,39,33548.92
9764,26,32524.484
9765,41,63445.79
9766,43,25866.2
9767,35,46328.82
9768,19,31869.709
9769,30,63339.375
9770,23,121374.89
9771,27,125402.08
9772,45,140254.1
9773,42,38273.156
9774,51,40935.0
9775,18,18117.19
9776,43,38015.113
9777,33,39116.83
9778,46,30517.64
9779,31,30404.436
9780,32,12856.692
9781,35,17089.99
9782,39,51813.87
9783,51,53393.105
9784,29,73586.95
9785,29,40646.285
9786,53,50468.348
9787,28,135969.5
9788,41,47928.117
9789,51,30155.512
9790,33,19283.787
9791,49,94633.06
9792,27,12798.7705
9793,49,25566.633
9794,21,69887.48
9795,55,10878.414
9796,39,30585.902
9797,46,55443.086
9798,32,36794.664
9799,36,22779.748
9800,51,31101.857
9801,45,96121.26
9802,27,216399.22
9803,34,55902.77
9804,52,10189.88
9805,20,78767.84
9806,52,36412.65
9807,24,20815.227
9808,31,26358.863
9809,31,27270.107
9810,20,16173.028
9811,29,47539.836
9812,25,215840.66
9813,27,20752.57
9814,27,210587.38
9815,30,59057.785
9816,37,46418.83
9817,30,38646.457
9818,49,26235.348
9819,40,63149.51
9820,24,75914.39
9821,20,7184.376
9822,38,382394.84
9823,27,11742.726
9824,22,32922.62
9825,49,6458.4717
9826,37,40354.207
9827,43,34565.355
9828,54,33203.934
9829,29,63783.207
9830,26,41139.703
9831,38,76919.39
9832,21,18581.35
9833,54,53193.15
9834,20,30164.877
9835,19,37179.273
9836,31,62072.43
9837,19,33400.754
9838,39,45965.47
9839,22,19858.393
9840,32,120112.98
9841,40,89548.305
9842,42,54163.64
9843,22,41177.625
9844,43,45994.68
9845,36,118065.75
9846,50,84614.66
9847,38,119665.27
9848,50,38035.13
9849,32,73607.17
9850,47,129406.96
9851,39,23833.838
9852,24,22664.248
9853,51,62314.03
9854,49,18616.895
9855,45,11697.358
9856,48,127962.8
9857,48,147104.3
9858,31,19453.117
9859,21,15901.82
9860,19,29650.27
9861,44,136219.8
9862,51,35996.88
9863,47,53934.97
9864,40,64842.445
9865,22,57460.7
9866,44,165220.33
9867,33,28109.572
9868,26,46074.406
9869,45,60217.535
9870,33,48078.086
9871,18,18854.32
9872,43,15394.258
9873,46,15138.5
9874,52,89391.61
9875,23,25937.781
9876,37,72780.125
9877,41,53592.945
9878,32,22922.92
9879,24,23385.209
9880,19,55658.43
9881,26,53205.98
9882,31,74117.29
9883,42,34675.01
9884,34,25397.654
9885,40,54593.75
9886,44,155704.23
9887,42,11141.532
9888,22,26384.61
9889,20,80188.1
9890,33,59454.51
9891,41,81128.836
9892,25,35456.23
9893,20,13769.971
9894,54,190417.14
9895,31,118996.22
9896,26,49042.168
9897,50,25500.41
9898,46,33769.867
9899,27,60056.742
9900,24,40883.117
9901,24,49423.383
9902,54,181296.31
9903,53,104685.766
9904,52,19597.465
9905,26,53173.4
9906,50,32974.42
9907,30,63457.953
9908,23,47529.848
9909,37,537098.8
9910,18,70487.28
9911,45,44910.688
9912,49,218421.75
9913,52,58936.617
9914,40,14835.806
9915,52,45261.89
9916,42,81694.414
9917,44,73673.75
9918,36,111738.664
9919,27,56542.703
9920,55,53437.45
9921,53,16281.716
9922,51,169823.69
9923,39,39155.47
9924,41,22837.299
9925,36,409259.47
9926,32,191730.66
9927,24,34946.695
9928,22,11106.005
9929,44,28141.514
9930,28,176855.23
9931,37,57592.574
9932,27,16987.436
9933,29,93616.65
9934,43,42272.492
9935,31,29756.912
9936,27,31618.76
9937,23,142186.14
9938,25,77426.734
9939,18,15228.625
9940,36,67072.49
9941,42,54495.332
9942,41,35719.504
9943,49,37258.426
9944,19,25027.646
9945,27,29429.627
9946,27,63042.04
9947,32,40043.527
9948,45,77367.62
9949,45,26683.338
9950,19,88060.02
9951,28,143105.0
9952,39,49729.39
9953,19,75832.3
9954,53,78236.58
9955,47,33459.797
9956,37,78469.89
9957,54,8143.951
9958,51,5922.566
9959,22,38414.707
9960,24,82996.266
9961,38,46711.03
9962,52,90805.69
9963,25,19118.08
9964,46,101321.086
9965,33,184025.27
9966,44,28642.584
9967,22,92649.36
9968,30,50921.113
9969,26,71200.19
9970,37,183730.9
9971,24,64966.1
9972,54,92164.66
9973,36,18203.016
9974,48,89921.375
9975,55,181277.45
9976,32,23884.328
9977,49,38613.598
9978,52,86567.484
9979,41,71539.54
9980,21,16848.148
9981,26,57051.37
9982,49,38316.383
9983,55,23036.938
9984,38,148028.22
9985,26,50218.895
9986,35,109778.195
9987,23,19556.205
9988,45,80092.28
9989,40,116906.516
9990,37,41194.473
9991,23,33591.695
9992,31,17612.443
9993,31,24967.646
9994,32,34810.406
9995,29,22903.6
9996,37,27049.424
9997,29,56741.2
9998,19,62442.965
9999,19,119665.34
10000,24,27183.342
