policy_id,ra_per_policy
1,6.9833145
2,7.395889
3,9.379882
4,5.9090285
5,11.161794
6,6.7110763
7,5.921228
8,5.5178895
9,11.420589
10,7.1440506
11,7.2692957
12,6.304582
13,9.47411
14,8.088129
15,5.846443
16,7.8468523
17,8.292762
18,6.3377366
19,6.214161
20,18.301662
21,10.62835
22,6.7692857
23,6.5678797
24,6.0702143
25,5.726045
26,6.28518
27,10.623325
28,5.8808517
29,6.0272384
30,5.7045455
31,9.3392725
32,5.703862
33,6.136558
34,7.7737923
35,5.6268816
36,12.429281
37,6.966762
38,6.456675
39,9.025397
40,7.7429156
41,5.7305617
42,6.3526964
43,5.4345245
44,5.764966
45,7.5652137
46,7.0359178
47,6.0586853
48,6.3423257
49,6.1600795
50,5.4270525
51,6.498305
52,5.844766
53,6.4769273
54,7.050529
55,27.496674
56,12.345305
57,6.5220056
58,5.705354
59,5.5835543
60,5.927643
61,5.873689
62,5.0863357
63,8.475525
64,7.6071944
65,6.0473742
66,5.7371674
67,8.008306
68,22.347794
69,5.8045564
70,20.983418
71,14.449203
72,63.84458
73,5.70307
74,5.4977098
75,5.5462403
76,5.6900115
77,8.1019535
78,5.844153
79,10.329638
80,6.6373954
81,5.6516833
82,5.827031
83,5.635338
84,11.674149
85,12.259244
86,5.509273
87,5.683983
88,15.457787
89,6.977758
90,6.773778
91,5.6094513
92,6.730017
93,6.4260516
94,5.5980287
95,7.487541
96,6.2407084
97,8.634367
98,5.997954
99,8.070857
100,6.192914
101,7.493381
102,6.831142
103,6.4016213
104,5.8461747
105,6.840412
106,5.9220443
107,5.662637
108,5.6560946
109,5.8294253
110,12.092184
111,5.840692
112,6.0793695
113,5.856801
114,7.5000734
115,6.198383
116,6.681726
117,7.6103816
118,9.9713955
119,11.262182
120,21.892353
121,7.5162086
122,5.674956
123,6.148088
124,18.592812
125,5.715318
126,8.661433
127,7.708223
128,6.3004394
129,6.739583
130,5.656322
131,7.0187464
132,15.264531
133,6.512165
134,6.41689
135,5.6271834
136,7.849781
137,7.0055237
138,5.8467393
139,5.605327
140,5.2534194
141,6.978409
142,7.9052644
143,5.7624865
144,8.481494
145,5.9775286
146,6.6260867
147,10.808961
148,5.7319856
149,13.7191925
150,6.269708
151,9.862862
152,6.052655
153,5.8169374
154,5.8723803
155,6.613263
156,8.139857
157,5.442755
158,5.6661377
159,12.51091
160,5.8055634
161,15.108645
162,5.6222644
163,6.007596
164,5.8787704
165,7.716236
166,8.277855
167,26.486975
168,10.462176
169,6.463694
170,6.5673556
171,5.7464004
172,6.051822
173,5.784836
174,17.612522
175,25.0427
176,13.428812
177,9.592958
178,5.95181
179,12.25633
180,7.619406
181,6.7104335
182,6.7530975
183,5.7936845
184,5.7267227
185,5.8022766
186,10.519131
187,12.417514
188,7.503804
189,5.9828644
190,6.255771
191,7.5567584
192,13.517026
193,11.927303
194,8.0144
195,6.003795
196,7.3547516
197,5.5020905
198,6.760273
199,19.678411
200,5.6338015
201,12.956281
202,11.370041
203,6.08608
204,8.557995
205,13.531537
206,6.7986617
207,5.694696
208,7.2556634
209,7.9245276
210,6.387203
211,8.548053
212,7.6935763
213,5.935991
214,7.2288866
215,6.2085543
216,7.2262583
217,6.7938066
218,5.2111206
219,5.888475
220,5.660187
221,6.1119013
222,7.107953
223,9.306511
224,5.9362106
225,6.2551913
226,5.8038025
227,10.0489645
228,5.834842
229,6.1076555
230,6.1327972
231,5.5188417
232,6.2206206
233,11.691759
234,5.961351
235,5.6631103
236,19.06861
237,9.127069
238,5.6389146
239,5.725746
240,7.414899
241,6.5067306
242,6.086745
243,5.416182
244,12.6746855
245,10.108719
246,15.947238
247,5.132282
248,7.4604034
249,5.878667
250,5.810019
251,7.234202
252,9.453588
253,5.703888
254,7.906289
255,29.451786
256,6.2033014
257,5.9963393
258,6.3206763
259,7.314319
260,7.001888
261,7.0162477
262,10.320458
263,5.9115853
264,8.194334
265,5.5259156
266,22.66577
267,5.6960053
268,6.6071434
269,6.166426
270,6.087784
271,12.502444
272,5.7542224
273,6.558946
274,8.515973
275,9.90953
276,8.315742
277,6.4024186
278,6.1183662
279,6.1947656
280,5.4262195
281,5.5511355
282,7.4760003
283,6.1324854
284,6.1599884
285,14.020663
286,5.8616776
287,7.53213
288,6.446607
289,6.7019095
290,7.224691
291,21.075735
292,6.7579837
293,5.556604
294,6.088548
295,6.388602
296,5.6569033
297,5.730325
298,5.912094
299,5.6924577
300,5.983084
301,19.475342
302,5.745108
303,6.2562776
304,17.182178
305,9.804002
306,6.9439273
307,17.238157
308,5.442894
309,8.58853
310,6.2180758
311,13.373209
312,7.1615267
313,6.598758
314,6.921683
315,7.0687385
316,6.7487636
317,10.678065
318,20.261246
319,8.564119
320,7.1217766
321,7.2480555
322,12.4419985
323,6.222069
324,10.651814
325,5.9321303
326,6.0377564
327,5.8715415
328,6.168378
329,5.983333
330,6.480102
331,5.6296325
332,17.764727
333,6.1358004
334,5.8170714
335,6.459085
336,5.8938065
337,6.086531
338,5.671196
339,7.2532434
340,8.074339
341,18.197989
342,7.421544
343,9.218524
344,6.461418
345,10.457697
346,6.0002975
347,7.3495746
348,27.877716
349,7.546698
350,6.097557
351,6.1604724
352,6.4736114
353,6.0034137
354,9.5026045
355,6.003952
356,14.578679
357,20.417074
358,6.2226715
359,5.697545
360,6.29203
361,28.248167
362,6.0541778
363,5.7524004
364,5.8605
365,6.069239
366,8.140831
367,5.996292
368,10.554379
369,10.875183
370,6.388373
371,6.032374
372,7.436765
373,14.116549
374,11.087873
375,5.8569093
376,5.8256607
377,5.5056686
378,7.3983307
379,6.172113
380,5.459488
381,6.815704
382,6.041118
383,6.8634157
384,5.405113
385,9.971381
386,6.1266418
387,5.9755692
388,31.7482
389,11.97659
390,6.0547776
391,6.1636505
392,11.536132
393,8.40269
394,6.608813
395,5.667067
396,6.638717
397,8.344647
398,15.221395
399,5.654271
400,32.22716
401,6.6683702
402,16.172956
403,9.292711
404,5.969968
405,7.800201
406,6.693191
407,10.388114
408,6.0621033
409,13.484454
410,6.9435844
411,5.7799697
412,6.7557077
413,9.952892
414,5.9349933
415,5.495624
416,6.9424567
417,6.166681
418,6.0572467
419,5.615207
420,5.5553145
421,6.0983605
422,7.257352
423,6.2652955
424,6.2484546
425,8.0647955
426,5.991941
427,13.799411
428,9.9922285
429,8.548717
430,7.980353
431,8.483457
432,10.863475
433,5.888538
434,5.5465865
435,5.581717
436,7.126546
437,5.5496736
438,8.704271
439,11.627613
440,5.914107
441,9.80118
442,5.7850432
443,5.9996157
444,5.7752137
445,5.8679767
446,8.298843
447,6.68369
448,6.2064166
449,5.6193805
450,10.606674
451,5.61151
452,6.1401305
453,6.5900187
454,6.398224
455,6.2939234
456,6.292643
457,24.523203
458,10.20899
459,28.28334
460,5.6442614
461,7.0022864
462,7.8556724
463,6.237741
464,6.0336375
465,5.9644165
466,5.949556
467,15.406931
468,5.737924
469,11.902632
470,6.7080574
471,5.301024
472,6.344884
473,7.292988
474,6.896917
475,5.8359513
476,14.302678
477,5.6382294
478,7.952485
479,26.849705
480,16.639757
481,5.7806673
482,6.8261447
483,6.447043
484,6.6663623
485,11.937763
486,6.6356163
487,6.7210207
488,5.935103
489,6.4438195
490,15.338
491,6.126992
492,6.073976
493,6.0679383
494,9.187836
495,6.2169313
496,6.006345
497,8.202254
498,5.741014
499,14.760881
500,10.324306
501,6.132503
502,5.920398
503,6.4992647
504,9.291082
505,7.6672435
506,10.282463
507,26.571768
508,6.0777373
509,5.898086
510,14.67735
511,30.742416
512,7.17026
513,6.5652347
514,6.44723
515,5.812057
516,8.075495
517,5.5865693
518,6.543636
519,6.380456
520,5.5290194
521,6.312607
522,9.078475
523,5.7766404
524,6.632464
525,9.4556675
526,7.3354278
527,6.8030257
528,12.753036
529,5.710762
530,5.46868
531,5.639418
532,6.0508027
533,5.9043612
534,9.094301
535,5.7331147
536,7.708797
537,14.7252655
538,5.61821
539,7.7395005
540,12.529538
541,6.677797
542,6.802147
543,6.015411
544,8.153292
545,6.752666
546,6.476117
547,9.215495
548,5.6681504
549,6.3139243
550,8.085742
551,13.991378
552,21.627287
553,6.1990714
554,14.214061
555,6.5004497
556,6.623025
557,6.1057525
558,16.926678
559,5.5365787
560,6.2812266
561,6.034562
562,8.797399
563,8.356124
564,33.322376
565,6.174974
566,6.5507216
567,5.9050126
568,6.954305
569,8.919047
570,7.49803
571,6.7951236
572,6.0892944
573,6.153255
574,6.1298814
575,10.904632
576,6.3571367
577,8.592037
578,5.52585
579,13.400218
580,6.0959253
581,5.8111053
582,10.213836
583,5.7352204
584,20.099028
585,7.3617706
586,8.348834
587,5.634514
588,26.347336
589,6.9733095
590,5.80101
591,18.69552
592,6.6908555
593,33.867634
594,6.610528
595,9.242447
596,8.132113
597,8.18485
598,12.193446
599,10.091447
600,6.2023697
601,6.8016877
602,5.936855
603,8.178313
604,5.9006686
605,6.647579
606,6.2973275
607,6.437713
608,6.22165
609,12.979636
610,15.82487
611,9.244763
612,12.566865
613,5.5770082
614,6.114527
615,6.637192
616,5.827553
617,6.305524
618,5.405277
619,8.486491
620,6.388231
621,8.828436
622,7.2556443
623,6.342463
624,8.474
625,6.596473
626,9.530005
627,5.2988496
628,122.518
629,6.029096
630,8.504192
631,6.0628037
632,5.4649386
633,26.648207
634,13.721875
635,13.23902
636,8.918064
637,6.2125306
638,6.1996827
639,6.0419083
640,7.3413553
641,6.172532
642,6.652672
643,9.303415
644,5.558586
645,5.885527
646,7.771663
647,35.15638
648,9.151396
649,7.007445
650,6.322648
651,12.7994375
652,5.90163
653,5.577852
654,5.7628818
655,5.3110948
656,6.3776
657,7.401465
658,5.635669
659,6.661621
660,6.430794
661,6.0457306
662,8.0613575
663,12.501627
664,5.7135043
665,6.7017326
666,9.4678755
667,6.0490403
668,6.2130175
669,6.1195755
670,6.134903
671,5.246385
672,5.7278643
673,6.5238047
674,6.9125743
675,6.130913
676,5.549251
677,5.8436446
678,5.333327
679,8.149827
680,6.6907196
681,7.3358
682,5.340402
683,5.5772448
684,5.683145
685,6.0498185
686,14.550386
687,5.581125
688,13.145846
689,6.2110686
690,6.6843333
691,6.494863
692,10.488694
693,5.9763765
694,6.1241126
695,7.507965
696,5.671486
697,6.090875
698,5.761102
699,6.289209
700,6.9696717
701,5.3844466
702,6.7257204
703,5.4352694
704,5.6572313
705,10.936389
706,6.4458213
707,20.747755
708,6.6283197
709,8.655947
710,5.7636275
711,5.675148
712,8.288173
713,7.4702353
714,6.8812485
715,5.7900577
716,8.279983
717,5.3058214
718,5.8297133
719,6.9164157
720,10.846844
721,7.2523994
722,6.3268466
723,8.8053465
724,7.724294
725,27.665876
726,6.146596
727,9.335315
728,5.5381165
729,5.7566514
730,6.2612925
731,6.181024
732,7.030369
733,6.1683364
734,8.53158
735,7.441682
736,5.944284
737,5.6852937
738,17.489796
739,5.637483
740,6.595081
741,7.0317965
742,6.3533287
743,5.8377748
744,5.750592
745,5.8122725
746,5.842389
747,5.6913805
748,5.703174
749,14.893974
750,6.4033484
751,5.7649765
752,7.9080515
753,6.361741
754,7.649921
755,6.69148
756,12.234895
757,8.575793
758,6.144035
759,5.44796
760,7.469362
761,6.019878
762,16.93889
763,11.876683
764,8.335353
765,10.047655
766,5.913234
767,5.681293
768,6.424764
769,5.9568057
770,6.385946
771,6.1638656
772,5.9282746
773,6.196097
774,5.9527984
775,7.2708955
776,8.311809
777,5.754079
778,6.2762117
779,6.0374255
780,13.144582
781,5.7857833
782,13.74274
783,6.132683
784,22.688133
785,5.3070083
786,6.273334
787,12.353584
788,15.456901
789,6.1348886
790,5.8634615
791,27.395218
792,8.563175
793,6.182396
794,6.0236564
795,5.7650347
796,16.381947
797,8.345218
798,7.2599483
799,5.4160204
800,5.830562
801,5.307117
802,5.839008
803,5.724771
804,6.353255
805,13.555957
806,5.576375
807,6.3751144
808,10.011324
809,6.3679576
810,10.335219
811,5.9887347
812,14.473357
813,5.5323763
814,11.731017
815,5.682912
816,5.8542037
817,5.824878
818,8.453602
819,6.0448127
820,5.778192
821,9.272942
822,5.984737
823,6.5168633
824,7.9187317
825,20.149504
826,5.579651
827,6.099458
828,6.4238677
829,5.5528245
830,11.804266
831,6.982029
832,9.8580065
833,5.432524
834,9.516689
835,8.583632
836,5.784908
837,5.6242523
838,7.0736575
839,33.620483
840,6.105449
841,12.721756
842,11.427313
843,8.306465
844,5.807611
845,8.303171
846,23.71027
847,5.82659
848,5.4941955
849,5.90616
850,7.3869586
851,5.5488114
852,6.778421
853,8.605864
854,5.235303
855,6.4927444
856,6.600513
857,5.627907
858,10.942333
859,22.330616
860,10.554775
861,7.216572
862,5.4949355
863,5.917784
864,7.831273
865,6.021419
866,6.570482
867,5.453157
868,5.588985
869,23.134531
870,6.1570663
871,5.8588424
872,6.004289
873,7.435309
874,8.66427
875,5.8461566
876,7.6332955
877,6.5230036
878,5.508528
879,5.9347444
880,8.929669
881,13.326404
882,5.3277726
883,6.187126
884,5.6941056
885,7.4951677
886,11.90504
887,13.365221
888,6.1383576
889,6.1053452
890,7.750871
891,12.331057
892,10.339808
893,6.245044
894,6.1403346
895,7.8366904
896,6.223411
897,15.226256
898,6.425238
899,7.197145
900,13.589133
901,5.532895
902,5.9921618
903,5.9397354
904,7.6582565
905,32.934387
906,5.6208634
907,6.385675
908,5.8677597
909,19.28604
910,7.8925285
911,6.7006965
912,5.5602098
913,6.1662574
914,27.106083
915,10.428011
916,6.6494536
917,15.5563755
918,5.903343
919,7.0915294
920,8.034389
921,16.202166
922,5.852327
923,5.705667
924,6.5762534
925,5.7905536
926,6.2731843
927,5.770566
928,7.062617
929,7.4831896
930,12.157104
931,7.189182
932,5.947681
933,7.996947
934,5.7989182
935,11.503081
936,5.9351044
937,11.386191
938,5.5678377
939,5.9928865
940,6.0670443
941,5.430875
942,5.9845138
943,8.968956
944,6.7191653
945,10.860588
946,8.585836
947,6.632862
948,6.3103228
949,8.47348
950,5.765738
951,6.816083
952,10.831683
953,5.5553775
954,7.4094462
955,6.0526958
956,6.290259
957,5.597708
958,8.735412
959,7.221667
960,33.527924
961,9.106541
962,8.358848
963,5.574936
964,7.374874
965,5.7590365
966,5.5908065
967,6.1572986
968,5.8740435
969,5.978176
970,5.4522295
971,10.664587
972,10.131805
973,5.6890182
974,13.265525
975,24.216034
976,7.1203547
977,9.008483
978,12.271215
979,6.42917
980,11.846177
981,6.455266
982,5.4655137
983,7.9639816
984,5.468942
985,10.665822
986,7.087784
987,5.588193
988,6.398595
989,8.962633
990,6.547896
991,5.317511
992,5.527373
993,13.600397
994,6.2124963
995,5.6881533
996,6.5661964
997,6.3912935
998,5.7246842
999,5.286545
1000,6.376139
1001,5.5283403
1002,5.7628145
1003,7.165352
1004,7.049802
1005,5.3691573
1006,5.3498416
1007,5.5232744
1008,5.578969
1009,6.9768343
1010,16.664331
1011,6.3205996
1012,5.762906
1013,6.1757083
1014,6.060472
1015,8.874466
1016,6.7636523
1017,7.3247943
1018,71.2927
1019,5.621834
1020,6.1132402
1021,9.821319
1022,5.6997194
1023,8.812885
1024,5.884607
1025,6.432953
1026,5.745917
1027,9.528651
1028,40.052387
1029,6.471044
1030,6.0511107
1031,6.1877174
1032,5.86543
1033,6.5892944
1034,5.4532547
1035,9.831412
1036,5.999428
1037,6.2034087
1038,6.6655
1039,5.839711
1040,6.5818057
1041,6.439209
1042,6.11815
1043,8.656486
1044,5.997377
1045,5.919954
1046,26.413736
1047,9.678197
1048,5.7907977
1049,5.625145
1050,6.510461
1051,7.172007
1052,13.662147
1053,6.1785483
1054,6.8823647
1055,5.5735354
1056,5.6208725
1057,6.6886644
1058,6.97659
1059,5.609723
1060,32.97084
1061,9.833524
1062,6.2954187
1063,6.45095
1064,6.4258533
1065,6.4119782
1066,6.25242
1067,10.259205
1068,8.0070095
1069,8.5562525
1070,5.703836
1071,6.102127
1072,6.045818
1073,20.148676
1074,5.8422213
1075,5.787517
1076,6.380914
1077,31.836378
1078,6.0128922
1079,6.41849
1080,5.776587
1081,8.291737
1082,6.132614
1083,9.038056
1084,24.409239
1085,6.3669853
1086,5.9425707
1087,10.51901
1088,5.5178375
1089,12.282058
1090,6.7102113
1091,5.838965
1092,7.2041764
1093,11.041885
1094,9.0586195
1095,6.129258
1096,6.410375
1097,9.927406
1098,6.08586
1099,7.1636605
1100,8.667461
1101,7.3062396
1102,5.5940933
1103,7.369985
1104,7.7247157
1105,8.217483
1106,6.5626106
1107,6.436509
1108,22.435928
1109,9.46524
1110,9.946805
1111,6.681923
1112,6.524349
1113,6.3662233
1114,5.8559737
1115,6.986909
1116,6.3959923
1117,11.390127
1118,9.5572815
1119,5.972763
1120,6.0094085
1121,7.6662264
1122,6.453889
1123,10.756525
1124,6.7004824
1125,5.697736
1126,7.226776
1127,7.899106
1128,8.011624
1129,5.656003
1130,13.989186
1131,7.8776903
1132,14.127841
1133,16.220413
1134,8.499869
1135,21.83713
1136,6.59105
1137,6.5603824
1138,5.9228516
1139,5.7606826
1140,6.423725
1141,6.072984
1142,6.398627
1143,6.0501337
1144,5.9927874
1145,11.050071
1146,5.8786454
1147,11.879778
1148,7.7204223
1149,7.337364
1150,6.492555
1151,7.1174293
1152,6.9558167
1153,6.235126
1154,9.517409
1155,19.528261
1156,6.023906
1157,10.854892
1158,5.651653
1159,8.55583
1160,8.026474
1161,5.8654757
1162,7.6840186
1163,22.415733
1164,6.716438
1165,6.768698
1166,6.366176
1167,6.0699344
1168,5.7207794
1169,6.5507126
1170,7.2199836
1171,12.377553
1172,9.14715
1173,5.6346254
1174,6.5256653
1175,6.891231
1176,6.547343
1177,6.574178
1178,6.173805
1179,6.0142045
1180,6.3985963
1181,9.764654
1182,7.2295012
1183,6.4948463
1184,6.846901
1185,6.0027237
1186,6.3199153
1187,5.6999245
1188,7.0511613
1189,5.5796814
1190,5.9661303
1191,5.683948
1192,6.02056
1193,5.2792315
1194,6.4817405
1195,18.5641
1196,6.261523
1197,5.4526477
1198,5.5339675
1199,5.690918
1200,5.7815905
1201,6.6353617
1202,7.9013467
1203,5.9800754
1204,14.579454
1205,7.309837
1206,8.757522
1207,5.9057207
1208,5.583403
1209,6.72149
1210,6.350489
1211,6.548566
1212,5.4224977
1213,5.767798
1214,6.042961
1215,6.787475
1216,5.731195
1217,8.463191
1218,5.8578615
1219,8.074573
1220,5.9054885
1221,6.153979
1222,5.6448336
1223,5.2784743
1224,6.045536
1225,6.7225413
1226,6.178209
1227,6.1106415
1228,13.692517
1229,5.2371173
1230,6.860625
1231,11.021652
1232,6.114647
1233,5.772699
1234,5.591272
1235,5.9087634
1236,5.8976364
1237,6.120675
1238,8.170371
1239,6.484951
1240,17.926298
1241,5.8385744
1242,9.34656
1243,5.549179
1244,5.271077
1245,12.180821
1246,6.713041
1247,9.581332
1248,5.8414025
1249,5.8803253
1250,6.2355485
1251,6.431005
1252,5.596625
1253,10.32522
1254,6.6835704
1255,6.7083144
1256,17.979145
1257,8.076079
1258,5.8587313
1259,5.423639
1260,5.9796343
1261,6.01469
1262,10.87456
1263,7.2240996
1264,5.990135
1265,6.2636538
1266,5.539882
1267,6.376139
1268,5.678969
1269,6.689808
1270,5.642662
1271,10.181032
1272,6.4659038
1273,7.267479
1274,6.660057
1275,5.683124
1276,6.531308
1277,5.6083665
1278,5.5541153
1279,5.9950533
1280,7.041272
1281,9.513435
1282,7.6188416
1283,8.349797
1284,6.378021
1285,6.4641533
1286,6.1348815
1287,5.3571763
1288,6.066696
1289,5.637363
1290,14.688682
1291,5.5817447
1292,6.529425
1293,5.528966
1294,7.001279
1295,5.155739
1296,5.6079636
1297,6.4282737
1298,6.024593
1299,8.915264
1300,6.0895014
1301,6.6394897
1302,15.72808
1303,6.2323623
1304,7.113871
1305,6.8135796
1306,5.3393097
1307,17.006403
1308,6.3643756
1309,6.2906375
1310,6.3363175
1311,5.671582
1312,16.569155
1313,8.682002
1314,6.4765487
1315,6.0176973
1316,5.7870774
1317,5.8354936
1318,5.625005
1319,15.518427
1320,7.6617303
1321,8.56231
1322,5.7991347
1323,8.398852
1324,13.205737
1325,5.836928
1326,12.028529
1327,6.069406
1328,6.696176
1329,6.9929175
1330,5.759332
1331,6.852054
1332,13.921671
1333,6.326768
1334,7.6320634
1335,6.9728913
1336,5.49715
1337,6.387868
1338,11.542323
1339,6.6382103
1340,12.530663
1341,5.556586
1342,6.4675484
1343,5.744817
1344,7.599991
1345,7.0871406
1346,5.8726244
1347,5.749431
1348,5.338005
1349,7.9505
1350,5.7013106
1351,5.931062
1352,11.497099
1353,9.581985
1354,12.230206
1355,5.6606293
1356,5.870897
1357,6.6131387
1358,5.7459474
1359,6.5682306
1360,5.789211
1361,6.7272325
1362,9.306955
1363,7.278629
1364,6.920643
1365,7.2133403
1366,5.4644485
1367,5.521538
1368,6.319528
1369,13.104323
1370,5.753586
1371,15.131165
1372,6.228851
1373,6.7981544
1374,5.9894304
1375,7.101575
1376,6.2409396
1377,5.6919923
1378,5.8340487
1379,7.5155244
1380,7.3146605
1381,5.4517336
1382,7.120745
1383,8.1006155
1384,6.331712
1385,6.466968
1386,5.5893416
1387,8.898364
1388,5.698819
1389,6.868089
1390,5.787947
1391,6.1577277
1392,6.065088
1393,5.8896213
1394,6.520477
1395,5.844101
1396,10.843918
1397,5.8033633
1398,6.036897
1399,10.529336
1400,6.5852456
1401,6.1389847
1402,7.2627444
1403,9.296982
1404,12.136144
1405,14.046854
1406,6.8988495
1407,6.7831917
1408,6.5253158
1409,7.2455115
1410,7.747762
1411,6.0121703
1412,7.3036537
1413,6.4364123
1414,5.762114
1415,8.452543
1416,7.790591
1417,5.8045993
1418,6.8874803
1419,6.9562774
1420,6.708645
1421,18.011723
1422,5.9344635
1423,6.0518785
1424,6.400445
1425,16.58934
1426,6.3544497
1427,5.601636
1428,5.6699753
1429,10.718427
1430,7.060838
1431,6.0135903
1432,7.7060394
1433,5.9880104
1434,6.3033457
1435,10.0278225
1436,9.082158
1437,6.053749
1438,6.2255616
1439,8.579078
1440,5.954114
1441,5.559976
1442,12.237853
1443,7.6363297
1444,6.446766
1445,5.8246613
1446,5.573593
1447,9.291488
1448,5.736383
1449,11.495408
1450,7.7328935
1451,5.583786
1452,7.9420314
1453,14.294687
1454,5.6408143
1455,7.0321193
1456,13.53246
1457,7.2705507
1458,7.89146
1459,5.7234454
1460,9.696571
1461,12.331248
1462,11.658196
1463,9.311214
1464,7.6661553
1465,6.64758
1466,19.449875
1467,5.907987
1468,6.0453143
1469,6.301542
1470,5.935051
1471,6.407235
1472,6.30581
1473,5.7287445
1474,6.099425
1475,6.4430785
1476,7.2599883
1477,5.8007445
1478,6.7668586
1479,12.064
1480,5.6691513
1481,6.9462366
1482,6.2207003
1483,8.632728
1484,5.6137834
1485,6.4934554
1486,6.4309306
1487,5.999515
1488,6.065857
1489,6.006191
1490,5.823152
1491,6.4947486
1492,5.7482085
1493,7.325331
1494,51.566833
1495,8.7512245
1496,6.6161437
1497,6.8530235
1498,6.3594193
1499,5.45159
1500,5.818494
1501,7.5623674
1502,5.8938966
1503,5.9649463
1504,5.496634
1505,31.177542
1506,11.917604
1507,5.994663
1508,9.249334
1509,5.907544
1510,6.3183017
1511,5.9222107
1512,7.625722
1513,5.791449
1514,6.1501327
1515,6.291309
1516,6.146741
1517,8.204224
1518,7.2632813
1519,7.475316
1520,6.0683975
1521,5.644049
1522,8.553285
1523,5.786476
1524,6.1005845
1525,6.6704698
1526,6.1016498
1527,13.43631
1528,7.937328
1529,5.459395
1530,10.874565
1531,13.197476
1532,6.0271945
1533,7.5002656
1534,6.7057605
1535,13.024259
1536,5.564037
1537,9.240912
1538,6.4801216
1539,6.3664565
1540,5.5382495
1541,7.5809097
1542,12.06429
1543,6.517978
1544,9.862216
1545,8.513448
1546,7.1201816
1547,6.3616166
1548,5.9180818
1549,5.511299
1550,5.920041
1551,6.1009493
1552,6.797558
1553,5.990085
1554,9.398285
1555,5.7054124
1556,6.223375
1557,6.065076
1558,6.4505587
1559,5.921205
1560,7.9389644
1561,6.9946227
1562,7.041757
1563,8.234549
1564,5.5860686
1565,9.5409155
1566,6.1911507
1567,6.6497207
1568,7.596002
1569,6.5508513
1570,12.577094
1571,6.095989
1572,7.039373
1573,5.7748294
1574,5.616774
1575,7.6286864
1576,6.146608
1577,6.8699365
1578,21.792837
1579,11.016022
1580,5.356067
1581,6.019844
1582,8.87703
1583,6.4907517
1584,5.584705
1585,5.459596
1586,24.28353
1587,6.056602
1588,9.706467
1589,12.832593
1590,6.5514894
1591,5.9843154
1592,6.253383
1593,5.575751
1594,5.4104447
1595,5.552606
1596,8.622095
1597,7.7127852
1598,6.084153
1599,5.391037
1600,7.304405
1601,5.596257
1602,5.6782455
1603,7.001915
1604,7.871055
1605,5.144876
1606,6.3109603
1607,6.051938
1608,6.41459
1609,9.174079
1610,24.575068
1611,5.7508364
1612,11.157505
1613,6.316028
1614,6.2973113
1615,6.460922
1616,5.5220857
1617,5.868959
1618,7.1810236
1619,6.35281
1620,9.351166
1621,6.3771057
1622,7.537336
1623,18.99554
1624,7.820494
1625,7.947371
1626,8.553905
1627,5.5554004
1628,6.332321
1629,5.939426
1630,5.5718446
1631,6.1360917
1632,9.478983
1633,8.46784
1634,5.6975417
1635,7.061363
1636,6.632437
1637,8.072102
1638,7.2568254
1639,6.123517
1640,7.02177
1641,6.342824
1642,6.0024066
1643,5.8162856
1644,10.560671
1645,28.331808
1646,5.986011
1647,39.105537
1648,6.273267
1649,5.5972595
1650,5.7277207
1651,5.784018
1652,5.6461854
1653,8.188739
1654,5.996347
1655,9.554377
1656,9.309496
1657,5.923445
1658,5.866655
1659,6.2295136
1660,5.681047
1661,5.3698792
1662,7.042554
1663,6.5507736
1664,6.3983436
1665,5.289705
1666,6.156415
1667,5.722069
1668,5.556047
1669,5.744287
1670,7.353134
1671,6.142975
1672,6.1441226
1673,5.6444182
1674,5.677654
1675,8.348815
1676,9.876656
1677,5.845727
1678,6.0672235
1679,9.971808
1680,7.2286706
1681,5.6268234
1682,12.460517
1683,5.7240157
1684,21.321741
1685,6.0848145
1686,6.080341
1687,8.8083315
1688,7.352773
1689,16.747808
1690,8.43173
1691,7.043058
1692,11.891608
1693,5.7790956
1694,11.937882
1695,6.4723716
1696,6.617448
1697,5.583374
1698,11.103223
1699,5.971457
1700,7.462879
1701,6.066571
1702,5.1546206
1703,7.2010245
1704,21.465382
1705,6.4808207
1706,8.123041
1707,18.234465
1708,7.955818
1709,14.393068
1710,13.101163
1711,6.6269226
1712,9.750466
1713,6.6328325
1714,5.7901077
1715,14.170501
1716,5.5282197
1717,7.4067
1718,7.0680423
1719,6.9307437
1720,5.6708117
1721,6.7635202
1722,6.1279526
1723,6.816312
1724,6.277588
1725,35.76172
1726,5.8787704
1727,6.235311
1728,17.64504
1729,8.302439
1730,13.857245
1731,8.454964
1732,6.7649584
1733,6.005704
1734,8.237031
1735,5.7008224
1736,6.4124117
1737,6.1833434
1738,5.7640724
1739,6.062967
1740,5.6051593
1741,7.5517716
1742,6.1510544
1743,11.170627
1744,8.72029
1745,6.649218
1746,6.802559
1747,6.459832
1748,5.8192887
1749,6.0580187
1750,6.5925264
1751,5.6099153
1752,8.196557
1753,8.734704
1754,8.925769
1755,6.142451
1756,8.366693
1757,8.727549
1758,5.9478226
1759,11.920093
1760,6.0762897
1761,5.6022234
1762,22.885553
1763,9.230873
1764,9.698098
1765,7.316667
1766,6.223578
1767,5.608696
1768,5.7826476
1769,5.4926972
1770,5.570633
1771,5.8017654
1772,6.0105906
1773,56.861084
1774,6.049164
1775,5.7687454
1776,5.7042146
1777,8.666213
1778,5.530553
1779,9.209632
1780,5.635637
1781,5.8710284
1782,10.123511
1783,6.0191345
1784,6.217183
1785,16.660376
1786,8.247637
1787,15.109448
1788,6.805429
1789,11.549171
1790,8.179675
1791,12.991859
1792,7.772345
1793,18.14001
1794,23.113142
1795,6.0596766
1796,6.4608836
1797,6.087253
1798,5.542146
1799,7.7585177
1800,6.335393
1801,9.614229
1802,7.7544785
1803,6.158521
1804,6.9390154
1805,6.5971274
1806,5.9428954
1807,6.4225345
1808,6.236632
1809,8.014123
1810,5.275749
1811,12.034943
1812,6.1304564
1813,6.251723
1814,5.7500873
1815,6.024124
1816,5.7647066
1817,6.9068756
1818,6.0573
1819,12.436255
1820,18.610678
1821,5.9996896
1822,5.6001163
1823,13.154195
1824,9.010775
1825,15.081016
1826,6.3484035
1827,16.337645
1828,7.7748704
1829,7.317989
1830,8.311704
1831,7.1455035
1832,6.552491
1833,5.8339343
1834,6.533767
1835,8.362518
1836,6.680101
1837,5.6261735
1838,6.6368556
1839,6.3139634
1840,10.567023
1841,8.127691
1842,6.096799
1843,5.811157
1844,9.936962
1845,10.800526
1846,8.315661
1847,18.53111
1848,23.233591
1849,6.7025757
1850,7.220886
1851,6.041528
1852,10.918469
1853,5.9312286
1854,6.729566
1855,6.130021
1856,5.4909744
1857,5.672567
1858,6.861375
1859,5.685712
1860,9.511744
1861,7.4333773
1862,8.531081
1863,5.872046
1864,6.1439514
1865,5.7910585
1866,10.808944
1867,5.9913116
1868,15.71893
1869,5.933086
1870,6.0435715
1871,6.1477447
1872,6.902486
1873,6.647018
1874,5.9941688
1875,29.495726
1876,5.721129
1877,5.740738
1878,5.974199
1879,11.729611
1880,5.625389
1881,6.152147
1882,5.5805907
1883,6.3730865
1884,7.585735
1885,6.3398166
1886,8.715955
1887,5.868141
1888,7.321655
1889,12.921803
1890,5.9271135
1891,16.010832
1892,5.4098907
1893,5.362999
1894,50.50707
1895,18.014755
1896,5.5357256
1897,6.1724687
1898,5.7102814
1899,5.7619753
1900,8.175578
1901,6.079305
1902,29.22203
1903,10.919789
1904,10.442664
1905,5.740274
1906,9.273292
1907,6.596077
1908,5.590404
1909,14.850295
1910,6.389889
1911,5.7817855
1912,5.869316
1913,6.9277587
1914,7.333928
1915,10.5640135
1916,5.722284
1917,19.221199
1918,11.92981
1919,16.759272
1920,6.5437365
1921,6.287149
1922,5.958211
1923,5.6210113
1924,15.981368
1925,13.164316
1926,20.611094
1927,6.3862963
1928,5.4352493
1929,7.1619387
1930,5.9142947
1931,5.18389
1932,7.5234694
1933,5.3041797
1934,6.871714
1935,19.89034
1936,5.897577
1937,5.7453766
1938,5.8904114
1939,5.825165
1940,5.709883
1941,5.2550235
1942,14.821567
1943,5.9688554
1944,12.020656
1945,5.8913665
1946,16.283335
1947,22.580917
1948,5.8733034
1949,11.634181
1950,5.556812
1951,6.401639
1952,11.742131
1953,6.362569
1954,12.583758
1955,16.30252
1956,5.699754
1957,15.189669
1958,7.5291505
1959,5.811287
1960,5.8403993
1961,6.61467
1962,8.107252
1963,12.785554
1964,6.615513
1965,5.4596405
1966,6.8881173
1967,5.8082767
1968,5.708356
1969,6.0235033
1970,8.966028
1971,5.7625504
1972,7.8822074
1973,10.081341
1974,6.2666306
1975,7.1386285
1976,6.733066
1977,5.931882
1978,6.7920938
1979,6.347917
1980,5.911139
1981,6.3124595
1982,5.73858
1983,9.5991955
1984,5.780571
1985,8.708783
1986,5.681882
1987,8.696885
1988,7.9155107
1989,7.5153823
1990,8.111996
1991,7.708162
1992,6.384979
1993,9.1032295
1994,8.656943
1995,9.265361
1996,5.5354524
1997,6.5090113
1998,5.814615
1999,6.888517
2000,5.5168915
2001,5.5173173
2002,6.627773
2003,5.995576
2004,22.395018
2005,6.8593903
2006,5.519699
2007,9.7239685
2008,12.032697
2009,7.063347
2010,6.11109
2011,5.86301
2012,16.594946
2013,6.021263
2014,6.1728516
2015,39.753998
2016,7.620932
2017,5.3689194
2018,6.1145706
2019,8.22098
2020,6.0680223
2021,8.018102
2022,6.8641815
2023,6.352239
2024,6.031963
2025,7.4964585
2026,8.744858
2027,12.3330145
2028,31.706385
2029,5.353618
2030,8.310464
2031,6.406892
2032,6.5237236
2033,7.6377754
2034,6.425527
2035,6.5931773
2036,5.6225295
2037,5.785333
2038,5.9232683
2039,12.293854
2040,7.196649
2041,5.764833
2042,5.486142
2043,6.441195
2044,12.786908
2045,5.6734133
2046,6.0891433
2047,6.401015
2048,21.018621
2049,5.7887926
2050,5.658667
2051,7.594396
2052,5.6899796
2053,5.618201
2054,7.2392592
2055,12.58698
2056,8.060664
2057,8.338477
2058,9.684627
2059,5.783072
2060,6.1065063
2061,9.098364
2062,8.959231
2063,6.0200305
2064,5.651738
2065,6.427528
2066,7.3934846
2067,10.095052
2068,13.273082
2069,5.620897
2070,16.606161
2071,9.3709955
2072,5.9302096
2073,10.547145
2074,6.4584846
2075,5.6562943
2076,5.9308763
2077,5.6250873
2078,9.895452
2079,5.624414
2080,5.627881
2081,5.610698
2082,6.870254
2083,13.398338
2084,12.910762
2085,6.502357
2086,6.479358
2087,5.572484
2088,6.9622607
2089,6.360959
2090,6.587266
2091,5.7259417
2092,5.9015336
2093,5.8566513
2094,17.687145
2095,14.968635
2096,6.4705653
2097,5.768834
2098,6.1155014
2099,8.420754
2100,9.716342
2101,6.608124
2102,6.6835656
2103,6.213147
2104,7.080423
2105,6.8106
2106,5.1991
2107,6.569568
2108,7.3986144
2109,5.427336
2110,5.755254
2111,5.677318
2112,5.3357897
2113,5.5432115
2114,25.548185
2115,5.9945955
2116,6.588062
2117,5.685228
2118,6.1479692
2119,9.489253
2120,7.4591002
2121,6.6705413
2122,6.002997
2123,5.8763366
2124,6.5433884
2125,6.763028
2126,10.50608
2127,15.631668
2128,6.048186
2129,10.319275
2130,26.490845
2131,12.501828
2132,10.954994
2133,14.120287
2134,8.033498
2135,6.9698663
2136,7.198877
2137,7.23687
2138,13.514239
2139,6.4256563
2140,5.9384294
2141,7.0570054
2142,9.70666
2143,6.765531
2144,9.965383
2145,6.623752
2146,6.6794167
2147,5.7948914
2148,8.046537
2149,5.819383
2150,6.305673
2151,6.7436404
2152,5.5072556
2153,5.885034
2154,6.8240976
2155,5.839784
2156,12.411501
2157,13.37621
2158,5.8456435
2159,6.18403
2160,14.270955
2161,5.7880297
2162,12.973907
2163,5.943691
2164,6.1229157
2165,12.608681
2166,7.1251435
2167,33.110744
2168,5.9112473
2169,9.96812
2170,5.7443805
2171,6.1240053
2172,5.8709335
2173,7.490687
2174,7.911139
2175,8.421592
2176,15.374481
2177,17.980812
2178,5.8557496
2179,5.7141147
2180,24.77342
2181,6.0640626
2182,5.9255905
2183,5.6160264
2184,5.902045
2185,6.1867456
2186,13.219998
2187,7.480153
2188,5.770453
2189,5.7122483
2190,6.3521953
2191,14.763492
2192,9.976043
2193,5.768033
2194,12.987704
2195,7.468961
2196,5.6477313
2197,6.370595
2198,6.952343
2199,5.630966
2200,12.113583
2201,5.7723603
2202,6.930139
2203,6.0727496
2204,6.7834334
2205,5.6281543
2206,10.398261
2207,5.8072257
2208,5.8071795
2209,6.9718394
2210,5.112868
2211,6.00777
2212,5.736818
2213,6.5860596
2214,6.387694
2215,8.381512
2216,5.8781924
2217,5.8990264
2218,6.178992
2219,5.794319
2220,26.684666
2221,8.920077
2222,9.008313
2223,14.660311
2224,5.7701936
2225,6.168504
2226,5.697171
2227,7.499801
2228,5.6228395
2229,8.740614
2230,6.106441
2231,8.005797
2232,31.614307
2233,6.7467537
2234,6.0764313
2235,19.087425
2236,6.597716
2237,7.669704
2238,7.401417
2239,17.425627
2240,5.7529025
2241,5.712485
2242,12.209857
2243,10.399367
2244,6.176469
2245,7.72184
2246,6.698509
2247,10.821533
2248,5.9043093
2249,5.8273883
2250,6.064354
2251,6.565249
2252,5.9860444
2253,5.6906295
2254,10.662017
2255,5.3087783
2256,16.871439
2257,5.7527666
2258,7.4184465
2259,7.4333496
2260,5.6577883
2261,5.797058
2262,9.927192
2263,5.8312793
2264,6.4897614
2265,6.0260453
2266,6.109882
2267,6.354213
2268,5.9940867
2269,6.7914996
2270,6.0624757
2271,6.3639755
2272,6.5828576
2273,6.019951
2274,5.682715
2275,9.359856
2276,25.000214
2277,5.7731752
2278,6.285666
2279,5.6707764
2280,13.748657
2281,6.0447974
2282,5.7060165
2283,15.144394
2284,8.802126
2285,5.7429504
2286,9.857627
2287,5.934354
2288,5.8746004
2289,15.936806
2290,6.0201526
2291,6.3818192
2292,5.8198547
2293,5.566893
2294,17.32894
2295,10.075891
2296,5.8980803
2297,6.3692336
2298,5.6899233
2299,6.600483
2300,5.413675
2301,10.9505415
2302,7.362114
2303,7.893413
2304,6.719754
2305,5.837041
2306,6.558305
2307,5.6641936
2308,5.6610065
2309,6.1046066
2310,7.3073535
2311,20.82428
2312,12.584304
2313,8.731944
2314,24.46399
2315,20.205048
2316,7.1906176
2317,6.5218635
2318,7.728747
2319,9.088013
2320,6.1934314
2321,5.463431
2322,6.2336717
2323,7.304214
2324,5.9368258
2325,7.5345225
2326,5.696051
2327,5.7498217
2328,8.793054
2329,6.166275
2330,7.5501633
2331,5.6571503
2332,7.131714
2333,5.6790223
2334,5.787894
2335,5.878181
2336,6.882711
2337,18.26577
2338,5.896985
2339,5.4370193
2340,7.5989695
2341,6.079558
2342,16.428646
2343,6.7471147
2344,8.17151
2345,6.1206565
2346,6.4251685
2347,8.141868
2348,14.501296
2349,5.6504107
2350,6.861773
2351,6.6290317
2352,5.5438476
2353,5.6793213
2354,5.888527
2355,7.017681
2356,6.201384
2357,5.9671426
2358,5.8821654
2359,6.190744
2360,7.043653
2361,6.1629715
2362,6.074356
2363,6.0102296
2364,7.885288
2365,5.8122225
2366,5.852605
2367,6.816682
2368,11.62456
2369,6.0175066
2370,6.031797
2371,5.6328616
2372,5.8758926
2373,5.9349885
2374,9.184968
2375,6.664515
2376,7.5301585
2377,16.17719
2378,8.720684
2379,9.178503
2380,5.544258
2381,5.943471
2382,22.521442
2383,5.657762
2384,6.450288
2385,6.1588173
2386,6.6557283
2387,5.662044
2388,10.478541
2389,5.2453246
2390,7.061996
2391,6.5966105
2392,5.462294
2393,12.324058
2394,6.3327765
2395,6.535583
2396,6.662763
2397,9.662227
2398,11.4373
2399,6.2173295
2400,5.5441146
2401,6.0959787
2402,6.2893243
2403,6.3207793
2404,5.8373413
2405,6.077942
2406,9.640014
2407,6.2589755
2408,9.467263
2409,6.665101
2410,7.3683763
2411,9.3743725
2412,7.8119354
2413,5.6117144
2414,5.631238
2415,6.2920303
2416,9.100667
2417,6.225446
2418,5.769995
2419,6.920795
2420,7.757834
2421,6.368915
2422,6.1044955
2423,13.392649
2424,6.1985474
2425,6.5084968
2426,5.761903
2427,25.039
2428,9.075024
2429,5.8716617
2430,8.58445
2431,6.951697
2432,7.5558214
2433,8.908081
2434,8.121162
2435,6.7857018
2436,5.750276
2437,6.137738
2438,12.046908
2439,6.7824626
2440,5.765407
2441,6.3869967
2442,6.1645966
2443,6.0054126
2444,6.0573664
2445,8.266425
2446,9.103187
2447,8.5974455
2448,11.670618
2449,8.559366
2450,5.7945085
2451,6.5787783
2452,12.762621
2453,5.2233157
2454,9.0453
2455,16.286612
2456,6.096036
2457,10.211392
2458,7.389576
2459,6.3588367
2460,5.8709307
2461,7.9370265
2462,11.722594
2463,6.4699244
2464,6.090287
2465,5.68096
2466,8.961329
2467,6.0116305
2468,6.2998285
2469,12.633325
2470,5.670526
2471,11.070232
2472,6.4342346
2473,45.919044
2474,7.4015894
2475,6.440169
2476,6.4149523
2477,7.1358294
2478,6.8795013
2479,7.458275
2480,5.487114
2481,6.8650985
2482,29.525772
2483,6.3082156
2484,7.025354
2485,6.168013
2486,7.8986473
2487,5.8178225
2488,5.675583
2489,6.3301325
2490,11.490395
2491,5.851494
2492,6.0230837
2493,6.56782
2494,7.1063194
2495,5.623914
2496,6.117293
2497,10.932117
2498,6.9617877
2499,8.497606
2500,19.581928
2501,6.7761345
2502,14.326892
2503,10.697688
2504,7.442971
2505,6.406949
2506,7.572561
2507,6.8883233
2508,7.2837586
2509,7.087819
2510,6.8064914
2511,6.2850757
2512,5.30211
2513,10.633208
2514,5.9856567
2515,6.861154
2516,10.547064
2517,11.251239
2518,6.0138335
2519,6.1831255
2520,6.6190515
2521,16.487137
2522,6.2864075
2523,5.8363814
2524,92.07918
2525,5.8042345
2526,6.1610093
2527,6.0554414
2528,6.2098656
2529,6.7900453
2530,5.7245026
2531,23.560282
2532,5.9554706
2533,6.5489054
2534,6.446748
2535,5.4905353
2536,6.3000703
2537,5.6464295
2538,24.44432
2539,6.6250052
2540,5.583133
2541,5.818073
2542,6.0463443
2543,9.96165
2544,6.21846
2545,7.345018
2546,5.805701
2547,6.200457
2548,5.315549
2549,8.477231
2550,5.8618684
2551,16.64005
2552,7.3118014
2553,12.595786
2554,6.0518203
2555,8.943416
2556,9.373438
2557,6.1992006
2558,14.175364
2559,6.3534164
2560,5.771384
2561,7.854805
2562,6.8564005
2563,15.714503
2564,5.667398
2565,5.683727
2566,7.42464
2567,5.911159
2568,6.249318
2569,7.7538004
2570,6.8651237
2571,5.9108324
2572,6.338884
2573,6.037497
2574,6.035402
2575,13.762355
2576,7.16119
2577,6.1649995
2578,5.567006
2579,11.224054
2580,8.01655
2581,7.6807175
2582,5.9590716
2583,6.118219
2584,6.2192607
2585,7.564525
2586,6.7606277
2587,5.9459124
2588,6.290418
2589,5.9759827
2590,12.893135
2591,5.5520434
2592,6.218841
2593,5.756106
2594,11.70168
2595,5.898253
2596,4.969997
2597,5.5542192
2598,14.748824
2599,5.7140565
2600,6.3585634
2601,6.4820914
2602,9.337764
2603,6.171235
2604,7.7985168
2605,6.320759
2606,9.623542
2607,6.0849395
2608,10.523041
2609,6.331959
2610,5.9350877
2611,17.566307
2612,9.395561
2613,8.096084
2614,5.82607
2615,6.5170045
2616,7.1564293
2617,7.7447433
2618,6.5084643
2619,8.153786
2620,12.605895
2621,7.641919
2622,5.876607
2623,9.837359
2624,5.953576
2625,5.4004793
2626,5.6498537
2627,5.9423423
2628,6.073957
2629,6.6559687
2630,6.4958444
2631,5.574777
2632,7.561139
2633,6.330255
2634,8.489518
2635,6.0137115
2636,8.9036665
2637,10.237498
2638,6.342884
2639,7.277092
2640,10.059022
2641,5.5357423
2642,8.49702
2643,6.508758
2644,10.505411
2645,6.0976434
2646,5.328195
2647,5.6403656
2648,11.3198185
2649,8.370859
2650,6.1538873
2651,6.742518
2652,5.879822
2653,6.9476967
2654,6.0024996
2655,12.48368
2656,6.320897
2657,5.8913193
2658,5.6945877
2659,11.184893
2660,8.505859
2661,5.769893
2662,11.410129
2663,7.3449435
2664,7.736387
2665,10.965814
2666,9.728946
2667,5.7704287
2668,6.1541224
2669,6.4446106
2670,11.95835
2671,6.876289
2672,6.129173
2673,5.4262695
2674,25.583805
2675,6.9519854
2676,6.217927
2677,5.951053
2678,6.0458117
2679,6.3362083
2680,7.0895143
2681,6.3680315
2682,6.858771
2683,6.4125285
2684,6.2905974
2685,5.9099503
2686,13.406581
2687,5.6081786
2688,7.879014
2689,6.6988306
2690,6.4116945
2691,10.346368
2692,5.9932036
2693,6.114418
2694,5.7348084
2695,7.3552446
2696,6.773403
2697,6.1440263
2698,6.9319215
2699,5.643698
2700,6.3159194
2701,5.636905
2702,7.9052997
2703,16.158781
2704,9.096732
2705,6.083156
2706,5.9269333
2707,5.8672156
2708,8.727526
2709,6.6308885
2710,5.9802003
2711,6.326557
2712,6.142461
2713,35.165077
2714,5.8014574
2715,5.9626603
2716,7.0006523
2717,7.7946625
2718,6.5056696
2719,5.9748063
2720,5.6707187
2721,6.015016
2722,8.051162
2723,6.247172
2724,9.252069
2725,6.6966934
2726,18.416964
2727,10.261172
2728,6.3673906
2729,7.223128
2730,24.33017
2731,5.8652024
2732,8.78247
2733,5.933563
2734,6.140227
2735,7.097552
2736,11.718299
2737,5.855756
2738,5.8448825
2739,9.254801
2740,10.738177
2741,8.538455
2742,8.847826
2743,5.744101
2744,6.894532
2745,11.0885315
2746,14.831886
2747,22.5203
2748,6.720096
2749,5.7564406
2750,12.827478
2751,6.6112237
2752,9.014712
2753,5.9118686
2754,6.049877
2755,5.675995
2756,8.131663
2757,5.939911
2758,7.647442
2759,6.0486293
2760,13.409533
2761,6.3076205
2762,6.0347595
2763,6.825096
2764,5.815576
2765,5.616829
2766,6.0679383
2767,7.0516725
2768,6.0896287
2769,12.437367
2770,5.4650574
2771,6.8528514
2772,5.9044495
2773,6.252959
2774,7.695938
2775,16.738394
2776,10.699626
2777,5.9672656
2778,7.78762
2779,5.861278
2780,8.91083
2781,6.56869
2782,6.720201
2783,5.772069
2784,6.8321085
2785,6.937313
2786,8.014224
2787,6.8206
2788,67.88113
2789,6.7471085
2790,8.057954
2791,8.806042
2792,7.6530356
2793,6.1073318
2794,7.2740083
2795,6.523694
2796,11.16504
2797,7.2126083
2798,6.109134
2799,14.34188
2800,7.489095
2801,9.92586
2802,7.2226243
2803,22.85517
2804,18.059965
2805,11.181036
2806,5.7740207
2807,7.6889815
2808,7.4850283
2809,6.3432603
2810,9.640729
2811,6.0846343
2812,5.319623
2813,5.3296695
2814,13.051485
2815,7.5853105
2816,8.610947
2817,8.81017
2818,8.454904
2819,5.838249
2820,5.845117
2821,6.6533904
2822,5.5531006
2823,5.7669435
2824,6.1080093
2825,15.305634
2826,6.018593
2827,26.03752
2828,6.149405
2829,5.9038515
2830,6.5343676
2831,5.8299575
2832,6.569693
2833,8.1055565
2834,6.231633
2835,16.240229
2836,5.9151855
2837,27.30195
2838,5.8899384
2839,5.8941345
2840,5.5643983
2841,14.937576
2842,6.228575
2843,5.70233
2844,6.1291895
2845,5.883185
2846,11.550702
2847,5.632773
2848,5.5081086
2849,14.864509
2850,18.786417
2851,6.399634
2852,6.320522
2853,15.333902
2854,6.4505424
2855,8.961574
2856,7.2922006
2857,19.785778
2858,5.7141623
2859,6.029509
2860,6.3028092
2861,5.759805
2862,5.9375796
2863,12.849837
2864,8.045333
2865,9.857562
2866,7.1421647
2867,5.4786835
2868,8.591987
2869,5.868158
2870,9.014147
2871,12.006509
2872,7.33025
2873,6.22621
2874,8.803406
2875,5.922835
2876,6.3700204
2877,6.2664666
2878,5.437824
2879,5.7213626
2880,6.948547
2881,5.426796
2882,9.68353
2883,19.672709
2884,6.9997025
2885,5.4469957
2886,5.6052856
2887,8.424598
2888,6.845693
2889,5.411986
2890,5.572763
2891,6.221977
2892,5.8106766
2893,14.767639
2894,9.576233
2895,5.646178
2896,7.9437647
2897,8.894677
2898,6.13265
2899,10.770595
2900,6.0153704
2901,5.8270693
2902,5.8185396
2903,9.797009
2904,5.931752
2905,5.9977493
2906,5.6853013
2907,10.218519
2908,45.7566
2909,5.4145327
2910,7.94406
2911,7.600783
2912,15.60882
2913,30.308094
2914,6.4552393
2915,7.3247423
2916,8.561032
2917,6.292194
2918,33.153217
2919,5.3415713
2920,5.679268
2921,5.8540926
2922,6.128525
2923,6.460443
2924,6.441631
2925,5.9985604
2926,6.140392
2927,5.714032
2928,5.533858
2929,6.08424
2930,7.6107345
2931,8.483429
2932,15.446057
2933,7.051675
2934,7.929419
2935,7.3492875
2936,7.404906
2937,20.866714
2938,10.324532
2939,5.8537874
2940,6.2207575
2941,6.2055626
2942,5.757843
2943,6.0351486
2944,5.9549103
2945,5.7935944
2946,6.218084
2947,8.150434
2948,6.679569
2949,11.90946
2950,5.7704253
2951,5.6710773
2952,5.765213
2953,6.2097917
2954,6.1743045
2955,5.7754807
2956,6.5435944
2957,10.26777
2958,11.658965
2959,5.9224014
2960,6.101663
2961,7.287418
2962,5.9471726
2963,9.520538
2964,6.605593
2965,6.16165
2966,7.8438716
2967,8.674521
2968,5.8781786
2969,7.307664
2970,5.922046
2971,5.7190065
2972,5.5402117
2973,6.3709397
2974,7.946032
2975,6.1065216
2976,7.7589755
2977,5.9415483
2978,6.19709
2979,18.339676
2980,5.473245
2981,23.111021
2982,5.870932
2983,8.209033
2984,5.717293
2985,6.1567492
2986,11.128364
2987,6.1665864
2988,7.506308
2989,5.87437
2990,6.8603244
2991,7.003882
2992,5.434659
2993,5.5970964
2994,8.278726
2995,6.24966
2996,6.115009
2997,6.536468
2998,5.822197
2999,5.953725
3000,7.334367
3001,5.9775834
3002,6.3780246
3003,5.6720386
3004,5.968506
3005,13.91069
3006,6.6031394
3007,22.395102
3008,5.456264
3009,7.2484927
3010,5.8294497
3011,10.010482
3012,5.74402
3013,25.157522
3014,8.138084
3015,17.875158
3016,15.882047
3017,5.825319
3018,8.478362
3019,7.126819
3020,6.2835555
3021,5.901433
3022,6.88791
3023,7.2293015
3024,16.237423
3025,7.329654
3026,5.6268907
3027,5.9815116
3028,6.0061326
3029,6.2194
3030,13.309732
3031,9.92501
3032,6.1284
3033,5.668382
3034,7.0145454
3035,8.683028
3036,6.374215
3037,9.332092
3038,12.624743
3039,6.034355
3040,5.784117
3041,5.882901
3042,12.547614
3043,5.7495804
3044,5.4188294
3045,6.1784606
3046,11.5347185
3047,5.5184402
3048,5.8523116
3049,5.700583
3050,9.6114435
3051,5.8063707
3052,6.9771385
3053,9.005721
3054,6.069435
3055,11.095889
3056,8.749155
3057,8.927903
3058,6.2417665
3059,7.1067615
3060,12.544298
3061,7.1770554
3062,10.402602
3063,5.8037324
3064,11.606025
3065,5.725287
3066,17.476973
3067,5.756111
3068,6.168143
3069,6.0170836
3070,5.3865786
3071,5.8890166
3072,7.3268557
3073,5.7828155
3074,13.512781
3075,7.0597763
3076,6.105757
3077,8.591888
3078,5.620177
3079,5.9070787
3080,7.212909
3081,8.137613
3082,5.9566684
3083,7.7469482
3084,5.5848207
3085,5.365834
3086,6.53046
3087,5.583417
3088,6.8297157
3089,5.7490892
3090,15.544536
3091,10.255639
3092,8.509061
3093,6.133678
3094,5.6662993
3095,5.8844957
3096,5.921469
3097,13.823639
3098,6.4051204
3099,5.904912
3100,33.43597
3101,5.7228103
3102,6.705982
3103,7.297078
3104,5.515738
3105,5.3089647
3106,8.457869
3107,5.811006
3108,6.9279437
3109,6.0275455
3110,5.7854805
3111,10.334144
3112,6.575087
3113,5.5875335
3114,5.6775775
3115,6.153679
3116,12.167473
3117,6.2466636
3118,6.1299376
3119,5.8271
3120,6.00721
3121,6.130498
3122,5.829709
3123,7.191185
3124,5.900226
3125,6.2858033
3126,8.098552
3127,5.7807784
3128,16.82025
3129,9.20651
3130,9.157266
3131,12.078954
3132,6.992074
3133,5.4198275
3134,6.0235734
3135,8.770879
3136,7.009514
3137,8.0424385
3138,11.576491
3139,5.594434
3140,6.281728
3141,6.128905
3142,6.4320107
3143,5.7404175
3144,6.108127
3145,6.9205832
3146,5.9608216
3147,6.154889
3148,24.809763
3149,12.539941
3150,9.079401
3151,28.022633
3152,6.1300826
3153,6.317331
3154,6.712073
3155,7.293672
3156,7.337092
3157,5.6404924
3158,10.352104
3159,12.873566
3160,5.9210525
3161,7.290132
3162,5.5910554
3163,6.3236785
3164,5.891829
3165,5.7816553
3166,6.0069094
3167,6.657438
3168,20.5634
3169,5.736272
3170,7.2364335
3171,10.10302
3172,7.281945
3173,9.3019285
3174,7.302804
3175,11.811999
3176,6.464885
3177,24.292795
3178,7.2144113
3179,7.4331894
3180,5.477741
3181,6.3938723
3182,6.7781663
3183,6.05402
3184,7.7426715
3185,6.767255
3186,15.618129
3187,5.9296584
3188,7.3666124
3189,6.0813394
3190,6.5596786
3191,6.803524
3192,6.161592
3193,7.3261766
3194,5.860605
3195,10.955619
3196,11.110551
3197,10.943682
3198,6.1764235
3199,6.00934
3200,6.6584597
3201,9.952367
3202,20.084635
3203,6.3582773
3204,7.320186
3205,6.038675
3206,5.4459796
3207,13.071425
3208,6.283649
3209,8.397166
3210,11.547042
3211,5.4781556
3212,5.8595595
3213,5.7253923
3214,5.917026
3215,20.447973
3216,5.8018656
3217,7.1876955
3218,6.2518363
3219,8.197826
3220,8.871956
3221,5.6885514
3222,6.0290055
3223,6.123343
3224,5.28302
3225,6.6641893
3226,7.8403635
3227,5.688901
3228,6.0748353
3229,15.904808
3230,8.989101
3231,7.6617417
3232,6.474975
3233,6.2351494
3234,5.166365
3235,7.7299
3236,6.3895454
3237,15.832079
3238,8.204413
3239,9.046664
3240,6.61028
3241,5.471521
3242,5.715558
3243,5.836548
3244,9.875361
3245,7.9303894
3246,5.231276
3247,23.839685
3248,5.8925753
3249,5.210094
3250,6.0643716
3251,6.456276
3252,6.1676407
3253,6.4711733
3254,11.644769
3255,7.150693
3256,12.312934
3257,6.4141326
3258,5.977414
3259,48.687366
3260,5.903807
3261,17.47362
3262,7.250609
3263,9.121785
3264,7.3374696
3265,7.194019
3266,7.0979433
3267,6.7927055
3268,7.4953537
3269,20.901192
3270,33.54469
3271,5.672325
3272,11.093656
3273,5.818433
3274,5.5230303
3275,6.5865335
3276,6.0566225
3277,5.911754
3278,5.523004
3279,5.908826
3280,12.170328
3281,6.1970325
3282,6.9156966
3283,10.38376
3284,14.289759
3285,6.1988983
3286,5.6536517
3287,5.755287
3288,6.8877573
3289,7.4061217
3290,5.6329484
3291,5.5680633
3292,5.5511475
3293,6.4672494
3294,7.974224
3295,21.320097
3296,5.4449706
3297,5.6090426
3298,7.10865
3299,5.8121295
3300,8.776496
3301,5.720526
3302,6.5987535
3303,6.5596375
3304,5.622249
3305,5.598967
3306,5.549202
3307,6.3063583
3308,5.8961105
3309,10.985441
3310,5.9439197
3311,23.111443
3312,5.5849457
3313,5.9361696
3314,7.081928
3315,7.2791657
3316,6.61844
3317,6.5426903
3318,25.52627
3319,5.8149996
3320,6.3051276
3321,12.280757
3322,5.155211
3323,7.1839175
3324,6.7757273
3325,5.4373126
3326,7.3634386
3327,9.197829
3328,5.8479753
3329,7.0394235
3330,6.544853
3331,5.7206035
3332,8.505534
3333,5.9163623
3334,6.1372027
3335,6.646175
3336,19.79067
3337,6.085832
3338,7.6904955
3339,6.201001
3340,6.427467
3341,5.92378
3342,5.6617036
3343,8.9174795
3344,6.082335
3345,12.628187
3346,6.8383403
3347,6.0446777
3348,20.744307
3349,6.3083873
3350,6.4233093
3351,5.9945054
3352,5.4687896
3353,5.427382
3354,6.8342814
3355,5.3955064
3356,6.1509857
3357,6.4606614
3358,8.51844
3359,5.9776225
3360,7.4721847
3361,5.8343616
3362,6.0098724
3363,7.3765807
3364,6.937979
3365,17.133038
3366,6.546608
3367,8.4666395
3368,8.343753
3369,6.27823
3370,7.121596
3371,6.240812
3372,6.9542656
3373,6.9648905
3374,9.28663
3375,6.21288
3376,5.444107
3377,6.6737323
3378,6.3607116
3379,5.7603273
3380,6.3627634
3381,7.5953975
3382,7.7294946
3383,11.944716
3384,5.417972
3385,14.792114
3386,8.203264
3387,10.774875
3388,5.886261
3389,5.719144
3390,5.672986
3391,5.7620177
3392,13.861704
3393,6.2628403
3394,6.5564537
3395,7.1099396
3396,7.1179023
3397,5.6971526
3398,8.719325
3399,5.6396813
3400,6.4798217
3401,6.544108
3402,5.8109345
3403,5.580353
3404,12.725573
3405,5.8342743
3406,8.253394
3407,5.8347716
3408,8.2913265
3409,6.656589
3410,8.7731
3411,7.0126147
3412,5.871241
3413,6.9845924
3414,5.6282854
3415,5.7589145
3416,12.855857
3417,5.7842607
3418,5.4603763
3419,5.9290857
3420,5.6116915
3421,5.8082213
3422,7.087134
3423,7.140874
3424,5.544437
3425,5.874733
3426,5.572681
3427,6.577048
3428,6.6539226
3429,5.7401886
3430,12.415619
3431,5.378261
3432,5.6375184
3433,6.2672205
3434,14.112699
3435,5.765697
3436,6.0241075
3437,6.660106
3438,5.982428
3439,5.6425285
3440,11.583148
3441,5.3892136
3442,6.669416
3443,5.326944
3444,8.438155
3445,6.0699778
3446,5.919141
3447,5.3922534
3448,5.769493
3449,8.044693
3450,5.6641755
3451,6.5620093
3452,6.805813
3453,25.889282
3454,6.035187
3455,5.9207244
3456,6.8057833
3457,16.209654
3458,6.154621
3459,6.215834
3460,7.1063843
3461,7.993258
3462,5.641913
3463,5.4844866
3464,5.8284926
3465,6.2455873
3466,15.21203
3467,6.0884423
3468,6.058986
3469,7.219864
3470,8.537621
3471,5.608461
3472,5.4876375
3473,6.8925385
3474,5.9572253
3475,5.8415055
3476,102.892265
3477,14.333325
3478,5.927158
3479,6.6191683
3480,10.110612
3481,7.0833473
3482,6.4785233
3483,9.273556
3484,5.867119
3485,6.206305
3486,7.5509005
3487,7.214725
3488,6.99852
3489,6.807387
3490,5.6373796
3491,6.1039047
3492,7.397346
3493,6.0970397
3494,6.768323
3495,16.667625
3496,17.545515
3497,13.763155
3498,6.654252
3499,6.233313
3500,5.558661
3501,8.549883
3502,5.5822024
3503,8.196538
3504,5.396547
3505,6.8241744
3506,5.97693
3507,7.1666718
3508,5.997934
3509,6.037877
3510,6.5070033
3511,5.6755004
3512,7.100068
3513,6.0909457
3514,6.435188
3515,11.278201
3516,10.805892
3517,20.033777
3518,6.592521
3519,6.7752986
3520,6.3374214
3521,11.139977
3522,10.328223
3523,21.238304
3524,5.812393
3525,9.108803
3526,6.2765193
3527,6.046725
3528,9.344728
3529,6.51234
3530,14.467582
3531,7.301067
3532,6.806183
3533,8.571826
3534,9.272122
3535,6.0825763
3536,6.9187164
3537,5.7467837
3538,7.3302903
3539,6.0590057
3540,10.304465
3541,5.362999
3542,5.5569763
3543,5.732451
3544,5.6443634
3545,5.6818542
3546,7.8005295
3547,5.967859
3548,6.667245
3549,7.462175
3550,9.92878
3551,6.749373
3552,6.571073
3553,12.300934
3554,7.909906
3555,8.878704
3556,6.1483436
3557,6.24464
3558,18.045864
3559,5.65011
3560,5.6237426
3561,5.886557
3562,33.9575
3563,7.62397
3564,7.906244
3565,5.6489077
3566,18.648878
3567,6.26319
3568,5.5331545
3569,7.742311
3570,6.4059215
3571,6.0477905
3572,6.181598
3573,27.411438
3574,6.3778443
3575,6.0722504
3576,5.6938615
3577,14.689758
3578,6.1970673
3579,14.112372
3580,6.1382155
3581,5.940515
3582,5.668327
3583,6.0958724
3584,5.665137
3585,5.9569383
3586,6.097652
3587,5.602002
3588,11.5515175
3589,14.158027
3590,11.278384
3591,5.790883
3592,5.5928407
3593,10.986228
3594,6.454826
3595,5.7282243
3596,5.8891153
3597,6.137372
3598,9.282986
3599,5.6605515
3600,6.0598445
3601,8.967386
3602,6.8000197
3603,6.0078783
3604,5.652852
3605,5.988408
3606,9.930388
3607,7.5983047
3608,11.00713
3609,6.191845
3610,6.109843
3611,6.2245636
3612,6.006111
3613,6.579236
3614,5.8761797
3615,7.5142665
3616,6.308458
3617,5.9273057
3618,12.177324
3619,5.5454288
3620,5.8370757
3621,7.609086
3622,10.549308
3623,6.3950486
3624,6.6891937
3625,7.820761
3626,7.0317445
3627,5.9546623
3628,5.794801
3629,6.926378
3630,6.5062785
3631,5.6501403
3632,6.113888
3633,6.740442
3634,6.8938837
3635,7.975454
3636,6.010184
3637,6.086534
3638,6.9755015
3639,5.4720473
3640,5.762384
3641,8.327113
3642,10.4661665
3643,5.41843
3644,6.036922
3645,5.327512
3646,7.2631297
3647,5.959498
3648,5.9900413
3649,6.0503764
3650,8.794977
3651,6.898877
3652,9.271431
3653,38.662014
3654,5.4715652
3655,9.884536
3656,7.151956
3657,5.5876513
3658,6.396118
3659,6.177583
3660,8.136335
3661,7.125487
3662,5.7224183
3663,5.572403
3664,11.056598
3665,5.7538257
3666,5.774391
3667,5.905932
3668,5.6009765
3669,6.0479035
3670,5.6235414
3671,8.417809
3672,5.9019074
3673,5.92287
3674,9.872851
3675,6.4628115
3676,9.692502
3677,6.076397
3678,5.585193
3679,14.649579
3680,5.8113375
3681,6.642238
3682,6.518216
3683,5.3746295
3684,6.2759585
3685,8.382383
3686,7.8262134
3687,8.7927065
3688,7.041524
3689,9.363494
3690,6.738277
3691,6.799076
3692,6.7950335
3693,7.02898
3694,7.6917377
3695,6.241756
3696,14.3175535
3697,5.776592
3698,6.072061
3699,5.5870714
3700,13.826262
3701,6.368341
3702,7.470717
3703,5.9957476
3704,8.193286
3705,15.669127
3706,7.8260775
3707,5.9002886
3708,12.986632
3709,6.698682
3710,5.3215485
3711,6.903806
3712,5.552893
3713,13.754007
3714,6.239307
3715,6.219064
3716,7.716545
3717,5.711084
3718,5.350035
3719,5.6355805
3720,14.138794
3721,27.349722
3722,6.9006896
3723,10.448314
3724,21.458796
3725,7.5739365
3726,5.81597
3727,13.211135
3728,6.7418895
3729,5.2904954
3730,7.4249787
3731,5.98333
3732,5.873445
3733,22.053873
3734,8.071867
3735,5.775356
3736,26.20813
3737,9.82997
3738,5.7328124
3739,5.905481
3740,22.123129
3741,5.801613
3742,9.131447
3743,7.071949
3744,12.785608
3745,5.646831
3746,9.456749
3747,10.861508
3748,5.7714753
3749,6.552662
3750,9.771827
3751,6.385137
3752,6.0520563
3753,6.4459434
3754,5.5272584
3755,6.4040027
3756,6.8394923
3757,6.495439
3758,10.794718
3759,5.590341
3760,7.095473
3761,9.3782
3762,5.6166167
3763,6.268402
3764,9.681834
3765,5.6257873
3766,12.79914
3767,6.4131203
3768,6.280896
3769,5.8460436
3770,5.757936
3771,11.1166935
3772,5.9693475
3773,6.207386
3774,6.2310686
3775,6.9860954
3776,5.687247
3777,6.890889
3778,9.294101
3779,10.480124
3780,5.4854355
3781,15.1216955
3782,8.840392
3783,5.743356
3784,5.5013995
3785,37.71313
3786,5.6809053
3787,119.43951
3788,6.13273
3789,11.865351
3790,5.786908
3791,5.623689
3792,10.301593
3793,6.0606103
3794,5.846425
3795,5.7948413
3796,16.845844
3797,6.4998584
3798,5.706032
3799,13.05486
3800,6.3914676
3801,5.6851077
3802,6.5109787
3803,6.0144563
3804,15.1219
3805,5.824838
3806,6.7305865
3807,6.0796924
3808,17.438114
3809,5.8327713
3810,6.334015
3811,16.148352
3812,13.76477
3813,6.9131265
3814,8.953316
3815,24.200495
3816,6.6931763
3817,5.9788513
3818,6.37125
3819,24.766254
3820,5.639853
3821,13.021037
3822,7.5229464
3823,6.248859
3824,5.8911867
3825,6.8320427
3826,5.5223236
3827,18.27574
3828,5.8823304
3829,6.57706
3830,25.684729
3831,6.02336
3832,33.796642
3833,5.980298
3834,5.680249
3835,8.045168
3836,5.2413926
3837,17.954428
3838,5.7696548
3839,6.152098
3840,6.3817644
3841,8.105477
3842,6.1109085
3843,5.859216
3844,7.316892
3845,18.914703
3846,15.550921
3847,6.073201
3848,6.4896293
3849,6.520697
3850,5.7184067
3851,11.904804
3852,18.75252
3853,6.027743
3854,9.223638
3855,12.384051
3856,6.419777
3857,7.2885547
3858,9.159755
3859,10.514421
3860,5.4305544
3861,9.48823
3862,8.694596
3863,6.0345993
3864,7.390607
3865,6.0792994
3866,7.1225753
3867,6.006677
3868,5.5903
3869,6.244414
3870,6.061321
3871,6.273019
3872,5.508571
3873,5.405936
3874,7.034866
3875,7.447288
3876,8.648669
3877,6.0064087
3878,7.8747687
3879,5.639156
3880,10.033136
3881,6.624354
3882,5.458763
3883,6.563092
3884,5.842073
3885,6.088086
3886,7.0021424
3887,5.950311
3888,5.530989
3889,5.743108
3890,6.0582705
3891,5.5936327
3892,7.334629
3893,5.896248
3894,6.1724734
3895,9.853586
3896,9.013923
3897,11.004387
3898,22.592604
3899,6.111847
3900,5.969847
3901,6.1238465
3902,11.67641
3903,5.951862
3904,12.869003
3905,16.82377
3906,9.088553
3907,5.9229674
3908,5.8912797
3909,6.3424835
3910,7.4777904
3911,6.0893416
3912,6.9251695
3913,6.6793375
3914,8.916213
3915,5.417577
3916,6.238179
3917,14.086904
3918,6.7234483
3919,8.366831
3920,8.914937
3921,6.8452296
3922,6.0036807
3923,7.3919344
3924,8.027381
3925,5.9793673
3926,5.399588
3927,10.005118
3928,6.666272
3929,6.269429
3930,10.23233
3931,5.76624
3932,5.5097136
3933,6.0277786
3934,7.116159
3935,114.61599
3936,7.8240356
3937,5.5423875
3938,6.4153056
3939,5.6904616
3940,6.528606
3941,6.2961135
3942,5.74742
3943,6.0148654
3944,5.849065
3945,5.685553
3946,10.153688
3947,8.687026
3948,9.858264
3949,6.4156203
3950,5.840236
3951,5.397391
3952,6.9674563
3953,6.160058
3954,6.062197
3955,6.748029
3956,19.016848
3957,6.343629
3958,6.3279185
3959,6.368383
3960,8.58133
3961,5.4311295
3962,7.3367057
3963,6.467917
3964,7.0330467
3965,5.616414
3966,6.9318995
3967,7.288756
3968,6.007892
3969,6.425514
3970,18.037136
3971,5.9524016
3972,6.2572145
3973,6.4801645
3974,5.6617827
3975,5.860431
3976,6.5506096
3977,6.0038805
3978,5.769109
3979,7.0860047
3980,6.3933578
3981,6.4749207
3982,7.0387073
3983,9.61487
3984,30.369543
3985,29.749655
3986,5.857367
3987,29.114765
3988,5.7890854
3989,9.021551
3990,7.4524035
3991,6.1506295
3992,7.3533297
3993,5.4986606
3994,6.7020197
3995,6.016144
3996,5.5988665
3997,5.7714744
3998,13.11644
3999,5.615393
4000,6.986431
4001,6.316812
4002,5.757413
4003,6.4301033
4004,15.997966
4005,9.90688
4006,7.7609963
4007,27.489567
4008,8.362108
4009,5.9088855
4010,5.8587456
4011,16.06225
4012,5.354671
4013,6.2176614
4014,6.3609424
4015,5.7528915
4016,6.393224
4017,5.5117936
4018,6.2769027
4019,5.935187
4020,6.814953
4021,5.7220354
4022,5.6544585
4023,5.593021
4024,6.9313555
4025,13.486041
4026,15.248438
4027,7.5122757
4028,5.7462053
4029,9.10274
4030,12.16816
4031,5.2910905
4032,5.607517
4033,10.077239
4034,7.8079286
4035,5.721808
4036,5.658693
4037,7.686911
4038,5.6886554
4039,6.1512885
4040,6.4020996
4041,15.530558
4042,5.82126
4043,48.026844
4044,8.454505
4045,15.498317
4046,5.584781
4047,5.771814
4048,8.148234
4049,9.403926
4050,6.569429
4051,6.616292
4052,6.305879
4053,6.646123
4054,5.3442597
4055,24.780943
4056,6.001648
4057,5.9607697
4058,7.9733214
4059,10.391804
4060,14.074654
4061,6.0098443
4062,8.25872
4063,6.535137
4064,5.7004013
4065,6.525455
4066,7.165175
4067,6.164612
4068,5.4575853
4069,8.277263
4070,6.499454
4071,5.9227395
4072,6.8177524
4073,6.6492853
4074,22.531256
4075,10.63329
4076,5.46169
4077,5.5493517
4078,6.59538
4079,5.8889694
4080,8.35401
4081,6.418954
4082,5.8959475
4083,7.5236306
4084,5.8480453
4085,11.661852
4086,6.066584
4087,7.398641
4088,11.951247
4089,6.0764923
4090,5.682945
4091,5.7357025
4092,9.380939
4093,5.6056476
4094,10.798885
4095,6.912276
4096,6.857268
4097,6.7995667
4098,5.5758896
4099,19.046803
4100,11.971299
4101,9.303406
4102,7.5967956
4103,5.5724077
4104,5.910361
4105,5.812732
4106,6.44873
4107,8.016307
4108,34.753113
4109,6.178537
4110,5.832924
4111,6.0749474
4112,5.665752
4113,5.6224184
4114,8.342831
4115,21.512173
4116,6.660648
4117,5.5776324
4118,6.7954974
4119,6.1252947
4120,5.8605227
4121,6.9987864
4122,6.5891185
4123,7.813431
4124,21.524511
4125,6.3814807
4126,7.650697
4127,27.516357
4128,5.8281035
4129,18.01802
4130,5.530548
4131,6.94296
4132,17.071938
4133,5.759149
4134,5.935642
4135,6.711015
4136,9.895503
4137,5.724037
4138,6.73269
4139,7.338095
4140,5.787497
4141,5.632744
4142,22.410599
4143,5.6400847
4144,7.5793834
4145,6.736728
4146,7.0724382
4147,5.8361907
4148,11.782548
4149,5.829221
4150,5.814052
4151,5.580594
4152,7.9144197
4153,7.231351
4154,12.461284
4155,6.390739
4156,5.820026
4157,5.665723
4158,5.7709517
4159,6.3707566
4160,6.1539435
4161,15.036624
4162,5.998665
4163,5.87693
4164,5.8734407
4165,5.969438
4166,5.635025
4167,5.904822
4168,5.5059724
4169,7.3471885
4170,5.6535783
4171,5.845941
4172,6.097258
4173,6.753302
4174,6.0539384
4175,11.564673
4176,10.56137
4177,5.952606
4178,6.724344
4179,7.871503
4180,7.8949466
4181,5.9076953
4182,6.1707644
4183,23.24491
4184,10.646024
4185,6.481434
4186,5.785042
4187,6.2719827
4188,5.9215364
4189,6.2100983
4190,6.9098163
4191,8.024188
4192,6.0678406
4193,5.617801
4194,7.199327
4195,11.760758
4196,10.925388
4197,7.1423373
4198,5.8485155
4199,6.140329
4200,22.134857
4201,9.851897
4202,7.449272
4203,5.7140517
4204,5.491037
4205,5.498372
4206,10.619437
4207,6.5897675
4208,13.045369
4209,5.6725116
4210,6.984426
4211,7.942296
4212,6.293293
4213,10.22211
4214,5.937758
4215,6.1484985
4216,5.4893265
4217,8.125585
4218,7.801105
4219,6.029712
4220,11.232864
4221,6.6185775
4222,6.5232844
4223,5.618309
4224,9.995869
4225,5.7312136
4226,6.945642
4227,6.1352906
4228,6.5181656
4229,5.790027
4230,7.8823466
4231,7.377794
4232,5.765744
4233,5.57867
4234,6.814152
4235,5.7951694
4236,5.385663
4237,5.787082
4238,8.285603
4239,6.265424
4240,6.561542
4241,7.005835
4242,8.15513
4243,9.617663
4244,5.943785
4245,5.72578
4246,7.577302
4247,6.0312486
4248,6.673388
4249,6.963684
4250,6.376634
4251,7.860151
4252,6.54651
4253,6.3192935
4254,9.671798
4255,6.4796176
4256,6.7048926
4257,5.971785
4258,6.273581
4259,17.298647
4260,6.167482
4261,6.759784
4262,76.59871
4263,6.671148
4264,15.763007
4265,13.661885
4266,6.368735
4267,7.0242357
4268,5.844133
4269,6.2496552
4270,5.802185
4271,7.6492715
4272,6.387813
4273,5.975943
4274,6.8345017
4275,10.012251
4276,6.182916
4277,5.8702884
4278,8.092902
4279,9.786681
4280,13.726466
4281,14.455011
4282,9.341479
4283,5.448372
4284,5.7847857
4285,8.646395
4286,5.44944
4287,7.512977
4288,26.834656
4289,6.978786
4290,5.6602235
4291,5.6583114
4292,5.2232985
4293,5.9591355
4294,5.9821777
4295,5.4520416
4296,7.8497148
4297,5.969333
4298,7.394998
4299,6.5062585
4300,6.497487
4301,5.6817307
4302,5.613449
4303,6.8488054
4304,5.533635
4305,28.997313
4306,9.583053
4307,5.657553
4308,9.689623
4309,7.716741
4310,6.466249
4311,7.2517457
4312,9.591502
4313,6.2670417
4314,28.40293
4315,5.9362903
4316,5.9350953
4317,8.004773
4318,5.8405595
4319,5.9944124
4320,9.883535
4321,20.530523
4322,10.530969
4323,5.454634
4324,5.955463
4325,7.026545
4326,5.908484
4327,6.010225
4328,7.618862
4329,5.624092
4330,5.4655275
4331,6.0563736
4332,8.827701
4333,6.2730975
4334,8.577708
4335,11.208094
4336,34.71762
4337,5.4575286
4338,8.536317
4339,5.8131776
4340,12.013134
4341,11.111848
4342,5.5851655
4343,6.834152
4344,6.859769
4345,10.37411
4346,6.5354204
4347,6.6326127
4348,5.854811
4349,8.3467245
4350,14.675162
4351,7.076791
4352,6.356131
4353,6.3254104
4354,6.7187157
4355,8.315688
4356,6.3837914
4357,9.563905
4358,5.9079666
4359,6.959404
4360,8.525201
4361,6.643571
4362,8.480633
4363,6.8478837
4364,7.2991233
4365,7.807677
4366,8.989779
4367,6.0732155
4368,5.4335985
4369,6.046371
4370,9.590558
4371,5.5620484
4372,6.96403
4373,6.069828
4374,6.721878
4375,6.7317796
4376,6.1242385
4377,6.5552645
4378,7.594661
4379,6.460853
4380,6.480911
4381,6.206343
4382,5.7934723
4383,22.417212
4384,5.8481417
4385,5.8627825
4386,6.6618624
4387,8.430586
4388,5.8992715
4389,7.815924
4390,10.557719
4391,5.9910064
4392,5.508289
4393,6.1993318
4394,5.9658923
4395,7.7456565
4396,6.1317735
4397,6.9193535
4398,5.271947
4399,6.8254976
4400,5.8078637
4401,5.7182984
4402,10.151647
4403,28.166754
4404,14.435592
4405,9.05304
4406,14.308222
4407,10.204122
4408,6.901185
4409,5.8899856
4410,5.795729
4411,6.6361003
4412,9.589981
4413,6.932402
4414,6.069463
4415,5.983542
4416,5.796123
4417,7.9123926
4418,6.1341233
4419,8.791359
4420,17.84235
4421,8.610755
4422,6.240186
4423,5.781078
4424,7.2456026
4425,5.3320923
4426,5.646051
4427,5.4223723
4428,6.0599246
4429,9.504799
4430,6.4600167
4431,5.6349397
4432,6.997866
4433,5.948143
4434,7.096822
4435,7.370595
4436,15.155841
4437,5.6308594
4438,5.9081435
4439,5.823575
4440,7.5659027
4441,6.346498
4442,6.843305
4443,12.8515415
4444,6.306722
4445,6.115349
4446,10.727337
4447,11.2738085
4448,6.183727
4449,5.5137057
4450,6.585393
4451,5.939931
4452,6.229814
4453,6.3848953
4454,5.851758
4455,12.106402
4456,6.429217
4457,6.1866593
4458,7.590477
4459,6.9394608
4460,6.0570116
4461,5.882849
4462,13.786186
4463,5.5941515
4464,6.1106033
4465,6.440866
4466,16.236658
4467,11.538215
4468,31.84173
4469,8.631476
4470,6.192186
4471,12.47697
4472,5.509459
4473,6.1249886
4474,6.1291695
4475,18.760279
4476,6.544862
4477,6.37075
4478,5.756738
4479,7.270855
4480,6.6395617
4481,5.549797
4482,6.6304717
4483,9.081559
4484,20.211782
4485,9.688098
4486,7.0607347
4487,7.8711066
4488,6.5224075
4489,6.236862
4490,6.2991443
4491,9.481879
4492,7.643969
4493,7.060131
4494,6.252495
4495,5.4953995
4496,5.5745683
4497,8.360552
4498,6.517925
4499,6.119794
4500,5.6763077
4501,5.487035
4502,15.861217
4503,8.72115
4504,24.92134
4505,17.096424
4506,5.84016
4507,6.313148
4508,12.735958
4509,6.8049197
4510,7.3354936
4511,8.910668
4512,7.844166
4513,6.6966386
4514,5.9082537
4515,6.35952
4516,5.902429
4517,8.999358
4518,12.80145
4519,5.437433
4520,6.1341667
4521,9.843078
4522,5.680225
4523,5.932407
4524,7.227333
4525,7.539992
4526,13.7679825
4527,6.8159103
4528,8.21696
4529,7.003208
4530,5.391956
4531,5.9031053
4532,6.852028
4533,5.8338013
4534,5.9229064
4535,6.354259
4536,7.7461715
4537,6.4033923
4538,6.2257767
4539,6.32706
4540,8.411563
4541,6.8460245
4542,7.772779
4543,6.3800163
4544,6.337387
4545,6.7057242
4546,7.232541
4547,12.746401
4548,6.9312606
4549,6.087517
4550,18.835918
4551,6.1366305
4552,9.713172
4553,8.192015
4554,5.536397
4555,6.5977182
4556,6.466957
4557,7.294281
4558,7.425569
4559,7.6159654
4560,6.6269836
4561,5.1952453
4562,9.206197
4563,5.7485566
4564,8.900382
4565,10.050417
4566,5.72643
4567,6.5957475
4568,5.887796
4569,7.8751397
4570,7.5089846
4571,6.9436393
4572,10.892699
4573,6.311812
4574,6.3063636
4575,5.8495746
4576,11.211935
4577,10.907389
4578,6.6507487
4579,6.01424
4580,6.2178774
4581,6.02549
4582,12.289841
4583,5.8520584
4584,5.857139
4585,5.5070815
4586,5.3600373
4587,9.720746
4588,6.0430894
4589,11.141388
4590,5.96428
4591,6.3113184
4592,9.375155
4593,5.8222704
4594,6.576033
4595,8.723968
4596,12.609753
4597,5.939304
4598,6.168489
4599,11.195735
4600,5.970778
4601,5.583351
4602,6.390575
4603,22.302877
4604,6.7441444
4605,5.9201064
4606,10.044005
4607,6.6776223
4608,8.09711
4609,5.75952
4610,15.225715
4611,6.1345215
4612,5.5321274
4613,5.7511477
4614,9.070312
4615,5.8944917
4616,6.2089767
4617,11.058086
4618,7.023454
4619,5.5357957
4620,7.191983
4621,9.629495
4622,6.829625
4623,10.900317
4624,5.738614
4625,21.858068
4626,9.173972
4627,28.690002
4628,6.3679695
4629,5.971776
4630,7.599608
4631,7.444131
4632,6.461019
4633,13.040985
4634,21.88362
4635,11.149344
4636,6.4021606
4637,5.365668
4638,5.7795978
4639,11.142817
4640,6.0301027
4641,6.422905
4642,5.307936
4643,8.860972
4644,6.4262795
4645,8.078685
4646,9.360054
4647,5.8075824
4648,5.5199676
4649,6.0542464
4650,5.7111588
4651,8.151647
4652,6.418766
4653,5.778299
4654,8.97342
4655,7.219396
4656,5.47074
4657,20.219124
4658,5.4885836
4659,5.686722
4660,6.0747347
4661,5.7960024
4662,6.0230713
4663,7.9149184
4664,5.761827
4665,5.551924
4666,11.123759
4667,5.7307696
4668,6.0657287
4669,5.5666766
4670,8.629519
4671,6.9824777
4672,5.914487
4673,7.963338
4674,6.017288
4675,6.265756
4676,5.2573686
4677,6.7279677
4678,7.3817134
4679,39.541016
4680,6.071992
4681,5.5014787
4682,5.7864885
4683,5.920137
4684,6.33291
4685,5.718686
4686,6.5791907
4687,7.0885735
4688,14.92692
4689,10.317298
4690,5.8242755
4691,20.36557
4692,5.9263506
4693,7.8329363
4694,5.504976
4695,7.061725
4696,19.497614
4697,7.774676
4698,17.645094
4699,6.8974977
4700,5.970955
4701,6.320499
4702,6.001526
4703,17.701294
4704,26.269165
4705,5.9049196
4706,16.464506
4707,8.699626
4708,5.854613
4709,15.303046
4710,5.851749
4711,7.171869
4712,18.377522
4713,13.660196
4714,5.628679
4715,5.600467
4716,5.7548327
4717,7.658461
4718,5.6952105
4719,12.768027
4720,7.5017877
4721,9.772107
4722,7.9389696
4723,5.7333803
4724,24.616495
4725,5.8093276
4726,5.5010257
4727,14.915519
4728,9.861856
4729,7.321125
4730,10.1135645
4731,9.643677
4732,5.8485765
4733,6.969121
4734,6.373742
4735,6.3146663
4736,6.0026793
4737,5.551656
4738,6.5343957
4739,5.7373595
4740,19.41039
4741,6.5164757
4742,5.807509
4743,9.6933
4744,6.431759
4745,8.412299
4746,6.162675
4747,6.696313
4748,5.904677
4749,8.354498
4750,5.662384
4751,6.252483
4752,5.9158435
4753,25.119797
4754,6.33338
4755,5.988797
4756,6.707916
4757,6.275502
4758,21.081541
4759,8.4926815
4760,6.4086127
4761,5.4612994
4762,6.590576
4763,5.892833
4764,12.722198
4765,7.7227364
4766,6.4833674
4767,9.906864
4768,9.095515
4769,7.680118
4770,8.608546
4771,6.2447734
4772,6.287543
4773,5.854963
4774,8.846657
4775,5.933152
4776,15.586108
4777,26.073233
4778,5.9335437
4779,6.4632287
4780,7.353332
4781,5.7716827
4782,7.1598907
4783,10.793091
4784,8.454085
4785,5.651323
4786,5.463988
4787,9.424426
4788,6.4706244
4789,5.470108
4790,6.6196594
4791,6.88606
4792,6.718339
4793,21.944061
4794,5.473581
4795,7.120476
4796,7.507666
4797,6.0526934
4798,5.9995117
4799,7.3116417
4800,5.2313995
4801,7.1038055
4802,5.6832733
4803,5.5224915
4804,5.8423953
4805,5.860658
4806,15.630823
4807,13.958
4808,6.545875
4809,6.088623
4810,8.083236
4811,6.5221705
4812,15.500137
4813,6.8269515
4814,6.0475707
4815,5.704416
4816,6.1930375
4817,6.6792817
4818,6.2096543
4819,5.340503
4820,6.042629
4821,29.839064
4822,11.966858
4823,8.590953
4824,7.5879107
4825,8.135673
4826,9.592784
4827,5.9286804
4828,5.650725
4829,5.1029906
4830,6.0035205
4831,9.446864
4832,5.547563
4833,5.400865
4834,12.67972
4835,7.4606705
4836,6.53266
4837,8.332798
4838,6.7625756
4839,6.3699327
4840,5.3869967
4841,5.692961
4842,8.728822
4843,5.949291
4844,5.934009
4845,12.911574
4846,5.586371
4847,6.326452
4848,5.5549393
4849,5.8504653
4850,23.16634
4851,7.2142653
4852,5.565816
4853,9.181923
4854,6.6777635
4855,5.7925873
4856,12.170131
4857,5.534378
4858,9.057294
4859,15.40405
4860,19.73108
4861,5.876157
4862,22.417973
4863,5.8880997
4864,5.5306077
4865,5.5924044
4866,7.241118
4867,5.486563
4868,6.115701
4869,5.627977
4870,6.3907013
4871,8.167692
4872,6.1320977
4873,5.540077
4874,5.745169
4875,9.537294
4876,5.9059725
4877,6.528048
4878,8.027297
4879,6.399335
4880,5.905788
4881,5.575664
4882,25.534369
4883,5.761206
4884,5.768277
4885,5.247107
4886,7.9556246
4887,6.427659
4888,7.0571094
4889,6.392531
4890,6.639778
4891,7.9998584
4892,9.754212
4893,6.020411
4894,5.9369507
4895,5.7015963
4896,8.099331
4897,6.525834
4898,6.2281833
4899,5.790775
4900,5.7524276
4901,9.843198
4902,6.6599717
4903,31.441437
4904,5.586713
4905,7.516969
4906,6.6369586
4907,6.769504
4908,5.86389
4909,5.911876
4910,6.2617264
4911,7.12936
4912,6.552199
4913,6.5126534
4914,9.247868
4915,6.042647
4916,5.7670975
4917,6.243426
4918,6.6076236
4919,6.452755
4920,18.04346
4921,9.072756
4922,16.450783
4923,5.679671
4924,11.353679
4925,29.438837
4926,7.0498843
4927,11.205569
4928,6.962537
4929,6.2098017
4930,14.572713
4931,6.7605553
4932,5.716133
4933,8.42105
4934,7.947517
4935,5.793846
4936,5.784662
4937,6.6248803
4938,5.8640504
4939,6.0162797
4940,6.757192
4941,5.7559266
4942,20.180296
4943,12.406096
4944,5.8941817
4945,5.867935
4946,13.409838
4947,6.7075973
4948,14.905367
4949,7.279878
4950,9.51256
4951,5.7957087
4952,7.192844
4953,6.286757
4954,6.391436
4955,6.55581
4956,5.4797716
4957,6.136646
4958,7.065445
4959,6.7856555
4960,5.875763
4961,6.800714
4962,6.208909
4963,6.0844164
4964,8.791699
4965,6.5046806
4966,6.2106576
4967,24.856647
4968,7.2727838
4969,5.7777376
4970,6.100287
4971,6.19449
4972,5.7415557
4973,5.5736513
4974,7.6534133
4975,5.409883
4976,11.078947
4977,7.390186
4978,6.5617332
4979,6.546717
4980,6.4237647
4981,6.6787105
4982,5.973596
4983,15.268463
4984,7.945476
4985,5.582672
4986,5.800493
4987,5.503244
4988,5.800821
4989,5.799965
4990,6.250595
4991,6.0052996
4992,5.5867996
4993,9.58024
4994,6.076702
4995,8.698868
4996,6.430394
4997,10.182387
4998,5.681076
4999,8.078401
5000,9.436724
5001,6.451921
5002,6.3515177
5003,6.1271987
5004,6.294226
5005,15.007701
5006,6.367149
5007,38.315132
5008,13.62974
5009,7.8985534
5010,6.149916
5011,5.6869354
5012,8.914439
5013,5.8260818
5014,8.69662
5015,5.7035356
5016,5.9217086
5017,7.448468
5018,6.992298
5019,9.425267
5020,8.129623
5021,5.966414
5022,7.7462
5023,7.032689
5024,5.8170495
5025,9.510894
5026,6.537717
5027,10.01639
5028,6.3298273
5029,5.5333605
5030,5.6658173
5031,5.8979707
5032,5.7523303
5033,6.8853183
5034,6.0415864
5035,8.032413
5036,9.572077
5037,7.253412
5038,6.61276
5039,5.9134493
5040,6.182663
5041,8.421004
5042,28.915756
5043,5.2843475
5044,5.4934173
5045,13.498589
5046,6.1299562
5047,8.4933195
5048,6.07977
5049,9.170266
5050,8.931167
5051,5.777997
5052,5.579103
5053,5.4653535
5054,9.163764
5055,5.65663
5056,5.7590747
5057,5.7902727
5058,17.336092
5059,6.6737785
5060,9.793259
5061,5.6634126
5062,5.7704806
5063,6.305332
5064,5.819618
5065,12.918319
5066,9.463069
5067,8.037993
5068,6.304732
5069,6.4651847
5070,7.5544405
5071,6.539211
5072,6.1781907
5073,7.486043
5074,10.898096
5075,5.7203264
5076,8.483534
5077,5.8531213
5078,6.6322913
5079,6.3454704
5080,5.8431015
5081,5.57977
5082,5.8164353
5083,5.9423347
5084,7.3734164
5085,8.73036
5086,6.048059
5087,30.193512
5088,5.8029175
5089,7.5505805
5090,5.660188
5091,5.626207
5092,5.818846
5093,6.111763
5094,5.344269
5095,5.697765
5096,5.6646132
5097,6.0501695
5098,6.9445558
5099,6.240583
5100,5.6479964
5101,7.9837604
5102,7.9323716
5103,5.798253
5104,5.9260836
5105,7.8403735
5106,5.9158554
5107,5.689824
5108,16.846565
5109,5.537628
5110,7.217673
5111,6.317211
5112,6.249992
5113,6.006972
5114,8.961772
5115,5.78089
5116,6.1924586
5117,6.3268914
5118,8.515037
5119,5.416063
5120,6.432894
5121,6.253635
5122,6.093759
5123,6.1555505
5124,8.871005
5125,5.931279
5126,6.484609
5127,6.3194556
5128,7.543968
5129,5.7994432
5130,10.276282
5131,5.787689
5132,11.452868
5133,6.8425155
5134,6.671047
5135,7.8101687
5136,6.145969
5137,6.9270325
5138,6.8987427
5139,7.5653224
5140,6.2011104
5141,9.330059
5142,6.493463
5143,6.5047984
5144,6.3659987
5145,6.674643
5146,5.692183
5147,7.3617167
5148,5.581699
5149,7.7189593
5150,6.0261245
5151,5.8720794
5152,6.2536864
5153,7.065519
5154,5.540401
5155,5.6259723
5156,7.8709536
5157,6.6864
5158,6.5738726
5159,6.025879
5160,14.944308
5161,6.5466247
5162,6.6963882
5163,6.49423
5164,6.9624863
5165,5.730396
5166,5.891641
5167,5.6331363
5168,5.8636675
5169,23.798292
5170,6.4700084
5171,5.494893
5172,6.4695296
5173,5.860475
5174,5.9409037
5175,27.566298
5176,6.2984834
5177,5.652295
5178,6.3933043
5179,5.8440537
5180,7.8610353
5181,6.402983
5182,8.183177
5183,14.826426
5184,6.287538
5185,28.176603
5186,7.458594
5187,6.080856
5188,6.0723786
5189,5.6214557
5190,21.284449
5191,5.8746123
5192,7.1845627
5193,6.0385804
5194,6.2451906
5195,10.8120985
5196,7.126157
5197,5.7535186
5198,6.661312
5199,6.353687
5200,8.744857
5201,5.7247057
5202,24.853521
5203,5.8290377
5204,6.141519
5205,7.838321
5206,11.430816
5207,6.3619432
5208,5.6694245
5209,24.134256
5210,8.013054
5211,5.949839
5212,6.921724
5213,6.205973
5214,8.214469
5215,5.9727664
5216,11.857641
5217,6.7502885
5218,6.345247
5219,6.719169
5220,8.495861
5221,6.0325
5222,6.283797
5223,5.7899013
5224,6.566446
5225,15.034392
5226,15.760653
5227,6.0033927
5228,5.7624817
5229,7.1804156
5230,6.6400294
5231,8.922404
5232,5.762676
5233,5.7215486
5234,5.7994003
5235,6.9684443
5236,6.5438247
5237,8.636994
5238,5.7196593
5239,6.527888
5240,11.067516
5241,7.069731
5242,6.7838073
5243,8.233792
5244,6.0792284
5245,5.571045
5246,5.5593004
5247,5.7330184
5248,7.0273185
5249,6.18649
5250,5.8507705
5251,7.1544023
5252,16.221914
5253,7.243332
5254,5.5607314
5255,5.6730866
5256,5.882028
5257,6.860987
5258,17.434698
5259,81.74374
5260,5.313971
5261,10.661941
5262,5.943254
5263,10.8503065
5264,6.598943
5265,8.394924
5266,9.917811
5267,5.3875856
5268,6.9899087
5269,9.965494
5270,5.4601226
5271,5.949103
5272,5.6767974
5273,5.7163467
5274,18.590036
5275,8.019965
5276,5.7663608
5277,5.903253
5278,8.307226
5279,5.963301
5280,5.6280227
5281,6.5018725
5282,6.371422
5283,5.637256
5284,5.6805053
5285,8.625524
5286,9.748431
5287,7.6272416
5288,5.5698943
5289,6.0378146
5290,6.3092957
5291,6.304498
5292,7.0853767
5293,6.235479
5294,22.175516
5295,6.4522157
5296,6.025116
5297,5.5915008
5298,13.514447
5299,5.727742
5300,5.390776
5301,5.5317307
5302,8.531951
5303,19.24874
5304,5.8334365
5305,6.8407817
5306,30.105528
5307,6.3362184
5308,5.823433
5309,5.994915
5310,6.391933
5311,6.086429
5312,5.706737
5313,5.9750886
5314,5.4582458
5315,5.9710145
5316,5.6666627
5317,10.49474
5318,6.246469
5319,7.7415085
5320,7.9256973
5321,5.6267076
5322,5.7659135
5323,13.693382
5324,5.6935196
5325,5.77601
5326,6.186578
5327,5.708032
5328,6.3347015
5329,15.023033
5330,6.44281
5331,10.237678
5332,6.251882
5333,7.2313676
5334,10.432602
5335,9.018389
5336,6.1189075
5337,6.4467545
5338,85.47334
5339,6.5009246
5340,5.574449
5341,5.6615996
5342,8.126706
5343,5.7528214
5344,14.452499
5345,6.9190593
5346,5.893387
5347,5.7755938
5348,6.116718
5349,5.5559816
5350,13.220798
5351,10.162712
5352,7.4052157
5353,5.8621764
5354,8.775386
5355,5.7818255
5356,6.218489
5357,6.650177
5358,5.8771715
5359,9.08503
5360,5.710222
5361,5.4280963
5362,6.6653237
5363,5.9660125
5364,7.087102
5365,11.814633
5366,6.9148593
5367,7.434471
5368,5.8606615
5369,5.8237047
5370,6.165404
5371,6.5385394
5372,10.649384
5373,12.984407
5374,6.3559084
5375,6.3207293
5376,5.890912
5377,5.839769
5378,5.5489306
5379,5.902744
5380,6.0252533
5381,5.760675
5382,5.8144355
5383,9.248331
5384,5.867505
5385,10.940101
5386,5.974515
5387,5.987944
5388,5.626381
5389,6.1687837
5390,11.211206
5391,7.4381976
5392,6.96429
5393,6.097116
5394,6.627098
5395,5.884421
5396,6.972188
5397,15.630127
5398,5.7440233
5399,5.995711
5400,5.530553
5401,21.89363
5402,6.1657333
5403,6.3725853
5404,7.9138637
5405,7.2823915
5406,7.0312614
5407,10.255913
5408,15.916511
5409,7.8318315
5410,5.908893
5411,5.83658
5412,7.9586387
5413,6.1119103
5414,9.078986
5415,22.396784
5416,5.5357027
5417,5.3891892
5418,18.957747
5419,5.6352983
5420,6.1707873
5421,8.737229
5422,15.733551
5423,8.360129
5424,6.00864
5425,25.31049
5426,15.615552
5427,5.924951
5428,9.8958645
5429,8.712528
5430,5.7834
5431,5.9939513
5432,18.321547
5433,5.9154634
5434,5.3929763
5435,6.084665
5436,9.907663
5437,6.0415206
5438,11.008735
5439,6.5395036
5440,6.0817804
5441,5.64142
5442,5.651747
5443,9.39811
5444,7.3531837
5445,5.5570617
5446,10.650455
5447,5.875891
5448,29.762548
5449,7.8270087
5450,5.371179
5451,16.207392
5452,5.833763
5453,7.3355455
5454,5.8176622
5455,6.015575
5456,11.500988
5457,5.7905
5458,7.9766145
5459,10.245389
5460,9.140745
5461,38.73067
5462,5.7260513
5463,6.2073135
5464,5.852802
5465,20.422981
5466,8.044988
5467,5.493709
5468,5.6391907
5469,5.772298
5470,6.4106874
5471,5.743895
5472,6.3674483
5473,6.813624
5474,8.058635
5475,5.755864
5476,5.4264145
5477,6.4361506
5478,5.6682267
5479,6.085163
5480,6.09163
5481,10.11002
5482,6.4471
5483,6.7525024
5484,5.909337
5485,5.875632
5486,7.9571633
5487,8.796329
5488,10.24886
5489,7.391304
5490,18.377872
5491,27.15457
5492,8.044514
5493,6.3062134
5494,6.560952
5495,5.5109024
5496,9.152092
5497,6.4017296
5498,6.0938325
5499,8.164241
5500,6.601423
5501,6.761373
5502,6.5919847
5503,6.8856707
5504,7.3237796
5505,6.0437045
5506,8.09653
5507,15.060569
5508,6.057875
5509,5.4227557
5510,5.6636734
5511,6.1614337
5512,6.3300414
5513,5.633475
5514,6.1874404
5515,5.278943
5516,5.705925
5517,34.082836
5518,15.155504
5519,5.896431
5520,8.4119625
5521,6.4272537
5522,7.7092676
5523,7.286434
5524,12.7998705
5525,6.3275523
5526,7.1026926
5527,5.3219438
5528,6.015453
5529,6.2909975
5530,10.026728
5531,6.1795306
5532,5.975812
5533,5.4084306
5534,7.6069374
5535,6.266174
5536,6.6651015
5537,6.1337037
5538,9.615085
5539,6.235888
5540,5.46676
5541,6.1913195
5542,5.5340133
5543,6.5995064
5544,6.252144
5545,8.57942
5546,6.8876123
5547,7.1843934
5548,7.5656724
5549,6.592383
5550,6.1580415
5551,5.513501
5552,6.274086
5553,6.7029357
5554,6.930392
5555,7.3059654
5556,6.1051497
5557,5.7537627
5558,6.042625
5559,6.6318207
5560,6.198932
5561,5.895038
5562,5.917198
5563,7.587504
5564,7.333156
5565,5.344185
5566,6.1299376
5567,6.514881
5568,18.204617
5569,6.677756
5570,5.577493
5571,5.7884736
5572,5.9196014
5573,5.8275237
5574,9.119598
5575,5.5252337
5576,7.6430216
5577,11.671638
5578,5.4276614
5579,6.030994
5580,6.684288
5581,16.07988
5582,6.44231
5583,5.571416
5584,7.3232164
5585,6.0772767
5586,5.709705
5587,9.430326
5588,23.8503
5589,6.8427095
5590,5.9130607
5591,6.438038
5592,6.4261603
5593,6.4930162
5594,7.850399
5595,5.9489884
5596,8.213821
5597,7.5773807
5598,6.821083
5599,12.383328
5600,5.512712
5601,6.2578692
5602,6.6792116
5603,7.716114
5604,7.000834
5605,11.176842
5606,6.104455
5607,10.989989
5608,31.078093
5609,9.327514
5610,5.2767825
5611,9.781382
5612,6.883344
5613,7.61552
5614,18.045385
5615,7.3817415
5616,10.102763
5617,9.08327
5618,5.940459
5619,9.144202
5620,8.621101
5621,8.831649
5622,6.6041193
5623,5.83602
5624,5.9690433
5625,6.022649
5626,5.7296386
5627,5.826895
5628,5.9592624
5629,5.6476703
5630,7.9135528
5631,6.7994204
5632,6.7859154
5633,6.795738
5634,11.896668
5635,5.6650195
5636,5.752893
5637,5.856073
5638,8.057383
5639,5.9187303
5640,18.916714
5641,6.6370826
5642,5.9450874
5643,11.92215
5644,6.570479
5645,20.043682
5646,5.8462296
5647,24.54987
5648,6.9795136
5649,11.425667
5650,6.471667
5651,9.636394
5652,5.648378
5653,8.357604
5654,5.9258347
5655,5.8454776
5656,54.98025
5657,12.612815
5658,5.5420427
5659,5.569351
5660,5.6850863
5661,6.2725687
5662,14.486322
5663,5.4026427
5664,6.497248
5665,7.2567325
5666,6.572718
5667,5.8527026
5668,5.670831
5669,5.995439
5670,6.3776345
5671,7.506244
5672,17.723616
5673,5.6754365
5674,25.768167
5675,5.43065
5676,7.1416636
5677,6.595863
5678,8.677746
5679,8.103722
5680,6.119326
5681,6.0664077
5682,21.605606
5683,8.7691965
5684,8.012282
5685,6.1625404
5686,14.311251
5687,5.700664
5688,28.685255
5689,6.269037
5690,7.4963455
5691,5.582486
5692,6.3675895
5693,13.594617
5694,5.4217944
5695,9.173148
5696,6.195968
5697,6.0527115
5698,5.731004
5699,24.238419
5700,5.2966003
5701,6.223227
5702,5.755964
5703,5.7056365
5704,5.3604617
5705,15.37485
5706,5.9204955
5707,5.6810317
5708,7.0273376
5709,6.764787
5710,6.28486
5711,12.412231
5712,6.3697085
5713,7.908535
5714,6.167377
5715,5.6552033
5716,6.1786914
5717,5.81707
5718,6.8286705
5719,15.52222
5720,8.52012
5721,8.600943
5722,6.7291155
5723,7.359624
5724,5.99794
5725,6.8163543
5726,12.183856
5727,6.90818
5728,18.883734
5729,6.4064574
5730,11.623907
5731,15.127448
5732,20.780558
5733,6.4462113
5734,5.7578278
5735,6.148267
5736,6.1139054
5737,7.525551
5738,5.5259337
5739,11.952746
5740,5.8622255
5741,7.4681
5742,10.916981
5743,8.01966
5744,5.2499957
5745,6.27994
5746,9.734956
5747,6.103902
5748,6.1286483
5749,8.019094
5750,7.641969
5751,7.9526863
5752,8.133011
5753,10.751715
5754,5.8845477
5755,5.8840623
5756,14.033188
5757,5.328035
5758,8.145431
5759,7.3381896
5760,5.9236374
5761,5.951528
5762,5.7668
5763,6.6756415
5764,6.0925536
5765,10.388701
5766,5.3652115
5767,13.433637
5768,5.898117
5769,5.80596
5770,5.8078523
5771,5.804962
5772,7.654865
5773,8.707414
5774,5.8052444
5775,11.476443
5776,8.937209
5777,5.795888
5778,9.393982
5779,6.6279116
5780,8.256814
5781,5.7380815
5782,5.840959
5783,5.523061
5784,6.03593
5785,5.9963365
5786,5.830826
5787,9.056615
5788,5.771567
5789,10.161693
5790,5.7178483
5791,6.3692474
5792,8.669822
5793,7.148113
5794,10.535
5795,5.294864
5796,16.473566
5797,10.356428
5798,5.6303225
5799,5.7061343
5800,5.9676194
5801,10.907745
5802,9.7687
5803,6.289499
5804,5.940334
5805,6.8738313
5806,9.316067
5807,6.140269
5808,6.851097
5809,9.478103
5810,6.0278506
5811,6.9081473
5812,15.1961565
5813,8.3811865
5814,6.152164
5815,6.038318
5816,8.166385
5817,6.004799
5818,9.545291
5819,9.213381
5820,8.15948
5821,6.0759172
5822,5.8751616
5823,5.911453
5824,12.536925
5825,14.364219
5826,5.86353
5827,5.566466
5828,6.358766
5829,9.449496
5830,6.379953
5831,15.966888
5832,5.3460402
5833,7.766971
5834,7.409517
5835,18.747082
5836,9.46606
5837,5.635831
5838,5.789006
5839,6.102324
5840,5.339554
5841,5.715262
5842,6.5387583
5843,10.432747
5844,13.701944
5845,9.401658
5846,6.0987496
5847,6.0653367
5848,6.243675
5849,7.515973
5850,5.879703
5851,6.922919
5852,5.016483
5853,5.040268
5854,7.818729
5855,5.6768603
5856,5.7360735
5857,7.158834
5858,6.7376885
5859,6.1393237
5860,14.072545
5861,8.011393
5862,8.87494
5863,5.9888263
5864,5.6495104
5865,8.080896
5866,5.4155793
5867,5.593933
5868,6.5318804
5869,5.4502153
5870,26.959513
5871,6.381295
5872,7.1459856
5873,6.8524947
5874,5.44996
5875,7.364062
5876,5.4985323
5877,6.282993
5878,5.514563
5879,5.818577
5880,6.3913226
5881,6.528577
5882,8.270836
5883,5.800589
5884,12.911719
5885,6.11165
5886,6.4316344
5887,5.7740984
5888,7.5541162
5889,9.256617
5890,5.564284
5891,5.864525
5892,6.2579203
5893,31.96439
5894,7.5352283
5895,5.9949265
5896,8.44978
5897,5.7490616
5898,6.7436595
5899,8.27006
5900,10.618854
5901,6.878798
5902,5.7728715
5903,6.4201775
5904,6.137857
5905,5.9652376
5906,6.5636077
5907,6.1156282
5908,5.9269776
5909,36.13852
5910,5.5607257
5911,12.33697
5912,7.222965
5913,26.414137
5914,5.88569
5915,5.7290406
5916,7.604801
5917,14.112424
5918,9.805519
5919,6.3626413
5920,5.579469
5921,5.85132
5922,6.822801
5923,7.165947
5924,6.2373476
5925,5.8964295
5926,8.821371
5927,5.8282943
5928,49.74171
5929,19.408058
5930,8.249684
5931,10.823308
5932,11.126425
5933,6.7894754
5934,5.4300447
5935,5.8937716
5936,5.555454
5937,5.7342377
5938,6.2279696
5939,6.6895328
5940,7.139194
5941,7.1029534
5942,7.5917563
5943,7.5819907
5944,6.3076677
5945,7.699731
5946,13.212558
5947,5.4299226
5948,24.611155
5949,6.197143
5950,12.276288
5951,16.876783
5952,6.5070887
5953,6.4704766
5954,11.257403
5955,6.066017
5956,7.68766
5957,6.0259285
5958,18.86729
5959,5.822255
5960,10.871833
5961,16.275017
5962,5.9204593
5963,5.770041
5964,5.7986484
5965,11.3420515
5966,11.974305
5967,5.769275
5968,6.6708536
5969,8.7290535
5970,5.533298
5971,6.0467296
5972,5.5484576
5973,5.809261
5974,9.235324
5975,13.986644
5976,6.296758
5977,6.464334
5978,7.880436
5979,6.0603256
5980,5.8822227
5981,6.620903
5982,7.010593
5983,8.152408
5984,6.4649405
5985,6.464294
5986,6.6719728
5987,5.632895
5988,6.1589637
5989,5.6407714
5990,7.7629294
5991,6.3801703
5992,5.965004
5993,8.083864
5994,5.9173784
5995,16.95972
5996,5.8187227
5997,10.207494
5998,5.861131
5999,10.895404
6000,5.5123553
6001,5.671205
6002,8.436044
6003,18.394644
6004,11.83561
6005,8.165358
6006,10.541831
6007,5.802045
6008,6.3026047
6009,7.258348
6010,9.689049
6011,13.472585
6012,6.7353325
6013,9.644
6014,8.60419
6015,5.5672774
6016,5.98047
6017,5.8092012
6018,5.8062654
6019,7.19209
6020,5.812013
6021,6.020723
6022,5.9476547
6023,10.967899
6024,6.159894
6025,5.86467
6026,16.712507
6027,7.2341065
6028,5.7769136
6029,5.523685
6030,6.2955375
6031,5.5588975
6032,5.1726747
6033,7.3146577
6034,14.405479
6035,7.316655
6036,7.220863
6037,5.705701
6038,6.3476586
6039,12.609125
6040,6.337841
6041,9.891836
6042,6.087279
6043,7.3977203
6044,5.953148
6045,17.138811
6046,8.069714
6047,5.6358857
6048,5.7251678
6049,6.114269
6050,6.3943863
6051,7.06311
6052,21.070671
6053,6.037581
6054,7.171595
6055,5.8056006
6056,8.19966
6057,6.0165987
6058,5.657196
6059,5.904941
6060,9.179807
6061,32.06429
6062,5.7914157
6063,13.694504
6064,19.91491
6065,5.93293
6066,6.728232
6067,7.8381667
6068,8.291623
6069,6.7827296
6070,8.548101
6071,5.91814
6072,9.846646
6073,5.4968324
6074,5.8722672
6075,6.2164493
6076,24.229568
6077,6.8189425
6078,5.6418643
6079,10.797481
6080,5.7732196
6081,6.6001596
6082,7.4448166
6083,6.176216
6084,5.6175447
6085,5.8533053
6086,12.400519
6087,7.102449
6088,6.1286483
6089,6.854693
6090,6.5715365
6091,5.358188
6092,10.969972
6093,5.6758623
6094,31.88733
6095,6.2207284
6096,5.531575
6097,5.8019443
6098,17.700874
6099,6.3679857
6100,6.859716
6101,7.5824876
6102,5.9852624
6103,9.339236
6104,10.976349
6105,5.6289763
6106,6.259198
6107,6.03214
6108,6.620506
6109,5.687448
6110,5.3877993
6111,6.068077
6112,7.9901285
6113,7.80298
6114,7.3109155
6115,6.1611056
6116,6.562375
6117,6.718263
6118,6.169011
6119,7.195245
6120,6.208646
6121,9.87085
6122,6.614843
6123,8.952403
6124,5.99554
6125,5.775154
6126,11.096675
6127,6.271829
6128,6.298519
6129,5.711656
6130,6.86711
6131,7.271375
6132,5.120149
6133,6.4362907
6134,14.621427
6135,9.788699
6136,5.7540145
6137,8.085848
6138,5.9905257
6139,7.064552
6140,5.6239963
6141,6.0071826
6142,6.5028963
6143,6.382217
6144,5.8653183
6145,8.002853
6146,10.230608
6147,7.2321825
6148,6.9152923
6149,6.342865
6150,7.19003
6151,6.3360186
6152,6.6764083
6153,8.626816
6154,12.249455
6155,6.1328235
6156,9.512122
6157,5.875516
6158,5.9172897
6159,5.8790894
6160,6.214723
6161,6.902726
6162,5.665912
6163,5.9280486
6164,8.232664
6165,40.551064
6166,6.54864
6167,5.3507233
6168,6.6087813
6169,11.342379
6170,5.955144
6171,6.8097887
6172,9.935474
6173,40.294006
6174,5.995754
6175,5.5883346
6176,5.61557
6177,5.547565
6178,15.46658
6179,8.980645
6180,8.1567955
6181,6.060164
6182,5.5893264
6183,14.84141
6184,26.655079
6185,5.6742525
6186,7.695714
6187,6.9762864
6188,6.050294
6189,5.6941695
6190,5.529134
6191,6.668058
6192,5.680507
6193,14.6298065
6194,5.790645
6195,6.6184325
6196,5.350423
6197,7.3537593
6198,11.466455
6199,8.101175
6200,6.6572466
6201,8.788756
6202,7.4928164
6203,8.635694
6204,5.9214606
6205,14.04657
6206,5.6601534
6207,8.277827
6208,11.959244
6209,6.3571
6210,8.08113
6211,10.008212
6212,5.939972
6213,6.3075995
6214,5.7537875
6215,6.142067
6216,7.298823
6217,7.3739457
6218,9.432361
6219,5.8764052
6220,5.5711303
6221,11.955287
6222,7.4325366
6223,7.261081
6224,7.3203325
6225,8.450276
6226,8.040786
6227,5.9579287
6228,6.16776
6229,6.4335237
6230,8.057356
6231,5.748717
6232,9.492666
6233,8.848475
6234,5.883313
6235,6.277935
6236,5.8556414
6237,7.837613
6238,9.694273
6239,5.851663
6240,7.6564164
6241,8.529704
6242,9.327028
6243,5.903366
6244,5.749437
6245,26.520863
6246,5.0438247
6247,10.42695
6248,6.1444774
6249,6.475082
6250,5.8951964
6251,10.056517
6252,6.229856
6253,9.767131
6254,12.36704
6255,54.671425
6256,7.3042727
6257,13.873937
6258,6.8187823
6259,6.349788
6260,14.841632
6261,9.633367
6262,6.6366053
6263,6.276456
6264,16.011183
6265,14.858066
6266,6.1244125
6267,6.214415
6268,12.418429
6269,5.6493425
6270,13.702311
6271,6.7576866
6272,43.565735
6273,11.141708
6274,9.368373
6275,5.970675
6276,39.484394
6277,6.701501
6278,5.7327332
6279,5.9616485
6280,5.8700304
6281,5.7322893
6282,5.7928348
6283,5.4594436
6284,5.8387465
6285,18.943073
6286,5.8089128
6287,5.684091
6288,5.9531665
6289,6.0553513
6290,5.743039
6291,25.376118
6292,28.111542
6293,12.111074
6294,6.016669
6295,6.9554353
6296,5.6867785
6297,5.89048
6298,9.502995
6299,8.612727
6300,6.894864
6301,5.6102557
6302,5.978157
6303,5.950644
6304,5.127495
6305,6.091025
6306,6.1366515
6307,8.564842
6308,5.288846
6309,6.136959
6310,7.958552
6311,9.826804
6312,7.3456283
6313,5.7156296
6314,6.8573756
6315,7.8724794
6316,6.3662004
6317,9.762153
6318,12.112322
6319,5.8418245
6320,8.170831
6321,6.710725
6322,7.212957
6323,26.920399
6324,16.494617
6325,5.7938523
6326,5.693756
6327,5.7096744
6328,6.629271
6329,16.870474
6330,6.070913
6331,8.164674
6332,8.728206
6333,6.542895
6334,6.199512
6335,5.71463
6336,5.5259185
6337,5.587236
6338,6.9429703
6339,6.0116487
6340,10.100196
6341,5.531934
6342,6.4234195
6343,39.154755
6344,5.8705306
6345,8.818315
6346,5.321016
6347,8.064437
6348,5.8019958
6349,9.376309
6350,6.4640527
6351,5.94124
6352,8.506899
6353,14.218627
6354,6.2953463
6355,6.8286057
6356,7.4139276
6357,15.450307
6358,6.920649
6359,5.64433
6360,11.516231
6361,5.4877763
6362,17.65653
6363,5.743768
6364,6.4487853
6365,5.8421893
6366,7.968824
6367,5.8967514
6368,5.6627746
6369,6.053206
6370,10.745837
6371,5.947618
6372,5.4813266
6373,7.1413283
6374,29.757471
6375,7.580031
6376,12.897107
6377,5.5256653
6378,7.8413568
6379,6.197681
6380,5.8854065
6381,7.6343474
6382,6.5234733
6383,29.22769
6384,5.902185
6385,8.662376
6386,6.5233
6387,6.5123134
6388,17.186535
6389,7.1294723
6390,6.193718
6391,5.704712
6392,45.727802
6393,6.162465
6394,8.493034
6395,6.613949
6396,8.326023
6397,11.450248
6398,7.7675767
6399,8.318106
6400,5.8473406
6401,33.152203
6402,6.3314414
6403,9.354952
6404,12.035913
6405,6.2161202
6406,15.70387
6407,5.4342685
6408,6.4963884
6409,7.753218
6410,5.261853
6411,7.3508983
6412,7.9792557
6413,5.847444
6414,6.6614656
6415,6.134851
6416,5.765245
6417,5.959465
6418,5.9431443
6419,9.845595
6420,7.046754
6421,34.158813
6422,6.3896685
6423,10.9021635
6424,6.0779967
6425,15.697394
6426,6.6392245
6427,14.59854
6428,5.7983155
6429,6.959123
6430,5.6875
6431,6.7916236
6432,6.2061524
6433,6.367261
6434,5.762175
6435,5.439615
6436,6.268619
6437,5.9184966
6438,6.521554
6439,5.9754105
6440,5.7215867
6441,5.1566544
6442,6.0838532
6443,9.649529
6444,11.701904
6445,5.610399
6446,5.801128
6447,7.397237
6448,5.972435
6449,15.656998
6450,6.120154
6451,6.0565567
6452,16.78434
6453,7.0814757
6454,8.9226675
6455,13.761512
6456,8.969074
6457,5.898292
6458,7.459363
6459,6.4911585
6460,8.46412
6461,5.5311127
6462,7.113051
6463,12.229129
6464,5.2837267
6465,5.7472644
6466,5.9722643
6467,7.4753733
6468,5.914455
6469,7.740425
6470,8.757531
6471,5.607906
6472,6.0479736
6473,9.080444
6474,5.744986
6475,5.6617813
6476,30.624826
6477,9.547406
6478,6.045981
6479,5.592876
6480,5.789197
6481,10.350995
6482,42.506977
6483,7.585132
6484,9.595728
6485,12.931104
6486,5.1932693
6487,6.0338564
6488,7.700557
6489,6.4808617
6490,12.142611
6491,6.713755
6492,5.270519
6493,12.175977
6494,12.485097
6495,6.1655793
6496,10.746932
6497,19.671673
6498,5.9385085
6499,5.7182693
6500,5.9878726
6501,6.7905784
6502,5.8132906
6503,7.841678
6504,5.9078646
6505,5.316318
6506,7.009945
6507,5.5357866
6508,5.547339
6509,6.103818
6510,7.0307107
6511,7.982957
6512,11.849769
6513,11.453964
6514,5.679078
6515,5.876981
6516,5.829956
6517,6.0555787
6518,5.643439
6519,6.4106913
6520,7.8711734
6521,6.160553
6522,5.9733214
6523,6.6262217
6524,6.3614717
6525,7.5355506
6526,6.266549
6527,8.129577
6528,7.3774796
6529,24.372025
6530,18.33129
6531,5.522011
6532,5.8484445
6533,6.1530375
6534,6.6116624
6535,5.7199984
6536,5.7888293
6537,5.91382
6538,7.9593897
6539,5.9520583
6540,7.1761155
6541,16.886791
6542,29.863983
6543,8.622213
6544,7.291375
6545,6.302182
6546,11.46749
6547,28.34371
6548,5.7627993
6549,6.375587
6550,16.424349
6551,6.2129035
6552,8.890995
6553,6.2046013
6554,8.806579
6555,4.9864154
6556,11.491412
6557,5.3105774
6558,6.274427
6559,5.7551928
6560,5.421022
6561,5.7505145
6562,6.2716613
6563,7.1230936
6564,5.7950225
6565,8.62242
6566,15.040412
6567,27.473997
6568,6.3683257
6569,6.344434
6570,5.841554
6571,5.8279834
6572,7.638327
6573,6.3030214
6574,12.060968
6575,5.829245
6576,5.589348
6577,6.6427226
6578,14.499988
6579,7.2914352
6580,13.712293
6581,5.890802
6582,6.929712
6583,6.074817
6584,5.627109
6585,13.243161
6586,7.1962886
6587,7.220909
6588,6.022531
6589,8.959727
6590,5.4139023
6591,19.550573
6592,5.964087
6593,6.5217967
6594,10.505594
6595,7.375271
6596,6.995754
6597,17.534603
6598,8.859578
6599,6.0703416
6600,5.7530746
6601,6.044957
6602,5.8902
6603,5.9949985
6604,12.291509
6605,6.0847216
6606,6.3375773
6607,5.444797
6608,9.162272
6609,6.582418
6610,6.2046685
6611,7.942943
6612,7.4888062
6613,6.1090517
6614,6.131499
6615,6.1239715
6616,5.673514
6617,6.2713594
6618,5.7940965
6619,14.675513
6620,5.6741977
6621,5.9663835
6622,8.04679
6623,5.6670237
6624,10.454325
6625,12.307709
6626,6.0704455
6627,6.1153274
6628,7.2872806
6629,7.0040016
6630,5.5669923
6631,10.055804
6632,5.8551636
6633,11.282213
6634,5.5931396
6635,5.546567
6636,7.0804987
6637,14.729184
6638,6.703489
6639,6.1159716
6640,10.332495
6641,7.0500093
6642,9.0396
6643,19.444525
6644,7.6387134
6645,6.1148973
6646,5.988951
6647,6.245279
6648,7.4669967
6649,5.919278
6650,6.5666327
6651,5.7260485
6652,6.476829
6653,6.7545714
6654,7.3413825
6655,5.5274568
6656,8.465631
6657,6.0131884
6658,8.48198
6659,5.6095157
6660,5.8542886
6661,8.737494
6662,9.620345
6663,6.206323
6664,5.9181094
6665,9.668307
6666,9.778991
6667,11.913086
6668,6.3958626
6669,5.703134
6670,6.063789
6671,6.3017077
6672,10.314731
6673,5.8754196
6674,5.749913
6675,15.187082
6676,9.027755
6677,6.414009
6678,6.3209977
6679,6.14228
6680,10.347969
6681,5.9961467
6682,5.312752
6683,5.575998
6684,6.0513
6685,8.213794
6686,6.0226297
6687,12.992171
6688,8.267238
6689,11.92902
6690,13.933853
6691,9.641269
6692,5.95947
6693,6.5810127
6694,6.11528
6695,7.85701
6696,5.7683945
6697,6.1325545
6698,7.6038027
6699,12.885567
6700,6.2256813
6701,9.9265
6702,23.154118
6703,6.113019
6704,11.060493
6705,18.87602
6706,6.234361
6707,8.067161
6708,6.1998415
6709,5.0580354
6710,5.8852725
6711,7.6710815
6712,7.602118
6713,7.9365373
6714,6.6133285
6715,13.931212
6716,6.479423
6717,5.9205384
6718,5.747165
6719,6.1971636
6720,6.2230806
6721,6.113519
6722,7.7403154
6723,7.660759
6724,6.521881
6725,18.077261
6726,14.789177
6727,34.45415
6728,5.5239015
6729,6.3629503
6730,7.0481753
6731,7.5770392
6732,5.7449584
6733,5.512607
6734,6.517972
6735,5.755861
6736,11.365504
6737,5.221544
6738,5.800464
6739,6.627819
6740,5.5480027
6741,16.602575
6742,6.0204134
6743,5.8438935
6744,16.360401
6745,6.6931076
6746,7.6638503
6747,5.792682
6748,5.7340484
6749,6.0979424
6750,8.171129
6751,6.9028993
6752,6.388536
6753,6.050842
6754,6.409439
6755,5.712691
6756,5.796075
6757,9.385484
6758,5.937801
6759,5.5290728
6760,5.741742
6761,6.017308
6762,5.756148
6763,6.4003906
6764,6.97751
6765,6.1860156
6766,6.113994
6767,15.967114
6768,5.843292
6769,13.400141
6770,7.1375656
6771,6.3740435
6772,6.919235
6773,5.950058
6774,5.729571
6775,6.204376
6776,7.4506683
6777,86.51855
6778,5.64357
6779,8.24924
6780,5.666719
6781,5.6183734
6782,6.9793353
6783,6.9835534
6784,5.819795
6785,5.626117
6786,6.279838
6787,7.7014794
6788,5.5550203
6789,9.474161
6790,6.157083
6791,21.54142
6792,6.6226196
6793,5.8479095
6794,9.76445
6795,6.0795794
6796,5.9596405
6797,6.282819
6798,8.347214
6799,6.7148376
6800,5.886174
6801,5.847664
6802,8.479323
6803,8.971546
6804,5.806241
6805,8.2085285
6806,5.86541
6807,5.7765746
6808,6.413606
6809,5.5691986
6810,6.5663605
6811,6.1149635
6812,6.15074
6813,36.253662
6814,8.444087
6815,5.8215823
6816,6.8417406
6817,8.260105
6818,5.721956
6819,5.602861
6820,5.769171
6821,6.6544304
6822,5.7340593
6823,9.344048
6824,9.237701
6825,5.8226657
6826,6.3484025
6827,19.261435
6828,6.2341228
6829,6.0764346
6830,5.8455887
6831,5.7784195
6832,5.8829913
6833,7.373511
6834,18.71551
6835,5.613617
6836,6.650824
6837,6.022125
6838,5.908319
6839,7.549788
6840,10.586963
6841,7.205354
6842,7.1599994
6843,8.721958
6844,6.624395
6845,5.8628006
6846,10.752107
6847,5.850905
6848,6.8505845
6849,7.7333765
6850,8.301957
6851,8.890849
6852,12.201333
6853,6.4307075
6854,5.709802
6855,11.507514
6856,5.990747
6857,12.8821745
6858,6.087743
6859,6.475637
6860,13.468013
6861,6.634336
6862,11.175589
6863,6.4368258
6864,5.553366
6865,10.95266
6866,7.137601
6867,5.972966
6868,8.266319
6869,6.437909
6870,5.9476624
6871,7.3940597
6872,6.911256
6873,5.7501726
6874,6.277115
6875,13.901215
6876,5.9606795
6877,7.134586
6878,66.491356
6879,10.394663
6880,5.752005
6881,6.27099
6882,7.226445
6883,7.585805
6884,41.584743
6885,16.564367
6886,21.276796
6887,10.813301
6888,5.640648
6889,6.3270516
6890,5.722179
6891,6.3243456
6892,5.778137
6893,14.687324
6894,6.409814
6895,5.6573
6896,5.53033
6897,8.139537
6898,7.43125
6899,5.747623
6900,11.542421
6901,46.584938
6902,8.94187
6903,13.944219
6904,5.836896
6905,5.935739
6906,5.295398
6907,6.0023956
6908,6.957601
6909,5.5388885
6910,6.8095446
6911,7.1319933
6912,20.901445
6913,5.8651094
6914,10.834235
6915,5.4013305
6916,6.094542
6917,11.796893
6918,5.8262544
6919,7.181518
6920,8.240649
6921,6.8407555
6922,15.559363
6923,5.8319764
6924,8.639632
6925,6.6024637
6926,14.029185
6927,5.69119
6928,5.8187714
6929,5.709259
6930,5.998999
6931,6.822109
6932,10.271677
6933,5.9372253
6934,9.279999
6935,11.022622
6936,16.813984
6937,6.9565935
6938,9.858583
6939,15.187209
6940,5.62598
6941,7.654438
6942,6.776648
6943,5.6148515
6944,7.439125
6945,8.510541
6946,5.656823
6947,5.954393
6948,7.5614
6949,6.488941
6950,5.9468307
6951,5.5352936
6952,5.851822
6953,5.991037
6954,6.924682
6955,9.252776
6956,5.8824553
6957,8.002864
6958,5.6588106
6959,8.321686
6960,5.956131
6961,6.39179
6962,5.9120593
6963,5.645468
6964,8.846049
6965,6.982673
6966,5.5273666
6967,7.987855
6968,6.0530076
6969,7.278682
6970,9.039543
6971,16.477667
6972,18.801876
6973,5.5333786
6974,6.1058383
6975,8.037087
6976,7.298271
6977,5.493814
6978,6.876758
6979,7.2306213
6980,5.967426
6981,6.6491256
6982,7.379567
6983,24.910185
6984,5.747524
6985,6.210889
6986,5.8927126
6987,9.061376
6988,9.115704
6989,6.2358994
6990,9.613292
6991,27.92104
6992,6.722493
6993,5.7122164
6994,6.4245925
6995,5.843962
6996,6.3559556
6997,5.9519
6998,8.052157
6999,7.995959
7000,6.106973
7001,8.335258
7002,12.223294
7003,5.9648423
7004,7.624799
7005,6.6201196
7006,7.387901
7007,5.4389863
7008,7.6400847
7009,7.191631
7010,6.3905425
7011,5.5629015
7012,5.0506377
7013,6.119449
7014,5.813028
7015,6.0788455
7016,8.705157
7017,5.677687
7018,5.794118
7019,7.9478087
7020,6.8217096
7021,5.7346344
7022,6.242711
7023,35.05912
7024,5.677948
7025,6.434738
7026,5.712227
7027,6.330929
7028,6.9412255
7029,6.3653884
7030,6.4726195
7031,8.428195
7032,11.462186
7033,13.907508
7034,5.6710114
7035,9.555572
7036,7.9618983
7037,8.614329
7038,6.374205
7039,6.967708
7040,7.52902
7041,8.193803
7042,12.282722
7043,9.8843565
7044,5.5898576
7045,13.408096
7046,6.340329
7047,5.9222045
7048,7.2050624
7049,16.356724
7050,5.726545
7051,9.116654
7052,13.732887
7053,8.979028
7054,5.8088365
7055,5.7167664
7056,6.8370357
7057,5.806804
7058,6.5940194
7059,5.4892015
7060,5.483307
7061,5.9690385
7062,5.723929
7063,19.587523
7064,5.8816986
7065,5.8231783
7066,6.0934844
7067,5.333513
7068,5.988478
7069,5.4877305
7070,5.899944
7071,8.848369
7072,6.518258
7073,5.670202
7074,8.847796
7075,6.314379
7076,5.564612
7077,7.7000856
7078,8.75891
7079,5.9701266
7080,18.142273
7081,13.618894
7082,5.6410446
7083,6.290645
7084,5.479622
7085,6.296248
7086,7.2290087
7087,6.1748466
7088,6.391031
7089,5.6847353
7090,6.099237
7091,5.8317046
7092,6.901367
7093,9.972536
7094,5.4733477
7095,8.6164
7096,9.122333
7097,5.601955
7098,5.9943132
7099,9.287484
7100,6.116098
7101,5.7945924
7102,5.884697
7103,5.5294585
7104,6.675599
7105,6.443503
7106,6.260022
7107,10.642707
7108,8.785895
7109,5.584026
7110,9.204916
7111,5.333632
7112,6.604576
7113,5.9129457
7114,8.227564
7115,5.798595
7116,8.241336
7117,8.938052
7118,5.8769274
7119,14.990692
7120,6.128278
7121,6.0785556
7122,7.0094056
7123,6.5074525
7124,6.510125
7125,5.6279297
7126,5.5486054
7127,6.1710334
7128,6.3431206
7129,25.70644
7130,7.9537787
7131,6.670612
7132,5.956577
7133,6.711789
7134,19.614042
7135,6.088556
7136,5.738094
7137,5.7601657
7138,6.33881
7139,5.9036975
7140,10.83662
7141,21.003336
7142,6.970624
7143,14.547531
7144,6.397761
7145,5.6464725
7146,5.906256
7147,6.265313
7148,13.317469
7149,5.8288074
7150,6.028459
7151,7.260329
7152,6.213939
7153,5.917331
7154,6.1215067
7155,5.6670136
7156,5.485907
7157,5.7950974
7158,5.944722
7159,35.81393
7160,7.617485
7161,5.8545947
7162,6.755671
7163,10.037873
7164,6.4030604
7165,6.1371293
7166,5.645743
7167,5.6120515
7168,6.538048
7169,13.984054
7170,7.7687926
7171,9.149989
7172,5.6469407
7173,8.128929
7174,6.6443877
7175,5.890329
7176,6.804055
7177,5.5941863
7178,5.4255342
7179,6.151596
7180,10.735987
7181,6.1716204
7182,5.690909
7183,5.9409823
7184,13.866943
7185,6.1296053
7186,6.538527
7187,9.171469
7188,22.154907
7189,6.184626
7190,5.411464
7191,12.622069
7192,8.124631
7193,11.45335
7194,6.429151
7195,7.649575
7196,12.081569
7197,7.1983232
7198,7.939735
7199,6.4149203
7200,6.1508965
7201,6.548126
7202,5.9299684
7203,6.299933
7204,5.717145
7205,5.8896976
7206,6.101729
7207,5.8571486
7208,5.747307
7209,6.308868
7210,13.603076
7211,6.5775237
7212,9.925629
7213,7.1285667
7214,6.110439
7215,6.590544
7216,7.513214
7217,19.41949
7218,6.9103045
7219,7.8032565
7220,5.8781695
7221,5.355359
7222,5.5515475
7223,7.662234
7224,7.146234
7225,11.922338
7226,5.726941
7227,6.9006577
7228,6.822973
7229,5.628218
7230,14.62853
7231,5.9131684
7232,8.28132
7233,14.842542
7234,7.687366
7235,6.1966567
7236,14.727954
7237,6.4399157
7238,8.883731
7239,6.431179
7240,7.9227786
7241,5.878694
7242,8.491768
7243,6.2488313
7244,13.687528
7245,5.8143387
7246,7.9192557
7247,6.7364984
7248,5.7949233
7249,5.949033
7250,14.796882
7251,6.143762
7252,6.7243586
7253,5.5653625
7254,6.8934455
7255,6.343222
7256,5.269362
7257,15.81853
7258,6.2967706
7259,9.798253
7260,5.5729203
7261,5.8504043
7262,6.6824837
7263,8.221629
7264,6.374808
7265,7.1558595
7266,7.194234
7267,5.8373766
7268,6.2377257
7269,7.0455475
7270,6.8415465
7271,5.3931537
7272,9.263732
7273,5.791556
7274,5.9055567
7275,6.0481677
7276,7.2591095
7277,6.1555634
7278,6.053168
7279,6.139015
7280,5.552396
7281,8.333827
7282,6.210232
7283,10.759301
7284,8.32322
7285,6.0217547
7286,9.379832
7287,10.935663
7288,6.019684
7289,6.9444504
7290,9.13087
7291,6.5850945
7292,5.7067842
7293,5.6985903
7294,6.0429354
7295,6.831736
7296,5.9805603
7297,6.1502533
7298,5.439098
7299,8.090076
7300,7.277443
7301,12.139303
7302,13.266685
7303,11.595406
7304,5.7483325
7305,6.7033844
7306,7.0240793
7307,6.2629433
7308,6.0111146
7309,7.2265816
7310,10.826864
7311,5.97827
7312,6.5823283
7313,5.8511386
7314,9.372745
7315,12.98014
7316,5.8531985
7317,7.61906
7318,6.9053087
7319,10.025314
7320,6.2025423
7321,12.962226
7322,11.801188
7323,5.7055054
7324,8.586188
7325,6.23792
7326,6.1417403
7327,5.6800113
7328,6.8719172
7329,6.4758964
7330,5.3726106
7331,7.600016
7332,6.065082
7333,5.6929016
7334,15.006383
7335,5.870935
7336,8.619019
7337,6.914927
7338,6.561541
7339,6.329578
7340,5.6991534
7341,7.576262
7342,5.7297883
7343,20.96852
7344,6.0778003
7345,5.87369
7346,25.08823
7347,9.483194
7348,6.702859
7349,8.023565
7350,7.1708846
7351,5.769072
7352,16.369415
7353,12.290022
7354,10.485825
7355,5.5087814
7356,6.741385
7357,14.361743
7358,7.128972
7359,30.101059
7360,6.6256614
7361,7.223198
7362,5.6358423
7363,6.9699616
7364,7.021484
7365,6.745763
7366,8.365578
7367,6.4463434
7368,6.629894
7369,7.700395
7370,12.518104
7371,6.547958
7372,6.2042894
7373,6.496324
7374,6.4285884
7375,5.7707915
7376,5.278981
7377,6.0850387
7378,19.636127
7379,5.6139374
7380,5.950006
7381,6.8990145
7382,17.64308
7383,6.0461946
7384,11.150847
7385,12.743437
7386,14.890677
7387,7.6222496
7388,5.551288
7389,6.529522
7390,14.954355
7391,26.494993
7392,14.563843
7393,5.6956024
7394,5.5235734
7395,5.9268937
7396,10.75295
7397,7.634107
7398,5.531624
7399,5.4045153
7400,5.910843
7401,5.9576755
7402,5.1987567
7403,14.544495
7404,9.160962
7405,6.146025
7406,14.189166
7407,12.722235
7408,11.885861
7409,8.364093
7410,6.7627916
7411,5.336679
7412,5.8814745
7413,5.698314
7414,10.034428
7415,5.8647356
7416,6.0557632
7417,5.8648696
7418,6.090671
7419,6.3206253
7420,5.642114
7421,16.987717
7422,13.174481
7423,9.542768
7424,5.856441
7425,39.955788
7426,6.578303
7427,6.379013
7428,5.5699844
7429,5.600258
7430,5.602756
7431,5.6094637
7432,5.476543
7433,5.636673
7434,27.655277
7435,7.6789246
7436,12.197177
7437,16.26815
7438,7.5562105
7439,5.602884
7440,5.7272463
7441,8.348406
7442,5.656171
7443,5.8625717
7444,6.806167
7445,8.464025
7446,6.4313273
7447,6.5209346
7448,5.950058
7449,8.912017
7450,7.9531007
7451,6.251732
7452,7.5580993
7453,6.1752353
7454,6.011168
7455,6.9399285
7456,5.6172333
7457,10.089141
7458,12.982173
7459,6.164345
7460,6.124088
7461,5.4977846
7462,6.1085663
7463,7.1397815
7464,10.455963
7465,5.9143634
7466,6.3503237
7467,5.89196
7468,6.1851134
7469,5.9096284
7470,5.8473206
7471,6.1209064
7472,10.751614
7473,12.350711
7474,15.558642
7475,9.808181
7476,15.7891
7477,5.913695
7478,8.955108
7479,7.601743
7480,5.4380846
7481,12.5677595
7482,5.797298
7483,19.986635
7484,6.8590646
7485,6.006645
7486,5.8768387
7487,6.230298
7488,7.5244813
7489,6.9019675
7490,9.801322
7491,5.308597
7492,5.6144457
7493,6.059172
7494,9.07611
7495,9.211227
7496,5.520233
7497,6.7943835
7498,12.474101
7499,5.704746
7500,5.632837
7501,5.9728837
7502,7.129705
7503,5.7170916
7504,6.4397073
7505,6.033484
7506,5.5607347
7507,5.3680863
7508,8.180752
7509,12.192611
7510,17.207022
7511,14.403305
7512,5.8192782
7513,6.9506874
7514,8.335587
7515,7.2505507
7516,15.14657
7517,5.683319
7518,10.457202
7519,9.790133
7520,7.944101
7521,13.140548
7522,5.468924
7523,6.026255
7524,6.5691643
7525,5.403589
7526,5.9892793
7527,6.66187
7528,6.109676
7529,6.285009
7530,5.928299
7531,6.1724014
7532,6.778299
7533,7.0595536
7534,7.094445
7535,7.051693
7536,6.2412467
7537,70.54124
7538,6.591045
7539,5.8188143
7540,9.278682
7541,5.5004272
7542,6.3114343
7543,5.5954437
7544,6.0996904
7545,6.296248
7546,6.109386
7547,5.508406
7548,5.5762086
7549,5.9229445
7550,7.155275
7551,6.5700784
7552,5.641843
7553,24.418272
7554,33.617626
7555,7.6343703
7556,6.8266463
7557,6.456334
7558,6.069299
7559,6.2507424
7560,11.958137
7561,9.029378
7562,5.3445525
7563,11.293074
7564,6.5022926
7565,5.9634705
7566,9.456021
7567,5.4838624
7568,5.7612734
7569,6.744601
7570,10.171481
7571,19.90253
7572,9.290125
7573,6.251803
7574,7.176015
7575,6.4022803
7576,6.764341
7577,5.7908325
7578,5.8401155
7579,8.815331
7580,6.660778
7581,5.7418327
7582,5.810432
7583,6.214162
7584,5.616338
7585,6.658458
7586,6.0445375
7587,9.933751
7588,6.4640045
7589,6.227451
7590,31.325546
7591,9.424166
7592,40.423916
7593,6.0714297
7594,11.019965
7595,6.553663
7596,13.198448
7597,5.823598
7598,5.49124
7599,5.984955
7600,7.316571
7601,7.8907366
7602,6.7720466
7603,5.736829
7604,5.681282
7605,8.948504
7606,6.4875636
7607,6.278936
7608,41.3715
7609,6.3017845
7610,5.5346665
7611,6.345154
7612,5.586969
7613,10.077384
7614,5.726796
7615,7.069655
7616,6.4102516
7617,7.1971245
7618,6.4343996
7619,7.69429
7620,12.980842
7621,5.99043
7622,5.922555
7623,6.9825606
7624,6.3299737
7625,5.733284
7626,6.2447205
7627,6.447497
7628,7.469766
7629,6.424852
7630,6.1601458
7631,6.855995
7632,6.214374
7633,6.862283
7634,5.452643
7635,5.7506347
7636,6.337562
7637,5.633766
7638,28.430536
7639,7.233856
7640,5.6236496
7641,9.91701
7642,18.843382
7643,23.404715
7644,6.5082145
7645,13.563812
7646,8.019806
7647,34.66706
7648,5.016698
7649,7.4105926
7650,5.744411
7651,9.882357
7652,7.231603
7653,10.81283
7654,6.1260796
7655,6.1897388
7656,7.915395
7657,7.981048
7658,6.5300217
7659,5.798923
7660,6.063127
7661,6.5184183
7662,5.909688
7663,7.9539046
7664,5.8383727
7665,5.6409183
7666,5.8033357
7667,12.527925
7668,10.497838
7669,6.1856456
7670,5.5031447
7671,7.391517
7672,8.446728
7673,10.720491
7674,10.556552
7675,5.50443
7676,5.90605
7677,10.18887
7678,8.561816
7679,8.545276
7680,6.635753
7681,14.906343
7682,15.2625885
7683,6.748727
7684,5.4396515
7685,5.901816
7686,20.057467
7687,5.9576035
7688,5.6106734
7689,33.23934
7690,7.2262163
7691,5.747339
7692,5.8320327
7693,6.6416545
7694,5.809143
7695,11.361423
7696,5.849254
7697,5.1594176
7698,5.9315295
7699,24.825607
7700,8.2667265
7701,9.926513
7702,6.9873996
7703,5.837106
7704,9.0817
7705,6.189201
7706,5.3962817
7707,6.0458894
7708,33.85345
7709,5.4340396
7710,6.711597
7711,6.308332
7712,7.1703095
7713,6.0810776
7714,23.542057
7715,6.6944823
7716,6.1497684
7717,6.199951
7718,5.7628617
7719,5.8565874
7720,6.16604
7721,5.5427995
7722,5.6678634
7723,6.013992
7724,6.6049113
7725,5.343082
7726,5.4729705
7727,8.56843
7728,6.454541
7729,12.180142
7730,5.762119
7731,5.6878905
7732,6.682593
7733,14.796048
7734,7.90124
7735,5.9529543
7736,8.253594
7737,6.9688287
7738,5.3683777
7739,10.234141
7740,6.1951537
7741,7.6588516
7742,11.886223
7743,5.9483886
7744,6.555977
7745,5.895206
7746,8.300148
7747,10.45531
7748,5.723512
7749,5.822188
7750,6.6551194
7751,6.9563584
7752,5.6467147
7753,5.778717
7754,8.443891
7755,5.5409594
7756,6.062366
7757,6.0815263
7758,5.8832793
7759,6.416472
7760,5.487634
7761,5.62343
7762,5.8699174
7763,12.28041
7764,5.9651856
7765,8.456206
7766,13.760715
7767,7.025296
7768,6.1043215
7769,6.186264
7770,6.1522264
7771,5.8267655
7772,7.485101
7773,5.9484377
7774,5.952643
7775,6.4777904
7776,6.174633
7777,6.03642
7778,6.736581
7779,25.489487
7780,7.305309
7781,7.367351
7782,6.0867815
7783,9.201694
7784,15.488849
7785,6.376842
7786,6.0086045
7787,5.892752
7788,8.070083
7789,7.9023056
7790,7.1104465
7791,6.8795557
7792,17.304197
7793,23.304224
7794,6.9122224
7795,12.047803
7796,6.229623
7797,5.657047
7798,6.813099
7799,5.8497834
7800,8.688738
7801,6.7944565
7802,5.7801437
7803,5.825218
7804,5.987448
7805,5.552411
7806,5.916716
7807,10.113948
7808,6.276999
7809,5.932907
7810,12.235215
7811,6.1071334
7812,5.647246
7813,5.9657717
7814,6.4601173
7815,7.2277613
7816,7.979898
7817,8.524699
7818,5.858234
7819,6.7648263
7820,6.633064
7821,6.0569873
7822,5.8208327
7823,5.679915
7824,5.6863494
7825,5.6057296
7826,5.755066
7827,23.683662
7828,5.8798294
7829,6.4953246
7830,23.693678
7831,7.8684273
7832,5.6530547
7833,13.867038
7834,7.826628
7835,5.838376
7836,7.01122
7837,6.1252847
7838,8.122882
7839,23.207434
7840,12.7645645
7841,9.42117
7842,14.6968155
7843,20.226553
7844,5.68013
7845,6.911699
7846,12.865381
7847,8.574481
7848,6.0217166
7849,5.73806
7850,13.484717
7851,6.447887
7852,5.861957
7853,5.58911
7854,7.2296205
7855,21.47225
7856,6.654842
7857,6.214
7858,6.238331
7859,8.985805
7860,6.042714
7861,7.337478
7862,5.968349
7863,6.8603296
7864,6.148703
7865,19.15806
7866,5.680182
7867,6.323818
7868,5.895856
7869,5.985805
7870,19.205265
7871,8.015022
7872,7.1021476
7873,10.305956
7874,7.148423
7875,5.644008
7876,6.082683
7877,11.130611
7878,5.9513383
7879,6.728641
7880,6.1524477
7881,9.131069
7882,9.772863
7883,58.962097
7884,5.8167505
7885,5.6749787
7886,10.826354
7887,14.383075
7888,6.400026
7889,5.4299912
7890,9.828849
7891,5.4794726
7892,5.9958377
7893,8.581027
7894,5.7954955
7895,7.3241725
7896,6.1027246
7897,5.9452333
7898,6.9237947
7899,6.597194
7900,6.2444825
7901,5.5982957
7902,5.7992206
7903,6.429466
7904,11.755833
7905,10.164149
7906,12.140264
7907,13.071167
7908,6.2723184
7909,22.23144
7910,23.603577
7911,13.808566
7912,8.723418
7913,7.0954013
7914,5.7284274
7915,6.2834024
7916,6.6190753
7917,6.444185
7918,12.890976
7919,6.7388663
7920,5.8245273
7921,11.478925
7922,10.443263
7923,5.791748
7924,8.403848
7925,6.457573
7926,6.500013
7927,6.151521
7928,7.565198
7929,5.882642
7930,5.685506
7931,13.181009
7932,6.9197516
7933,20.918621
7934,12.321367
7935,6.878793
7936,6.0661607
7937,7.6189013
7938,6.3620796
7939,6.045836
7940,6.1471314
7941,6.148085
7942,6.212561
7943,6.6507273
7944,26.704405
7945,6.293672
7946,5.318094
7947,7.6230326
7948,12.999776
7949,8.781502
7950,9.980933
7951,6.565004
7952,6.3953776
7953,7.699138
7954,5.4435425
7955,7.5604005
7956,5.9847665
7957,5.8715196
7958,11.440343
7959,23.661692
7960,5.5799303
7961,11.083196
7962,5.77292
7963,6.1215677
7964,18.105465
7965,5.971782
7966,5.81812
7967,7.493707
7968,8.79186
7969,5.991716
7970,5.5025134
7971,5.7641907
7972,11.552214
7973,9.85685
7974,11.086355
7975,7.192734
7976,5.6981444
7977,5.6227007
7978,5.8136477
7979,6.4676223
7980,5.8154635
7981,15.307807
7982,6.745755
7983,13.026985
7984,7.7502604
7985,5.86411
7986,9.280474
7987,6.1715074
7988,5.9333267
7989,8.9713745
7990,7.489475
7991,6.5535655
7992,6.2300096
7993,6.645047
7994,5.8210297
7995,6.158436
7996,7.466224
7997,5.487288
7998,5.751842
7999,5.3124285
8000,6.3335123
8001,5.9304338
8002,6.0167785
8003,7.6556373
8004,5.672728
8005,10.241603
8006,5.1883864
8007,5.765428
8008,5.86787
8009,10.545965
8010,6.2911277
8011,10.443379
8012,6.136281
8013,5.7537155
8014,5.8849063
8015,11.641428
8016,5.44003
8017,5.619087
8018,6.7343
8019,6.143459
8020,16.478315
8021,9.458832
8022,5.6971664
8023,5.76189
8024,9.402883
8025,11.584699
8026,7.1168323
8027,6.614162
8028,6.8083034
8029,5.855301
8030,5.77307
8031,46.241787
8032,6.0601563
8033,6.7841754
8034,5.7532306
8035,8.99343
8036,12.123557
8037,7.9927287
8038,5.906076
8039,8.342892
8040,16.071903
8041,5.60571
8042,5.634891
8043,6.085402
8044,7.099866
8045,5.8096085
8046,6.202516
8047,6.641207
8048,6.5524673
8049,6.5515795
8050,5.6655245
8051,7.4592285
8052,14.396802
8053,5.9661574
8054,20.875204
8055,22.508863
8056,6.517419
8057,7.20651
8058,6.209905
8059,14.533609
8060,5.624158
8061,5.756435
8062,7.4091744
8063,6.6586037
8064,5.7032866
8065,6.0208864
8066,7.1831164
8067,50.73599
8068,6.0692215
8069,22.326406
8070,6.024254
8071,5.698804
8072,37.548664
8073,8.0855255
8074,5.4991565
8075,14.786118
8076,8.0700655
8077,6.2402835
8078,6.5046206
8079,5.3310533
8080,7.519429
8081,6.459498
8082,6.1017046
8083,5.895969
8084,5.2009826
8085,8.472636
8086,6.911245
8087,10.099917
8088,6.172298
8089,5.6028075
8090,6.998609
8091,17.130524
8092,10.875044
8093,6.040883
8094,8.371577
8095,6.0811586
8096,6.707958
8097,8.520467
8098,5.8778124
8099,9.398222
8100,7.570308
8101,9.664882
8102,6.023578
8103,17.858936
8104,17.915611
8105,6.822428
8106,5.689655
8107,11.804428
8108,5.696495
8109,7.423683
8110,6.6145616
8111,12.0681095
8112,6.7838655
8113,6.671244
8114,6.6654525
8115,6.2039576
8116,5.824422
8117,9.073538
8118,5.2964983
8119,5.75773
8120,6.022107
8121,5.599237
8122,5.735715
8123,6.2928185
8124,5.9450746
8125,6.118905
8126,6.168779
8127,6.191391
8128,14.482462
8129,14.045987
8130,8.752322
8131,5.837845
8132,5.97804
8133,6.0069537
8134,6.40707
8135,9.844172
8136,6.0192237
8137,5.69238
8138,5.8354125
8139,5.9935365
8140,6.4007564
8141,6.088979
8142,7.7599916
8143,5.9923816
8144,6.378774
8145,15.437012
8146,6.18987
8147,5.9659715
8148,5.610991
8149,14.270279
8150,5.9522066
8151,5.7102785
8152,9.427793
8153,5.7871704
8154,5.525766
8155,7.1690764
8156,5.8212466
8157,5.6927414
8158,8.227239
8159,15.836104
8160,13.697863
8161,6.098059
8162,5.7835784
8163,6.2095284
8164,5.5713487
8165,5.949225
8166,6.021272
8167,5.441101
8168,6.813568
8169,8.425574
8170,16.621885
8171,5.9385924
8172,9.105092
8173,6.4019656
8174,5.635915
8175,8.057842
8176,5.7398043
8177,6.018738
8178,9.327615
8179,5.9306793
8180,26.115778
8181,5.497804
8182,5.591138
8183,5.774643
8184,6.3190627
8185,5.8128586
8186,5.6101656
8187,6.910282
8188,6.3272552
8189,5.8116403
8190,5.5471787
8191,6.8942146
8192,6.585518
8193,6.883588
8194,5.996116
8195,7.0223985
8196,5.584659
8197,5.579805
8198,7.2104487
8199,7.261371
8200,5.630611
8201,6.186148
8202,6.0698776
8203,6.9278216
8204,6.286537
8205,7.455256
8206,5.7303467
8207,6.5453286
8208,6.769419
8209,5.957657
8210,5.550084
8211,7.2055535
8212,5.5632205
8213,5.629706
8214,12.70249
8215,16.815832
8216,6.3056293
8217,5.608968
8218,5.7839813
8219,8.830513
8220,7.5552444
8221,12.229928
8222,6.9125123
8223,11.50915
8224,14.905128
8225,5.7321625
8226,7.918129
8227,6.456079
8228,6.496016
8229,5.4612045
8230,5.8543673
8231,5.401764
8232,11.066271
8233,8.27492
8234,5.9864182
8235,6.100681
8236,6.0921526
8237,6.2108397
8238,6.127437
8239,7.099327
8240,8.813142
8241,6.901906
8242,6.9849544
8243,5.9063354
8244,8.109492
8245,5.8101807
8246,5.5265017
8247,13.090393
8248,12.792231
8249,7.8917084
8250,9.338905
8251,5.6914706
8252,32.21723
8253,12.03295
8254,7.5101
8255,6.179475
8256,5.4013796
8257,6.1388984
8258,6.138467
8259,6.255756
8260,7.4557433
8261,6.760227
8262,6.0128684
8263,6.8228297
8264,6.2780123
8265,5.853265
8266,6.214508
8267,72.80503
8268,6.1552444
8269,8.478443
8270,22.230787
8271,6.116333
8272,6.113939
8273,6.5774493
8274,7.595543
8275,9.734178
8276,7.6155486
8277,7.5140014
8278,6.4971557
8279,5.563373
8280,8.066981
8281,5.905565
8282,5.575522
8283,12.931345
8284,9.901493
8285,5.6491427
8286,5.491765
8287,6.136113
8288,8.964642
8289,6.938906
8290,5.5068407
8291,9.270357
8292,7.347959
8293,5.439084
8294,5.8467937
8295,8.591592
8296,7.8212523
8297,5.4552994
8298,6.082998
8299,6.031147
8300,8.097469
8301,5.91481
8302,5.977086
8303,5.9188156
8304,14.093821
8305,6.325813
8306,6.8238673
8307,8.13426
8308,11.738713
8309,20.631697
8310,5.9785995
8311,6.533143
8312,6.239371
8313,5.9747043
8314,10.71977
8315,5.5783587
8316,5.5761933
8317,5.9719315
8318,6.712938
8319,6.2803316
8320,6.5266147
8321,6.0721893
8322,20.80808
8323,9.319905
8324,6.1488113
8325,6.1928134
8326,6.450667
8327,9.788366
8328,21.131697
8329,9.060304
8330,8.8274
8331,5.634805
8332,6.348198
8333,8.235853
8334,5.995726
8335,8.577159
8336,8.097798
8337,6.8180857
8338,5.89189
8339,5.6719317
8340,8.373761
8341,5.8084793
8342,9.682312
8343,7.114015
8344,20.955582
8345,7.314618
8346,6.4331546
8347,9.953473
8348,5.7980957
8349,5.6821046
8350,6.2628937
8351,6.812906
8352,7.668986
8353,6.2182846
8354,7.610872
8355,6.05484
8356,6.1831713
8357,12.307129
8358,7.2310233
8359,9.489489
8360,5.316681
8361,5.831815
8362,5.7943816
8363,6.435369
8364,6.129921
8365,6.1621127
8366,8.896731
8367,5.761519
8368,7.284929
8369,5.625264
8370,5.732666
8371,5.7683063
8372,18.33528
8373,6.5155845
8374,6.8441234
8375,6.2886214
8376,5.8069825
8377,5.8258896
8378,6.067276
8379,6.3914375
8380,5.2039156
8381,17.28238
8382,5.6542344
8383,5.7546463
8384,5.9934344
8385,6.6168075
8386,5.581638
8387,9.648738
8388,11.83501
8389,13.075083
8390,5.8034225
8391,6.169498
8392,5.413034
8393,9.458859
8394,5.677199
8395,14.706156
8396,7.132725
8397,7.428257
8398,5.753596
8399,13.13647
8400,5.4039354
8401,10.429077
8402,14.499201
8403,6.372229
8404,6.5677934
8405,6.9975204
8406,5.585869
8407,5.8399277
8408,6.800953
8409,13.384972
8410,7.188241
8411,6.85887
8412,6.4762397
8413,9.767429
8414,6.268777
8415,5.64933
8416,16.030302
8417,8.008323
8418,5.983902
8419,7.186912
8420,12.500576
8421,6.602964
8422,6.408957
8423,6.3571525
8424,9.761756
8425,5.49617
8426,7.3216386
8427,35.88722
8428,6.13638
8429,11.756042
8430,6.0294127
8431,5.23669
8432,6.0602098
8433,8.041603
8434,14.549727
8435,9.632236
8436,5.3990984
8437,6.44967
8438,6.581323
8439,6.3409286
8440,12.315176
8441,20.653227
8442,5.405838
8443,10.861088
8444,7.0852447
8445,6.7686076
8446,5.893309
8447,9.817801
8448,9.720179
8449,9.476651
8450,5.845433
8451,8.015467
8452,7.196495
8453,5.651726
8454,6.010738
8455,9.123709
8456,5.455359
8457,7.2250023
8458,22.087412
8459,6.9836617
8460,6.0551677
8461,6.4086986
8462,6.050566
8463,5.9404664
8464,9.909289
8465,5.717775
8466,14.378464
8467,5.9960756
8468,6.3615365
8469,6.088928
8470,8.454642
8471,7.4657283
8472,6.1300187
8473,5.806792
8474,12.08459
8475,15.6923065
8476,5.8177676
8477,5.916042
8478,7.082083
8479,6.5751176
8480,6.4098372
8481,6.652459
8482,8.015258
8483,7.009289
8484,6.5213304
8485,10.190215
8486,6.2565737
8487,5.883275
8488,8.305114
8489,5.8294206
8490,7.7670436
8491,6.774625
8492,6.141849
8493,5.342795
8494,6.4551835
8495,5.3970933
8496,15.894234
8497,12.695948
8498,7.347632
8499,18.40174
8500,6.4035754
8501,5.6904435
8502,5.982999
8503,7.173787
8504,5.338591
8505,5.816144
8506,6.2666774
8507,17.964487
8508,6.2976046
8509,9.844684
8510,5.8957276
8511,5.3559694
8512,5.881482
8513,5.4690247
8514,7.0862412
8515,8.674366
8516,9.589146
8517,6.6456017
8518,5.7662582
8519,6.5135965
8520,6.197113
8521,6.4962997
8522,7.2789903
8523,5.9603043
8524,6.725601
8525,6.6838527
8526,5.926494
8527,8.987651
8528,6.9014163
8529,5.6343737
8530,6.647433
8531,5.642601
8532,5.588245
8533,10.541814
8534,6.760553
8535,6.6425204
8536,6.7410846
8537,5.6958222
8538,7.344505
8539,32.992676
8540,6.6266274
8541,5.567455
8542,29.390411
8543,13.942833
8544,8.927836
8545,5.77007
8546,7.5370135
8547,6.16481
8548,8.41677
8549,5.697806
8550,5.8142548
8551,6.981084
8552,6.2466083
8553,6.217717
8554,5.832727
8555,23.002308
8556,6.552636
8557,7.366594
8558,6.2744493
8559,5.6962023
8560,6.7757277
8561,9.8927145
8562,6.588053
8563,9.315973
8564,10.486197
8565,7.0403223
8566,5.757225
8567,5.8939133
8568,5.6582155
8569,5.859511
8570,5.630594
8571,5.7840242
8572,5.7948427
8573,10.59807
8574,6.30187
8575,14.746109
8576,6.1774583
8577,10.220454
8578,8.2908745
8579,15.104735
8580,5.538364
8581,5.22825
8582,19.103838
8583,6.3641176
8584,5.775847
8585,9.438001
8586,6.1673694
8587,9.336268
8588,5.8891807
8589,7.321799
8590,5.7537246
8591,6.2113786
8592,5.7172713
8593,5.675978
8594,13.43327
8595,7.7135286
8596,20.12432
8597,6.07997
8598,6.5730605
8599,6.3774385
8600,6.1020174
8601,6.1298203
8602,7.355368
8603,6.011888
8604,25.167496
8605,5.9620714
8606,5.651985
8607,6.494007
8608,28.454834
8609,5.749303
8610,10.159154
8611,30.44107
8612,6.1876116
8613,5.89236
8614,5.530208
8615,13.469373
8616,23.36447
8617,5.644461
8618,6.420648
8619,6.0570655
8620,5.5080676
8621,5.544966
8622,5.743103
8623,6.505526
8624,8.641659
8625,5.465051
8626,6.260709
8627,8.626715
8628,6.3681183
8629,6.2944946
8630,8.70393
8631,9.659114
8632,5.951027
8633,5.8778124
8634,9.712007
8635,5.4932494
8636,7.727871
8637,7.3421373
8638,6.078464
8639,6.512565
8640,5.7262316
8641,7.45083
8642,8.711389
8643,8.130136
8644,6.497167
8645,6.609016
8646,5.7924743
8647,7.6463747
8648,9.351226
8649,6.3031845
8650,6.160135
8651,6.050584
8652,5.9212174
8653,6.446441
8654,6.3719683
8655,6.9960265
8656,5.635919
8657,5.154082
8658,14.140965
8659,9.826169
8660,6.511678
8661,7.2504287
8662,19.835085
8663,7.4312325
8664,6.046992
8665,6.9713945
8666,6.0212264
8667,5.5032763
8668,6.2637825
8669,6.0097976
8670,13.105014
8671,5.93479
8672,7.812987
8673,8.656531
8674,6.6295304
8675,6.108936
8676,5.948735
8677,18.460636
8678,16.959366
8679,6.2805285
8680,6.220179
8681,7.191663
8682,5.874475
8683,5.725966
8684,5.197038
8685,6.412122
8686,6.617532
8687,7.287441
8688,6.4167457
8689,5.7353377
8690,5.5857315
8691,13.259809
8692,5.707631
8693,5.6407485
8694,5.764708
8695,6.2891574
8696,6.6940494
8697,6.7986727
8698,7.848256
8699,12.108652
8700,6.9636207
8701,17.195942
8702,5.8198276
8703,7.9608994
8704,6.018277
8705,5.7604814
8706,13.569397
8707,5.88246
8708,11.547748
8709,10.555303
8710,6.933192
8711,8.010265
8712,7.196611
8713,5.5547595
8714,6.2324686
8715,5.9908357
8716,5.7850327
8717,6.3569846
8718,5.6775637
8719,9.864875
8720,5.534641
8721,5.7116776
8722,5.7246323
8723,5.73333
8724,5.9815993
8725,36.855755
8726,5.9473968
8727,5.632283
8728,5.9361224
8729,7.494198
8730,7.6336646
8731,5.331137
8732,5.7788925
8733,17.846733
8734,6.2727685
8735,5.4822497
8736,6.0044055
8737,5.734636
8738,6.566008
8739,6.4127955
8740,6.0801544
8741,6.0616183
8742,5.806952
8743,5.491771
8744,6.7083983
8745,5.5486193
8746,7.8124423
8747,5.9920077
8748,6.1304355
8749,7.078855
8750,72.37246
8751,6.3277245
8752,36.00088
8753,11.548966
8754,13.992357
8755,6.8364105
8756,8.340774
8757,14.931888
8758,6.100618
8759,6.3052826
8760,5.4857025
8761,6.4989457
8762,17.380035
8763,7.3114905
8764,7.3182006
8765,6.7627654
8766,5.4179187
8767,17.005812
8768,7.686481
8769,6.8340716
8770,9.114869
8771,7.4601707
8772,5.816765
8773,6.504177
8774,6.293874
8775,5.998517
8776,10.387284
8777,6.647724
8778,27.422628
8779,5.22688
8780,6.776056
8781,6.2385035
8782,11.196311
8783,8.570277
8784,5.8646407
8785,6.1397448
8786,19.392069
8787,5.228377
8788,6.386477
8789,13.808011
8790,6.101509
8791,6.3526444
8792,15.909906
8793,14.574515
8794,5.7993073
8795,11.252887
8796,6.053427
8797,6.2388167
8798,7.6704087
8799,5.735617
8800,5.9433227
8801,5.8337007
8802,6.1620073
8803,7.3278275
8804,5.696106
8805,7.3370547
8806,5.5618486
8807,7.5084214
8808,17.600046
8809,11.520858
8810,5.8968506
8811,9.825389
8812,8.0286045
8813,5.6927476
8814,6.203538
8815,6.1268954
8816,7.3293366
8817,11.903701
8818,5.74847
8819,9.593318
8820,7.714505
8821,8.410833
8822,7.1771426
8823,7.202756
8824,10.067347
8825,18.266724
8826,6.3487415
8827,5.1762667
8828,9.067294
8829,6.1921244
8830,6.1801615
8831,10.891667
8832,6.5436716
8833,19.913631
8834,5.836119
8835,6.1191764
8836,6.22789
8837,8.674006
8838,9.098223
8839,14.229835
8840,7.288695
8841,5.8274827
8842,7.856511
8843,6.332588
8844,8.136214
8845,5.7522187
8846,7.668087
8847,5.9756927
8848,14.393326
8849,30.742008
8850,5.500774
8851,7.4718003
8852,7.030126
8853,5.6046233
8854,6.022739
8855,7.8553605
8856,5.6444
8857,11.641588
8858,7.62347
8859,10.065269
8860,7.149659
8861,7.006084
8862,8.404674
8863,5.616066
8864,15.579326
8865,6.257577
8866,5.4938693
8867,5.8112946
8868,15.927721
8869,6.010958
8870,6.481627
8871,5.623909
8872,5.465544
8873,8.931628
8874,7.1889205
8875,5.5786514
8876,6.2900805
8877,8.471343
8878,6.022589
8879,7.53529
8880,5.4874086
8881,6.081804
8882,9.799285
8883,5.627301
8884,17.027082
8885,7.0699983
8886,8.179259
8887,7.115332
8888,5.6510406
8889,6.409636
8890,6.392826
8891,5.5237536
8892,11.223648
8893,7.071575
8894,5.819275
8895,6.662843
8896,5.527669
8897,7.293781
8898,6.375333
8899,5.93035
8900,13.691462
8901,5.460388
8902,15.610107
8903,6.007648
8904,6.2638903
8905,6.1313066
8906,9.05282
8907,5.6195083
8908,5.666208
8909,8.320712
8910,7.13697
8911,5.515367
8912,6.076575
8913,7.5893745
8914,7.7440886
8915,5.858745
8916,5.7320743
8917,5.6970673
8918,6.0480013
8919,5.864476
8920,7.576042
8921,6.291613
8922,8.071883
8923,9.680915
8924,8.489815
8925,8.054768
8926,7.0889688
8927,13.781308
8928,10.00703
8929,6.281795
8930,5.552495
8931,6.784168
8932,6.5332575
8933,6.231994
8934,8.192744
8935,10.569936
8936,5.8702164
8937,5.3944077
8938,6.6544685
8939,5.923331
8940,6.920311
8941,5.872983
8942,26.92547
8943,6.5560074
8944,5.7601013
8945,9.227597
8946,7.7981157
8947,8.716604
8948,6.0248613
8949,12.084081
8950,5.869378
8951,7.589888
8952,5.9735675
8953,7.184485
8954,24.997572
8955,8.53615
8956,11.568551
8957,5.4906707
8958,20.103254
8959,5.6064334
8960,6.1193337
8961,5.7642183
8962,5.8248477
8963,6.324936
8964,11.748532
8965,5.444919
8966,7.4129577
8967,5.843367
8968,6.943303
8969,6.535221
8970,16.187061
8971,6.967332
8972,6.0030823
8973,7.054447
8974,5.417415
8975,6.273834
8976,5.8045306
8977,6.195469
8978,5.859914
8979,7.3745623
8980,5.6537538
8981,6.7662416
8982,6.1767693
8983,21.95053
8984,5.6405625
8985,8.970619
8986,31.286207
8987,5.549793
8988,11.522743
8989,5.499945
8990,5.8856387
8991,6.7753725
8992,6.4306183
8993,5.785455
8994,6.0441194
8995,5.9125414
8996,16.075483
8997,5.832341
8998,7.502434
8999,26.54816
9000,6.6735573
9001,7.1192765
9002,6.8660545
9003,5.7355285
9004,7.7382827
9005,5.894203
9006,10.9316225
9007,6.407721
9008,6.7179375
9009,20.789707
9010,5.8620315
9011,5.683351
9012,10.895629
9013,6.4563026
9014,6.3453164
9015,6.0966964
9016,6.276166
9017,8.042125
9018,6.1603913
9019,6.7234073
9020,9.388267
9021,8.02827
9022,6.3767962
9023,23.810354
9024,12.008118
9025,12.9816
9026,6.1870394
9027,6.552115
9028,5.4682617
9029,5.8028827
9030,5.7826233
9031,5.754538
9032,6.6602273
9033,28.400343
9034,11.862585
9035,6.6891503
9036,5.666013
9037,6.139168
9038,6.0325685
9039,6.020397
9040,45.914967
9041,6.0992403
9042,6.443315
9043,8.769704
9044,8.360817
9045,6.442928
9046,6.051843
9047,7.9202056
9048,7.2510066
9049,8.26549
9050,5.66431
9051,9.037372
9052,10.651775
9053,5.6050525
9054,5.8186326
9055,5.8102126
9056,5.721315
9057,15.247785
9058,6.0989337
9059,5.6929336
9060,6.2801104
9061,5.4862475
9062,5.714105
9063,8.739801
9064,7.674347
9065,6.3276973
9066,8.1707
9067,6.3982654
9068,11.219429
9069,5.9275374
9070,5.6019945
9071,5.7137194
9072,5.7614746
9073,27.491537
9074,7.6104555
9075,20.796125
9076,6.2311144
9077,5.884018
9078,7.48333
9079,6.436072
9080,6.620814
9081,7.161565
9082,7.8988314
9083,10.00994
9084,5.817556
9085,5.8231583
9086,9.830794
9087,5.837996
9088,7.839148
9089,6.3608565
9090,17.925943
9091,5.9682603
9092,8.6343355
9093,6.685324
9094,5.9084854
9095,6.7579455
9096,6.1601257
9097,20.246475
9098,8.213255
9099,7.8859897
9100,6.4167266
9101,8.165576
9102,5.8701553
9103,5.9102187
9104,5.757562
9105,10.085335
9106,6.872603
9107,7.6276765
9108,7.1798477
9109,5.5285068
9110,5.719382
9111,11.036612
9112,6.9207215
9113,5.6443863
9114,17.443777
9115,6.4350696
9116,7.665555
9117,5.8616533
9118,5.9241786
9119,5.460907
9120,6.249542
9121,19.007406
9122,6.71116
9123,7.2167816
9124,5.8045654
9125,7.3857684
9126,6.093705
9127,5.6226106
9128,7.3786273
9129,5.5545
9130,6.360522
9131,5.7814546
9132,5.706444
9133,6.3585687
9134,6.227163
9135,6.48333
9136,8.606791
9137,5.9965997
9138,7.309795
9139,5.476239
9140,13.654541
9141,6.2754073
9142,8.891355
9143,5.6030016
9144,6.0035095
9145,7.5495973
9146,5.96922
9147,6.9353595
9148,21.336548
9149,23.895506
9150,5.8282533
9151,21.072424
9152,6.1888003
9153,6.197788
9154,5.4264956
9155,7.283367
9156,5.8490024
9157,8.082801
9158,31.642914
9159,5.363483
9160,6.418892
9161,6.9258537
9162,7.7282395
9163,7.0579095
9164,7.7729516
9165,5.7066345
9166,6.498256
9167,7.215529
9168,6.2897735
9169,7.147158
9170,6.046889
9171,5.466031
9172,11.092868
9173,5.649898
9174,6.6860895
9175,8.06338
9176,5.864427
9177,26.418737
9178,5.5461974
9179,8.062469
9180,6.0681
9181,5.521805
9182,5.523355
9183,5.8218493
9184,5.822969
9185,5.6782303
9186,6.5360794
9187,6.625347
9188,7.1129622
9189,6.9535117
9190,5.959909
9191,6.5314765
9192,11.745369
9193,6.972748
9194,13.439493
9195,6.367055
9196,5.9115496
9197,5.408545
9198,6.4382043
9199,10.442768
9200,5.604193
9201,6.8287797
9202,6.0535355
9203,5.8092575
9204,6.869167
9205,5.958275
9206,5.7923694
9207,11.620475
9208,6.1143775
9209,11.227404
9210,5.8243637
9211,5.76915
9212,6.5550423
9213,7.032577
9214,6.5743766
9215,6.1088595
9216,5.7124314
9217,8.919627
9218,10.385207
9219,6.35947
9220,6.3157954
9221,5.567482
9222,9.877637
9223,11.86034
9224,7.402992
9225,5.726459
9226,6.00818
9227,5.8557754
9228,5.4466968
9229,7.569057
9230,6.0881195
9231,29.794424
9232,15.694324
9233,6.9523773
9234,6.499686
9235,6.126999
9236,5.9044986
9237,6.28305
9238,5.766562
9239,5.6683974
9240,5.7982073
9241,5.7864757
9242,6.2476425
9243,5.7885985
9244,6.588498
9245,9.826289
9246,5.753841
9247,5.681493
9248,6.585598
9249,13.989619
9250,6.215799
9251,6.678334
9252,5.680298
9253,5.8149996
9254,8.0436735
9255,6.8356156
9256,8.254703
9257,6.4427705
9258,5.8703766
9259,6.1071763
9260,8.293388
9261,6.1961107
9262,7.609304
9263,6.709312
9264,7.9424567
9265,6.043457
9266,5.7565613
9267,13.975817
9268,9.338648
9269,5.975685
9270,9.4651785
9271,11.673152
9272,5.8214984
9273,17.75246
9274,11.360324
9275,10.335786
9276,8.40123
9277,6.6102915
9278,5.881157
9279,5.674867
9280,6.320249
9281,7.6633615
9282,8.186649
9283,6.223813
9284,6.8230968
9285,6.9790697
9286,8.638259
9287,5.775018
9288,5.5266814
9289,6.411957
9290,8.328216
9291,5.5635133
9292,6.632721
9293,18.668653
9294,5.4145784
9295,28.654108
9296,9.33406
9297,6.1295547
9298,6.1847367
9299,5.6198044
9300,5.8298798
9301,6.136204
9302,7.041509
9303,5.6679854
9304,6.1187744
9305,5.5517516
9306,5.978809
9307,9.129535
9308,5.780933
9309,20.515896
9310,5.6465364
9311,6.4642167
9312,5.9559875
9313,5.9540668
9314,7.6720977
9315,28.201674
9316,5.5123262
9317,6.599116
9318,6.4619384
9319,6.865945
9320,5.9065933
9321,5.6883025
9322,5.6760864
9323,11.403017
9324,5.4302154
9325,6.077193
9326,8.107302
9327,20.612228
9328,6.0604944
9329,6.373095
9330,10.931152
9331,7.4609118
9332,6.3045096
9333,8.070825
9334,5.604637
9335,8.851226
9336,16.618937
9337,6.0055833
9338,17.442533
9339,7.0776873
9340,5.3201494
9341,5.402066
9342,7.0893207
9343,5.910892
9344,5.83239
9345,8.195151
9346,34.349384
9347,5.565625
9348,7.0742645
9349,9.726382
9350,5.556746
9351,11.10917
9352,5.5114274
9353,15.181366
9354,13.22995
9355,12.060222
9356,8.928703
9357,11.128291
9358,6.582687
9359,5.4307437
9360,5.4860168
9361,6.6773868
9362,6.3236146
9363,5.394878
9364,6.281958
9365,7.5977335
9366,5.633266
9367,7.9093356
9368,11.75351
9369,5.8715224
9370,6.8652596
9371,6.349323
9372,5.3976884
9373,6.2377276
9374,5.9046874
9375,6.085904
9376,7.227569
9377,5.8238525
9378,5.972383
9379,5.7717257
9380,6.242585
9381,5.897705
9382,5.4513063
9383,10.776639
9384,6.977665
9385,5.9767504
9386,7.8789325
9387,5.4396944
9388,5.876756
9389,20.136831
9390,5.8449783
9391,48.79845
9392,8.596133
9393,5.65609
9394,6.124376
9395,6.0186005
9396,11.156219
9397,7.3340592
9398,7.8834443
9399,5.668262
9400,6.576065
9401,5.8532977
9402,5.5372057
9403,8.179291
9404,7.1454387
9405,7.085621
9406,7.94597
9407,6.614672
9408,6.1154113
9409,6.547277
9410,9.6242485
9411,6.98637
9412,5.8032107
9413,6.590046
9414,5.6110964
9415,8.04443
9416,5.9141984
9417,6.335193
9418,9.886798
9419,5.8313065
9420,7.858149
9421,6.318705
9422,5.787912
9423,8.755247
9424,6.2220683
9425,6.6649737
9426,6.0687194
9427,5.5119157
9428,6.492213
9429,5.3252687
9430,6.8308563
9431,5.6516967
9432,6.601129
9433,21.340382
9434,17.296644
9435,5.765692
9436,5.6723785
9437,5.9159427
9438,5.9372606
9439,7.5090976
9440,10.14527
9441,11.005389
9442,18.189577
9443,6.719526
9444,9.9546585
9445,5.0951967
9446,8.588915
9447,17.528355
9448,5.922606
9449,6.0367007
9450,18.581963
9451,6.1253595
9452,11.847299
9453,6.160479
9454,6.0341783
9455,6.624307
9456,6.065464
9457,9.852669
9458,5.6285005
9459,6.6957536
9460,7.298149
9461,6.347763
9462,7.465744
9463,6.8290515
9464,17.879236
9465,8.052798
9466,6.412319
9467,8.295551
9468,6.035211
9469,21.14633
9470,5.5636797
9471,12.83541
9472,5.520641
9473,7.7490172
9474,7.9843545
9475,5.701143
9476,22.641851
9477,7.9495263
9478,5.777785
9479,7.6547623
9480,11.02019
9481,9.4396715
9482,12.834879
9483,11.917248
9484,7.0461106
9485,6.3897896
9486,6.0373416
9487,10.189109
9488,6.8925934
9489,17.822002
9490,5.9320893
9491,16.032078
9492,9.237006
9493,10.819667
9494,16.584785
9495,17.795319
9496,6.9474335
9497,5.84884
9498,5.537773
9499,9.819613
9500,6.609981
9501,6.063588
9502,6.003186
9503,9.362907
9504,7.8093643
9505,15.740107
9506,9.144017
9507,8.162131
9508,5.903726
9509,8.440364
9510,6.2054367
9511,5.5505037
9512,8.513236
9513,8.823361
9514,9.079938
9515,6.606469
9516,6.2846007
9517,47.65304
9518,5.959911
9519,5.978775
9520,6.5397067
9521,6.894497
9522,5.9279723
9523,6.3675113
9524,6.9705124
9525,7.614502
9526,6.1080093
9527,5.8449464
9528,21.4246
9529,6.698682
9530,6.6336403
9531,20.498749
9532,5.948804
9533,6.7125154
9534,5.6135254
9535,14.281497
9536,5.652683
9537,6.944987
9538,9.207816
9539,6.5648537
9540,8.120229
9541,9.634685
9542,8.544194
9543,8.637215
9544,5.3074937
9545,6.9870324
9546,6.4490266
9547,6.4712405
9548,5.6884522
9549,6.7345834
9550,7.90089
9551,5.596387
9552,6.4530044
9553,6.4235215
9554,6.22623
9555,10.527168
9556,5.801544
9557,8.454071
9558,6.82822
9559,5.6065125
9560,6.653995
9561,6.4631357
9562,9.139287
9563,7.71986
9564,5.5308776
9565,6.639653
9566,7.303548
9567,5.78423
9568,5.5979204
9569,6.3672357
9570,5.772888
9571,8.508105
9572,5.8099685
9573,5.628572
9574,6.8293147
9575,7.6174073
9576,6.0629745
9577,6.1393967
9578,6.4719896
9579,6.1522903
9580,22.152403
9581,5.8802714
9582,7.1257095
9583,20.885801
9584,5.669783
9585,7.0327163
9586,6.319871
9587,6.046112
9588,11.791429
9589,10.092913
9590,5.557489
9591,6.117696
9592,5.4572663
9593,6.388865
9594,5.2809815
9595,5.9812427
9596,5.478177
9597,6.1734223
9598,6.7459855
9599,6.019516
9600,8.568548
9601,5.694116
9602,5.5864944
9603,8.01563
9604,6.482071
9605,11.7130575
9606,5.897228
9607,8.0683365
9608,10.4308
9609,6.60708
9610,11.353244
9611,5.9239273
9612,5.9794235
9613,8.670802
9614,6.2531085
9615,6.818715
9616,5.8067966
9617,5.2561736
9618,5.9264503
9619,11.912504
9620,5.7545104
9621,5.989816
9622,5.5469866
9623,7.629875
9624,7.081868
9625,5.9630494
9626,15.651491
9627,7.016114
9628,6.6936426
9629,6.0360184
9630,6.530707
9631,6.8026223
9632,7.92683
9633,6.5159097
9634,6.0916734
9635,5.7296586
9636,11.159105
9637,6.033329
9638,6.5809016
9639,5.8562927
9640,6.6523323
9641,10.93226
9642,6.7233925
9643,6.03824
9644,10.633476
9645,5.9624515
9646,7.413048
9647,7.2694793
9648,6.8248734
9649,8.698199
9650,6.855655
9651,6.1247225
9652,6.660923
9653,6.138561
9654,8.3168745
9655,6.2912
9656,6.685615
9657,6.0104938
9658,7.332355
9659,7.6404963
9660,6.958809
9661,11.02287
9662,5.4571304
9663,6.263477
9664,6.0045123
9665,7.10704
9666,20.958632
9667,5.5178895
9668,5.843759
9669,7.2754364
9670,5.431859
9671,5.89566
9672,8.44415
9673,20.392588
9674,10.006328
9675,6.485931
9676,6.938722
9677,9.66776
9678,21.987791
9679,5.9243546
9680,5.934938
9681,41.458614
9682,8.569903
9683,6.2587953
9684,5.838156
9685,5.944835
9686,5.672986
9687,5.5555024
9688,7.4787164
9689,7.894815
9690,5.507274
9691,17.714182
9692,6.8436327
9693,12.678967
9694,7.4279695
9695,11.029581
9696,8.68672
9697,6.0339465
9698,5.8175507
9699,6.0011992
9700,5.5209975
9701,5.6621795
9702,6.6744456
9703,18.422077
9704,10.401924
9705,5.67814
9706,5.9042497
9707,6.510625
9708,7.091298
9709,6.1113067
9710,5.941194
9711,6.1784873
9712,6.3090625
9713,5.8584595
9714,6.1448417
9715,5.6064134
9716,8.680338
9717,7.830304
9718,8.240905
9719,5.653436
9720,6.0223694
9721,6.041675
9722,9.315611
9723,10.228808
9724,6.0613437
9725,7.7410903
9726,5.62005
9727,8.42272
9728,6.593164
9729,6.785184
9730,6.402444
9731,6.3097076
9732,5.796318
9733,5.646881
9734,6.84045
9735,6.144493
9736,5.8761554
9737,8.052354
9738,11.3243065
9739,6.0953574
9740,6.5750184
9741,40.60542
9742,6.2467103
9743,6.0628214
9744,6.865806
9745,6.535398
9746,6.848237
9747,5.921561
9748,6.0951705
9749,5.3606353
9750,15.158953
9751,5.8327975
9752,6.171956
9753,6.313058
9754,13.15832
9755,9.852353
9756,5.9041657
9757,5.8482757
9758,5.7454467
9759,9.322262
9760,5.979132
9761,6.4809413
9762,7.3832445
9763,6.1161814
9764,7.8466997
9765,5.8466387
9766,6.338672
9767,11.076342
9768,6.2622232
9769,6.668962
9770,5.6272645
9771,7.691692
9772,10.00719
9773,6.115201
9774,5.9137344
9775,6.338077
9776,5.8555756
9777,6.263154
9778,6.0079384
9779,5.9191866
9780,12.671765
9781,5.973485
9782,11.951421
9783,8.484647
9784,6.9630656
9785,6.316528
9786,5.5447206
9787,7.194229
9788,9.42916
9789,9.149482
9790,6.151403
9791,8.31285
9792,5.4714203
9793,6.9563613
9794,17.747942
9795,23.566236
9796,9.1399145
9797,12.855601
9798,7.680845
9799,21.533495
9800,5.453763
9801,6.5147476
9802,8.401546
9803,13.647313
9804,7.760598
9805,5.718367
9806,12.404678
9807,7.8423004
9808,7.9306827
9809,16.308752
9810,20.813086
9811,7.430205
9812,6.1145806
9813,7.439637
9814,8.639374
9815,6.334659
9816,6.400758
9817,5.5147753
9818,10.634807
9819,6.0511146
9820,18.299007
9821,5.416272
9822,5.9495378
9823,7.7874384
9824,5.903235
9825,5.6490207
9826,9.099352
9827,7.4455414
9828,16.321012
9829,5.589241
9830,6.199057
9831,6.0584273
9832,5.7620316
9833,6.085296
9834,5.945125
9835,6.6395645
9836,7.3080497
9837,9.413665
9838,5.5217395
9839,8.926722
9840,5.889034
9841,6.094575
9842,24.506002
9843,6.941968
9844,13.3031225
9845,9.702756
9846,6.0853653
9847,8.169255
9848,12.460653
9849,6.409014
9850,9.662674
9851,5.7761307
9852,6.1966796
9853,7.3179293
9854,7.825586
9855,7.8459735
9856,6.86064
9857,11.842951
9858,5.8529816
9859,9.619193
9860,18.5781
9861,6.088699
9862,7.5144806
9863,16.025509
9864,5.990959
9865,10.003392
9866,6.340567
9867,6.0943637
9868,6.3984904
9869,6.9385643
9870,6.9943376
9871,17.259977
9872,5.597609
9873,5.9429736
9874,8.252948
9875,24.761509
9876,5.865996
9877,5.3281403
9878,6.7636085
9879,5.56323
9880,6.631102
9881,14.607577
9882,5.963428
9883,5.5026627
9884,18.169231
9885,7.3072143
9886,6.633185
9887,7.6980143
9888,6.083835
9889,6.73053
9890,8.670118
9891,5.3636856
9892,5.7268615
9893,8.41414
9894,6.0134997
9895,8.115069
9896,5.7049975
9897,5.805931
9898,5.3812423
9899,5.817235
9900,6.5538216
9901,5.26955
9902,5.808867
9903,7.3054886
9904,6.422643
9905,14.891886
9906,6.6816096
9907,16.155506
9908,9.495671
9909,6.3560624
9910,5.223035
9911,5.726683
9912,5.8472886
9913,5.594185
9914,5.6769366
9915,7.3791833
9916,6.811416
9917,31.161177
9918,13.890677
9919,6.555172
9920,6.5833564
9921,88.977554
9922,6.2453303
9923,6.154027
9924,6.6285033
9925,5.3707247
9926,5.4534454
9927,5.772415
9928,7.2808623
9929,7.9871125
9930,6.1858315
9931,28.71236
9932,6.813066
9933,6.550041
9934,5.4978213
9935,43.604256
9936,5.810802
9937,6.774409
9938,7.1998796
9939,7.6985145
9940,11.124698
9941,7.944429
9942,9.730334
9943,5.5177293
9944,15.199228
9945,6.4532676
9946,11.653387
9947,6.5451236
9948,5.6482935
9949,6.0434604
9950,7.3433733
9951,6.151593
9952,5.760663
9953,5.5055313
9954,6.578251
9955,6.3380885
9956,8.555484
9957,6.4179444
9958,6.915545
9959,9.788672
9960,7.9448686
9961,8.316182
9962,5.7590027
9963,6.0034304
9964,24.07825
9965,8.029959
9966,13.675674
9967,5.7253175
9968,5.294011
9969,7.1466393
9970,5.6318893
9971,9.318056
9972,6.025946
9973,6.759131
9974,6.3411446
9975,7.424044
9976,6.246666
9977,10.560596
9978,6.0750823
9979,7.2378435
9980,6.2097
9981,6.8610206
9982,14.983466
9983,8.281691
9984,5.9940248
9985,7.879642
9986,7.2432246
9987,5.9355483
9988,9.820944
9989,8.942
9990,5.593715
9991,7.1547546
9992,7.602783
9993,8.970414
9994,9.768518
9995,7.274144
9996,5.4586105
9997,12.028815
9998,7.1205215
9999,20.479643
10000,6.3822303
